v2406

=====================================
    ENVIRONMENTAL VARIABLES
=====================================
EXTBRANCH=0
FOAMEXTENDPROJECT=0
OFPLUSBRANCH=1
WAVES_APPBIN=/gpfs/home/s376817/OpenFOAM/s376817-v2406/platforms/linux64GccDPInt32Opt/bin
WAVES_DIR=/gpfs/home/s376817/OpenFOAM/s376817-v2406/applications/utilities/waves2Foam
WAVES_GSL_INCLUDE=/usr/include
WAVES_GSL_LIB=/usr/lib64
WAVES_LIBBIN=/gpfs/home/s376817/OpenFOAM/s376817-v2406/platforms/linux64GccDPInt32Opt/lib
WAVES_POST=/gpfs/home/s376817/OpenFOAM/s376817-v2406/applications/utilities/waves2Foam/applications/utilities/postProcessing
WAVES_PRE=/gpfs/home/s376817/OpenFOAM/s376817-v2406/applications/utilities/waves2Foam/applications/utilities/preProcessing
WAVES_SOL=/gpfs/home/s376817/OpenFOAM/s376817-v2406/applications/utilities/waves2Foam/applications/solvers/solvers2406_PLUS
WAVES_SRC=/gpfs/home/s376817/OpenFOAM/s376817-v2406/applications/utilities/waves2Foam/src
WAVES_TUT=/gpfs/home/s376817/OpenFOAM/s376817-v2406/applications/utilities/waves2Foam/tutorials
WAVES_UTIL=/gpfs/home/s376817/OpenFOAM/s376817-v2406/applications/utilities/waves2Foam/applications/utilities
WAVES_XVERSION=0
WM_PROJECT_VERSION_NUMBER=2406

=====================================
    COMPILE/LOCATE LAPACK
=====================================
Building bundled LAPACK 3.3.1 ...
(To use system LAPACK instead, set WAVES_LAPACK_DIR before running Allwmake)
( cd INSTALL; make clean )
make[1]: Entering directory '/gpfs/home/s376817/OpenFOAM/s376817-v2406/applications/utilities/waves2Foam/ThirdParty/lapack-3.3.1/INSTALL'
rm -f *.o
make[1]: Leaving directory '/gpfs/home/s376817/OpenFOAM/s376817-v2406/applications/utilities/waves2Foam/ThirdParty/lapack-3.3.1/INSTALL'
( cd BLAS/SRC; make clean )
make[1]: Entering directory '/gpfs/home/s376817/OpenFOAM/s376817-v2406/applications/utilities/waves2Foam/ThirdParty/lapack-3.3.1/BLAS/SRC'
rm -f *.o
make[1]: Leaving directory '/gpfs/home/s376817/OpenFOAM/s376817-v2406/applications/utilities/waves2Foam/ThirdParty/lapack-3.3.1/BLAS/SRC'
( cd SRC; make clean )
make[1]: Entering directory '/gpfs/home/s376817/OpenFOAM/s376817-v2406/applications/utilities/waves2Foam/ThirdParty/lapack-3.3.1/SRC'
rm -f *.o
make[1]: Leaving directory '/gpfs/home/s376817/OpenFOAM/s376817-v2406/applications/utilities/waves2Foam/ThirdParty/lapack-3.3.1/SRC'
( cd SRC/VARIANTS; make clean )
make[1]: Entering directory '/gpfs/home/s376817/OpenFOAM/s376817-v2406/applications/utilities/waves2Foam/ThirdParty/lapack-3.3.1/SRC/VARIANTS'
rm -f cholesky/RL/cpotrf.o cholesky/RL/dpotrf.o cholesky/RL/spotrf.o cholesky/RL/zpotrf.o cholesky/TOP/cpotrf.o cholesky/TOP/dpotrf.o cholesky/TOP/spotrf.o cholesky/TOP/zpotrf.o lu/CR/cgetrf.o lu/CR/dgetrf.o lu/CR/sgetrf.o lu/CR/zgetrf.o lu/LL/cgetrf.o lu/LL/dgetrf.o lu/LL/sgetrf.o lu/LL/zgetrf.o lu/REC/cgetrf.o lu/REC/dgetrf.o lu/REC/sgetrf.o lu/REC/zgetrf.o qr/LL/cgeqrf.o qr/LL/dgeqrf.o qr/LL/sgeqrf.o qr/LL/zgeqrf.o  qr/LL/sceil.o \
      LIB/*.a
make[1]: Leaving directory '/gpfs/home/s376817/OpenFOAM/s376817-v2406/applications/utilities/waves2Foam/ThirdParty/lapack-3.3.1/SRC/VARIANTS'
( cd TESTING/MATGEN; make clean )
make[1]: Entering directory '/gpfs/home/s376817/OpenFOAM/s376817-v2406/applications/utilities/waves2Foam/ThirdParty/lapack-3.3.1/TESTING/MATGEN'
\
        rm -f *.o
make[1]: Leaving directory '/gpfs/home/s376817/OpenFOAM/s376817-v2406/applications/utilities/waves2Foam/ThirdParty/lapack-3.3.1/TESTING/MATGEN'
( cd TESTING/LIN; make clean )
make[1]: Entering directory '/gpfs/home/s376817/OpenFOAM/s376817-v2406/applications/utilities/waves2Foam/ThirdParty/lapack-3.3.1/TESTING/LIN'
rm -f *.o
make[1]: Leaving directory '/gpfs/home/s376817/OpenFOAM/s376817-v2406/applications/utilities/waves2Foam/ThirdParty/lapack-3.3.1/TESTING/LIN'
( cd TESTING/EIG; make clean )
make[1]: Entering directory '/gpfs/home/s376817/OpenFOAM/s376817-v2406/applications/utilities/waves2Foam/ThirdParty/lapack-3.3.1/TESTING/EIG'
rm -f *.o
make[1]: Leaving directory '/gpfs/home/s376817/OpenFOAM/s376817-v2406/applications/utilities/waves2Foam/ThirdParty/lapack-3.3.1/TESTING/EIG'
( cd TESTING; rm -f xlin* xeig* )
( cd BLAS/TESTING; make -f Makeblat1 clean )
make[1]: Entering directory '/gpfs/home/s376817/OpenFOAM/s376817-v2406/applications/utilities/waves2Foam/ThirdParty/lapack-3.3.1/BLAS/TESTING'
rm -f *.o
make[1]: Leaving directory '/gpfs/home/s376817/OpenFOAM/s376817-v2406/applications/utilities/waves2Foam/ThirdParty/lapack-3.3.1/BLAS/TESTING'
( cd BLAS/TESTING; make -f Makeblat2 clean )
make[1]: Entering directory '/gpfs/home/s376817/OpenFOAM/s376817-v2406/applications/utilities/waves2Foam/ThirdParty/lapack-3.3.1/BLAS/TESTING'
rm -f *.o
make[1]: Leaving directory '/gpfs/home/s376817/OpenFOAM/s376817-v2406/applications/utilities/waves2Foam/ThirdParty/lapack-3.3.1/BLAS/TESTING'
( cd BLAS/TESTING; make -f Makeblat3 clean )
make[1]: Entering directory '/gpfs/home/s376817/OpenFOAM/s376817-v2406/applications/utilities/waves2Foam/ThirdParty/lapack-3.3.1/BLAS/TESTING'
rm -f *.o
make[1]: Leaving directory '/gpfs/home/s376817/OpenFOAM/s376817-v2406/applications/utilities/waves2Foam/ThirdParty/lapack-3.3.1/BLAS/TESTING'
( cd BLAS; rm -f xblat* )
( cd INSTALL; make; ./testlsame; ./testslamch; \
  ./testdlamch; ./testsecond; ./testdsecnd; ./testversion )
make[1]: Entering directory '/gpfs/home/s376817/OpenFOAM/s376817-v2406/applications/utilities/waves2Foam/ThirdParty/lapack-3.3.1/INSTALL'
gfortran -fimplicit-none -shared -fPIC -Wno-argument-mismatch -fallow-argument-mismatch -std=legacy -c lsame.f -o lsame.o
gfortran -fimplicit-none -shared -fPIC -Wno-argument-mismatch -fallow-argument-mismatch -std=legacy -c lsametst.f -o lsametst.o
gfortran   -o testlsame lsame.o lsametst.o
gfortran -fimplicit-none -shared -fPIC -Wno-argument-mismatch -fallow-argument-mismatch -g -O0 -c slamch.f -o slamch.o
gfortran -fimplicit-none -shared -fPIC -Wno-argument-mismatch -fallow-argument-mismatch -std=legacy -c slamchtst.f -o slamchtst.o
gfortran   -o testslamch slamch.o lsame.o slamchtst.o
gfortran -fimplicit-none -shared -fPIC -Wno-argument-mismatch -fallow-argument-mismatch -g -O0 -c dlamch.f -o dlamch.o
gfortran -fimplicit-none -shared -fPIC -Wno-argument-mismatch -fallow-argument-mismatch -std=legacy -c dlamchtst.f -o dlamchtst.o
gfortran   -o testdlamch dlamch.o lsame.o dlamchtst.o
gfortran -fimplicit-none -shared -fPIC -Wno-argument-mismatch -fallow-argument-mismatch -std=legacy -c second_INT_CPU_TIME.f -o second_INT_CPU_TIME.o
gfortran -fimplicit-none -shared -fPIC -Wno-argument-mismatch -fallow-argument-mismatch -std=legacy -c secondtst.f -o secondtst.o
[INFO] : TIMER value: INT_CPU_TIME (given by make.inc)
gfortran   -o testsecond second_INT_CPU_TIME.o secondtst.o
gfortran -fimplicit-none -shared -fPIC -Wno-argument-mismatch -fallow-argument-mismatch -std=legacy -c dsecnd_INT_CPU_TIME.f -o dsecnd_INT_CPU_TIME.o
gfortran -fimplicit-none -shared -fPIC -Wno-argument-mismatch -fallow-argument-mismatch -std=legacy -c dsecndtst.f -o dsecndtst.o
[INFO] : TIMER value: INT_CPU_TIME (given by make.inc)
gfortran   -o testdsecnd dsecnd_INT_CPU_TIME.o dsecndtst.o
gfortran -fimplicit-none -shared -fPIC -Wno-argument-mismatch -fallow-argument-mismatch -std=legacy -c tstiee.f -o tstiee.o
gfortran   -o testieee tstiee.o
gfortran -fimplicit-none -shared -fPIC -Wno-argument-mismatch -fallow-argument-mismatch -std=legacy -c ilaver.f -o ilaver.o
gfortran -fimplicit-none -shared -fPIC -Wno-argument-mismatch -fallow-argument-mismatch -std=legacy -c LAPACK_version.f -o LAPACK_version.o
gfortran   -o testversion ilaver.o LAPACK_version.o
make[1]: Leaving directory '/gpfs/home/s376817/OpenFOAM/s376817-v2406/applications/utilities/waves2Foam/ThirdParty/lapack-3.3.1/INSTALL'
  ASCII character set
  Tests completed
  Epsilon                      =    5.96046448E-08
  Safe minimum                 =    1.17549435E-38
  Base                         =    2.00000000    
  Precision                    =    1.19209290E-07
  Number of digits in mantissa =    24.0000000    
  Rounding mode                =    1.00000000    
  Minimum exponent             =   -125.000000    
  Underflow threshold          =    1.17549435E-38
  Largest exponent             =    128.000000    
  Overflow threshold           =    3.40282347E+38
  Reciprocal of safe minimum   =    8.50705917E+37
  Epsilon                      =    1.1102230246251565E-016
  Safe minimum                 =    2.2250738585072014E-308
  Base                         =    2.0000000000000000     
  Precision                    =    2.2204460492503131E-016
  Number of digits in mantissa =    53.000000000000000     
  Rounding mode                =    1.0000000000000000     
  Minimum exponent             =   -1021.0000000000000     
  Underflow threshold          =    2.2250738585072014E-308
  Largest exponent             =    1024.0000000000000     
  Overflow threshold           =    1.7976931348623157E+308
  Reciprocal of safe minimum   =    4.4942328371557898E+307
 Time for  0.100E+09 SAXPY ops =  0.764E-01 seconds
 SAXPY performance rate        =  0.131E+04 mflops 
 Including SECOND, time        =  0.851E-01 seconds
 Average time for SECOND       =  0.173E-03 milliseconds
 Equivalent floating point ops =   227.     ops
 Time for  0.100E+09 DAXPY ops =  0.703E-01 seconds
 DAXPY performance rate        =  0.142E+04 mflops 
 Including DSECND, time        =  0.820E-01 seconds
 Average time for DSECND       =  0.234E-03 milliseconds
 Equivalent floating point ops =   333.     ops
 LAPACK            3 .           3 .           1
( cd BLAS/SRC; make )
make[1]: Entering directory '/gpfs/home/s376817/OpenFOAM/s376817-v2406/applications/utilities/waves2Foam/ThirdParty/lapack-3.3.1/BLAS/SRC'
gfortran -fimplicit-none -shared -fPIC -Wno-argument-mismatch -fallow-argument-mismatch -std=legacy -c isamax.f -o isamax.o
gfortran -fimplicit-none -shared -fPIC -Wno-argument-mismatch -fallow-argument-mismatch -std=legacy -c sasum.f -o sasum.o
gfortran -fimplicit-none -shared -fPIC -Wno-argument-mismatch -fallow-argument-mismatch -std=legacy -c saxpy.f -o saxpy.o
gfortran -fimplicit-none -shared -fPIC -Wno-argument-mismatch -fallow-argument-mismatch -std=legacy -c scopy.f -o scopy.o
gfortran -fimplicit-none -shared -fPIC -Wno-argument-mismatch -fallow-argument-mismatch -std=legacy -c sdot.f -o sdot.o
gfortran -fimplicit-none -shared -fPIC -Wno-argument-mismatch -fallow-argument-mismatch -std=legacy -c snrm2.f -o snrm2.o
gfortran -fimplicit-none -shared -fPIC -Wno-argument-mismatch -fallow-argument-mismatch -std=legacy -c srot.f -o srot.o
gfortran -fimplicit-none -shared -fPIC -Wno-argument-mismatch -fallow-argument-mismatch -std=legacy -c srotg.f -o srotg.o
gfortran -fimplicit-none -shared -fPIC -Wno-argument-mismatch -fallow-argument-mismatch -std=legacy -c sscal.f -o sscal.o
gfortran -fimplicit-none -shared -fPIC -Wno-argument-mismatch -fallow-argument-mismatch -std=legacy -c sswap.f -o sswap.o
gfortran -fimplicit-none -shared -fPIC -Wno-argument-mismatch -fallow-argument-mismatch -std=legacy -c sdsdot.f -o sdsdot.o
gfortran -fimplicit-none -shared -fPIC -Wno-argument-mismatch -fallow-argument-mismatch -std=legacy -c srotmg.f -o srotmg.o
gfortran -fimplicit-none -shared -fPIC -Wno-argument-mismatch -fallow-argument-mismatch -std=legacy -c srotm.f -o srotm.o
gfortran -fimplicit-none -shared -fPIC -Wno-argument-mismatch -fallow-argument-mismatch -std=legacy -c sgemv.f -o sgemv.o
gfortran -fimplicit-none -shared -fPIC -Wno-argument-mismatch -fallow-argument-mismatch -std=legacy -c sgbmv.f -o sgbmv.o
gfortran -fimplicit-none -shared -fPIC -Wno-argument-mismatch -fallow-argument-mismatch -std=legacy -c ssymv.f -o ssymv.o
gfortran -fimplicit-none -shared -fPIC -Wno-argument-mismatch -fallow-argument-mismatch -std=legacy -c ssbmv.f -o ssbmv.o
gfortran -fimplicit-none -shared -fPIC -Wno-argument-mismatch -fallow-argument-mismatch -std=legacy -c sspmv.f -o sspmv.o
gfortran -fimplicit-none -shared -fPIC -Wno-argument-mismatch -fallow-argument-mismatch -std=legacy -c strmv.f -o strmv.o
gfortran -fimplicit-none -shared -fPIC -Wno-argument-mismatch -fallow-argument-mismatch -std=legacy -c stbmv.f -o stbmv.o
gfortran -fimplicit-none -shared -fPIC -Wno-argument-mismatch -fallow-argument-mismatch -std=legacy -c stpmv.f -o stpmv.o
gfortran -fimplicit-none -shared -fPIC -Wno-argument-mismatch -fallow-argument-mismatch -std=legacy -c strsv.f -o strsv.o
gfortran -fimplicit-none -shared -fPIC -Wno-argument-mismatch -fallow-argument-mismatch -std=legacy -c stbsv.f -o stbsv.o
gfortran -fimplicit-none -shared -fPIC -Wno-argument-mismatch -fallow-argument-mismatch -std=legacy -c stpsv.f -o stpsv.o
gfortran -fimplicit-none -shared -fPIC -Wno-argument-mismatch -fallow-argument-mismatch -std=legacy -c sger.f -o sger.o
gfortran -fimplicit-none -shared -fPIC -Wno-argument-mismatch -fallow-argument-mismatch -std=legacy -c ssyr.f -o ssyr.o
gfortran -fimplicit-none -shared -fPIC -Wno-argument-mismatch -fallow-argument-mismatch -std=legacy -c sspr.f -o sspr.o
gfortran -fimplicit-none -shared -fPIC -Wno-argument-mismatch -fallow-argument-mismatch -std=legacy -c ssyr2.f -o ssyr2.o
gfortran -fimplicit-none -shared -fPIC -Wno-argument-mismatch -fallow-argument-mismatch -std=legacy -c sspr2.f -o sspr2.o
gfortran -fimplicit-none -shared -fPIC -Wno-argument-mismatch -fallow-argument-mismatch -std=legacy -c sgemm.f -o sgemm.o
gfortran -fimplicit-none -shared -fPIC -Wno-argument-mismatch -fallow-argument-mismatch -std=legacy -c ssymm.f -o ssymm.o
gfortran -fimplicit-none -shared -fPIC -Wno-argument-mismatch -fallow-argument-mismatch -std=legacy -c ssyrk.f -o ssyrk.o
gfortran -fimplicit-none -shared -fPIC -Wno-argument-mismatch -fallow-argument-mismatch -std=legacy -c ssyr2k.f -o ssyr2k.o
gfortran -fimplicit-none -shared -fPIC -Wno-argument-mismatch -fallow-argument-mismatch -std=legacy -c strmm.f -o strmm.o
gfortran -fimplicit-none -shared -fPIC -Wno-argument-mismatch -fallow-argument-mismatch -std=legacy -c strsm.f -o strsm.o
gfortran -fimplicit-none -shared -fPIC -Wno-argument-mismatch -fallow-argument-mismatch -std=legacy -c idamax.f -o idamax.o
gfortran -fimplicit-none -shared -fPIC -Wno-argument-mismatch -fallow-argument-mismatch -std=legacy -c dasum.f -o dasum.o
gfortran -fimplicit-none -shared -fPIC -Wno-argument-mismatch -fallow-argument-mismatch -std=legacy -c daxpy.f -o daxpy.o
gfortran -fimplicit-none -shared -fPIC -Wno-argument-mismatch -fallow-argument-mismatch -std=legacy -c dcopy.f -o dcopy.o
gfortran -fimplicit-none -shared -fPIC -Wno-argument-mismatch -fallow-argument-mismatch -std=legacy -c ddot.f -o ddot.o
gfortran -fimplicit-none -shared -fPIC -Wno-argument-mismatch -fallow-argument-mismatch -std=legacy -c dnrm2.f -o dnrm2.o
gfortran -fimplicit-none -shared -fPIC -Wno-argument-mismatch -fallow-argument-mismatch -std=legacy -c drot.f -o drot.o
gfortran -fimplicit-none -shared -fPIC -Wno-argument-mismatch -fallow-argument-mismatch -std=legacy -c drotg.f -o drotg.o
gfortran -fimplicit-none -shared -fPIC -Wno-argument-mismatch -fallow-argument-mismatch -std=legacy -c dscal.f -o dscal.o
gfortran -fimplicit-none -shared -fPIC -Wno-argument-mismatch -fallow-argument-mismatch -std=legacy -c dsdot.f -o dsdot.o
gfortran -fimplicit-none -shared -fPIC -Wno-argument-mismatch -fallow-argument-mismatch -std=legacy -c dswap.f -o dswap.o
gfortran -fimplicit-none -shared -fPIC -Wno-argument-mismatch -fallow-argument-mismatch -std=legacy -c drotmg.f -o drotmg.o
gfortran -fimplicit-none -shared -fPIC -Wno-argument-mismatch -fallow-argument-mismatch -std=legacy -c drotm.f -o drotm.o
gfortran -fimplicit-none -shared -fPIC -Wno-argument-mismatch -fallow-argument-mismatch -std=legacy -c dgemv.f -o dgemv.o
gfortran -fimplicit-none -shared -fPIC -Wno-argument-mismatch -fallow-argument-mismatch -std=legacy -c dgbmv.f -o dgbmv.o
gfortran -fimplicit-none -shared -fPIC -Wno-argument-mismatch -fallow-argument-mismatch -std=legacy -c dsymv.f -o dsymv.o
gfortran -fimplicit-none -shared -fPIC -Wno-argument-mismatch -fallow-argument-mismatch -std=legacy -c dsbmv.f -o dsbmv.o
gfortran -fimplicit-none -shared -fPIC -Wno-argument-mismatch -fallow-argument-mismatch -std=legacy -c dspmv.f -o dspmv.o
gfortran -fimplicit-none -shared -fPIC -Wno-argument-mismatch -fallow-argument-mismatch -std=legacy -c dtrmv.f -o dtrmv.o
gfortran -fimplicit-none -shared -fPIC -Wno-argument-mismatch -fallow-argument-mismatch -std=legacy -c dtbmv.f -o dtbmv.o
gfortran -fimplicit-none -shared -fPIC -Wno-argument-mismatch -fallow-argument-mismatch -std=legacy -c dtpmv.f -o dtpmv.o
gfortran -fimplicit-none -shared -fPIC -Wno-argument-mismatch -fallow-argument-mismatch -std=legacy -c dtrsv.f -o dtrsv.o
gfortran -fimplicit-none -shared -fPIC -Wno-argument-mismatch -fallow-argument-mismatch -std=legacy -c dtbsv.f -o dtbsv.o
gfortran -fimplicit-none -shared -fPIC -Wno-argument-mismatch -fallow-argument-mismatch -std=legacy -c dtpsv.f -o dtpsv.o
gfortran -fimplicit-none -shared -fPIC -Wno-argument-mismatch -fallow-argument-mismatch -std=legacy -c dger.f -o dger.o
gfortran -fimplicit-none -shared -fPIC -Wno-argument-mismatch -fallow-argument-mismatch -std=legacy -c dsyr.f -o dsyr.o
gfortran -fimplicit-none -shared -fPIC -Wno-argument-mismatch -fallow-argument-mismatch -std=legacy -c dspr.f -o dspr.o
gfortran -fimplicit-none -shared -fPIC -Wno-argument-mismatch -fallow-argument-mismatch -std=legacy -c dsyr2.f -o dsyr2.o
gfortran -fimplicit-none -shared -fPIC -Wno-argument-mismatch -fallow-argument-mismatch -std=legacy -c dspr2.f -o dspr2.o
gfortran -fimplicit-none -shared -fPIC -Wno-argument-mismatch -fallow-argument-mismatch -std=legacy -c dgemm.f -o dgemm.o
gfortran -fimplicit-none -shared -fPIC -Wno-argument-mismatch -fallow-argument-mismatch -std=legacy -c dsymm.f -o dsymm.o
gfortran -fimplicit-none -shared -fPIC -Wno-argument-mismatch -fallow-argument-mismatch -std=legacy -c dsyrk.f -o dsyrk.o
gfortran -fimplicit-none -shared -fPIC -Wno-argument-mismatch -fallow-argument-mismatch -std=legacy -c dsyr2k.f -o dsyr2k.o
gfortran -fimplicit-none -shared -fPIC -Wno-argument-mismatch -fallow-argument-mismatch -std=legacy -c dtrmm.f -o dtrmm.o
gfortran -fimplicit-none -shared -fPIC -Wno-argument-mismatch -fallow-argument-mismatch -std=legacy -c dtrsm.f -o dtrsm.o
gfortran -fimplicit-none -shared -fPIC -Wno-argument-mismatch -fallow-argument-mismatch -std=legacy -c scabs1.f -o scabs1.o
gfortran -fimplicit-none -shared -fPIC -Wno-argument-mismatch -fallow-argument-mismatch -std=legacy -c scasum.f -o scasum.o
gfortran -fimplicit-none -shared -fPIC -Wno-argument-mismatch -fallow-argument-mismatch -std=legacy -c scnrm2.f -o scnrm2.o
gfortran -fimplicit-none -shared -fPIC -Wno-argument-mismatch -fallow-argument-mismatch -std=legacy -c icamax.f -o icamax.o
gfortran -fimplicit-none -shared -fPIC -Wno-argument-mismatch -fallow-argument-mismatch -std=legacy -c caxpy.f -o caxpy.o
gfortran -fimplicit-none -shared -fPIC -Wno-argument-mismatch -fallow-argument-mismatch -std=legacy -c ccopy.f -o ccopy.o
gfortran -fimplicit-none -shared -fPIC -Wno-argument-mismatch -fallow-argument-mismatch -std=legacy -c cdotc.f -o cdotc.o
gfortran -fimplicit-none -shared -fPIC -Wno-argument-mismatch -fallow-argument-mismatch -std=legacy -c cdotu.f -o cdotu.o
gfortran -fimplicit-none -shared -fPIC -Wno-argument-mismatch -fallow-argument-mismatch -std=legacy -c csscal.f -o csscal.o
gfortran -fimplicit-none -shared -fPIC -Wno-argument-mismatch -fallow-argument-mismatch -std=legacy -c crotg.f -o crotg.o
gfortran -fimplicit-none -shared -fPIC -Wno-argument-mismatch -fallow-argument-mismatch -std=legacy -c cscal.f -o cscal.o
gfortran -fimplicit-none -shared -fPIC -Wno-argument-mismatch -fallow-argument-mismatch -std=legacy -c cswap.f -o cswap.o
gfortran -fimplicit-none -shared -fPIC -Wno-argument-mismatch -fallow-argument-mismatch -std=legacy -c csrot.f -o csrot.o
gfortran -fimplicit-none -shared -fPIC -Wno-argument-mismatch -fallow-argument-mismatch -std=legacy -c cgemv.f -o cgemv.o
gfortran -fimplicit-none -shared -fPIC -Wno-argument-mismatch -fallow-argument-mismatch -std=legacy -c cgbmv.f -o cgbmv.o
gfortran -fimplicit-none -shared -fPIC -Wno-argument-mismatch -fallow-argument-mismatch -std=legacy -c chemv.f -o chemv.o
gfortran -fimplicit-none -shared -fPIC -Wno-argument-mismatch -fallow-argument-mismatch -std=legacy -c chbmv.f -o chbmv.o
gfortran -fimplicit-none -shared -fPIC -Wno-argument-mismatch -fallow-argument-mismatch -std=legacy -c chpmv.f -o chpmv.o
gfortran -fimplicit-none -shared -fPIC -Wno-argument-mismatch -fallow-argument-mismatch -std=legacy -c ctrmv.f -o ctrmv.o
gfortran -fimplicit-none -shared -fPIC -Wno-argument-mismatch -fallow-argument-mismatch -std=legacy -c ctbmv.f -o ctbmv.o
gfortran -fimplicit-none -shared -fPIC -Wno-argument-mismatch -fallow-argument-mismatch -std=legacy -c ctpmv.f -o ctpmv.o
gfortran -fimplicit-none -shared -fPIC -Wno-argument-mismatch -fallow-argument-mismatch -std=legacy -c ctrsv.f -o ctrsv.o
gfortran -fimplicit-none -shared -fPIC -Wno-argument-mismatch -fallow-argument-mismatch -std=legacy -c ctbsv.f -o ctbsv.o
gfortran -fimplicit-none -shared -fPIC -Wno-argument-mismatch -fallow-argument-mismatch -std=legacy -c ctpsv.f -o ctpsv.o
gfortran -fimplicit-none -shared -fPIC -Wno-argument-mismatch -fallow-argument-mismatch -std=legacy -c cgerc.f -o cgerc.o
gfortran -fimplicit-none -shared -fPIC -Wno-argument-mismatch -fallow-argument-mismatch -std=legacy -c cgeru.f -o cgeru.o
gfortran -fimplicit-none -shared -fPIC -Wno-argument-mismatch -fallow-argument-mismatch -std=legacy -c cher.f -o cher.o
gfortran -fimplicit-none -shared -fPIC -Wno-argument-mismatch -fallow-argument-mismatch -std=legacy -c chpr.f -o chpr.o
gfortran -fimplicit-none -shared -fPIC -Wno-argument-mismatch -fallow-argument-mismatch -std=legacy -c cher2.f -o cher2.o
gfortran -fimplicit-none -shared -fPIC -Wno-argument-mismatch -fallow-argument-mismatch -std=legacy -c chpr2.f -o chpr2.o
gfortran -fimplicit-none -shared -fPIC -Wno-argument-mismatch -fallow-argument-mismatch -std=legacy -c cgemm.f -o cgemm.o
gfortran -fimplicit-none -shared -fPIC -Wno-argument-mismatch -fallow-argument-mismatch -std=legacy -c csymm.f -o csymm.o
gfortran -fimplicit-none -shared -fPIC -Wno-argument-mismatch -fallow-argument-mismatch -std=legacy -c csyrk.f -o csyrk.o
gfortran -fimplicit-none -shared -fPIC -Wno-argument-mismatch -fallow-argument-mismatch -std=legacy -c csyr2k.f -o csyr2k.o
gfortran -fimplicit-none -shared -fPIC -Wno-argument-mismatch -fallow-argument-mismatch -std=legacy -c ctrmm.f -o ctrmm.o
gfortran -fimplicit-none -shared -fPIC -Wno-argument-mismatch -fallow-argument-mismatch -std=legacy -c ctrsm.f -o ctrsm.o
gfortran -fimplicit-none -shared -fPIC -Wno-argument-mismatch -fallow-argument-mismatch -std=legacy -c chemm.f -o chemm.o
gfortran -fimplicit-none -shared -fPIC -Wno-argument-mismatch -fallow-argument-mismatch -std=legacy -c cherk.f -o cherk.o
gfortran -fimplicit-none -shared -fPIC -Wno-argument-mismatch -fallow-argument-mismatch -std=legacy -c cher2k.f -o cher2k.o
gfortran -fimplicit-none -shared -fPIC -Wno-argument-mismatch -fallow-argument-mismatch -std=legacy -c dcabs1.f -o dcabs1.o
gfortran -fimplicit-none -shared -fPIC -Wno-argument-mismatch -fallow-argument-mismatch -std=legacy -c dzasum.f -o dzasum.o
gfortran -fimplicit-none -shared -fPIC -Wno-argument-mismatch -fallow-argument-mismatch -std=legacy -c dznrm2.f -o dznrm2.o
gfortran -fimplicit-none -shared -fPIC -Wno-argument-mismatch -fallow-argument-mismatch -std=legacy -c izamax.f -o izamax.o
gfortran -fimplicit-none -shared -fPIC -Wno-argument-mismatch -fallow-argument-mismatch -std=legacy -c zaxpy.f -o zaxpy.o
gfortran -fimplicit-none -shared -fPIC -Wno-argument-mismatch -fallow-argument-mismatch -std=legacy -c zcopy.f -o zcopy.o
gfortran -fimplicit-none -shared -fPIC -Wno-argument-mismatch -fallow-argument-mismatch -std=legacy -c zdotc.f -o zdotc.o
gfortran -fimplicit-none -shared -fPIC -Wno-argument-mismatch -fallow-argument-mismatch -std=legacy -c zdotu.f -o zdotu.o
gfortran -fimplicit-none -shared -fPIC -Wno-argument-mismatch -fallow-argument-mismatch -std=legacy -c zdscal.f -o zdscal.o
gfortran -fimplicit-none -shared -fPIC -Wno-argument-mismatch -fallow-argument-mismatch -std=legacy -c zrotg.f -o zrotg.o
gfortran -fimplicit-none -shared -fPIC -Wno-argument-mismatch -fallow-argument-mismatch -std=legacy -c zscal.f -o zscal.o
gfortran -fimplicit-none -shared -fPIC -Wno-argument-mismatch -fallow-argument-mismatch -std=legacy -c zswap.f -o zswap.o
gfortran -fimplicit-none -shared -fPIC -Wno-argument-mismatch -fallow-argument-mismatch -std=legacy -c zdrot.f -o zdrot.o
gfortran -fimplicit-none -shared -fPIC -Wno-argument-mismatch -fallow-argument-mismatch -std=legacy -c zgemv.f -o zgemv.o
gfortran -fimplicit-none -shared -fPIC -Wno-argument-mismatch -fallow-argument-mismatch -std=legacy -c zgbmv.f -o zgbmv.o
gfortran -fimplicit-none -shared -fPIC -Wno-argument-mismatch -fallow-argument-mismatch -std=legacy -c zhemv.f -o zhemv.o
gfortran -fimplicit-none -shared -fPIC -Wno-argument-mismatch -fallow-argument-mismatch -std=legacy -c zhbmv.f -o zhbmv.o
gfortran -fimplicit-none -shared -fPIC -Wno-argument-mismatch -fallow-argument-mismatch -std=legacy -c zhpmv.f -o zhpmv.o
gfortran -fimplicit-none -shared -fPIC -Wno-argument-mismatch -fallow-argument-mismatch -std=legacy -c ztrmv.f -o ztrmv.o
gfortran -fimplicit-none -shared -fPIC -Wno-argument-mismatch -fallow-argument-mismatch -std=legacy -c ztbmv.f -o ztbmv.o
gfortran -fimplicit-none -shared -fPIC -Wno-argument-mismatch -fallow-argument-mismatch -std=legacy -c ztpmv.f -o ztpmv.o
gfortran -fimplicit-none -shared -fPIC -Wno-argument-mismatch -fallow-argument-mismatch -std=legacy -c ztrsv.f -o ztrsv.o
gfortran -fimplicit-none -shared -fPIC -Wno-argument-mismatch -fallow-argument-mismatch -std=legacy -c ztbsv.f -o ztbsv.o
gfortran -fimplicit-none -shared -fPIC -Wno-argument-mismatch -fallow-argument-mismatch -std=legacy -c ztpsv.f -o ztpsv.o
gfortran -fimplicit-none -shared -fPIC -Wno-argument-mismatch -fallow-argument-mismatch -std=legacy -c zgerc.f -o zgerc.o
gfortran -fimplicit-none -shared -fPIC -Wno-argument-mismatch -fallow-argument-mismatch -std=legacy -c zgeru.f -o zgeru.o
gfortran -fimplicit-none -shared -fPIC -Wno-argument-mismatch -fallow-argument-mismatch -std=legacy -c zher.f -o zher.o
gfortran -fimplicit-none -shared -fPIC -Wno-argument-mismatch -fallow-argument-mismatch -std=legacy -c zhpr.f -o zhpr.o
gfortran -fimplicit-none -shared -fPIC -Wno-argument-mismatch -fallow-argument-mismatch -std=legacy -c zher2.f -o zher2.o
gfortran -fimplicit-none -shared -fPIC -Wno-argument-mismatch -fallow-argument-mismatch -std=legacy -c zhpr2.f -o zhpr2.o
gfortran -fimplicit-none -shared -fPIC -Wno-argument-mismatch -fallow-argument-mismatch -std=legacy -c zgemm.f -o zgemm.o
gfortran -fimplicit-none -shared -fPIC -Wno-argument-mismatch -fallow-argument-mismatch -std=legacy -c zsymm.f -o zsymm.o
gfortran -fimplicit-none -shared -fPIC -Wno-argument-mismatch -fallow-argument-mismatch -std=legacy -c zsyrk.f -o zsyrk.o
gfortran -fimplicit-none -shared -fPIC -Wno-argument-mismatch -fallow-argument-mismatch -std=legacy -c zsyr2k.f -o zsyr2k.o
gfortran -fimplicit-none -shared -fPIC -Wno-argument-mismatch -fallow-argument-mismatch -std=legacy -c ztrmm.f -o ztrmm.o
gfortran -fimplicit-none -shared -fPIC -Wno-argument-mismatch -fallow-argument-mismatch -std=legacy -c ztrsm.f -o ztrsm.o
gfortran -fimplicit-none -shared -fPIC -Wno-argument-mismatch -fallow-argument-mismatch -std=legacy -c zhemm.f -o zhemm.o
gfortran -fimplicit-none -shared -fPIC -Wno-argument-mismatch -fallow-argument-mismatch -std=legacy -c zherk.f -o zherk.o
gfortran -fimplicit-none -shared -fPIC -Wno-argument-mismatch -fallow-argument-mismatch -std=legacy -c zher2k.f -o zher2k.o
gfortran -fimplicit-none -shared -fPIC -Wno-argument-mismatch -fallow-argument-mismatch -std=legacy -c lsame.f -o lsame.o
gfortran -fimplicit-none -shared -fPIC -Wno-argument-mismatch -fallow-argument-mismatch -std=legacy -c xerbla.f -o xerbla.o
gfortran -fimplicit-none -shared -fPIC -Wno-argument-mismatch -fallow-argument-mismatch -std=legacy -c xerbla_array.f -o xerbla_array.o
ar cr ../../libblas.a isamax.o sasum.o saxpy.o scopy.o sdot.o snrm2.o srot.o srotg.o sscal.o sswap.o sdsdot.o srotmg.o srotm.o sgemv.o sgbmv.o ssymv.o ssbmv.o sspmv.o strmv.o stbmv.o stpmv.o strsv.o stbsv.o stpsv.o sger.o ssyr.o sspr.o ssyr2.o sspr2.o sgemm.o ssymm.o ssyrk.o ssyr2k.o strmm.o strsm.o  idamax.o dasum.o daxpy.o dcopy.o ddot.o dnrm2.o drot.o drotg.o dscal.o dsdot.o dswap.o drotmg.o drotm.o dgemv.o dgbmv.o dsymv.o dsbmv.o dspmv.o dtrmv.o dtbmv.o dtpmv.o dtrsv.o dtbsv.o dtpsv.o dger.o dsyr.o dspr.o dsyr2.o dspr2.o dgemm.o dsymm.o dsyrk.o dsyr2k.o dtrmm.o dtrsm.o scabs1.o scasum.o scnrm2.o icamax.o caxpy.o ccopy.o cdotc.o cdotu.o csscal.o crotg.o cscal.o cswap.o csrot.o cgemv.o cgbmv.o chemv.o chbmv.o chpmv.o ctrmv.o ctbmv.o ctpmv.o ctrsv.o ctbsv.o ctpsv.o cgerc.o cgeru.o cher.o chpr.o cher2.o chpr2.o cgemm.o csymm.o csyrk.o csyr2k.o ctrmm.o ctrsm.o chemm.o cherk.o cher2k.o dcabs1.o dzasum.o dznrm2.o izamax.o zaxpy.o zcopy.o zdotc.o zdotu.o zdscal.o zrotg.o zscal.o zswap.o zdrot.o zgemv.o zgbmv.o zhemv.o zhbmv.o zhpmv.o ztrmv.o ztbmv.o ztpmv.o ztrsv.o ztbsv.o ztpsv.o zgerc.o zgeru.o zher.o zhpr.o zher2.o zhpr2.o zgemm.o zsymm.o zsyrk.o zsyr2k.o ztrmm.o ztrsm.o zhemm.o zherk.o zher2k.o lsame.o xerbla.o xerbla_array.o
ranlib ../../libblas.a
make[1]: Leaving directory '/gpfs/home/s376817/OpenFOAM/s376817-v2406/applications/utilities/waves2Foam/ThirdParty/lapack-3.3.1/BLAS/SRC'
( cd SRC/VARIANTS ; make)
make[1]: Entering directory '/gpfs/home/s376817/OpenFOAM/s376817-v2406/applications/utilities/waves2Foam/ThirdParty/lapack-3.3.1/SRC/VARIANTS'
gfortran -fimplicit-none -shared -fPIC -Wno-argument-mismatch -fallow-argument-mismatch -std=legacy -c cholesky/RL/cpotrf.f -o cholesky/RL/cpotrf.o
gfortran -fimplicit-none -shared -fPIC -Wno-argument-mismatch -fallow-argument-mismatch -std=legacy -c cholesky/RL/dpotrf.f -o cholesky/RL/dpotrf.o
gfortran -fimplicit-none -shared -fPIC -Wno-argument-mismatch -fallow-argument-mismatch -std=legacy -c cholesky/RL/spotrf.f -o cholesky/RL/spotrf.o
gfortran -fimplicit-none -shared -fPIC -Wno-argument-mismatch -fallow-argument-mismatch -std=legacy -c cholesky/RL/zpotrf.f -o cholesky/RL/zpotrf.o
ar cr LIB/cholrl.a cholesky/RL/cpotrf.o cholesky/RL/dpotrf.o cholesky/RL/spotrf.o cholesky/RL/zpotrf.o
ranlib LIB/cholrl.a
gfortran -fimplicit-none -shared -fPIC -Wno-argument-mismatch -fallow-argument-mismatch -std=legacy -c cholesky/TOP/cpotrf.f -o cholesky/TOP/cpotrf.o
gfortran -fimplicit-none -shared -fPIC -Wno-argument-mismatch -fallow-argument-mismatch -std=legacy -c cholesky/TOP/dpotrf.f -o cholesky/TOP/dpotrf.o
gfortran -fimplicit-none -shared -fPIC -Wno-argument-mismatch -fallow-argument-mismatch -std=legacy -c cholesky/TOP/spotrf.f -o cholesky/TOP/spotrf.o
gfortran -fimplicit-none -shared -fPIC -Wno-argument-mismatch -fallow-argument-mismatch -std=legacy -c cholesky/TOP/zpotrf.f -o cholesky/TOP/zpotrf.o
ar cr LIB/choltop.a cholesky/TOP/cpotrf.o cholesky/TOP/dpotrf.o cholesky/TOP/spotrf.o cholesky/TOP/zpotrf.o
ranlib LIB/choltop.a
gfortran -fimplicit-none -shared -fPIC -Wno-argument-mismatch -fallow-argument-mismatch -std=legacy -c lu/CR/cgetrf.f -o lu/CR/cgetrf.o
gfortran -fimplicit-none -shared -fPIC -Wno-argument-mismatch -fallow-argument-mismatch -std=legacy -c lu/CR/dgetrf.f -o lu/CR/dgetrf.o
gfortran -fimplicit-none -shared -fPIC -Wno-argument-mismatch -fallow-argument-mismatch -std=legacy -c lu/CR/sgetrf.f -o lu/CR/sgetrf.o
gfortran -fimplicit-none -shared -fPIC -Wno-argument-mismatch -fallow-argument-mismatch -std=legacy -c lu/CR/zgetrf.f -o lu/CR/zgetrf.o
ar cr LIB/lucr.a lu/CR/cgetrf.o lu/CR/dgetrf.o lu/CR/sgetrf.o lu/CR/zgetrf.o
ranlib LIB/lucr.a
gfortran -fimplicit-none -shared -fPIC -Wno-argument-mismatch -fallow-argument-mismatch -std=legacy -c lu/LL/cgetrf.f -o lu/LL/cgetrf.o
gfortran -fimplicit-none -shared -fPIC -Wno-argument-mismatch -fallow-argument-mismatch -std=legacy -c lu/LL/dgetrf.f -o lu/LL/dgetrf.o
gfortran -fimplicit-none -shared -fPIC -Wno-argument-mismatch -fallow-argument-mismatch -std=legacy -c lu/LL/sgetrf.f -o lu/LL/sgetrf.o
gfortran -fimplicit-none -shared -fPIC -Wno-argument-mismatch -fallow-argument-mismatch -std=legacy -c lu/LL/zgetrf.f -o lu/LL/zgetrf.o
ar cr LIB/lull.a lu/LL/cgetrf.o lu/LL/dgetrf.o lu/LL/sgetrf.o lu/LL/zgetrf.o
ranlib LIB/lull.a
gfortran -fimplicit-none -shared -fPIC -Wno-argument-mismatch -fallow-argument-mismatch -std=legacy -c lu/REC/cgetrf.f -o lu/REC/cgetrf.o
gfortran -fimplicit-none -shared -fPIC -Wno-argument-mismatch -fallow-argument-mismatch -std=legacy -c lu/REC/dgetrf.f -o lu/REC/dgetrf.o
gfortran -fimplicit-none -shared -fPIC -Wno-argument-mismatch -fallow-argument-mismatch -std=legacy -c lu/REC/sgetrf.f -o lu/REC/sgetrf.o
gfortran -fimplicit-none -shared -fPIC -Wno-argument-mismatch -fallow-argument-mismatch -std=legacy -c lu/REC/zgetrf.f -o lu/REC/zgetrf.o
ar cr LIB/lurec.a lu/REC/cgetrf.o lu/REC/dgetrf.o lu/REC/sgetrf.o lu/REC/zgetrf.o
ranlib LIB/lurec.a
gfortran -fimplicit-none -shared -fPIC -Wno-argument-mismatch -fallow-argument-mismatch -std=legacy -c qr/LL/cgeqrf.f -o qr/LL/cgeqrf.o
gfortran -fimplicit-none -shared -fPIC -Wno-argument-mismatch -fallow-argument-mismatch -std=legacy -c qr/LL/dgeqrf.f -o qr/LL/dgeqrf.o
gfortran -fimplicit-none -shared -fPIC -Wno-argument-mismatch -fallow-argument-mismatch -std=legacy -c qr/LL/sgeqrf.f -o qr/LL/sgeqrf.o
gfortran -fimplicit-none -shared -fPIC -Wno-argument-mismatch -fallow-argument-mismatch -std=legacy -c qr/LL/zgeqrf.f -o qr/LL/zgeqrf.o
gfortran -fimplicit-none -shared -fPIC -Wno-argument-mismatch -fallow-argument-mismatch -std=legacy -c qr/LL/sceil.f -o qr/LL/sceil.o
ar cr LIB/qrll.a  qr/LL/cgeqrf.o qr/LL/dgeqrf.o qr/LL/sgeqrf.o qr/LL/zgeqrf.o  qr/LL/sceil.o
ranlib LIB/qrll.a
make[1]: Leaving directory '/gpfs/home/s376817/OpenFOAM/s376817-v2406/applications/utilities/waves2Foam/ThirdParty/lapack-3.3.1/SRC/VARIANTS'
( cd SRC; make )
make[1]: Entering directory '/gpfs/home/s376817/OpenFOAM/s376817-v2406/applications/utilities/waves2Foam/ThirdParty/lapack-3.3.1/SRC'
gfortran -fimplicit-none -shared -fPIC -Wno-argument-mismatch -fallow-argument-mismatch -std=legacy -c sgbbrd.f -o sgbbrd.o
gfortran -fimplicit-none -shared -fPIC -Wno-argument-mismatch -fallow-argument-mismatch -std=legacy -c sgbcon.f -o sgbcon.o
gfortran -fimplicit-none -shared -fPIC -Wno-argument-mismatch -fallow-argument-mismatch -std=legacy -c sgbequ.f -o sgbequ.o
gfortran -fimplicit-none -shared -fPIC -Wno-argument-mismatch -fallow-argument-mismatch -std=legacy -c sgbrfs.f -o sgbrfs.o
gfortran -fimplicit-none -shared -fPIC -Wno-argument-mismatch -fallow-argument-mismatch -std=legacy -c sgbsv.f -o sgbsv.o
gfortran -fimplicit-none -shared -fPIC -Wno-argument-mismatch -fallow-argument-mismatch -std=legacy -c sgbsvx.f -o sgbsvx.o
gfortran -fimplicit-none -shared -fPIC -Wno-argument-mismatch -fallow-argument-mismatch -std=legacy -c sgbtf2.f -o sgbtf2.o
gfortran -fimplicit-none -shared -fPIC -Wno-argument-mismatch -fallow-argument-mismatch -std=legacy -c sgbtrf.f -o sgbtrf.o
gfortran -fimplicit-none -shared -fPIC -Wno-argument-mismatch -fallow-argument-mismatch -std=legacy -c sgbtrs.f -o sgbtrs.o
gfortran -fimplicit-none -shared -fPIC -Wno-argument-mismatch -fallow-argument-mismatch -std=legacy -c sgebak.f -o sgebak.o
gfortran -fimplicit-none -shared -fPIC -Wno-argument-mismatch -fallow-argument-mismatch -std=legacy -c sgebal.f -o sgebal.o
gfortran -fimplicit-none -shared -fPIC -Wno-argument-mismatch -fallow-argument-mismatch -std=legacy -c sgebd2.f -o sgebd2.o
gfortran -fimplicit-none -shared -fPIC -Wno-argument-mismatch -fallow-argument-mismatch -std=legacy -c sgebrd.f -o sgebrd.o
gfortran -fimplicit-none -shared -fPIC -Wno-argument-mismatch -fallow-argument-mismatch -std=legacy -c sgecon.f -o sgecon.o
gfortran -fimplicit-none -shared -fPIC -Wno-argument-mismatch -fallow-argument-mismatch -std=legacy -c sgeequ.f -o sgeequ.o
gfortran -fimplicit-none -shared -fPIC -Wno-argument-mismatch -fallow-argument-mismatch -std=legacy -c sgees.f -o sgees.o
gfortran -fimplicit-none -shared -fPIC -Wno-argument-mismatch -fallow-argument-mismatch -std=legacy -c sgeesx.f -o sgeesx.o
gfortran -fimplicit-none -shared -fPIC -Wno-argument-mismatch -fallow-argument-mismatch -std=legacy -c sgeev.f -o sgeev.o
gfortran -fimplicit-none -shared -fPIC -Wno-argument-mismatch -fallow-argument-mismatch -std=legacy -c sgeevx.f -o sgeevx.o
gfortran -fimplicit-none -shared -fPIC -Wno-argument-mismatch -fallow-argument-mismatch -std=legacy -c sgegs.f -o sgegs.o
gfortran -fimplicit-none -shared -fPIC -Wno-argument-mismatch -fallow-argument-mismatch -std=legacy -c sgegv.f -o sgegv.o
gfortran -fimplicit-none -shared -fPIC -Wno-argument-mismatch -fallow-argument-mismatch -std=legacy -c sgehd2.f -o sgehd2.o
gfortran -fimplicit-none -shared -fPIC -Wno-argument-mismatch -fallow-argument-mismatch -std=legacy -c sgehrd.f -o sgehrd.o
gfortran -fimplicit-none -shared -fPIC -Wno-argument-mismatch -fallow-argument-mismatch -std=legacy -c sgelq2.f -o sgelq2.o
gfortran -fimplicit-none -shared -fPIC -Wno-argument-mismatch -fallow-argument-mismatch -std=legacy -c sgelqf.f -o sgelqf.o
gfortran -fimplicit-none -shared -fPIC -Wno-argument-mismatch -fallow-argument-mismatch -std=legacy -c sgels.f -o sgels.o
gfortran -fimplicit-none -shared -fPIC -Wno-argument-mismatch -fallow-argument-mismatch -std=legacy -c sgelsd.f -o sgelsd.o
gfortran -fimplicit-none -shared -fPIC -Wno-argument-mismatch -fallow-argument-mismatch -std=legacy -c sgelss.f -o sgelss.o
gfortran -fimplicit-none -shared -fPIC -Wno-argument-mismatch -fallow-argument-mismatch -std=legacy -c sgelsx.f -o sgelsx.o
gfortran -fimplicit-none -shared -fPIC -Wno-argument-mismatch -fallow-argument-mismatch -std=legacy -c sgelsy.f -o sgelsy.o
gfortran -fimplicit-none -shared -fPIC -Wno-argument-mismatch -fallow-argument-mismatch -std=legacy -c sgeql2.f -o sgeql2.o
gfortran -fimplicit-none -shared -fPIC -Wno-argument-mismatch -fallow-argument-mismatch -std=legacy -c sgeqlf.f -o sgeqlf.o
gfortran -fimplicit-none -shared -fPIC -Wno-argument-mismatch -fallow-argument-mismatch -std=legacy -c sgeqp3.f -o sgeqp3.o
gfortran -fimplicit-none -shared -fPIC -Wno-argument-mismatch -fallow-argument-mismatch -std=legacy -c sgeqpf.f -o sgeqpf.o
gfortran -fimplicit-none -shared -fPIC -Wno-argument-mismatch -fallow-argument-mismatch -std=legacy -c sgeqr2.f -o sgeqr2.o
gfortran -fimplicit-none -shared -fPIC -Wno-argument-mismatch -fallow-argument-mismatch -std=legacy -c sgeqr2p.f -o sgeqr2p.o
gfortran -fimplicit-none -shared -fPIC -Wno-argument-mismatch -fallow-argument-mismatch -std=legacy -c sgeqrf.f -o sgeqrf.o
gfortran -fimplicit-none -shared -fPIC -Wno-argument-mismatch -fallow-argument-mismatch -std=legacy -c sgeqrfp.f -o sgeqrfp.o
gfortran -fimplicit-none -shared -fPIC -Wno-argument-mismatch -fallow-argument-mismatch -std=legacy -c sgerfs.f -o sgerfs.o
gfortran -fimplicit-none -shared -fPIC -Wno-argument-mismatch -fallow-argument-mismatch -std=legacy -c sgerq2.f -o sgerq2.o
gfortran -fimplicit-none -shared -fPIC -Wno-argument-mismatch -fallow-argument-mismatch -std=legacy -c sgerqf.f -o sgerqf.o
gfortran -fimplicit-none -shared -fPIC -Wno-argument-mismatch -fallow-argument-mismatch -std=legacy -c sgesc2.f -o sgesc2.o
gfortran -fimplicit-none -shared -fPIC -Wno-argument-mismatch -fallow-argument-mismatch -std=legacy -c sgesdd.f -o sgesdd.o
gfortran -fimplicit-none -shared -fPIC -Wno-argument-mismatch -fallow-argument-mismatch -std=legacy -c sgesv.f -o sgesv.o
gfortran -fimplicit-none -shared -fPIC -Wno-argument-mismatch -fallow-argument-mismatch -std=legacy -c sgesvd.f -o sgesvd.o
gfortran -fimplicit-none -shared -fPIC -Wno-argument-mismatch -fallow-argument-mismatch -std=legacy -c sgesvx.f -o sgesvx.o
gfortran -fimplicit-none -shared -fPIC -Wno-argument-mismatch -fallow-argument-mismatch -std=legacy -c sgetc2.f -o sgetc2.o
gfortran -fimplicit-none -shared -fPIC -Wno-argument-mismatch -fallow-argument-mismatch -std=legacy -c sgetf2.f -o sgetf2.o
gfortran -fimplicit-none -shared -fPIC -Wno-argument-mismatch -fallow-argument-mismatch -std=legacy -c sgetri.f -o sgetri.o
gfortran -fimplicit-none -shared -fPIC -Wno-argument-mismatch -fallow-argument-mismatch -std=legacy -c sggbak.f -o sggbak.o
gfortran -fimplicit-none -shared -fPIC -Wno-argument-mismatch -fallow-argument-mismatch -std=legacy -c sggbal.f -o sggbal.o
gfortran -fimplicit-none -shared -fPIC -Wno-argument-mismatch -fallow-argument-mismatch -std=legacy -c sgges.f -o sgges.o
gfortran -fimplicit-none -shared -fPIC -Wno-argument-mismatch -fallow-argument-mismatch -std=legacy -c sggesx.f -o sggesx.o
gfortran -fimplicit-none -shared -fPIC -Wno-argument-mismatch -fallow-argument-mismatch -std=legacy -c sggev.f -o sggev.o
gfortran -fimplicit-none -shared -fPIC -Wno-argument-mismatch -fallow-argument-mismatch -std=legacy -c sggevx.f -o sggevx.o
gfortran -fimplicit-none -shared -fPIC -Wno-argument-mismatch -fallow-argument-mismatch -std=legacy -c sggglm.f -o sggglm.o
gfortran -fimplicit-none -shared -fPIC -Wno-argument-mismatch -fallow-argument-mismatch -std=legacy -c sgghrd.f -o sgghrd.o
gfortran -fimplicit-none -shared -fPIC -Wno-argument-mismatch -fallow-argument-mismatch -std=legacy -c sgglse.f -o sgglse.o
gfortran -fimplicit-none -shared -fPIC -Wno-argument-mismatch -fallow-argument-mismatch -std=legacy -c sggqrf.f -o sggqrf.o
gfortran -fimplicit-none -shared -fPIC -Wno-argument-mismatch -fallow-argument-mismatch -std=legacy -c sggrqf.f -o sggrqf.o
gfortran -fimplicit-none -shared -fPIC -Wno-argument-mismatch -fallow-argument-mismatch -std=legacy -c sggsvd.f -o sggsvd.o
gfortran -fimplicit-none -shared -fPIC -Wno-argument-mismatch -fallow-argument-mismatch -std=legacy -c sggsvp.f -o sggsvp.o
gfortran -fimplicit-none -shared -fPIC -Wno-argument-mismatch -fallow-argument-mismatch -std=legacy -c sgtcon.f -o sgtcon.o
gfortran -fimplicit-none -shared -fPIC -Wno-argument-mismatch -fallow-argument-mismatch -std=legacy -c sgtrfs.f -o sgtrfs.o
gfortran -fimplicit-none -shared -fPIC -Wno-argument-mismatch -fallow-argument-mismatch -std=legacy -c sgtsv.f -o sgtsv.o
gfortran -fimplicit-none -shared -fPIC -Wno-argument-mismatch -fallow-argument-mismatch -std=legacy -c sgtsvx.f -o sgtsvx.o
gfortran -fimplicit-none -shared -fPIC -Wno-argument-mismatch -fallow-argument-mismatch -std=legacy -c sgttrf.f -o sgttrf.o
gfortran -fimplicit-none -shared -fPIC -Wno-argument-mismatch -fallow-argument-mismatch -std=legacy -c sgttrs.f -o sgttrs.o
gfortran -fimplicit-none -shared -fPIC -Wno-argument-mismatch -fallow-argument-mismatch -std=legacy -c sgtts2.f -o sgtts2.o
gfortran -fimplicit-none -shared -fPIC -Wno-argument-mismatch -fallow-argument-mismatch -std=legacy -c shgeqz.f -o shgeqz.o
gfortran -fimplicit-none -shared -fPIC -Wno-argument-mismatch -fallow-argument-mismatch -std=legacy -c shsein.f -o shsein.o
gfortran -fimplicit-none -shared -fPIC -Wno-argument-mismatch -fallow-argument-mismatch -std=legacy -c shseqr.f -o shseqr.o
gfortran -fimplicit-none -shared -fPIC -Wno-argument-mismatch -fallow-argument-mismatch -std=legacy -c slabrd.f -o slabrd.o
gfortran -fimplicit-none -shared -fPIC -Wno-argument-mismatch -fallow-argument-mismatch -std=legacy -c slacon.f -o slacon.o
gfortran -fimplicit-none -shared -fPIC -Wno-argument-mismatch -fallow-argument-mismatch -std=legacy -c slacn2.f -o slacn2.o
gfortran -fimplicit-none -shared -fPIC -Wno-argument-mismatch -fallow-argument-mismatch -std=legacy -c slaein.f -o slaein.o
gfortran -fimplicit-none -shared -fPIC -Wno-argument-mismatch -fallow-argument-mismatch -std=legacy -c slaexc.f -o slaexc.o
gfortran -fimplicit-none -shared -fPIC -Wno-argument-mismatch -fallow-argument-mismatch -std=legacy -c slag2.f -o slag2.o
gfortran -fimplicit-none -shared -fPIC -Wno-argument-mismatch -fallow-argument-mismatch -std=legacy -c slags2.f -o slags2.o
gfortran -fimplicit-none -shared -fPIC -Wno-argument-mismatch -fallow-argument-mismatch -std=legacy -c slagtm.f -o slagtm.o
gfortran -fimplicit-none -shared -fPIC -Wno-argument-mismatch -fallow-argument-mismatch -std=legacy -c slagv2.f -o slagv2.o
gfortran -fimplicit-none -shared -fPIC -Wno-argument-mismatch -fallow-argument-mismatch -std=legacy -c slahqr.f -o slahqr.o
gfortran -fimplicit-none -shared -fPIC -Wno-argument-mismatch -fallow-argument-mismatch -std=legacy -c slahrd.f -o slahrd.o
gfortran -fimplicit-none -shared -fPIC -Wno-argument-mismatch -fallow-argument-mismatch -std=legacy -c slahr2.f -o slahr2.o
gfortran -fimplicit-none -shared -fPIC -Wno-argument-mismatch -fallow-argument-mismatch -std=legacy -c slaic1.f -o slaic1.o
gfortran -fimplicit-none -shared -fPIC -Wno-argument-mismatch -fallow-argument-mismatch -std=legacy -c slaln2.f -o slaln2.o
gfortran -fimplicit-none -shared -fPIC -Wno-argument-mismatch -fallow-argument-mismatch -std=legacy -c slals0.f -o slals0.o
gfortran -fimplicit-none -shared -fPIC -Wno-argument-mismatch -fallow-argument-mismatch -std=legacy -c slalsa.f -o slalsa.o
gfortran -fimplicit-none -shared -fPIC -Wno-argument-mismatch -fallow-argument-mismatch -std=legacy -c slalsd.f -o slalsd.o
gfortran -fimplicit-none -shared -fPIC -Wno-argument-mismatch -fallow-argument-mismatch -std=legacy -c slangb.f -o slangb.o
gfortran -fimplicit-none -shared -fPIC -Wno-argument-mismatch -fallow-argument-mismatch -std=legacy -c slange.f -o slange.o
gfortran -fimplicit-none -shared -fPIC -Wno-argument-mismatch -fallow-argument-mismatch -std=legacy -c slangt.f -o slangt.o
gfortran -fimplicit-none -shared -fPIC -Wno-argument-mismatch -fallow-argument-mismatch -std=legacy -c slanhs.f -o slanhs.o
gfortran -fimplicit-none -shared -fPIC -Wno-argument-mismatch -fallow-argument-mismatch -std=legacy -c slansb.f -o slansb.o
gfortran -fimplicit-none -shared -fPIC -Wno-argument-mismatch -fallow-argument-mismatch -std=legacy -c slansp.f -o slansp.o
gfortran -fimplicit-none -shared -fPIC -Wno-argument-mismatch -fallow-argument-mismatch -std=legacy -c slansy.f -o slansy.o
gfortran -fimplicit-none -shared -fPIC -Wno-argument-mismatch -fallow-argument-mismatch -std=legacy -c slantb.f -o slantb.o
gfortran -fimplicit-none -shared -fPIC -Wno-argument-mismatch -fallow-argument-mismatch -std=legacy -c slantp.f -o slantp.o
gfortran -fimplicit-none -shared -fPIC -Wno-argument-mismatch -fallow-argument-mismatch -std=legacy -c slantr.f -o slantr.o
gfortran -fimplicit-none -shared -fPIC -Wno-argument-mismatch -fallow-argument-mismatch -std=legacy -c slanv2.f -o slanv2.o
gfortran -fimplicit-none -shared -fPIC -Wno-argument-mismatch -fallow-argument-mismatch -std=legacy -c slapll.f -o slapll.o
gfortran -fimplicit-none -shared -fPIC -Wno-argument-mismatch -fallow-argument-mismatch -std=legacy -c slapmt.f -o slapmt.o
gfortran -fimplicit-none -shared -fPIC -Wno-argument-mismatch -fallow-argument-mismatch -std=legacy -c slaqgb.f -o slaqgb.o
gfortran -fimplicit-none -shared -fPIC -Wno-argument-mismatch -fallow-argument-mismatch -std=legacy -c slaqge.f -o slaqge.o
gfortran -fimplicit-none -shared -fPIC -Wno-argument-mismatch -fallow-argument-mismatch -std=legacy -c slaqp2.f -o slaqp2.o
gfortran -fimplicit-none -shared -fPIC -Wno-argument-mismatch -fallow-argument-mismatch -std=legacy -c slaqps.f -o slaqps.o
gfortran -fimplicit-none -shared -fPIC -Wno-argument-mismatch -fallow-argument-mismatch -std=legacy -c slaqsb.f -o slaqsb.o
gfortran -fimplicit-none -shared -fPIC -Wno-argument-mismatch -fallow-argument-mismatch -std=legacy -c slaqsp.f -o slaqsp.o
gfortran -fimplicit-none -shared -fPIC -Wno-argument-mismatch -fallow-argument-mismatch -std=legacy -c slaqsy.f -o slaqsy.o
gfortran -fimplicit-none -shared -fPIC -Wno-argument-mismatch -fallow-argument-mismatch -std=legacy -c slaqr0.f -o slaqr0.o
gfortran -fimplicit-none -shared -fPIC -Wno-argument-mismatch -fallow-argument-mismatch -std=legacy -c slaqr1.f -o slaqr1.o
gfortran -fimplicit-none -shared -fPIC -Wno-argument-mismatch -fallow-argument-mismatch -std=legacy -c slaqr2.f -o slaqr2.o
gfortran -fimplicit-none -shared -fPIC -Wno-argument-mismatch -fallow-argument-mismatch -std=legacy -c slaqr3.f -o slaqr3.o
gfortran -fimplicit-none -shared -fPIC -Wno-argument-mismatch -fallow-argument-mismatch -std=legacy -c slaqr4.f -o slaqr4.o
gfortran -fimplicit-none -shared -fPIC -Wno-argument-mismatch -fallow-argument-mismatch -std=legacy -c slaqr5.f -o slaqr5.o
gfortran -fimplicit-none -shared -fPIC -Wno-argument-mismatch -fallow-argument-mismatch -std=legacy -c slaqtr.f -o slaqtr.o
gfortran -fimplicit-none -shared -fPIC -Wno-argument-mismatch -fallow-argument-mismatch -std=legacy -c slar1v.f -o slar1v.o
gfortran -fimplicit-none -shared -fPIC -Wno-argument-mismatch -fallow-argument-mismatch -std=legacy -c slar2v.f -o slar2v.o
gfortran -fimplicit-none -shared -fPIC -Wno-argument-mismatch -fallow-argument-mismatch -std=legacy -c ilaslr.f -o ilaslr.o
gfortran -fimplicit-none -shared -fPIC -Wno-argument-mismatch -fallow-argument-mismatch -std=legacy -c ilaslc.f -o ilaslc.o
gfortran -fimplicit-none -shared -fPIC -Wno-argument-mismatch -fallow-argument-mismatch -std=legacy -c slarf.f -o slarf.o
gfortran -fimplicit-none -shared -fPIC -Wno-argument-mismatch -fallow-argument-mismatch -std=legacy -c slarfb.f -o slarfb.o
gfortran -fimplicit-none -shared -fPIC -Wno-argument-mismatch -fallow-argument-mismatch -std=legacy -c slarfg.f -o slarfg.o
gfortran -fimplicit-none -shared -fPIC -Wno-argument-mismatch -fallow-argument-mismatch -std=legacy -c slarfgp.f -o slarfgp.o
gfortran -fimplicit-none -shared -fPIC -Wno-argument-mismatch -fallow-argument-mismatch -std=legacy -c slarft.f -o slarft.o
gfortran -fimplicit-none -shared -fPIC -Wno-argument-mismatch -fallow-argument-mismatch -std=legacy -c slarfx.f -o slarfx.o
gfortran -fimplicit-none -shared -fPIC -Wno-argument-mismatch -fallow-argument-mismatch -std=legacy -c slargv.f -o slargv.o
gfortran -fimplicit-none -shared -fPIC -Wno-argument-mismatch -fallow-argument-mismatch -std=legacy -c slarrv.f -o slarrv.o
gfortran -fimplicit-none -shared -fPIC -Wno-argument-mismatch -fallow-argument-mismatch -std=legacy -c slartv.f -o slartv.o
gfortran -fimplicit-none -shared -fPIC -Wno-argument-mismatch -fallow-argument-mismatch -std=legacy -c slarz.f -o slarz.o
gfortran -fimplicit-none -shared -fPIC -Wno-argument-mismatch -fallow-argument-mismatch -std=legacy -c slarzb.f -o slarzb.o
gfortran -fimplicit-none -shared -fPIC -Wno-argument-mismatch -fallow-argument-mismatch -std=legacy -c slarzt.f -o slarzt.o
gfortran -fimplicit-none -shared -fPIC -Wno-argument-mismatch -fallow-argument-mismatch -std=legacy -c slaswp.f -o slaswp.o
gfortran -fimplicit-none -shared -fPIC -Wno-argument-mismatch -fallow-argument-mismatch -std=legacy -c slasy2.f -o slasy2.o
gfortran -fimplicit-none -shared -fPIC -Wno-argument-mismatch -fallow-argument-mismatch -std=legacy -c slasyf.f -o slasyf.o
gfortran -fimplicit-none -shared -fPIC -Wno-argument-mismatch -fallow-argument-mismatch -std=legacy -c slatbs.f -o slatbs.o
gfortran -fimplicit-none -shared -fPIC -Wno-argument-mismatch -fallow-argument-mismatch -std=legacy -c slatdf.f -o slatdf.o
gfortran -fimplicit-none -shared -fPIC -Wno-argument-mismatch -fallow-argument-mismatch -std=legacy -c slatps.f -o slatps.o
gfortran -fimplicit-none -shared -fPIC -Wno-argument-mismatch -fallow-argument-mismatch -std=legacy -c slatrd.f -o slatrd.o
gfortran -fimplicit-none -shared -fPIC -Wno-argument-mismatch -fallow-argument-mismatch -std=legacy -c slatrs.f -o slatrs.o
gfortran -fimplicit-none -shared -fPIC -Wno-argument-mismatch -fallow-argument-mismatch -std=legacy -c slatrz.f -o slatrz.o
gfortran -fimplicit-none -shared -fPIC -Wno-argument-mismatch -fallow-argument-mismatch -std=legacy -c slatzm.f -o slatzm.o
gfortran -fimplicit-none -shared -fPIC -Wno-argument-mismatch -fallow-argument-mismatch -std=legacy -c slauu2.f -o slauu2.o
gfortran -fimplicit-none -shared -fPIC -Wno-argument-mismatch -fallow-argument-mismatch -std=legacy -c slauum.f -o slauum.o
gfortran -fimplicit-none -shared -fPIC -Wno-argument-mismatch -fallow-argument-mismatch -std=legacy -c sopgtr.f -o sopgtr.o
gfortran -fimplicit-none -shared -fPIC -Wno-argument-mismatch -fallow-argument-mismatch -std=legacy -c sopmtr.f -o sopmtr.o
gfortran -fimplicit-none -shared -fPIC -Wno-argument-mismatch -fallow-argument-mismatch -std=legacy -c sorg2l.f -o sorg2l.o
gfortran -fimplicit-none -shared -fPIC -Wno-argument-mismatch -fallow-argument-mismatch -std=legacy -c sorg2r.f -o sorg2r.o
gfortran -fimplicit-none -shared -fPIC -Wno-argument-mismatch -fallow-argument-mismatch -std=legacy -c sorgbr.f -o sorgbr.o
gfortran -fimplicit-none -shared -fPIC -Wno-argument-mismatch -fallow-argument-mismatch -std=legacy -c sorghr.f -o sorghr.o
gfortran -fimplicit-none -shared -fPIC -Wno-argument-mismatch -fallow-argument-mismatch -std=legacy -c sorgl2.f -o sorgl2.o
gfortran -fimplicit-none -shared -fPIC -Wno-argument-mismatch -fallow-argument-mismatch -std=legacy -c sorglq.f -o sorglq.o
gfortran -fimplicit-none -shared -fPIC -Wno-argument-mismatch -fallow-argument-mismatch -std=legacy -c sorgql.f -o sorgql.o
gfortran -fimplicit-none -shared -fPIC -Wno-argument-mismatch -fallow-argument-mismatch -std=legacy -c sorgqr.f -o sorgqr.o
gfortran -fimplicit-none -shared -fPIC -Wno-argument-mismatch -fallow-argument-mismatch -std=legacy -c sorgr2.f -o sorgr2.o
gfortran -fimplicit-none -shared -fPIC -Wno-argument-mismatch -fallow-argument-mismatch -std=legacy -c sorgrq.f -o sorgrq.o
gfortran -fimplicit-none -shared -fPIC -Wno-argument-mismatch -fallow-argument-mismatch -std=legacy -c sorgtr.f -o sorgtr.o
gfortran -fimplicit-none -shared -fPIC -Wno-argument-mismatch -fallow-argument-mismatch -std=legacy -c sorm2l.f -o sorm2l.o
gfortran -fimplicit-none -shared -fPIC -Wno-argument-mismatch -fallow-argument-mismatch -std=legacy -c sorm2r.f -o sorm2r.o
gfortran -fimplicit-none -shared -fPIC -Wno-argument-mismatch -fallow-argument-mismatch -std=legacy -c sormbr.f -o sormbr.o
gfortran -fimplicit-none -shared -fPIC -Wno-argument-mismatch -fallow-argument-mismatch -std=legacy -c sormhr.f -o sormhr.o
gfortran -fimplicit-none -shared -fPIC -Wno-argument-mismatch -fallow-argument-mismatch -std=legacy -c sorml2.f -o sorml2.o
gfortran -fimplicit-none -shared -fPIC -Wno-argument-mismatch -fallow-argument-mismatch -std=legacy -c sormlq.f -o sormlq.o
gfortran -fimplicit-none -shared -fPIC -Wno-argument-mismatch -fallow-argument-mismatch -std=legacy -c sormql.f -o sormql.o
gfortran -fimplicit-none -shared -fPIC -Wno-argument-mismatch -fallow-argument-mismatch -std=legacy -c sormqr.f -o sormqr.o
gfortran -fimplicit-none -shared -fPIC -Wno-argument-mismatch -fallow-argument-mismatch -std=legacy -c sormr2.f -o sormr2.o
gfortran -fimplicit-none -shared -fPIC -Wno-argument-mismatch -fallow-argument-mismatch -std=legacy -c sormr3.f -o sormr3.o
gfortran -fimplicit-none -shared -fPIC -Wno-argument-mismatch -fallow-argument-mismatch -std=legacy -c sormrq.f -o sormrq.o
gfortran -fimplicit-none -shared -fPIC -Wno-argument-mismatch -fallow-argument-mismatch -std=legacy -c sormrz.f -o sormrz.o
gfortran -fimplicit-none -shared -fPIC -Wno-argument-mismatch -fallow-argument-mismatch -std=legacy -c sormtr.f -o sormtr.o
gfortran -fimplicit-none -shared -fPIC -Wno-argument-mismatch -fallow-argument-mismatch -std=legacy -c spbcon.f -o spbcon.o
gfortran -fimplicit-none -shared -fPIC -Wno-argument-mismatch -fallow-argument-mismatch -std=legacy -c spbequ.f -o spbequ.o
gfortran -fimplicit-none -shared -fPIC -Wno-argument-mismatch -fallow-argument-mismatch -std=legacy -c spbrfs.f -o spbrfs.o
gfortran -fimplicit-none -shared -fPIC -Wno-argument-mismatch -fallow-argument-mismatch -std=legacy -c spbstf.f -o spbstf.o
gfortran -fimplicit-none -shared -fPIC -Wno-argument-mismatch -fallow-argument-mismatch -std=legacy -c spbsv.f -o spbsv.o
gfortran -fimplicit-none -shared -fPIC -Wno-argument-mismatch -fallow-argument-mismatch -std=legacy -c spbsvx.f -o spbsvx.o
gfortran -fimplicit-none -shared -fPIC -Wno-argument-mismatch -fallow-argument-mismatch -std=legacy -c spbtf2.f -o spbtf2.o
gfortran -fimplicit-none -shared -fPIC -Wno-argument-mismatch -fallow-argument-mismatch -std=legacy -c spbtrf.f -o spbtrf.o
gfortran -fimplicit-none -shared -fPIC -Wno-argument-mismatch -fallow-argument-mismatch -std=legacy -c spbtrs.f -o spbtrs.o
gfortran -fimplicit-none -shared -fPIC -Wno-argument-mismatch -fallow-argument-mismatch -std=legacy -c spocon.f -o spocon.o
gfortran -fimplicit-none -shared -fPIC -Wno-argument-mismatch -fallow-argument-mismatch -std=legacy -c spoequ.f -o spoequ.o
gfortran -fimplicit-none -shared -fPIC -Wno-argument-mismatch -fallow-argument-mismatch -std=legacy -c sporfs.f -o sporfs.o
gfortran -fimplicit-none -shared -fPIC -Wno-argument-mismatch -fallow-argument-mismatch -std=legacy -c sposv.f -o sposv.o
gfortran -fimplicit-none -shared -fPIC -Wno-argument-mismatch -fallow-argument-mismatch -std=legacy -c sposvx.f -o sposvx.o
gfortran -fimplicit-none -shared -fPIC -Wno-argument-mismatch -fallow-argument-mismatch -std=legacy -c spotf2.f -o spotf2.o
gfortran -fimplicit-none -shared -fPIC -Wno-argument-mismatch -fallow-argument-mismatch -std=legacy -c spotri.f -o spotri.o
gfortran -fimplicit-none -shared -fPIC -Wno-argument-mismatch -fallow-argument-mismatch -std=legacy -c spstrf.f -o spstrf.o
gfortran -fimplicit-none -shared -fPIC -Wno-argument-mismatch -fallow-argument-mismatch -std=legacy -c spstf2.f -o spstf2.o
gfortran -fimplicit-none -shared -fPIC -Wno-argument-mismatch -fallow-argument-mismatch -std=legacy -c sppcon.f -o sppcon.o
gfortran -fimplicit-none -shared -fPIC -Wno-argument-mismatch -fallow-argument-mismatch -std=legacy -c sppequ.f -o sppequ.o
gfortran -fimplicit-none -shared -fPIC -Wno-argument-mismatch -fallow-argument-mismatch -std=legacy -c spprfs.f -o spprfs.o
gfortran -fimplicit-none -shared -fPIC -Wno-argument-mismatch -fallow-argument-mismatch -std=legacy -c sppsv.f -o sppsv.o
gfortran -fimplicit-none -shared -fPIC -Wno-argument-mismatch -fallow-argument-mismatch -std=legacy -c sppsvx.f -o sppsvx.o
gfortran -fimplicit-none -shared -fPIC -Wno-argument-mismatch -fallow-argument-mismatch -std=legacy -c spptrf.f -o spptrf.o
gfortran -fimplicit-none -shared -fPIC -Wno-argument-mismatch -fallow-argument-mismatch -std=legacy -c spptri.f -o spptri.o
gfortran -fimplicit-none -shared -fPIC -Wno-argument-mismatch -fallow-argument-mismatch -std=legacy -c spptrs.f -o spptrs.o
gfortran -fimplicit-none -shared -fPIC -Wno-argument-mismatch -fallow-argument-mismatch -std=legacy -c sptcon.f -o sptcon.o
gfortran -fimplicit-none -shared -fPIC -Wno-argument-mismatch -fallow-argument-mismatch -std=legacy -c spteqr.f -o spteqr.o
gfortran -fimplicit-none -shared -fPIC -Wno-argument-mismatch -fallow-argument-mismatch -std=legacy -c sptrfs.f -o sptrfs.o
gfortran -fimplicit-none -shared -fPIC -Wno-argument-mismatch -fallow-argument-mismatch -std=legacy -c sptsv.f -o sptsv.o
gfortran -fimplicit-none -shared -fPIC -Wno-argument-mismatch -fallow-argument-mismatch -std=legacy -c sptsvx.f -o sptsvx.o
gfortran -fimplicit-none -shared -fPIC -Wno-argument-mismatch -fallow-argument-mismatch -std=legacy -c spttrs.f -o spttrs.o
gfortran -fimplicit-none -shared -fPIC -Wno-argument-mismatch -fallow-argument-mismatch -std=legacy -c sptts2.f -o sptts2.o
gfortran -fimplicit-none -shared -fPIC -Wno-argument-mismatch -fallow-argument-mismatch -std=legacy -c srscl.f -o srscl.o
gfortran -fimplicit-none -shared -fPIC -Wno-argument-mismatch -fallow-argument-mismatch -std=legacy -c ssbev.f -o ssbev.o
gfortran -fimplicit-none -shared -fPIC -Wno-argument-mismatch -fallow-argument-mismatch -std=legacy -c ssbevd.f -o ssbevd.o
gfortran -fimplicit-none -shared -fPIC -Wno-argument-mismatch -fallow-argument-mismatch -std=legacy -c ssbevx.f -o ssbevx.o
gfortran -fimplicit-none -shared -fPIC -Wno-argument-mismatch -fallow-argument-mismatch -std=legacy -c ssbgst.f -o ssbgst.o
gfortran -fimplicit-none -shared -fPIC -Wno-argument-mismatch -fallow-argument-mismatch -std=legacy -c ssbgv.f -o ssbgv.o
gfortran -fimplicit-none -shared -fPIC -Wno-argument-mismatch -fallow-argument-mismatch -std=legacy -c ssbgvd.f -o ssbgvd.o
gfortran -fimplicit-none -shared -fPIC -Wno-argument-mismatch -fallow-argument-mismatch -std=legacy -c ssbgvx.f -o ssbgvx.o
gfortran -fimplicit-none -shared -fPIC -Wno-argument-mismatch -fallow-argument-mismatch -std=legacy -c ssbtrd.f -o ssbtrd.o
gfortran -fimplicit-none -shared -fPIC -Wno-argument-mismatch -fallow-argument-mismatch -std=legacy -c sspcon.f -o sspcon.o
gfortran -fimplicit-none -shared -fPIC -Wno-argument-mismatch -fallow-argument-mismatch -std=legacy -c sspev.f -o sspev.o
gfortran -fimplicit-none -shared -fPIC -Wno-argument-mismatch -fallow-argument-mismatch -std=legacy -c sspevd.f -o sspevd.o
gfortran -fimplicit-none -shared -fPIC -Wno-argument-mismatch -fallow-argument-mismatch -std=legacy -c sspevx.f -o sspevx.o
gfortran -fimplicit-none -shared -fPIC -Wno-argument-mismatch -fallow-argument-mismatch -std=legacy -c sspgst.f -o sspgst.o
gfortran -fimplicit-none -shared -fPIC -Wno-argument-mismatch -fallow-argument-mismatch -std=legacy -c sspgv.f -o sspgv.o
gfortran -fimplicit-none -shared -fPIC -Wno-argument-mismatch -fallow-argument-mismatch -std=legacy -c sspgvd.f -o sspgvd.o
gfortran -fimplicit-none -shared -fPIC -Wno-argument-mismatch -fallow-argument-mismatch -std=legacy -c sspgvx.f -o sspgvx.o
gfortran -fimplicit-none -shared -fPIC -Wno-argument-mismatch -fallow-argument-mismatch -std=legacy -c ssprfs.f -o ssprfs.o
gfortran -fimplicit-none -shared -fPIC -Wno-argument-mismatch -fallow-argument-mismatch -std=legacy -c sspsv.f -o sspsv.o
gfortran -fimplicit-none -shared -fPIC -Wno-argument-mismatch -fallow-argument-mismatch -std=legacy -c sspsvx.f -o sspsvx.o
gfortran -fimplicit-none -shared -fPIC -Wno-argument-mismatch -fallow-argument-mismatch -std=legacy -c ssptrd.f -o ssptrd.o
gfortran -fimplicit-none -shared -fPIC -Wno-argument-mismatch -fallow-argument-mismatch -std=legacy -c ssptrf.f -o ssptrf.o
gfortran -fimplicit-none -shared -fPIC -Wno-argument-mismatch -fallow-argument-mismatch -std=legacy -c ssptri.f -o ssptri.o
gfortran -fimplicit-none -shared -fPIC -Wno-argument-mismatch -fallow-argument-mismatch -std=legacy -c ssptrs.f -o ssptrs.o
gfortran -fimplicit-none -shared -fPIC -Wno-argument-mismatch -fallow-argument-mismatch -std=legacy -c sstegr.f -o sstegr.o
gfortran -fimplicit-none -shared -fPIC -Wno-argument-mismatch -fallow-argument-mismatch -std=legacy -c sstein.f -o sstein.o
gfortran -fimplicit-none -shared -fPIC -Wno-argument-mismatch -fallow-argument-mismatch -std=legacy -c sstev.f -o sstev.o
gfortran -fimplicit-none -shared -fPIC -Wno-argument-mismatch -fallow-argument-mismatch -std=legacy -c sstevd.f -o sstevd.o
gfortran -fimplicit-none -shared -fPIC -Wno-argument-mismatch -fallow-argument-mismatch -std=legacy -c sstevr.f -o sstevr.o
gfortran -fimplicit-none -shared -fPIC -Wno-argument-mismatch -fallow-argument-mismatch -std=legacy -c sstevx.f -o sstevx.o
gfortran -fimplicit-none -shared -fPIC -Wno-argument-mismatch -fallow-argument-mismatch -std=legacy -c ssycon.f -o ssycon.o
gfortran -fimplicit-none -shared -fPIC -Wno-argument-mismatch -fallow-argument-mismatch -std=legacy -c ssyev.f -o ssyev.o
gfortran -fimplicit-none -shared -fPIC -Wno-argument-mismatch -fallow-argument-mismatch -std=legacy -c ssyevd.f -o ssyevd.o
gfortran -fimplicit-none -shared -fPIC -Wno-argument-mismatch -fallow-argument-mismatch -std=legacy -c ssyevr.f -o ssyevr.o
gfortran -fimplicit-none -shared -fPIC -Wno-argument-mismatch -fallow-argument-mismatch -std=legacy -c ssyevx.f -o ssyevx.o
gfortran -fimplicit-none -shared -fPIC -Wno-argument-mismatch -fallow-argument-mismatch -std=legacy -c ssygs2.f -o ssygs2.o
gfortran -fimplicit-none -shared -fPIC -Wno-argument-mismatch -fallow-argument-mismatch -std=legacy -c ssygst.f -o ssygst.o
gfortran -fimplicit-none -shared -fPIC -Wno-argument-mismatch -fallow-argument-mismatch -std=legacy -c ssygv.f -o ssygv.o
gfortran -fimplicit-none -shared -fPIC -Wno-argument-mismatch -fallow-argument-mismatch -std=legacy -c ssygvd.f -o ssygvd.o
gfortran -fimplicit-none -shared -fPIC -Wno-argument-mismatch -fallow-argument-mismatch -std=legacy -c ssygvx.f -o ssygvx.o
gfortran -fimplicit-none -shared -fPIC -Wno-argument-mismatch -fallow-argument-mismatch -std=legacy -c ssyrfs.f -o ssyrfs.o
gfortran -fimplicit-none -shared -fPIC -Wno-argument-mismatch -fallow-argument-mismatch -std=legacy -c ssysv.f -o ssysv.o
gfortran -fimplicit-none -shared -fPIC -Wno-argument-mismatch -fallow-argument-mismatch -std=legacy -c ssysvx.f -o ssysvx.o
gfortran -fimplicit-none -shared -fPIC -Wno-argument-mismatch -fallow-argument-mismatch -std=legacy -c ssytd2.f -o ssytd2.o
gfortran -fimplicit-none -shared -fPIC -Wno-argument-mismatch -fallow-argument-mismatch -std=legacy -c ssytf2.f -o ssytf2.o
gfortran -fimplicit-none -shared -fPIC -Wno-argument-mismatch -fallow-argument-mismatch -std=legacy -c ssytrd.f -o ssytrd.o
gfortran -fimplicit-none -shared -fPIC -Wno-argument-mismatch -fallow-argument-mismatch -std=legacy -c ssytrf.f -o ssytrf.o
gfortran -fimplicit-none -shared -fPIC -Wno-argument-mismatch -fallow-argument-mismatch -std=legacy -c ssytri.f -o ssytri.o
gfortran -fimplicit-none -shared -fPIC -Wno-argument-mismatch -fallow-argument-mismatch -std=legacy -c ssytri2.f -o ssytri2.o
gfortran -fimplicit-none -shared -fPIC -Wno-argument-mismatch -fallow-argument-mismatch -std=legacy -c ssytri2x.f -o ssytri2x.o
gfortran -fimplicit-none -shared -fPIC -Wno-argument-mismatch -fallow-argument-mismatch -std=legacy -c ssyswapr.f -o ssyswapr.o
gfortran -fimplicit-none -shared -fPIC -Wno-argument-mismatch -fallow-argument-mismatch -std=legacy -c ssytrs.f -o ssytrs.o
gfortran -fimplicit-none -shared -fPIC -Wno-argument-mismatch -fallow-argument-mismatch -std=legacy -c ssytrs2.f -o ssytrs2.o
gfortran -fimplicit-none -shared -fPIC -Wno-argument-mismatch -fallow-argument-mismatch -std=legacy -c ssyconv.f -o ssyconv.o
gfortran -fimplicit-none -shared -fPIC -Wno-argument-mismatch -fallow-argument-mismatch -std=legacy -c stbcon.f -o stbcon.o
gfortran -fimplicit-none -shared -fPIC -Wno-argument-mismatch -fallow-argument-mismatch -std=legacy -c stbrfs.f -o stbrfs.o
gfortran -fimplicit-none -shared -fPIC -Wno-argument-mismatch -fallow-argument-mismatch -std=legacy -c stbtrs.f -o stbtrs.o
gfortran -fimplicit-none -shared -fPIC -Wno-argument-mismatch -fallow-argument-mismatch -std=legacy -c stgevc.f -o stgevc.o
gfortran -fimplicit-none -shared -fPIC -Wno-argument-mismatch -fallow-argument-mismatch -std=legacy -c stgex2.f -o stgex2.o
gfortran -fimplicit-none -shared -fPIC -Wno-argument-mismatch -fallow-argument-mismatch -std=legacy -c stgexc.f -o stgexc.o
gfortran -fimplicit-none -shared -fPIC -Wno-argument-mismatch -fallow-argument-mismatch -std=legacy -c stgsen.f -o stgsen.o
gfortran -fimplicit-none -shared -fPIC -Wno-argument-mismatch -fallow-argument-mismatch -std=legacy -c stgsja.f -o stgsja.o
gfortran -fimplicit-none -shared -fPIC -Wno-argument-mismatch -fallow-argument-mismatch -std=legacy -c stgsna.f -o stgsna.o
gfortran -fimplicit-none -shared -fPIC -Wno-argument-mismatch -fallow-argument-mismatch -std=legacy -c stgsy2.f -o stgsy2.o
gfortran -fimplicit-none -shared -fPIC -Wno-argument-mismatch -fallow-argument-mismatch -std=legacy -c stgsyl.f -o stgsyl.o
gfortran -fimplicit-none -shared -fPIC -Wno-argument-mismatch -fallow-argument-mismatch -std=legacy -c stpcon.f -o stpcon.o
gfortran -fimplicit-none -shared -fPIC -Wno-argument-mismatch -fallow-argument-mismatch -std=legacy -c stprfs.f -o stprfs.o
gfortran -fimplicit-none -shared -fPIC -Wno-argument-mismatch -fallow-argument-mismatch -std=legacy -c stptri.f -o stptri.o
gfortran -fimplicit-none -shared -fPIC -Wno-argument-mismatch -fallow-argument-mismatch -std=legacy -c stptrs.f -o stptrs.o
gfortran -fimplicit-none -shared -fPIC -Wno-argument-mismatch -fallow-argument-mismatch -std=legacy -c strcon.f -o strcon.o
gfortran -fimplicit-none -shared -fPIC -Wno-argument-mismatch -fallow-argument-mismatch -std=legacy -c strevc.f -o strevc.o
gfortran -fimplicit-none -shared -fPIC -Wno-argument-mismatch -fallow-argument-mismatch -std=legacy -c strexc.f -o strexc.o
gfortran -fimplicit-none -shared -fPIC -Wno-argument-mismatch -fallow-argument-mismatch -std=legacy -c strrfs.f -o strrfs.o
gfortran -fimplicit-none -shared -fPIC -Wno-argument-mismatch -fallow-argument-mismatch -std=legacy -c strsen.f -o strsen.o
gfortran -fimplicit-none -shared -fPIC -Wno-argument-mismatch -fallow-argument-mismatch -std=legacy -c strsna.f -o strsna.o
gfortran -fimplicit-none -shared -fPIC -Wno-argument-mismatch -fallow-argument-mismatch -std=legacy -c strsyl.f -o strsyl.o
gfortran -fimplicit-none -shared -fPIC -Wno-argument-mismatch -fallow-argument-mismatch -std=legacy -c strti2.f -o strti2.o
gfortran -fimplicit-none -shared -fPIC -Wno-argument-mismatch -fallow-argument-mismatch -std=legacy -c strtri.f -o strtri.o
gfortran -fimplicit-none -shared -fPIC -Wno-argument-mismatch -fallow-argument-mismatch -std=legacy -c strtrs.f -o strtrs.o
gfortran -fimplicit-none -shared -fPIC -Wno-argument-mismatch -fallow-argument-mismatch -std=legacy -c stzrqf.f -o stzrqf.o
gfortran -fimplicit-none -shared -fPIC -Wno-argument-mismatch -fallow-argument-mismatch -std=legacy -c stzrzf.f -o stzrzf.o
gfortran -fimplicit-none -shared -fPIC -Wno-argument-mismatch -fallow-argument-mismatch -std=legacy -c sstemr.f -o sstemr.o
gfortran -fimplicit-none -shared -fPIC -Wno-argument-mismatch -fallow-argument-mismatch -std=legacy -c slansf.f -o slansf.o
gfortran -fimplicit-none -shared -fPIC -Wno-argument-mismatch -fallow-argument-mismatch -std=legacy -c spftrf.f -o spftrf.o
gfortran -fimplicit-none -shared -fPIC -Wno-argument-mismatch -fallow-argument-mismatch -std=legacy -c spftri.f -o spftri.o
gfortran -fimplicit-none -shared -fPIC -Wno-argument-mismatch -fallow-argument-mismatch -std=legacy -c spftrs.f -o spftrs.o
gfortran -fimplicit-none -shared -fPIC -Wno-argument-mismatch -fallow-argument-mismatch -std=legacy -c ssfrk.f -o ssfrk.o
gfortran -fimplicit-none -shared -fPIC -Wno-argument-mismatch -fallow-argument-mismatch -std=legacy -c stfsm.f -o stfsm.o
gfortran -fimplicit-none -shared -fPIC -Wno-argument-mismatch -fallow-argument-mismatch -std=legacy -c stftri.f -o stftri.o
gfortran -fimplicit-none -shared -fPIC -Wno-argument-mismatch -fallow-argument-mismatch -std=legacy -c stfttp.f -o stfttp.o
gfortran -fimplicit-none -shared -fPIC -Wno-argument-mismatch -fallow-argument-mismatch -std=legacy -c stfttr.f -o stfttr.o
gfortran -fimplicit-none -shared -fPIC -Wno-argument-mismatch -fallow-argument-mismatch -std=legacy -c stpttf.f -o stpttf.o
gfortran -fimplicit-none -shared -fPIC -Wno-argument-mismatch -fallow-argument-mismatch -std=legacy -c stpttr.f -o stpttr.o
gfortran -fimplicit-none -shared -fPIC -Wno-argument-mismatch -fallow-argument-mismatch -std=legacy -c strttf.f -o strttf.o
gfortran -fimplicit-none -shared -fPIC -Wno-argument-mismatch -fallow-argument-mismatch -std=legacy -c strttp.f -o strttp.o
gfortran -fimplicit-none -shared -fPIC -Wno-argument-mismatch -fallow-argument-mismatch -std=legacy -c sgejsv.f -o sgejsv.o
gfortran -fimplicit-none -shared -fPIC -Wno-argument-mismatch -fallow-argument-mismatch -std=legacy -c sgesvj.f -o sgesvj.o
gfortran -fimplicit-none -shared -fPIC -Wno-argument-mismatch -fallow-argument-mismatch -std=legacy -c sgsvj0.f -o sgsvj0.o
gfortran -fimplicit-none -shared -fPIC -Wno-argument-mismatch -fallow-argument-mismatch -std=legacy -c sgsvj1.f -o sgsvj1.o
gfortran -fimplicit-none -shared -fPIC -Wno-argument-mismatch -fallow-argument-mismatch -std=legacy -c sgeequb.f -o sgeequb.o
gfortran -fimplicit-none -shared -fPIC -Wno-argument-mismatch -fallow-argument-mismatch -std=legacy -c ssyequb.f -o ssyequb.o
gfortran -fimplicit-none -shared -fPIC -Wno-argument-mismatch -fallow-argument-mismatch -std=legacy -c spoequb.f -o spoequb.o
gfortran -fimplicit-none -shared -fPIC -Wno-argument-mismatch -fallow-argument-mismatch -std=legacy -c sgbequb.f -o sgbequb.o
gfortran -fimplicit-none -shared -fPIC -Wno-argument-mismatch -fallow-argument-mismatch -std=legacy -c sbbcsd.f -o sbbcsd.o
gfortran -fimplicit-none -shared -fPIC -Wno-argument-mismatch -fallow-argument-mismatch -std=legacy -c slapmr.f -o slapmr.o
gfortran -fimplicit-none -shared -fPIC -Wno-argument-mismatch -fallow-argument-mismatch -std=legacy -c sorbdb.f -o sorbdb.o
gfortran -fimplicit-none -shared -fPIC -Wno-argument-mismatch -fallow-argument-mismatch -std=legacy -c sorcsd.f -o sorcsd.o
sorcsd.f:331:38:

  285 |      $                X21, LDX21, X22, LDX22, 0, 0, 0, 0, 0, 0, WORK,
      |                                              2
......
  331 |      $             LDX21, X22, LDX22, THETA, WORK(IPHI), WORK(ITAUP1),
      |                                      1
Warning: Type mismatch between actual argument at (1) and actual argument at (2) (REAL(4)/INTEGER(4)).
sorcsd.f:331:45:

  285 |      $                X21, LDX21, X22, LDX22, 0, 0, 0, 0, 0, 0, WORK,
      |                                                 2
......
  331 |      $             LDX21, X22, LDX22, THETA, WORK(IPHI), WORK(ITAUP1),
      |                                             1
Warning: Type mismatch between actual argument at (1) and actual argument at (2) (REAL(4)/INTEGER(4)).
sorcsd.f:331:57:

  285 |      $                X21, LDX21, X22, LDX22, 0, 0, 0, 0, 0, 0, WORK,
      |                                                    2     
......
  331 |      $             LDX21, X22, LDX22, THETA, WORK(IPHI), WORK(ITAUP1),
      |                                                         1
Warning: Type mismatch between actual argument at (1) and actual argument at (2) (REAL(4)/INTEGER(4)).
sorcsd.f:332:19:

  285 |      $                X21, LDX21, X22, LDX22, 0, 0, 0, 0, 0, 0, WORK,
      |                                                       2
......
  332 |      $             WORK(ITAUP2), WORK(ITAUQ1), WORK(ITAUQ2),
      |                   1
Warning: Type mismatch between actual argument at (1) and actual argument at (2) (REAL(4)/INTEGER(4)).
sorcsd.f:332:33:

  285 |      $                X21, LDX21, X22, LDX22, 0, 0, 0, 0, 0, 0, WORK,
      |                                                          2
......
  332 |      $             WORK(ITAUP2), WORK(ITAUQ1), WORK(ITAUQ2),
      |                                 1
Warning: Type mismatch between actual argument at (1) and actual argument at (2) (REAL(4)/INTEGER(4)).
sorcsd.f:332:47:

  285 |      $                X21, LDX21, X22, LDX22, 0, 0, 0, 0, 0, 0, WORK,
      |                                                             2
......
  332 |      $             WORK(ITAUP2), WORK(ITAUQ1), WORK(ITAUQ2),
      |                                               1
Warning: Type mismatch between actual argument at (1) and actual argument at (2) (REAL(4)/INTEGER(4)).
sorcsd.f:340:34:

  274 |          CALL SORGQR( M-Q, M-Q, M-Q, 0, MAX(1,M-Q), 0, WORK, -1,
      |                                     2
......
  340 |             CALL SORGQR( P, P, Q, U1, LDU1, WORK(ITAUP1), WORK(IORGQR),
      |                                  1
Warning: Type mismatch between actual argument at (1) and actual argument at (2) (REAL(4)/INTEGER(4)).
sorcsd.f:340:44:

  274 |          CALL SORGQR( M-Q, M-Q, M-Q, 0, MAX(1,M-Q), 0, WORK, -1,
      |                                                    2
......
  340 |             CALL SORGQR( P, P, Q, U1, LDU1, WORK(ITAUP1), WORK(IORGQR),
      |                                            1
Warning: Type mismatch between actual argument at (1) and actual argument at (2) (REAL(4)/INTEGER(4)).
sorcsd.f:356:40:

  279 |          CALL SORGLQ( M-Q, M-Q, M-Q, 0, MAX(1,M-Q), 0, WORK, -1,
      |                                     2   
......
  356 |             CALL SORGLQ( Q-1, Q-1, Q-1, V1T(2,2), LDV1T, WORK(ITAUQ1),
      |                                        1
Warning: Type mismatch between actual argument at (1) and actual argument at (2) (REAL(4)/INTEGER(4)).
sorcsd.f:356:57:

  279 |          CALL SORGLQ( M-Q, M-Q, M-Q, 0, MAX(1,M-Q), 0, WORK, -1,
      |                                                    2     
......
  356 |             CALL SORGLQ( Q-1, Q-1, Q-1, V1T(2,2), LDV1T, WORK(ITAUQ1),
      |                                                         1
Warning: Type mismatch between actual argument at (1) and actual argument at (2) (REAL(4)/INTEGER(4)).
sorcsd.f:399:65:

  298 |          CALL SBBCSD( JOBU1, JOBU2, JOBV1T, JOBV2T, TRANS, M, P, Q, 0,
      |                                                                    2
......
  399 |       CALL SBBCSD( JOBU1, JOBU2, JOBV1T, JOBV2T, TRANS, M, P, Q, THETA,
      |                                                                 1
Warning: Type mismatch between actual argument at (1) and actual argument at (2) (REAL(4)/INTEGER(4)).
sorcsd.f:400:19:

  299 |      $                0, U1, LDU1, U2, LDU2, V1T, LDV1T, V2T, LDV2T, 0,
      |                      2
......
  400 |      $             WORK(IPHI), U1, LDU1, U2, LDU2, V1T, LDV1T, V2T,
      |                   1
Warning: Type mismatch between actual argument at (1) and actual argument at (2) (REAL(4)/INTEGER(4)).
sorcsd.f:401:26:

  299 |      $                0, U1, LDU1, U2, LDU2, V1T, LDV1T, V2T, LDV2T, 0,
      |                                                                     2
......
  401 |      $             LDV2T, WORK(IB11D), WORK(IB11E), WORK(IB12D),
      |                          1
Warning: Type mismatch between actual argument at (1) and actual argument at (2) (REAL(4)/INTEGER(4)).
sorcsd.f:401:39:

  300 |      $                0, 0, 0, 0, 0, 0, 0, WORK, -1, CHILDINFO )
      |                      2                 
......
  401 |      $             LDV2T, WORK(IB11D), WORK(IB11E), WORK(IB12D),
      |                                       1
Warning: Type mismatch between actual argument at (1) and actual argument at (2) (REAL(4)/INTEGER(4)).
sorcsd.f:401:52:

  300 |      $                0, 0, 0, 0, 0, 0, 0, WORK, -1, CHILDINFO )
      |                         2                           
......
  401 |      $             LDV2T, WORK(IB11D), WORK(IB11E), WORK(IB12D),
      |                                                    1
Warning: Type mismatch between actual argument at (1) and actual argument at (2) (REAL(4)/INTEGER(4)).
sorcsd.f:402:19:

  300 |      $                0, 0, 0, 0, 0, 0, 0, WORK, -1, CHILDINFO )
      |                            2
......
  402 |      $             WORK(IB12E), WORK(IB21D), WORK(IB21E), WORK(IB22D),
      |                   1
Warning: Type mismatch between actual argument at (1) and actual argument at (2) (REAL(4)/INTEGER(4)).
sorcsd.f:402:32:

  300 |      $                0, 0, 0, 0, 0, 0, 0, WORK, -1, CHILDINFO )
      |                               2 
......
  402 |      $             WORK(IB12E), WORK(IB21D), WORK(IB21E), WORK(IB22D),
      |                                1
Warning: Type mismatch between actual argument at (1) and actual argument at (2) (REAL(4)/INTEGER(4)).
sorcsd.f:402:45:

  300 |      $                0, 0, 0, 0, 0, 0, 0, WORK, -1, CHILDINFO )
      |                                  2           
......
  402 |      $             WORK(IB12E), WORK(IB21D), WORK(IB21E), WORK(IB22D),
      |                                             1
Warning: Type mismatch between actual argument at (1) and actual argument at (2) (REAL(4)/INTEGER(4)).
sorcsd.f:402:58:

  300 |      $                0, 0, 0, 0, 0, 0, 0, WORK, -1, CHILDINFO )
      |                                     2                     
......
  402 |      $             WORK(IB12E), WORK(IB21D), WORK(IB21E), WORK(IB22D),
      |                                                          1
Warning: Type mismatch between actual argument at (1) and actual argument at (2) (REAL(4)/INTEGER(4)).
sorcsd.f:403:19:

  300 |      $                0, 0, 0, 0, 0, 0, 0, WORK, -1, CHILDINFO )
      |                                        2
......
  403 |      $             WORK(IB22E), WORK(IBBCSD), LBBCSDWORK, INFO )
      |                   1
Warning: Type mismatch between actual argument at (1) and actual argument at (2) (REAL(4)/INTEGER(4)).
gfortran -fimplicit-none -shared -fPIC -Wno-argument-mismatch -fallow-argument-mismatch -std=legacy -c dgbbrd.f -o dgbbrd.o
gfortran -fimplicit-none -shared -fPIC -Wno-argument-mismatch -fallow-argument-mismatch -std=legacy -c dgbcon.f -o dgbcon.o
gfortran -fimplicit-none -shared -fPIC -Wno-argument-mismatch -fallow-argument-mismatch -std=legacy -c dgbequ.f -o dgbequ.o
gfortran -fimplicit-none -shared -fPIC -Wno-argument-mismatch -fallow-argument-mismatch -std=legacy -c dgbrfs.f -o dgbrfs.o
gfortran -fimplicit-none -shared -fPIC -Wno-argument-mismatch -fallow-argument-mismatch -std=legacy -c dgbsv.f -o dgbsv.o
gfortran -fimplicit-none -shared -fPIC -Wno-argument-mismatch -fallow-argument-mismatch -std=legacy -c dgbsvx.f -o dgbsvx.o
gfortran -fimplicit-none -shared -fPIC -Wno-argument-mismatch -fallow-argument-mismatch -std=legacy -c dgbtf2.f -o dgbtf2.o
gfortran -fimplicit-none -shared -fPIC -Wno-argument-mismatch -fallow-argument-mismatch -std=legacy -c dgbtrf.f -o dgbtrf.o
gfortran -fimplicit-none -shared -fPIC -Wno-argument-mismatch -fallow-argument-mismatch -std=legacy -c dgbtrs.f -o dgbtrs.o
gfortran -fimplicit-none -shared -fPIC -Wno-argument-mismatch -fallow-argument-mismatch -std=legacy -c dgebak.f -o dgebak.o
gfortran -fimplicit-none -shared -fPIC -Wno-argument-mismatch -fallow-argument-mismatch -std=legacy -c dgebal.f -o dgebal.o
gfortran -fimplicit-none -shared -fPIC -Wno-argument-mismatch -fallow-argument-mismatch -std=legacy -c dgebd2.f -o dgebd2.o
gfortran -fimplicit-none -shared -fPIC -Wno-argument-mismatch -fallow-argument-mismatch -std=legacy -c dgebrd.f -o dgebrd.o
gfortran -fimplicit-none -shared -fPIC -Wno-argument-mismatch -fallow-argument-mismatch -std=legacy -c dgecon.f -o dgecon.o
gfortran -fimplicit-none -shared -fPIC -Wno-argument-mismatch -fallow-argument-mismatch -std=legacy -c dgeequ.f -o dgeequ.o
gfortran -fimplicit-none -shared -fPIC -Wno-argument-mismatch -fallow-argument-mismatch -std=legacy -c dgees.f -o dgees.o
gfortran -fimplicit-none -shared -fPIC -Wno-argument-mismatch -fallow-argument-mismatch -std=legacy -c dgeesx.f -o dgeesx.o
gfortran -fimplicit-none -shared -fPIC -Wno-argument-mismatch -fallow-argument-mismatch -std=legacy -c dgeev.f -o dgeev.o
gfortran -fimplicit-none -shared -fPIC -Wno-argument-mismatch -fallow-argument-mismatch -std=legacy -c dgeevx.f -o dgeevx.o
gfortran -fimplicit-none -shared -fPIC -Wno-argument-mismatch -fallow-argument-mismatch -std=legacy -c dgegs.f -o dgegs.o
gfortran -fimplicit-none -shared -fPIC -Wno-argument-mismatch -fallow-argument-mismatch -std=legacy -c dgegv.f -o dgegv.o
gfortran -fimplicit-none -shared -fPIC -Wno-argument-mismatch -fallow-argument-mismatch -std=legacy -c dgehd2.f -o dgehd2.o
gfortran -fimplicit-none -shared -fPIC -Wno-argument-mismatch -fallow-argument-mismatch -std=legacy -c dgehrd.f -o dgehrd.o
gfortran -fimplicit-none -shared -fPIC -Wno-argument-mismatch -fallow-argument-mismatch -std=legacy -c dgelq2.f -o dgelq2.o
gfortran -fimplicit-none -shared -fPIC -Wno-argument-mismatch -fallow-argument-mismatch -std=legacy -c dgelqf.f -o dgelqf.o
gfortran -fimplicit-none -shared -fPIC -Wno-argument-mismatch -fallow-argument-mismatch -std=legacy -c dgels.f -o dgels.o
gfortran -fimplicit-none -shared -fPIC -Wno-argument-mismatch -fallow-argument-mismatch -std=legacy -c dgelsd.f -o dgelsd.o
gfortran -fimplicit-none -shared -fPIC -Wno-argument-mismatch -fallow-argument-mismatch -std=legacy -c dgelss.f -o dgelss.o
gfortran -fimplicit-none -shared -fPIC -Wno-argument-mismatch -fallow-argument-mismatch -std=legacy -c dgelsx.f -o dgelsx.o
gfortran -fimplicit-none -shared -fPIC -Wno-argument-mismatch -fallow-argument-mismatch -std=legacy -c dgelsy.f -o dgelsy.o
gfortran -fimplicit-none -shared -fPIC -Wno-argument-mismatch -fallow-argument-mismatch -std=legacy -c dgeql2.f -o dgeql2.o
gfortran -fimplicit-none -shared -fPIC -Wno-argument-mismatch -fallow-argument-mismatch -std=legacy -c dgeqlf.f -o dgeqlf.o
gfortran -fimplicit-none -shared -fPIC -Wno-argument-mismatch -fallow-argument-mismatch -std=legacy -c dgeqp3.f -o dgeqp3.o
gfortran -fimplicit-none -shared -fPIC -Wno-argument-mismatch -fallow-argument-mismatch -std=legacy -c dgeqpf.f -o dgeqpf.o
gfortran -fimplicit-none -shared -fPIC -Wno-argument-mismatch -fallow-argument-mismatch -std=legacy -c dgeqr2.f -o dgeqr2.o
gfortran -fimplicit-none -shared -fPIC -Wno-argument-mismatch -fallow-argument-mismatch -std=legacy -c dgeqr2p.f -o dgeqr2p.o
gfortran -fimplicit-none -shared -fPIC -Wno-argument-mismatch -fallow-argument-mismatch -std=legacy -c dgeqrf.f -o dgeqrf.o
gfortran -fimplicit-none -shared -fPIC -Wno-argument-mismatch -fallow-argument-mismatch -std=legacy -c dgeqrfp.f -o dgeqrfp.o
gfortran -fimplicit-none -shared -fPIC -Wno-argument-mismatch -fallow-argument-mismatch -std=legacy -c dgerfs.f -o dgerfs.o
gfortran -fimplicit-none -shared -fPIC -Wno-argument-mismatch -fallow-argument-mismatch -std=legacy -c dgerq2.f -o dgerq2.o
gfortran -fimplicit-none -shared -fPIC -Wno-argument-mismatch -fallow-argument-mismatch -std=legacy -c dgerqf.f -o dgerqf.o
gfortran -fimplicit-none -shared -fPIC -Wno-argument-mismatch -fallow-argument-mismatch -std=legacy -c dgesc2.f -o dgesc2.o
gfortran -fimplicit-none -shared -fPIC -Wno-argument-mismatch -fallow-argument-mismatch -std=legacy -c dgesdd.f -o dgesdd.o
gfortran -fimplicit-none -shared -fPIC -Wno-argument-mismatch -fallow-argument-mismatch -std=legacy -c dgesv.f -o dgesv.o
gfortran -fimplicit-none -shared -fPIC -Wno-argument-mismatch -fallow-argument-mismatch -std=legacy -c dgesvd.f -o dgesvd.o
gfortran -fimplicit-none -shared -fPIC -Wno-argument-mismatch -fallow-argument-mismatch -std=legacy -c dgesvx.f -o dgesvx.o
gfortran -fimplicit-none -shared -fPIC -Wno-argument-mismatch -fallow-argument-mismatch -std=legacy -c dgetc2.f -o dgetc2.o
gfortran -fimplicit-none -shared -fPIC -Wno-argument-mismatch -fallow-argument-mismatch -std=legacy -c dgetf2.f -o dgetf2.o
gfortran -fimplicit-none -shared -fPIC -Wno-argument-mismatch -fallow-argument-mismatch -std=legacy -c dgetrf.f -o dgetrf.o
gfortran -fimplicit-none -shared -fPIC -Wno-argument-mismatch -fallow-argument-mismatch -std=legacy -c dgetri.f -o dgetri.o
gfortran -fimplicit-none -shared -fPIC -Wno-argument-mismatch -fallow-argument-mismatch -std=legacy -c dgetrs.f -o dgetrs.o
gfortran -fimplicit-none -shared -fPIC -Wno-argument-mismatch -fallow-argument-mismatch -std=legacy -c dggbak.f -o dggbak.o
gfortran -fimplicit-none -shared -fPIC -Wno-argument-mismatch -fallow-argument-mismatch -std=legacy -c dggbal.f -o dggbal.o
gfortran -fimplicit-none -shared -fPIC -Wno-argument-mismatch -fallow-argument-mismatch -std=legacy -c dgges.f -o dgges.o
gfortran -fimplicit-none -shared -fPIC -Wno-argument-mismatch -fallow-argument-mismatch -std=legacy -c dggesx.f -o dggesx.o
gfortran -fimplicit-none -shared -fPIC -Wno-argument-mismatch -fallow-argument-mismatch -std=legacy -c dggev.f -o dggev.o
gfortran -fimplicit-none -shared -fPIC -Wno-argument-mismatch -fallow-argument-mismatch -std=legacy -c dggevx.f -o dggevx.o
gfortran -fimplicit-none -shared -fPIC -Wno-argument-mismatch -fallow-argument-mismatch -std=legacy -c dggglm.f -o dggglm.o
gfortran -fimplicit-none -shared -fPIC -Wno-argument-mismatch -fallow-argument-mismatch -std=legacy -c dgghrd.f -o dgghrd.o
gfortran -fimplicit-none -shared -fPIC -Wno-argument-mismatch -fallow-argument-mismatch -std=legacy -c dgglse.f -o dgglse.o
gfortran -fimplicit-none -shared -fPIC -Wno-argument-mismatch -fallow-argument-mismatch -std=legacy -c dggqrf.f -o dggqrf.o
gfortran -fimplicit-none -shared -fPIC -Wno-argument-mismatch -fallow-argument-mismatch -std=legacy -c dggrqf.f -o dggrqf.o
gfortran -fimplicit-none -shared -fPIC -Wno-argument-mismatch -fallow-argument-mismatch -std=legacy -c dggsvd.f -o dggsvd.o
gfortran -fimplicit-none -shared -fPIC -Wno-argument-mismatch -fallow-argument-mismatch -std=legacy -c dggsvp.f -o dggsvp.o
gfortran -fimplicit-none -shared -fPIC -Wno-argument-mismatch -fallow-argument-mismatch -std=legacy -c dgtcon.f -o dgtcon.o
gfortran -fimplicit-none -shared -fPIC -Wno-argument-mismatch -fallow-argument-mismatch -std=legacy -c dgtrfs.f -o dgtrfs.o
gfortran -fimplicit-none -shared -fPIC -Wno-argument-mismatch -fallow-argument-mismatch -std=legacy -c dgtsv.f -o dgtsv.o
gfortran -fimplicit-none -shared -fPIC -Wno-argument-mismatch -fallow-argument-mismatch -std=legacy -c dgtsvx.f -o dgtsvx.o
gfortran -fimplicit-none -shared -fPIC -Wno-argument-mismatch -fallow-argument-mismatch -std=legacy -c dgttrf.f -o dgttrf.o
gfortran -fimplicit-none -shared -fPIC -Wno-argument-mismatch -fallow-argument-mismatch -std=legacy -c dgttrs.f -o dgttrs.o
gfortran -fimplicit-none -shared -fPIC -Wno-argument-mismatch -fallow-argument-mismatch -std=legacy -c dgtts2.f -o dgtts2.o
gfortran -fimplicit-none -shared -fPIC -Wno-argument-mismatch -fallow-argument-mismatch -std=legacy -c dhgeqz.f -o dhgeqz.o
gfortran -fimplicit-none -shared -fPIC -Wno-argument-mismatch -fallow-argument-mismatch -std=legacy -c dhsein.f -o dhsein.o
gfortran -fimplicit-none -shared -fPIC -Wno-argument-mismatch -fallow-argument-mismatch -std=legacy -c dhseqr.f -o dhseqr.o
gfortran -fimplicit-none -shared -fPIC -Wno-argument-mismatch -fallow-argument-mismatch -std=legacy -c dlabrd.f -o dlabrd.o
gfortran -fimplicit-none -shared -fPIC -Wno-argument-mismatch -fallow-argument-mismatch -std=legacy -c dlacon.f -o dlacon.o
gfortran -fimplicit-none -shared -fPIC -Wno-argument-mismatch -fallow-argument-mismatch -std=legacy -c dlacn2.f -o dlacn2.o
gfortran -fimplicit-none -shared -fPIC -Wno-argument-mismatch -fallow-argument-mismatch -std=legacy -c dlaein.f -o dlaein.o
gfortran -fimplicit-none -shared -fPIC -Wno-argument-mismatch -fallow-argument-mismatch -std=legacy -c dlaexc.f -o dlaexc.o
gfortran -fimplicit-none -shared -fPIC -Wno-argument-mismatch -fallow-argument-mismatch -std=legacy -c dlag2.f -o dlag2.o
gfortran -fimplicit-none -shared -fPIC -Wno-argument-mismatch -fallow-argument-mismatch -std=legacy -c dlags2.f -o dlags2.o
gfortran -fimplicit-none -shared -fPIC -Wno-argument-mismatch -fallow-argument-mismatch -std=legacy -c dlagtm.f -o dlagtm.o
gfortran -fimplicit-none -shared -fPIC -Wno-argument-mismatch -fallow-argument-mismatch -std=legacy -c dlagv2.f -o dlagv2.o
gfortran -fimplicit-none -shared -fPIC -Wno-argument-mismatch -fallow-argument-mismatch -std=legacy -c dlahqr.f -o dlahqr.o
gfortran -fimplicit-none -shared -fPIC -Wno-argument-mismatch -fallow-argument-mismatch -std=legacy -c dlahrd.f -o dlahrd.o
gfortran -fimplicit-none -shared -fPIC -Wno-argument-mismatch -fallow-argument-mismatch -std=legacy -c dlahr2.f -o dlahr2.o
gfortran -fimplicit-none -shared -fPIC -Wno-argument-mismatch -fallow-argument-mismatch -std=legacy -c dlaic1.f -o dlaic1.o
gfortran -fimplicit-none -shared -fPIC -Wno-argument-mismatch -fallow-argument-mismatch -std=legacy -c dlaln2.f -o dlaln2.o
gfortran -fimplicit-none -shared -fPIC -Wno-argument-mismatch -fallow-argument-mismatch -std=legacy -c dlals0.f -o dlals0.o
gfortran -fimplicit-none -shared -fPIC -Wno-argument-mismatch -fallow-argument-mismatch -std=legacy -c dlalsa.f -o dlalsa.o
gfortran -fimplicit-none -shared -fPIC -Wno-argument-mismatch -fallow-argument-mismatch -std=legacy -c dlalsd.f -o dlalsd.o
gfortran -fimplicit-none -shared -fPIC -Wno-argument-mismatch -fallow-argument-mismatch -std=legacy -c dlangb.f -o dlangb.o
gfortran -fimplicit-none -shared -fPIC -Wno-argument-mismatch -fallow-argument-mismatch -std=legacy -c dlange.f -o dlange.o
gfortran -fimplicit-none -shared -fPIC -Wno-argument-mismatch -fallow-argument-mismatch -std=legacy -c dlangt.f -o dlangt.o
gfortran -fimplicit-none -shared -fPIC -Wno-argument-mismatch -fallow-argument-mismatch -std=legacy -c dlanhs.f -o dlanhs.o
gfortran -fimplicit-none -shared -fPIC -Wno-argument-mismatch -fallow-argument-mismatch -std=legacy -c dlansb.f -o dlansb.o
gfortran -fimplicit-none -shared -fPIC -Wno-argument-mismatch -fallow-argument-mismatch -std=legacy -c dlansp.f -o dlansp.o
gfortran -fimplicit-none -shared -fPIC -Wno-argument-mismatch -fallow-argument-mismatch -std=legacy -c dlansy.f -o dlansy.o
gfortran -fimplicit-none -shared -fPIC -Wno-argument-mismatch -fallow-argument-mismatch -std=legacy -c dlantb.f -o dlantb.o
gfortran -fimplicit-none -shared -fPIC -Wno-argument-mismatch -fallow-argument-mismatch -std=legacy -c dlantp.f -o dlantp.o
gfortran -fimplicit-none -shared -fPIC -Wno-argument-mismatch -fallow-argument-mismatch -std=legacy -c dlantr.f -o dlantr.o
gfortran -fimplicit-none -shared -fPIC -Wno-argument-mismatch -fallow-argument-mismatch -std=legacy -c dlanv2.f -o dlanv2.o
gfortran -fimplicit-none -shared -fPIC -Wno-argument-mismatch -fallow-argument-mismatch -std=legacy -c dlapll.f -o dlapll.o
gfortran -fimplicit-none -shared -fPIC -Wno-argument-mismatch -fallow-argument-mismatch -std=legacy -c dlapmt.f -o dlapmt.o
gfortran -fimplicit-none -shared -fPIC -Wno-argument-mismatch -fallow-argument-mismatch -std=legacy -c dlaqgb.f -o dlaqgb.o
gfortran -fimplicit-none -shared -fPIC -Wno-argument-mismatch -fallow-argument-mismatch -std=legacy -c dlaqge.f -o dlaqge.o
gfortran -fimplicit-none -shared -fPIC -Wno-argument-mismatch -fallow-argument-mismatch -std=legacy -c dlaqp2.f -o dlaqp2.o
gfortran -fimplicit-none -shared -fPIC -Wno-argument-mismatch -fallow-argument-mismatch -std=legacy -c dlaqps.f -o dlaqps.o
gfortran -fimplicit-none -shared -fPIC -Wno-argument-mismatch -fallow-argument-mismatch -std=legacy -c dlaqsb.f -o dlaqsb.o
gfortran -fimplicit-none -shared -fPIC -Wno-argument-mismatch -fallow-argument-mismatch -std=legacy -c dlaqsp.f -o dlaqsp.o
gfortran -fimplicit-none -shared -fPIC -Wno-argument-mismatch -fallow-argument-mismatch -std=legacy -c dlaqsy.f -o dlaqsy.o
gfortran -fimplicit-none -shared -fPIC -Wno-argument-mismatch -fallow-argument-mismatch -std=legacy -c dlaqr0.f -o dlaqr0.o
gfortran -fimplicit-none -shared -fPIC -Wno-argument-mismatch -fallow-argument-mismatch -std=legacy -c dlaqr1.f -o dlaqr1.o
gfortran -fimplicit-none -shared -fPIC -Wno-argument-mismatch -fallow-argument-mismatch -std=legacy -c dlaqr2.f -o dlaqr2.o
gfortran -fimplicit-none -shared -fPIC -Wno-argument-mismatch -fallow-argument-mismatch -std=legacy -c dlaqr3.f -o dlaqr3.o
gfortran -fimplicit-none -shared -fPIC -Wno-argument-mismatch -fallow-argument-mismatch -std=legacy -c dlaqr4.f -o dlaqr4.o
gfortran -fimplicit-none -shared -fPIC -Wno-argument-mismatch -fallow-argument-mismatch -std=legacy -c dlaqr5.f -o dlaqr5.o
gfortran -fimplicit-none -shared -fPIC -Wno-argument-mismatch -fallow-argument-mismatch -std=legacy -c dlaqtr.f -o dlaqtr.o
gfortran -fimplicit-none -shared -fPIC -Wno-argument-mismatch -fallow-argument-mismatch -std=legacy -c dlar1v.f -o dlar1v.o
gfortran -fimplicit-none -shared -fPIC -Wno-argument-mismatch -fallow-argument-mismatch -std=legacy -c dlar2v.f -o dlar2v.o
gfortran -fimplicit-none -shared -fPIC -Wno-argument-mismatch -fallow-argument-mismatch -std=legacy -c iladlr.f -o iladlr.o
gfortran -fimplicit-none -shared -fPIC -Wno-argument-mismatch -fallow-argument-mismatch -std=legacy -c iladlc.f -o iladlc.o
gfortran -fimplicit-none -shared -fPIC -Wno-argument-mismatch -fallow-argument-mismatch -std=legacy -c dlarf.f -o dlarf.o
gfortran -fimplicit-none -shared -fPIC -Wno-argument-mismatch -fallow-argument-mismatch -std=legacy -c dlarfb.f -o dlarfb.o
gfortran -fimplicit-none -shared -fPIC -Wno-argument-mismatch -fallow-argument-mismatch -std=legacy -c dlarfg.f -o dlarfg.o
gfortran -fimplicit-none -shared -fPIC -Wno-argument-mismatch -fallow-argument-mismatch -std=legacy -c dlarfgp.f -o dlarfgp.o
gfortran -fimplicit-none -shared -fPIC -Wno-argument-mismatch -fallow-argument-mismatch -std=legacy -c dlarft.f -o dlarft.o
gfortran -fimplicit-none -shared -fPIC -Wno-argument-mismatch -fallow-argument-mismatch -std=legacy -c dlarfx.f -o dlarfx.o
gfortran -fimplicit-none -shared -fPIC -Wno-argument-mismatch -fallow-argument-mismatch -std=legacy -c dlargv.f -o dlargv.o
gfortran -fimplicit-none -shared -fPIC -Wno-argument-mismatch -fallow-argument-mismatch -std=legacy -c dlarrv.f -o dlarrv.o
gfortran -fimplicit-none -shared -fPIC -Wno-argument-mismatch -fallow-argument-mismatch -std=legacy -c dlartv.f -o dlartv.o
gfortran -fimplicit-none -shared -fPIC -Wno-argument-mismatch -fallow-argument-mismatch -std=legacy -c dlarz.f -o dlarz.o
gfortran -fimplicit-none -shared -fPIC -Wno-argument-mismatch -fallow-argument-mismatch -std=legacy -c dlarzb.f -o dlarzb.o
gfortran -fimplicit-none -shared -fPIC -Wno-argument-mismatch -fallow-argument-mismatch -std=legacy -c dlarzt.f -o dlarzt.o
gfortran -fimplicit-none -shared -fPIC -Wno-argument-mismatch -fallow-argument-mismatch -std=legacy -c dlaswp.f -o dlaswp.o
gfortran -fimplicit-none -shared -fPIC -Wno-argument-mismatch -fallow-argument-mismatch -std=legacy -c dlasy2.f -o dlasy2.o
gfortran -fimplicit-none -shared -fPIC -Wno-argument-mismatch -fallow-argument-mismatch -std=legacy -c dlasyf.f -o dlasyf.o
gfortran -fimplicit-none -shared -fPIC -Wno-argument-mismatch -fallow-argument-mismatch -std=legacy -c dlatbs.f -o dlatbs.o
gfortran -fimplicit-none -shared -fPIC -Wno-argument-mismatch -fallow-argument-mismatch -std=legacy -c dlatdf.f -o dlatdf.o
gfortran -fimplicit-none -shared -fPIC -Wno-argument-mismatch -fallow-argument-mismatch -std=legacy -c dlatps.f -o dlatps.o
gfortran -fimplicit-none -shared -fPIC -Wno-argument-mismatch -fallow-argument-mismatch -std=legacy -c dlatrd.f -o dlatrd.o
gfortran -fimplicit-none -shared -fPIC -Wno-argument-mismatch -fallow-argument-mismatch -std=legacy -c dlatrs.f -o dlatrs.o
gfortran -fimplicit-none -shared -fPIC -Wno-argument-mismatch -fallow-argument-mismatch -std=legacy -c dlatrz.f -o dlatrz.o
gfortran -fimplicit-none -shared -fPIC -Wno-argument-mismatch -fallow-argument-mismatch -std=legacy -c dlatzm.f -o dlatzm.o
gfortran -fimplicit-none -shared -fPIC -Wno-argument-mismatch -fallow-argument-mismatch -std=legacy -c dlauu2.f -o dlauu2.o
gfortran -fimplicit-none -shared -fPIC -Wno-argument-mismatch -fallow-argument-mismatch -std=legacy -c dlauum.f -o dlauum.o
gfortran -fimplicit-none -shared -fPIC -Wno-argument-mismatch -fallow-argument-mismatch -std=legacy -c dopgtr.f -o dopgtr.o
gfortran -fimplicit-none -shared -fPIC -Wno-argument-mismatch -fallow-argument-mismatch -std=legacy -c dopmtr.f -o dopmtr.o
gfortran -fimplicit-none -shared -fPIC -Wno-argument-mismatch -fallow-argument-mismatch -std=legacy -c dorg2l.f -o dorg2l.o
gfortran -fimplicit-none -shared -fPIC -Wno-argument-mismatch -fallow-argument-mismatch -std=legacy -c dorg2r.f -o dorg2r.o
gfortran -fimplicit-none -shared -fPIC -Wno-argument-mismatch -fallow-argument-mismatch -std=legacy -c dorgbr.f -o dorgbr.o
gfortran -fimplicit-none -shared -fPIC -Wno-argument-mismatch -fallow-argument-mismatch -std=legacy -c dorghr.f -o dorghr.o
gfortran -fimplicit-none -shared -fPIC -Wno-argument-mismatch -fallow-argument-mismatch -std=legacy -c dorgl2.f -o dorgl2.o
gfortran -fimplicit-none -shared -fPIC -Wno-argument-mismatch -fallow-argument-mismatch -std=legacy -c dorglq.f -o dorglq.o
gfortran -fimplicit-none -shared -fPIC -Wno-argument-mismatch -fallow-argument-mismatch -std=legacy -c dorgql.f -o dorgql.o
gfortran -fimplicit-none -shared -fPIC -Wno-argument-mismatch -fallow-argument-mismatch -std=legacy -c dorgqr.f -o dorgqr.o
gfortran -fimplicit-none -shared -fPIC -Wno-argument-mismatch -fallow-argument-mismatch -std=legacy -c dorgr2.f -o dorgr2.o
gfortran -fimplicit-none -shared -fPIC -Wno-argument-mismatch -fallow-argument-mismatch -std=legacy -c dorgrq.f -o dorgrq.o
gfortran -fimplicit-none -shared -fPIC -Wno-argument-mismatch -fallow-argument-mismatch -std=legacy -c dorgtr.f -o dorgtr.o
gfortran -fimplicit-none -shared -fPIC -Wno-argument-mismatch -fallow-argument-mismatch -std=legacy -c dorm2l.f -o dorm2l.o
gfortran -fimplicit-none -shared -fPIC -Wno-argument-mismatch -fallow-argument-mismatch -std=legacy -c dorm2r.f -o dorm2r.o
gfortran -fimplicit-none -shared -fPIC -Wno-argument-mismatch -fallow-argument-mismatch -std=legacy -c dormbr.f -o dormbr.o
gfortran -fimplicit-none -shared -fPIC -Wno-argument-mismatch -fallow-argument-mismatch -std=legacy -c dormhr.f -o dormhr.o
gfortran -fimplicit-none -shared -fPIC -Wno-argument-mismatch -fallow-argument-mismatch -std=legacy -c dorml2.f -o dorml2.o
gfortran -fimplicit-none -shared -fPIC -Wno-argument-mismatch -fallow-argument-mismatch -std=legacy -c dormlq.f -o dormlq.o
gfortran -fimplicit-none -shared -fPIC -Wno-argument-mismatch -fallow-argument-mismatch -std=legacy -c dormql.f -o dormql.o
gfortran -fimplicit-none -shared -fPIC -Wno-argument-mismatch -fallow-argument-mismatch -std=legacy -c dormqr.f -o dormqr.o
gfortran -fimplicit-none -shared -fPIC -Wno-argument-mismatch -fallow-argument-mismatch -std=legacy -c dormr2.f -o dormr2.o
gfortran -fimplicit-none -shared -fPIC -Wno-argument-mismatch -fallow-argument-mismatch -std=legacy -c dormr3.f -o dormr3.o
gfortran -fimplicit-none -shared -fPIC -Wno-argument-mismatch -fallow-argument-mismatch -std=legacy -c dormrq.f -o dormrq.o
gfortran -fimplicit-none -shared -fPIC -Wno-argument-mismatch -fallow-argument-mismatch -std=legacy -c dormrz.f -o dormrz.o
gfortran -fimplicit-none -shared -fPIC -Wno-argument-mismatch -fallow-argument-mismatch -std=legacy -c dormtr.f -o dormtr.o
gfortran -fimplicit-none -shared -fPIC -Wno-argument-mismatch -fallow-argument-mismatch -std=legacy -c dpbcon.f -o dpbcon.o
gfortran -fimplicit-none -shared -fPIC -Wno-argument-mismatch -fallow-argument-mismatch -std=legacy -c dpbequ.f -o dpbequ.o
gfortran -fimplicit-none -shared -fPIC -Wno-argument-mismatch -fallow-argument-mismatch -std=legacy -c dpbrfs.f -o dpbrfs.o
gfortran -fimplicit-none -shared -fPIC -Wno-argument-mismatch -fallow-argument-mismatch -std=legacy -c dpbstf.f -o dpbstf.o
gfortran -fimplicit-none -shared -fPIC -Wno-argument-mismatch -fallow-argument-mismatch -std=legacy -c dpbsv.f -o dpbsv.o
gfortran -fimplicit-none -shared -fPIC -Wno-argument-mismatch -fallow-argument-mismatch -std=legacy -c dpbsvx.f -o dpbsvx.o
gfortran -fimplicit-none -shared -fPIC -Wno-argument-mismatch -fallow-argument-mismatch -std=legacy -c dpbtf2.f -o dpbtf2.o
gfortran -fimplicit-none -shared -fPIC -Wno-argument-mismatch -fallow-argument-mismatch -std=legacy -c dpbtrf.f -o dpbtrf.o
gfortran -fimplicit-none -shared -fPIC -Wno-argument-mismatch -fallow-argument-mismatch -std=legacy -c dpbtrs.f -o dpbtrs.o
gfortran -fimplicit-none -shared -fPIC -Wno-argument-mismatch -fallow-argument-mismatch -std=legacy -c dpocon.f -o dpocon.o
gfortran -fimplicit-none -shared -fPIC -Wno-argument-mismatch -fallow-argument-mismatch -std=legacy -c dpoequ.f -o dpoequ.o
gfortran -fimplicit-none -shared -fPIC -Wno-argument-mismatch -fallow-argument-mismatch -std=legacy -c dporfs.f -o dporfs.o
gfortran -fimplicit-none -shared -fPIC -Wno-argument-mismatch -fallow-argument-mismatch -std=legacy -c dposv.f -o dposv.o
gfortran -fimplicit-none -shared -fPIC -Wno-argument-mismatch -fallow-argument-mismatch -std=legacy -c dposvx.f -o dposvx.o
gfortran -fimplicit-none -shared -fPIC -Wno-argument-mismatch -fallow-argument-mismatch -std=legacy -c dpotf2.f -o dpotf2.o
gfortran -fimplicit-none -shared -fPIC -Wno-argument-mismatch -fallow-argument-mismatch -std=legacy -c dpotrf.f -o dpotrf.o
gfortran -fimplicit-none -shared -fPIC -Wno-argument-mismatch -fallow-argument-mismatch -std=legacy -c dpotri.f -o dpotri.o
gfortran -fimplicit-none -shared -fPIC -Wno-argument-mismatch -fallow-argument-mismatch -std=legacy -c dpotrs.f -o dpotrs.o
gfortran -fimplicit-none -shared -fPIC -Wno-argument-mismatch -fallow-argument-mismatch -std=legacy -c dpstrf.f -o dpstrf.o
gfortran -fimplicit-none -shared -fPIC -Wno-argument-mismatch -fallow-argument-mismatch -std=legacy -c dpstf2.f -o dpstf2.o
gfortran -fimplicit-none -shared -fPIC -Wno-argument-mismatch -fallow-argument-mismatch -std=legacy -c dppcon.f -o dppcon.o
gfortran -fimplicit-none -shared -fPIC -Wno-argument-mismatch -fallow-argument-mismatch -std=legacy -c dppequ.f -o dppequ.o
gfortran -fimplicit-none -shared -fPIC -Wno-argument-mismatch -fallow-argument-mismatch -std=legacy -c dpprfs.f -o dpprfs.o
gfortran -fimplicit-none -shared -fPIC -Wno-argument-mismatch -fallow-argument-mismatch -std=legacy -c dppsv.f -o dppsv.o
gfortran -fimplicit-none -shared -fPIC -Wno-argument-mismatch -fallow-argument-mismatch -std=legacy -c dppsvx.f -o dppsvx.o
gfortran -fimplicit-none -shared -fPIC -Wno-argument-mismatch -fallow-argument-mismatch -std=legacy -c dpptrf.f -o dpptrf.o
gfortran -fimplicit-none -shared -fPIC -Wno-argument-mismatch -fallow-argument-mismatch -std=legacy -c dpptri.f -o dpptri.o
gfortran -fimplicit-none -shared -fPIC -Wno-argument-mismatch -fallow-argument-mismatch -std=legacy -c dpptrs.f -o dpptrs.o
gfortran -fimplicit-none -shared -fPIC -Wno-argument-mismatch -fallow-argument-mismatch -std=legacy -c dptcon.f -o dptcon.o
gfortran -fimplicit-none -shared -fPIC -Wno-argument-mismatch -fallow-argument-mismatch -std=legacy -c dpteqr.f -o dpteqr.o
gfortran -fimplicit-none -shared -fPIC -Wno-argument-mismatch -fallow-argument-mismatch -std=legacy -c dptrfs.f -o dptrfs.o
gfortran -fimplicit-none -shared -fPIC -Wno-argument-mismatch -fallow-argument-mismatch -std=legacy -c dptsv.f -o dptsv.o
gfortran -fimplicit-none -shared -fPIC -Wno-argument-mismatch -fallow-argument-mismatch -std=legacy -c dptsvx.f -o dptsvx.o
gfortran -fimplicit-none -shared -fPIC -Wno-argument-mismatch -fallow-argument-mismatch -std=legacy -c dpttrs.f -o dpttrs.o
gfortran -fimplicit-none -shared -fPIC -Wno-argument-mismatch -fallow-argument-mismatch -std=legacy -c dptts2.f -o dptts2.o
gfortran -fimplicit-none -shared -fPIC -Wno-argument-mismatch -fallow-argument-mismatch -std=legacy -c drscl.f -o drscl.o
gfortran -fimplicit-none -shared -fPIC -Wno-argument-mismatch -fallow-argument-mismatch -std=legacy -c dsbev.f -o dsbev.o
gfortran -fimplicit-none -shared -fPIC -Wno-argument-mismatch -fallow-argument-mismatch -std=legacy -c dsbevd.f -o dsbevd.o
gfortran -fimplicit-none -shared -fPIC -Wno-argument-mismatch -fallow-argument-mismatch -std=legacy -c dsbevx.f -o dsbevx.o
gfortran -fimplicit-none -shared -fPIC -Wno-argument-mismatch -fallow-argument-mismatch -std=legacy -c dsbgst.f -o dsbgst.o
gfortran -fimplicit-none -shared -fPIC -Wno-argument-mismatch -fallow-argument-mismatch -std=legacy -c dsbgv.f -o dsbgv.o
gfortran -fimplicit-none -shared -fPIC -Wno-argument-mismatch -fallow-argument-mismatch -std=legacy -c dsbgvd.f -o dsbgvd.o
gfortran -fimplicit-none -shared -fPIC -Wno-argument-mismatch -fallow-argument-mismatch -std=legacy -c dsbgvx.f -o dsbgvx.o
gfortran -fimplicit-none -shared -fPIC -Wno-argument-mismatch -fallow-argument-mismatch -std=legacy -c dsbtrd.f -o dsbtrd.o
gfortran -fimplicit-none -shared -fPIC -Wno-argument-mismatch -fallow-argument-mismatch -std=legacy -c dspcon.f -o dspcon.o
gfortran -fimplicit-none -shared -fPIC -Wno-argument-mismatch -fallow-argument-mismatch -std=legacy -c dspev.f -o dspev.o
gfortran -fimplicit-none -shared -fPIC -Wno-argument-mismatch -fallow-argument-mismatch -std=legacy -c dspevd.f -o dspevd.o
gfortran -fimplicit-none -shared -fPIC -Wno-argument-mismatch -fallow-argument-mismatch -std=legacy -c dspevx.f -o dspevx.o
gfortran -fimplicit-none -shared -fPIC -Wno-argument-mismatch -fallow-argument-mismatch -std=legacy -c dspgst.f -o dspgst.o
gfortran -fimplicit-none -shared -fPIC -Wno-argument-mismatch -fallow-argument-mismatch -std=legacy -c dspgv.f -o dspgv.o
gfortran -fimplicit-none -shared -fPIC -Wno-argument-mismatch -fallow-argument-mismatch -std=legacy -c dspgvd.f -o dspgvd.o
gfortran -fimplicit-none -shared -fPIC -Wno-argument-mismatch -fallow-argument-mismatch -std=legacy -c dspgvx.f -o dspgvx.o
gfortran -fimplicit-none -shared -fPIC -Wno-argument-mismatch -fallow-argument-mismatch -std=legacy -c dsprfs.f -o dsprfs.o
gfortran -fimplicit-none -shared -fPIC -Wno-argument-mismatch -fallow-argument-mismatch -std=legacy -c dspsv.f -o dspsv.o
gfortran -fimplicit-none -shared -fPIC -Wno-argument-mismatch -fallow-argument-mismatch -std=legacy -c dspsvx.f -o dspsvx.o
gfortran -fimplicit-none -shared -fPIC -Wno-argument-mismatch -fallow-argument-mismatch -std=legacy -c dsptrd.f -o dsptrd.o
gfortran -fimplicit-none -shared -fPIC -Wno-argument-mismatch -fallow-argument-mismatch -std=legacy -c dsptrf.f -o dsptrf.o
gfortran -fimplicit-none -shared -fPIC -Wno-argument-mismatch -fallow-argument-mismatch -std=legacy -c dsptri.f -o dsptri.o
gfortran -fimplicit-none -shared -fPIC -Wno-argument-mismatch -fallow-argument-mismatch -std=legacy -c dsptrs.f -o dsptrs.o
gfortran -fimplicit-none -shared -fPIC -Wno-argument-mismatch -fallow-argument-mismatch -std=legacy -c dstegr.f -o dstegr.o
gfortran -fimplicit-none -shared -fPIC -Wno-argument-mismatch -fallow-argument-mismatch -std=legacy -c dstein.f -o dstein.o
gfortran -fimplicit-none -shared -fPIC -Wno-argument-mismatch -fallow-argument-mismatch -std=legacy -c dstev.f -o dstev.o
gfortran -fimplicit-none -shared -fPIC -Wno-argument-mismatch -fallow-argument-mismatch -std=legacy -c dstevd.f -o dstevd.o
gfortran -fimplicit-none -shared -fPIC -Wno-argument-mismatch -fallow-argument-mismatch -std=legacy -c dstevr.f -o dstevr.o
gfortran -fimplicit-none -shared -fPIC -Wno-argument-mismatch -fallow-argument-mismatch -std=legacy -c dstevx.f -o dstevx.o
gfortran -fimplicit-none -shared -fPIC -Wno-argument-mismatch -fallow-argument-mismatch -std=legacy -c dsycon.f -o dsycon.o
gfortran -fimplicit-none -shared -fPIC -Wno-argument-mismatch -fallow-argument-mismatch -std=legacy -c dsyev.f -o dsyev.o
gfortran -fimplicit-none -shared -fPIC -Wno-argument-mismatch -fallow-argument-mismatch -std=legacy -c dsyevd.f -o dsyevd.o
gfortran -fimplicit-none -shared -fPIC -Wno-argument-mismatch -fallow-argument-mismatch -std=legacy -c dsyevr.f -o dsyevr.o
gfortran -fimplicit-none -shared -fPIC -Wno-argument-mismatch -fallow-argument-mismatch -std=legacy -c dsyevx.f -o dsyevx.o
gfortran -fimplicit-none -shared -fPIC -Wno-argument-mismatch -fallow-argument-mismatch -std=legacy -c dsygs2.f -o dsygs2.o
gfortran -fimplicit-none -shared -fPIC -Wno-argument-mismatch -fallow-argument-mismatch -std=legacy -c dsygst.f -o dsygst.o
gfortran -fimplicit-none -shared -fPIC -Wno-argument-mismatch -fallow-argument-mismatch -std=legacy -c dsygv.f -o dsygv.o
gfortran -fimplicit-none -shared -fPIC -Wno-argument-mismatch -fallow-argument-mismatch -std=legacy -c dsygvd.f -o dsygvd.o
gfortran -fimplicit-none -shared -fPIC -Wno-argument-mismatch -fallow-argument-mismatch -std=legacy -c dsygvx.f -o dsygvx.o
gfortran -fimplicit-none -shared -fPIC -Wno-argument-mismatch -fallow-argument-mismatch -std=legacy -c dsyrfs.f -o dsyrfs.o
gfortran -fimplicit-none -shared -fPIC -Wno-argument-mismatch -fallow-argument-mismatch -std=legacy -c dsysv.f -o dsysv.o
gfortran -fimplicit-none -shared -fPIC -Wno-argument-mismatch -fallow-argument-mismatch -std=legacy -c dsysvx.f -o dsysvx.o
gfortran -fimplicit-none -shared -fPIC -Wno-argument-mismatch -fallow-argument-mismatch -std=legacy -c dsytd2.f -o dsytd2.o
gfortran -fimplicit-none -shared -fPIC -Wno-argument-mismatch -fallow-argument-mismatch -std=legacy -c dsytf2.f -o dsytf2.o
gfortran -fimplicit-none -shared -fPIC -Wno-argument-mismatch -fallow-argument-mismatch -std=legacy -c dsytrd.f -o dsytrd.o
gfortran -fimplicit-none -shared -fPIC -Wno-argument-mismatch -fallow-argument-mismatch -std=legacy -c dsytrf.f -o dsytrf.o
gfortran -fimplicit-none -shared -fPIC -Wno-argument-mismatch -fallow-argument-mismatch -std=legacy -c dsytri.f -o dsytri.o
gfortran -fimplicit-none -shared -fPIC -Wno-argument-mismatch -fallow-argument-mismatch -std=legacy -c dsytri2.f -o dsytri2.o
gfortran -fimplicit-none -shared -fPIC -Wno-argument-mismatch -fallow-argument-mismatch -std=legacy -c dsytri2x.f -o dsytri2x.o
gfortran -fimplicit-none -shared -fPIC -Wno-argument-mismatch -fallow-argument-mismatch -std=legacy -c dsyswapr.f -o dsyswapr.o
gfortran -fimplicit-none -shared -fPIC -Wno-argument-mismatch -fallow-argument-mismatch -std=legacy -c dsytrs.f -o dsytrs.o
gfortran -fimplicit-none -shared -fPIC -Wno-argument-mismatch -fallow-argument-mismatch -std=legacy -c dsytrs2.f -o dsytrs2.o
gfortran -fimplicit-none -shared -fPIC -Wno-argument-mismatch -fallow-argument-mismatch -std=legacy -c dsyconv.f -o dsyconv.o
gfortran -fimplicit-none -shared -fPIC -Wno-argument-mismatch -fallow-argument-mismatch -std=legacy -c dtbcon.f -o dtbcon.o
gfortran -fimplicit-none -shared -fPIC -Wno-argument-mismatch -fallow-argument-mismatch -std=legacy -c dtbrfs.f -o dtbrfs.o
gfortran -fimplicit-none -shared -fPIC -Wno-argument-mismatch -fallow-argument-mismatch -std=legacy -c dtbtrs.f -o dtbtrs.o
gfortran -fimplicit-none -shared -fPIC -Wno-argument-mismatch -fallow-argument-mismatch -std=legacy -c dtgevc.f -o dtgevc.o
gfortran -fimplicit-none -shared -fPIC -Wno-argument-mismatch -fallow-argument-mismatch -std=legacy -c dtgex2.f -o dtgex2.o
gfortran -fimplicit-none -shared -fPIC -Wno-argument-mismatch -fallow-argument-mismatch -std=legacy -c dtgexc.f -o dtgexc.o
gfortran -fimplicit-none -shared -fPIC -Wno-argument-mismatch -fallow-argument-mismatch -std=legacy -c dtgsen.f -o dtgsen.o
gfortran -fimplicit-none -shared -fPIC -Wno-argument-mismatch -fallow-argument-mismatch -std=legacy -c dtgsja.f -o dtgsja.o
gfortran -fimplicit-none -shared -fPIC -Wno-argument-mismatch -fallow-argument-mismatch -std=legacy -c dtgsna.f -o dtgsna.o
gfortran -fimplicit-none -shared -fPIC -Wno-argument-mismatch -fallow-argument-mismatch -std=legacy -c dtgsy2.f -o dtgsy2.o
gfortran -fimplicit-none -shared -fPIC -Wno-argument-mismatch -fallow-argument-mismatch -std=legacy -c dtgsyl.f -o dtgsyl.o
gfortran -fimplicit-none -shared -fPIC -Wno-argument-mismatch -fallow-argument-mismatch -std=legacy -c dtpcon.f -o dtpcon.o
gfortran -fimplicit-none -shared -fPIC -Wno-argument-mismatch -fallow-argument-mismatch -std=legacy -c dtprfs.f -o dtprfs.o
gfortran -fimplicit-none -shared -fPIC -Wno-argument-mismatch -fallow-argument-mismatch -std=legacy -c dtptri.f -o dtptri.o
gfortran -fimplicit-none -shared -fPIC -Wno-argument-mismatch -fallow-argument-mismatch -std=legacy -c dtptrs.f -o dtptrs.o
gfortran -fimplicit-none -shared -fPIC -Wno-argument-mismatch -fallow-argument-mismatch -std=legacy -c dtrcon.f -o dtrcon.o
gfortran -fimplicit-none -shared -fPIC -Wno-argument-mismatch -fallow-argument-mismatch -std=legacy -c dtrevc.f -o dtrevc.o
gfortran -fimplicit-none -shared -fPIC -Wno-argument-mismatch -fallow-argument-mismatch -std=legacy -c dtrexc.f -o dtrexc.o
gfortran -fimplicit-none -shared -fPIC -Wno-argument-mismatch -fallow-argument-mismatch -std=legacy -c dtrrfs.f -o dtrrfs.o
gfortran -fimplicit-none -shared -fPIC -Wno-argument-mismatch -fallow-argument-mismatch -std=legacy -c dtrsen.f -o dtrsen.o
gfortran -fimplicit-none -shared -fPIC -Wno-argument-mismatch -fallow-argument-mismatch -std=legacy -c dtrsna.f -o dtrsna.o
gfortran -fimplicit-none -shared -fPIC -Wno-argument-mismatch -fallow-argument-mismatch -std=legacy -c dtrsyl.f -o dtrsyl.o
gfortran -fimplicit-none -shared -fPIC -Wno-argument-mismatch -fallow-argument-mismatch -std=legacy -c dtrti2.f -o dtrti2.o
gfortran -fimplicit-none -shared -fPIC -Wno-argument-mismatch -fallow-argument-mismatch -std=legacy -c dtrtri.f -o dtrtri.o
gfortran -fimplicit-none -shared -fPIC -Wno-argument-mismatch -fallow-argument-mismatch -std=legacy -c dtrtrs.f -o dtrtrs.o
gfortran -fimplicit-none -shared -fPIC -Wno-argument-mismatch -fallow-argument-mismatch -std=legacy -c dtzrqf.f -o dtzrqf.o
gfortran -fimplicit-none -shared -fPIC -Wno-argument-mismatch -fallow-argument-mismatch -std=legacy -c dtzrzf.f -o dtzrzf.o
gfortran -fimplicit-none -shared -fPIC -Wno-argument-mismatch -fallow-argument-mismatch -std=legacy -c dstemr.f -o dstemr.o
gfortran -fimplicit-none -shared -fPIC -Wno-argument-mismatch -fallow-argument-mismatch -std=legacy -c dsgesv.f -o dsgesv.o
gfortran -fimplicit-none -shared -fPIC -Wno-argument-mismatch -fallow-argument-mismatch -std=legacy -c dsposv.f -o dsposv.o
gfortran -fimplicit-none -shared -fPIC -Wno-argument-mismatch -fallow-argument-mismatch -std=legacy -c dlag2s.f -o dlag2s.o
gfortran -fimplicit-none -shared -fPIC -Wno-argument-mismatch -fallow-argument-mismatch -std=legacy -c slag2d.f -o slag2d.o
gfortran -fimplicit-none -shared -fPIC -Wno-argument-mismatch -fallow-argument-mismatch -std=legacy -c dlat2s.f -o dlat2s.o
gfortran -fimplicit-none -shared -fPIC -Wno-argument-mismatch -fallow-argument-mismatch -std=legacy -c dlansf.f -o dlansf.o
gfortran -fimplicit-none -shared -fPIC -Wno-argument-mismatch -fallow-argument-mismatch -std=legacy -c dpftrf.f -o dpftrf.o
gfortran -fimplicit-none -shared -fPIC -Wno-argument-mismatch -fallow-argument-mismatch -std=legacy -c dpftri.f -o dpftri.o
gfortran -fimplicit-none -shared -fPIC -Wno-argument-mismatch -fallow-argument-mismatch -std=legacy -c dpftrs.f -o dpftrs.o
gfortran -fimplicit-none -shared -fPIC -Wno-argument-mismatch -fallow-argument-mismatch -std=legacy -c dsfrk.f -o dsfrk.o
gfortran -fimplicit-none -shared -fPIC -Wno-argument-mismatch -fallow-argument-mismatch -std=legacy -c dtfsm.f -o dtfsm.o
gfortran -fimplicit-none -shared -fPIC -Wno-argument-mismatch -fallow-argument-mismatch -std=legacy -c dtftri.f -o dtftri.o
gfortran -fimplicit-none -shared -fPIC -Wno-argument-mismatch -fallow-argument-mismatch -std=legacy -c dtfttp.f -o dtfttp.o
gfortran -fimplicit-none -shared -fPIC -Wno-argument-mismatch -fallow-argument-mismatch -std=legacy -c dtfttr.f -o dtfttr.o
gfortran -fimplicit-none -shared -fPIC -Wno-argument-mismatch -fallow-argument-mismatch -std=legacy -c dtpttf.f -o dtpttf.o
gfortran -fimplicit-none -shared -fPIC -Wno-argument-mismatch -fallow-argument-mismatch -std=legacy -c dtpttr.f -o dtpttr.o
gfortran -fimplicit-none -shared -fPIC -Wno-argument-mismatch -fallow-argument-mismatch -std=legacy -c dtrttf.f -o dtrttf.o
gfortran -fimplicit-none -shared -fPIC -Wno-argument-mismatch -fallow-argument-mismatch -std=legacy -c dtrttp.f -o dtrttp.o
gfortran -fimplicit-none -shared -fPIC -Wno-argument-mismatch -fallow-argument-mismatch -std=legacy -c dgejsv.f -o dgejsv.o
gfortran -fimplicit-none -shared -fPIC -Wno-argument-mismatch -fallow-argument-mismatch -std=legacy -c dgesvj.f -o dgesvj.o
gfortran -fimplicit-none -shared -fPIC -Wno-argument-mismatch -fallow-argument-mismatch -std=legacy -c dgsvj0.f -o dgsvj0.o
gfortran -fimplicit-none -shared -fPIC -Wno-argument-mismatch -fallow-argument-mismatch -std=legacy -c dgsvj1.f -o dgsvj1.o
gfortran -fimplicit-none -shared -fPIC -Wno-argument-mismatch -fallow-argument-mismatch -std=legacy -c dgeequb.f -o dgeequb.o
gfortran -fimplicit-none -shared -fPIC -Wno-argument-mismatch -fallow-argument-mismatch -std=legacy -c dsyequb.f -o dsyequb.o
gfortran -fimplicit-none -shared -fPIC -Wno-argument-mismatch -fallow-argument-mismatch -std=legacy -c dpoequb.f -o dpoequb.o
gfortran -fimplicit-none -shared -fPIC -Wno-argument-mismatch -fallow-argument-mismatch -std=legacy -c dgbequb.f -o dgbequb.o
gfortran -fimplicit-none -shared -fPIC -Wno-argument-mismatch -fallow-argument-mismatch -std=legacy -c dbbcsd.f -o dbbcsd.o
gfortran -fimplicit-none -shared -fPIC -Wno-argument-mismatch -fallow-argument-mismatch -std=legacy -c dlapmr.f -o dlapmr.o
gfortran -fimplicit-none -shared -fPIC -Wno-argument-mismatch -fallow-argument-mismatch -std=legacy -c dorbdb.f -o dorbdb.o
gfortran -fimplicit-none -shared -fPIC -Wno-argument-mismatch -fallow-argument-mismatch -std=legacy -c dorcsd.f -o dorcsd.o
dorcsd.f:331:38:

  285 |      $                X21, LDX21, X22, LDX22, 0, 0, 0, 0, 0, 0, WORK,
      |                                              2
......
  331 |      $             LDX21, X22, LDX22, THETA, WORK(IPHI), WORK(ITAUP1),
      |                                      1
Warning: Type mismatch between actual argument at (1) and actual argument at (2) (REAL(8)/INTEGER(4)).
dorcsd.f:331:45:

  285 |      $                X21, LDX21, X22, LDX22, 0, 0, 0, 0, 0, 0, WORK,
      |                                                 2
......
  331 |      $             LDX21, X22, LDX22, THETA, WORK(IPHI), WORK(ITAUP1),
      |                                             1
Warning: Type mismatch between actual argument at (1) and actual argument at (2) (REAL(8)/INTEGER(4)).
dorcsd.f:331:57:

  285 |      $                X21, LDX21, X22, LDX22, 0, 0, 0, 0, 0, 0, WORK,
      |                                                    2     
......
  331 |      $             LDX21, X22, LDX22, THETA, WORK(IPHI), WORK(ITAUP1),
      |                                                         1
Warning: Type mismatch between actual argument at (1) and actual argument at (2) (REAL(8)/INTEGER(4)).
dorcsd.f:332:19:

  285 |      $                X21, LDX21, X22, LDX22, 0, 0, 0, 0, 0, 0, WORK,
      |                                                       2
......
  332 |      $             WORK(ITAUP2), WORK(ITAUQ1), WORK(ITAUQ2),
      |                   1
Warning: Type mismatch between actual argument at (1) and actual argument at (2) (REAL(8)/INTEGER(4)).
dorcsd.f:332:33:

  285 |      $                X21, LDX21, X22, LDX22, 0, 0, 0, 0, 0, 0, WORK,
      |                                                          2
......
  332 |      $             WORK(ITAUP2), WORK(ITAUQ1), WORK(ITAUQ2),
      |                                 1
Warning: Type mismatch between actual argument at (1) and actual argument at (2) (REAL(8)/INTEGER(4)).
dorcsd.f:332:47:

  285 |      $                X21, LDX21, X22, LDX22, 0, 0, 0, 0, 0, 0, WORK,
      |                                                             2
......
  332 |      $             WORK(ITAUP2), WORK(ITAUQ1), WORK(ITAUQ2),
      |                                               1
Warning: Type mismatch between actual argument at (1) and actual argument at (2) (REAL(8)/INTEGER(4)).
dorcsd.f:340:34:

  274 |          CALL DORGQR( M-Q, M-Q, M-Q, 0, MAX(1,M-Q), 0, WORK, -1,
      |                                     2
......
  340 |             CALL DORGQR( P, P, Q, U1, LDU1, WORK(ITAUP1), WORK(IORGQR),
      |                                  1
Warning: Type mismatch between actual argument at (1) and actual argument at (2) (REAL(8)/INTEGER(4)).
dorcsd.f:340:44:

  274 |          CALL DORGQR( M-Q, M-Q, M-Q, 0, MAX(1,M-Q), 0, WORK, -1,
      |                                                    2
......
  340 |             CALL DORGQR( P, P, Q, U1, LDU1, WORK(ITAUP1), WORK(IORGQR),
      |                                            1
Warning: Type mismatch between actual argument at (1) and actual argument at (2) (REAL(8)/INTEGER(4)).
dorcsd.f:356:40:

  279 |          CALL DORGLQ( M-Q, M-Q, M-Q, 0, MAX(1,M-Q), 0, WORK, -1,
      |                                     2   
......
  356 |             CALL DORGLQ( Q-1, Q-1, Q-1, V1T(2,2), LDV1T, WORK(ITAUQ1),
      |                                        1
Warning: Type mismatch between actual argument at (1) and actual argument at (2) (REAL(8)/INTEGER(4)).
dorcsd.f:356:57:

  279 |          CALL DORGLQ( M-Q, M-Q, M-Q, 0, MAX(1,M-Q), 0, WORK, -1,
      |                                                    2     
......
  356 |             CALL DORGLQ( Q-1, Q-1, Q-1, V1T(2,2), LDV1T, WORK(ITAUQ1),
      |                                                         1
Warning: Type mismatch between actual argument at (1) and actual argument at (2) (REAL(8)/INTEGER(4)).
dorcsd.f:399:65:

  298 |          CALL DBBCSD( JOBU1, JOBU2, JOBV1T, JOBV2T, TRANS, M, P, Q, 0,
      |                                                                    2
......
  399 |       CALL DBBCSD( JOBU1, JOBU2, JOBV1T, JOBV2T, TRANS, M, P, Q, THETA,
      |                                                                 1
Warning: Type mismatch between actual argument at (1) and actual argument at (2) (REAL(8)/INTEGER(4)).
dorcsd.f:400:19:

  299 |      $                0, U1, LDU1, U2, LDU2, V1T, LDV1T, V2T, LDV2T, 0,
      |                      2
......
  400 |      $             WORK(IPHI), U1, LDU1, U2, LDU2, V1T, LDV1T, V2T,
      |                   1
Warning: Type mismatch between actual argument at (1) and actual argument at (2) (REAL(8)/INTEGER(4)).
dorcsd.f:401:26:

  299 |      $                0, U1, LDU1, U2, LDU2, V1T, LDV1T, V2T, LDV2T, 0,
      |                                                                     2
......
  401 |      $             LDV2T, WORK(IB11D), WORK(IB11E), WORK(IB12D),
      |                          1
Warning: Type mismatch between actual argument at (1) and actual argument at (2) (REAL(8)/INTEGER(4)).
dorcsd.f:401:39:

  300 |      $                0, 0, 0, 0, 0, 0, 0, WORK, -1, CHILDINFO )
      |                      2                 
......
  401 |      $             LDV2T, WORK(IB11D), WORK(IB11E), WORK(IB12D),
      |                                       1
Warning: Type mismatch between actual argument at (1) and actual argument at (2) (REAL(8)/INTEGER(4)).
dorcsd.f:401:52:

  300 |      $                0, 0, 0, 0, 0, 0, 0, WORK, -1, CHILDINFO )
      |                         2                           
......
  401 |      $             LDV2T, WORK(IB11D), WORK(IB11E), WORK(IB12D),
      |                                                    1
Warning: Type mismatch between actual argument at (1) and actual argument at (2) (REAL(8)/INTEGER(4)).
dorcsd.f:402:19:

  300 |      $                0, 0, 0, 0, 0, 0, 0, WORK, -1, CHILDINFO )
      |                            2
......
  402 |      $             WORK(IB12E), WORK(IB21D), WORK(IB21E), WORK(IB22D),
      |                   1
Warning: Type mismatch between actual argument at (1) and actual argument at (2) (REAL(8)/INTEGER(4)).
dorcsd.f:402:32:

  300 |      $                0, 0, 0, 0, 0, 0, 0, WORK, -1, CHILDINFO )
      |                               2 
......
  402 |      $             WORK(IB12E), WORK(IB21D), WORK(IB21E), WORK(IB22D),
      |                                1
Warning: Type mismatch between actual argument at (1) and actual argument at (2) (REAL(8)/INTEGER(4)).
dorcsd.f:402:45:

  300 |      $                0, 0, 0, 0, 0, 0, 0, WORK, -1, CHILDINFO )
      |                                  2           
......
  402 |      $             WORK(IB12E), WORK(IB21D), WORK(IB21E), WORK(IB22D),
      |                                             1
Warning: Type mismatch between actual argument at (1) and actual argument at (2) (REAL(8)/INTEGER(4)).
dorcsd.f:402:58:

  300 |      $                0, 0, 0, 0, 0, 0, 0, WORK, -1, CHILDINFO )
      |                                     2                     
......
  402 |      $             WORK(IB12E), WORK(IB21D), WORK(IB21E), WORK(IB22D),
      |                                                          1
Warning: Type mismatch between actual argument at (1) and actual argument at (2) (REAL(8)/INTEGER(4)).
dorcsd.f:403:19:

  300 |      $                0, 0, 0, 0, 0, 0, 0, WORK, -1, CHILDINFO )
      |                                        2
......
  403 |      $             WORK(IB22E), WORK(IBBCSD), LBBCSDWORK, INFO )
      |                   1
Warning: Type mismatch between actual argument at (1) and actual argument at (2) (REAL(8)/INTEGER(4)).
gfortran -fimplicit-none -shared -fPIC -Wno-argument-mismatch -fallow-argument-mismatch -std=legacy -c spotrs.f -o spotrs.o
gfortran -fimplicit-none -shared -fPIC -Wno-argument-mismatch -fallow-argument-mismatch -std=legacy -c sgetrs.f -o sgetrs.o
gfortran -fimplicit-none -shared -fPIC -Wno-argument-mismatch -fallow-argument-mismatch -std=legacy -c spotrf.f -o spotrf.o
gfortran -fimplicit-none -shared -fPIC -Wno-argument-mismatch -fallow-argument-mismatch -std=legacy -c sgetrf.f -o sgetrf.o
gfortran -fimplicit-none -shared -fPIC -Wno-argument-mismatch -fallow-argument-mismatch -std=legacy -c cbdsqr.f -o cbdsqr.o
gfortran -fimplicit-none -shared -fPIC -Wno-argument-mismatch -fallow-argument-mismatch -std=legacy -c cgbbrd.f -o cgbbrd.o
gfortran -fimplicit-none -shared -fPIC -Wno-argument-mismatch -fallow-argument-mismatch -std=legacy -c cgbcon.f -o cgbcon.o
gfortran -fimplicit-none -shared -fPIC -Wno-argument-mismatch -fallow-argument-mismatch -std=legacy -c cgbequ.f -o cgbequ.o
gfortran -fimplicit-none -shared -fPIC -Wno-argument-mismatch -fallow-argument-mismatch -std=legacy -c cgbrfs.f -o cgbrfs.o
gfortran -fimplicit-none -shared -fPIC -Wno-argument-mismatch -fallow-argument-mismatch -std=legacy -c cgbsv.f -o cgbsv.o
gfortran -fimplicit-none -shared -fPIC -Wno-argument-mismatch -fallow-argument-mismatch -std=legacy -c cgbsvx.f -o cgbsvx.o
gfortran -fimplicit-none -shared -fPIC -Wno-argument-mismatch -fallow-argument-mismatch -std=legacy -c cgbtf2.f -o cgbtf2.o
gfortran -fimplicit-none -shared -fPIC -Wno-argument-mismatch -fallow-argument-mismatch -std=legacy -c cgbtrf.f -o cgbtrf.o
gfortran -fimplicit-none -shared -fPIC -Wno-argument-mismatch -fallow-argument-mismatch -std=legacy -c cgbtrs.f -o cgbtrs.o
gfortran -fimplicit-none -shared -fPIC -Wno-argument-mismatch -fallow-argument-mismatch -std=legacy -c cgebak.f -o cgebak.o
gfortran -fimplicit-none -shared -fPIC -Wno-argument-mismatch -fallow-argument-mismatch -std=legacy -c cgebal.f -o cgebal.o
gfortran -fimplicit-none -shared -fPIC -Wno-argument-mismatch -fallow-argument-mismatch -std=legacy -c cgebd2.f -o cgebd2.o
gfortran -fimplicit-none -shared -fPIC -Wno-argument-mismatch -fallow-argument-mismatch -std=legacy -c cgebrd.f -o cgebrd.o
gfortran -fimplicit-none -shared -fPIC -Wno-argument-mismatch -fallow-argument-mismatch -std=legacy -c cgecon.f -o cgecon.o
gfortran -fimplicit-none -shared -fPIC -Wno-argument-mismatch -fallow-argument-mismatch -std=legacy -c cgeequ.f -o cgeequ.o
gfortran -fimplicit-none -shared -fPIC -Wno-argument-mismatch -fallow-argument-mismatch -std=legacy -c cgees.f -o cgees.o
gfortran -fimplicit-none -shared -fPIC -Wno-argument-mismatch -fallow-argument-mismatch -std=legacy -c cgeesx.f -o cgeesx.o
gfortran -fimplicit-none -shared -fPIC -Wno-argument-mismatch -fallow-argument-mismatch -std=legacy -c cgeev.f -o cgeev.o
gfortran -fimplicit-none -shared -fPIC -Wno-argument-mismatch -fallow-argument-mismatch -std=legacy -c cgeevx.f -o cgeevx.o
gfortran -fimplicit-none -shared -fPIC -Wno-argument-mismatch -fallow-argument-mismatch -std=legacy -c cgegs.f -o cgegs.o
gfortran -fimplicit-none -shared -fPIC -Wno-argument-mismatch -fallow-argument-mismatch -std=legacy -c cgegv.f -o cgegv.o
gfortran -fimplicit-none -shared -fPIC -Wno-argument-mismatch -fallow-argument-mismatch -std=legacy -c cgehd2.f -o cgehd2.o
gfortran -fimplicit-none -shared -fPIC -Wno-argument-mismatch -fallow-argument-mismatch -std=legacy -c cgehrd.f -o cgehrd.o
gfortran -fimplicit-none -shared -fPIC -Wno-argument-mismatch -fallow-argument-mismatch -std=legacy -c cgelq2.f -o cgelq2.o
gfortran -fimplicit-none -shared -fPIC -Wno-argument-mismatch -fallow-argument-mismatch -std=legacy -c cgelqf.f -o cgelqf.o
gfortran -fimplicit-none -shared -fPIC -Wno-argument-mismatch -fallow-argument-mismatch -std=legacy -c cgels.f -o cgels.o
gfortran -fimplicit-none -shared -fPIC -Wno-argument-mismatch -fallow-argument-mismatch -std=legacy -c cgelsd.f -o cgelsd.o
gfortran -fimplicit-none -shared -fPIC -Wno-argument-mismatch -fallow-argument-mismatch -std=legacy -c cgelss.f -o cgelss.o
gfortran -fimplicit-none -shared -fPIC -Wno-argument-mismatch -fallow-argument-mismatch -std=legacy -c cgelsx.f -o cgelsx.o
gfortran -fimplicit-none -shared -fPIC -Wno-argument-mismatch -fallow-argument-mismatch -std=legacy -c cgelsy.f -o cgelsy.o
gfortran -fimplicit-none -shared -fPIC -Wno-argument-mismatch -fallow-argument-mismatch -std=legacy -c cgeql2.f -o cgeql2.o
gfortran -fimplicit-none -shared -fPIC -Wno-argument-mismatch -fallow-argument-mismatch -std=legacy -c cgeqlf.f -o cgeqlf.o
gfortran -fimplicit-none -shared -fPIC -Wno-argument-mismatch -fallow-argument-mismatch -std=legacy -c cgeqp3.f -o cgeqp3.o
gfortran -fimplicit-none -shared -fPIC -Wno-argument-mismatch -fallow-argument-mismatch -std=legacy -c cgeqpf.f -o cgeqpf.o
gfortran -fimplicit-none -shared -fPIC -Wno-argument-mismatch -fallow-argument-mismatch -std=legacy -c cgeqr2.f -o cgeqr2.o
gfortran -fimplicit-none -shared -fPIC -Wno-argument-mismatch -fallow-argument-mismatch -std=legacy -c cgeqr2p.f -o cgeqr2p.o
gfortran -fimplicit-none -shared -fPIC -Wno-argument-mismatch -fallow-argument-mismatch -std=legacy -c cgeqrf.f -o cgeqrf.o
gfortran -fimplicit-none -shared -fPIC -Wno-argument-mismatch -fallow-argument-mismatch -std=legacy -c cgeqrfp.f -o cgeqrfp.o
gfortran -fimplicit-none -shared -fPIC -Wno-argument-mismatch -fallow-argument-mismatch -std=legacy -c cgerfs.f -o cgerfs.o
gfortran -fimplicit-none -shared -fPIC -Wno-argument-mismatch -fallow-argument-mismatch -std=legacy -c cgerq2.f -o cgerq2.o
gfortran -fimplicit-none -shared -fPIC -Wno-argument-mismatch -fallow-argument-mismatch -std=legacy -c cgerqf.f -o cgerqf.o
gfortran -fimplicit-none -shared -fPIC -Wno-argument-mismatch -fallow-argument-mismatch -std=legacy -c cgesc2.f -o cgesc2.o
gfortran -fimplicit-none -shared -fPIC -Wno-argument-mismatch -fallow-argument-mismatch -std=legacy -c cgesdd.f -o cgesdd.o
gfortran -fimplicit-none -shared -fPIC -Wno-argument-mismatch -fallow-argument-mismatch -std=legacy -c cgesv.f -o cgesv.o
gfortran -fimplicit-none -shared -fPIC -Wno-argument-mismatch -fallow-argument-mismatch -std=legacy -c cgesvd.f -o cgesvd.o
gfortran -fimplicit-none -shared -fPIC -Wno-argument-mismatch -fallow-argument-mismatch -std=legacy -c cgesvx.f -o cgesvx.o
gfortran -fimplicit-none -shared -fPIC -Wno-argument-mismatch -fallow-argument-mismatch -std=legacy -c cgetc2.f -o cgetc2.o
gfortran -fimplicit-none -shared -fPIC -Wno-argument-mismatch -fallow-argument-mismatch -std=legacy -c cgetf2.f -o cgetf2.o
gfortran -fimplicit-none -shared -fPIC -Wno-argument-mismatch -fallow-argument-mismatch -std=legacy -c cgetri.f -o cgetri.o
gfortran -fimplicit-none -shared -fPIC -Wno-argument-mismatch -fallow-argument-mismatch -std=legacy -c cggbak.f -o cggbak.o
gfortran -fimplicit-none -shared -fPIC -Wno-argument-mismatch -fallow-argument-mismatch -std=legacy -c cggbal.f -o cggbal.o
gfortran -fimplicit-none -shared -fPIC -Wno-argument-mismatch -fallow-argument-mismatch -std=legacy -c cgges.f -o cgges.o
gfortran -fimplicit-none -shared -fPIC -Wno-argument-mismatch -fallow-argument-mismatch -std=legacy -c cggesx.f -o cggesx.o
gfortran -fimplicit-none -shared -fPIC -Wno-argument-mismatch -fallow-argument-mismatch -std=legacy -c cggev.f -o cggev.o
gfortran -fimplicit-none -shared -fPIC -Wno-argument-mismatch -fallow-argument-mismatch -std=legacy -c cggevx.f -o cggevx.o
gfortran -fimplicit-none -shared -fPIC -Wno-argument-mismatch -fallow-argument-mismatch -std=legacy -c cggglm.f -o cggglm.o
gfortran -fimplicit-none -shared -fPIC -Wno-argument-mismatch -fallow-argument-mismatch -std=legacy -c cgghrd.f -o cgghrd.o
gfortran -fimplicit-none -shared -fPIC -Wno-argument-mismatch -fallow-argument-mismatch -std=legacy -c cgglse.f -o cgglse.o
gfortran -fimplicit-none -shared -fPIC -Wno-argument-mismatch -fallow-argument-mismatch -std=legacy -c cggqrf.f -o cggqrf.o
gfortran -fimplicit-none -shared -fPIC -Wno-argument-mismatch -fallow-argument-mismatch -std=legacy -c cggrqf.f -o cggrqf.o
gfortran -fimplicit-none -shared -fPIC -Wno-argument-mismatch -fallow-argument-mismatch -std=legacy -c cggsvd.f -o cggsvd.o
gfortran -fimplicit-none -shared -fPIC -Wno-argument-mismatch -fallow-argument-mismatch -std=legacy -c cggsvp.f -o cggsvp.o
gfortran -fimplicit-none -shared -fPIC -Wno-argument-mismatch -fallow-argument-mismatch -std=legacy -c cgtcon.f -o cgtcon.o
gfortran -fimplicit-none -shared -fPIC -Wno-argument-mismatch -fallow-argument-mismatch -std=legacy -c cgtrfs.f -o cgtrfs.o
gfortran -fimplicit-none -shared -fPIC -Wno-argument-mismatch -fallow-argument-mismatch -std=legacy -c cgtsv.f -o cgtsv.o
gfortran -fimplicit-none -shared -fPIC -Wno-argument-mismatch -fallow-argument-mismatch -std=legacy -c cgtsvx.f -o cgtsvx.o
gfortran -fimplicit-none -shared -fPIC -Wno-argument-mismatch -fallow-argument-mismatch -std=legacy -c cgttrf.f -o cgttrf.o
gfortran -fimplicit-none -shared -fPIC -Wno-argument-mismatch -fallow-argument-mismatch -std=legacy -c cgttrs.f -o cgttrs.o
gfortran -fimplicit-none -shared -fPIC -Wno-argument-mismatch -fallow-argument-mismatch -std=legacy -c cgtts2.f -o cgtts2.o
gfortran -fimplicit-none -shared -fPIC -Wno-argument-mismatch -fallow-argument-mismatch -std=legacy -c chbev.f -o chbev.o
gfortran -fimplicit-none -shared -fPIC -Wno-argument-mismatch -fallow-argument-mismatch -std=legacy -c chbevd.f -o chbevd.o
gfortran -fimplicit-none -shared -fPIC -Wno-argument-mismatch -fallow-argument-mismatch -std=legacy -c chbevx.f -o chbevx.o
gfortran -fimplicit-none -shared -fPIC -Wno-argument-mismatch -fallow-argument-mismatch -std=legacy -c chbgst.f -o chbgst.o
gfortran -fimplicit-none -shared -fPIC -Wno-argument-mismatch -fallow-argument-mismatch -std=legacy -c chbgv.f -o chbgv.o
gfortran -fimplicit-none -shared -fPIC -Wno-argument-mismatch -fallow-argument-mismatch -std=legacy -c chbgvd.f -o chbgvd.o
gfortran -fimplicit-none -shared -fPIC -Wno-argument-mismatch -fallow-argument-mismatch -std=legacy -c chbgvx.f -o chbgvx.o
gfortran -fimplicit-none -shared -fPIC -Wno-argument-mismatch -fallow-argument-mismatch -std=legacy -c chbtrd.f -o chbtrd.o
gfortran -fimplicit-none -shared -fPIC -Wno-argument-mismatch -fallow-argument-mismatch -std=legacy -c checon.f -o checon.o
gfortran -fimplicit-none -shared -fPIC -Wno-argument-mismatch -fallow-argument-mismatch -std=legacy -c cheev.f -o cheev.o
gfortran -fimplicit-none -shared -fPIC -Wno-argument-mismatch -fallow-argument-mismatch -std=legacy -c cheevd.f -o cheevd.o
gfortran -fimplicit-none -shared -fPIC -Wno-argument-mismatch -fallow-argument-mismatch -std=legacy -c cheevr.f -o cheevr.o
gfortran -fimplicit-none -shared -fPIC -Wno-argument-mismatch -fallow-argument-mismatch -std=legacy -c cheevx.f -o cheevx.o
gfortran -fimplicit-none -shared -fPIC -Wno-argument-mismatch -fallow-argument-mismatch -std=legacy -c chegs2.f -o chegs2.o
gfortran -fimplicit-none -shared -fPIC -Wno-argument-mismatch -fallow-argument-mismatch -std=legacy -c chegst.f -o chegst.o
gfortran -fimplicit-none -shared -fPIC -Wno-argument-mismatch -fallow-argument-mismatch -std=legacy -c chegv.f -o chegv.o
gfortran -fimplicit-none -shared -fPIC -Wno-argument-mismatch -fallow-argument-mismatch -std=legacy -c chegvd.f -o chegvd.o
gfortran -fimplicit-none -shared -fPIC -Wno-argument-mismatch -fallow-argument-mismatch -std=legacy -c chegvx.f -o chegvx.o
gfortran -fimplicit-none -shared -fPIC -Wno-argument-mismatch -fallow-argument-mismatch -std=legacy -c cherfs.f -o cherfs.o
gfortran -fimplicit-none -shared -fPIC -Wno-argument-mismatch -fallow-argument-mismatch -std=legacy -c chesv.f -o chesv.o
gfortran -fimplicit-none -shared -fPIC -Wno-argument-mismatch -fallow-argument-mismatch -std=legacy -c chesvx.f -o chesvx.o
gfortran -fimplicit-none -shared -fPIC -Wno-argument-mismatch -fallow-argument-mismatch -std=legacy -c chetd2.f -o chetd2.o
gfortran -fimplicit-none -shared -fPIC -Wno-argument-mismatch -fallow-argument-mismatch -std=legacy -c chetf2.f -o chetf2.o
gfortran -fimplicit-none -shared -fPIC -Wno-argument-mismatch -fallow-argument-mismatch -std=legacy -c chetrd.f -o chetrd.o
gfortran -fimplicit-none -shared -fPIC -Wno-argument-mismatch -fallow-argument-mismatch -std=legacy -c chetrf.f -o chetrf.o
gfortran -fimplicit-none -shared -fPIC -Wno-argument-mismatch -fallow-argument-mismatch -std=legacy -c chetri.f -o chetri.o
gfortran -fimplicit-none -shared -fPIC -Wno-argument-mismatch -fallow-argument-mismatch -std=legacy -c chetri2.f -o chetri2.o
gfortran -fimplicit-none -shared -fPIC -Wno-argument-mismatch -fallow-argument-mismatch -std=legacy -c chetri2x.f -o chetri2x.o
gfortran -fimplicit-none -shared -fPIC -Wno-argument-mismatch -fallow-argument-mismatch -std=legacy -c cheswapr.f -o cheswapr.o
gfortran -fimplicit-none -shared -fPIC -Wno-argument-mismatch -fallow-argument-mismatch -std=legacy -c chetrs.f -o chetrs.o
gfortran -fimplicit-none -shared -fPIC -Wno-argument-mismatch -fallow-argument-mismatch -std=legacy -c chetrs2.f -o chetrs2.o
gfortran -fimplicit-none -shared -fPIC -Wno-argument-mismatch -fallow-argument-mismatch -std=legacy -c chgeqz.f -o chgeqz.o
gfortran -fimplicit-none -shared -fPIC -Wno-argument-mismatch -fallow-argument-mismatch -std=legacy -c chpcon.f -o chpcon.o
gfortran -fimplicit-none -shared -fPIC -Wno-argument-mismatch -fallow-argument-mismatch -std=legacy -c chpev.f -o chpev.o
gfortran -fimplicit-none -shared -fPIC -Wno-argument-mismatch -fallow-argument-mismatch -std=legacy -c chpevd.f -o chpevd.o
gfortran -fimplicit-none -shared -fPIC -Wno-argument-mismatch -fallow-argument-mismatch -std=legacy -c chpevx.f -o chpevx.o
gfortran -fimplicit-none -shared -fPIC -Wno-argument-mismatch -fallow-argument-mismatch -std=legacy -c chpgst.f -o chpgst.o
gfortran -fimplicit-none -shared -fPIC -Wno-argument-mismatch -fallow-argument-mismatch -std=legacy -c chpgv.f -o chpgv.o
gfortran -fimplicit-none -shared -fPIC -Wno-argument-mismatch -fallow-argument-mismatch -std=legacy -c chpgvd.f -o chpgvd.o
gfortran -fimplicit-none -shared -fPIC -Wno-argument-mismatch -fallow-argument-mismatch -std=legacy -c chpgvx.f -o chpgvx.o
gfortran -fimplicit-none -shared -fPIC -Wno-argument-mismatch -fallow-argument-mismatch -std=legacy -c chprfs.f -o chprfs.o
gfortran -fimplicit-none -shared -fPIC -Wno-argument-mismatch -fallow-argument-mismatch -std=legacy -c chpsv.f -o chpsv.o
gfortran -fimplicit-none -shared -fPIC -Wno-argument-mismatch -fallow-argument-mismatch -std=legacy -c chpsvx.f -o chpsvx.o
gfortran -fimplicit-none -shared -fPIC -Wno-argument-mismatch -fallow-argument-mismatch -std=legacy -c chptrd.f -o chptrd.o
gfortran -fimplicit-none -shared -fPIC -Wno-argument-mismatch -fallow-argument-mismatch -std=legacy -c chptrf.f -o chptrf.o
gfortran -fimplicit-none -shared -fPIC -Wno-argument-mismatch -fallow-argument-mismatch -std=legacy -c chptri.f -o chptri.o
gfortran -fimplicit-none -shared -fPIC -Wno-argument-mismatch -fallow-argument-mismatch -std=legacy -c chptrs.f -o chptrs.o
gfortran -fimplicit-none -shared -fPIC -Wno-argument-mismatch -fallow-argument-mismatch -std=legacy -c chsein.f -o chsein.o
gfortran -fimplicit-none -shared -fPIC -Wno-argument-mismatch -fallow-argument-mismatch -std=legacy -c chseqr.f -o chseqr.o
gfortran -fimplicit-none -shared -fPIC -Wno-argument-mismatch -fallow-argument-mismatch -std=legacy -c clabrd.f -o clabrd.o
gfortran -fimplicit-none -shared -fPIC -Wno-argument-mismatch -fallow-argument-mismatch -std=legacy -c clacgv.f -o clacgv.o
gfortran -fimplicit-none -shared -fPIC -Wno-argument-mismatch -fallow-argument-mismatch -std=legacy -c clacon.f -o clacon.o
gfortran -fimplicit-none -shared -fPIC -Wno-argument-mismatch -fallow-argument-mismatch -std=legacy -c clacn2.f -o clacn2.o
gfortran -fimplicit-none -shared -fPIC -Wno-argument-mismatch -fallow-argument-mismatch -std=legacy -c clacp2.f -o clacp2.o
gfortran -fimplicit-none -shared -fPIC -Wno-argument-mismatch -fallow-argument-mismatch -std=legacy -c clacpy.f -o clacpy.o
gfortran -fimplicit-none -shared -fPIC -Wno-argument-mismatch -fallow-argument-mismatch -std=legacy -c clacrm.f -o clacrm.o
gfortran -fimplicit-none -shared -fPIC -Wno-argument-mismatch -fallow-argument-mismatch -std=legacy -c clacrt.f -o clacrt.o
gfortran -fimplicit-none -shared -fPIC -Wno-argument-mismatch -fallow-argument-mismatch -std=legacy -c cladiv.f -o cladiv.o
gfortran -fimplicit-none -shared -fPIC -Wno-argument-mismatch -fallow-argument-mismatch -std=legacy -c claed0.f -o claed0.o
gfortran -fimplicit-none -shared -fPIC -Wno-argument-mismatch -fallow-argument-mismatch -std=legacy -c claed7.f -o claed7.o
gfortran -fimplicit-none -shared -fPIC -Wno-argument-mismatch -fallow-argument-mismatch -std=legacy -c claed8.f -o claed8.o
gfortran -fimplicit-none -shared -fPIC -Wno-argument-mismatch -fallow-argument-mismatch -std=legacy -c claein.f -o claein.o
gfortran -fimplicit-none -shared -fPIC -Wno-argument-mismatch -fallow-argument-mismatch -std=legacy -c claesy.f -o claesy.o
gfortran -fimplicit-none -shared -fPIC -Wno-argument-mismatch -fallow-argument-mismatch -std=legacy -c claev2.f -o claev2.o
gfortran -fimplicit-none -shared -fPIC -Wno-argument-mismatch -fallow-argument-mismatch -std=legacy -c clags2.f -o clags2.o
gfortran -fimplicit-none -shared -fPIC -Wno-argument-mismatch -fallow-argument-mismatch -std=legacy -c clagtm.f -o clagtm.o
gfortran -fimplicit-none -shared -fPIC -Wno-argument-mismatch -fallow-argument-mismatch -std=legacy -c clahef.f -o clahef.o
gfortran -fimplicit-none -shared -fPIC -Wno-argument-mismatch -fallow-argument-mismatch -std=legacy -c clahqr.f -o clahqr.o
gfortran -fimplicit-none -shared -fPIC -Wno-argument-mismatch -fallow-argument-mismatch -std=legacy -c clahrd.f -o clahrd.o
gfortran -fimplicit-none -shared -fPIC -Wno-argument-mismatch -fallow-argument-mismatch -std=legacy -c clahr2.f -o clahr2.o
gfortran -fimplicit-none -shared -fPIC -Wno-argument-mismatch -fallow-argument-mismatch -std=legacy -c claic1.f -o claic1.o
gfortran -fimplicit-none -shared -fPIC -Wno-argument-mismatch -fallow-argument-mismatch -std=legacy -c clals0.f -o clals0.o
gfortran -fimplicit-none -shared -fPIC -Wno-argument-mismatch -fallow-argument-mismatch -std=legacy -c clalsa.f -o clalsa.o
gfortran -fimplicit-none -shared -fPIC -Wno-argument-mismatch -fallow-argument-mismatch -std=legacy -c clalsd.f -o clalsd.o
gfortran -fimplicit-none -shared -fPIC -Wno-argument-mismatch -fallow-argument-mismatch -std=legacy -c clangb.f -o clangb.o
gfortran -fimplicit-none -shared -fPIC -Wno-argument-mismatch -fallow-argument-mismatch -std=legacy -c clange.f -o clange.o
gfortran -fimplicit-none -shared -fPIC -Wno-argument-mismatch -fallow-argument-mismatch -std=legacy -c clangt.f -o clangt.o
gfortran -fimplicit-none -shared -fPIC -Wno-argument-mismatch -fallow-argument-mismatch -std=legacy -c clanhb.f -o clanhb.o
gfortran -fimplicit-none -shared -fPIC -Wno-argument-mismatch -fallow-argument-mismatch -std=legacy -c clanhe.f -o clanhe.o
gfortran -fimplicit-none -shared -fPIC -Wno-argument-mismatch -fallow-argument-mismatch -std=legacy -c clanhp.f -o clanhp.o
gfortran -fimplicit-none -shared -fPIC -Wno-argument-mismatch -fallow-argument-mismatch -std=legacy -c clanhs.f -o clanhs.o
gfortran -fimplicit-none -shared -fPIC -Wno-argument-mismatch -fallow-argument-mismatch -std=legacy -c clanht.f -o clanht.o
gfortran -fimplicit-none -shared -fPIC -Wno-argument-mismatch -fallow-argument-mismatch -std=legacy -c clansb.f -o clansb.o
gfortran -fimplicit-none -shared -fPIC -Wno-argument-mismatch -fallow-argument-mismatch -std=legacy -c clansp.f -o clansp.o
gfortran -fimplicit-none -shared -fPIC -Wno-argument-mismatch -fallow-argument-mismatch -std=legacy -c clansy.f -o clansy.o
gfortran -fimplicit-none -shared -fPIC -Wno-argument-mismatch -fallow-argument-mismatch -std=legacy -c clantb.f -o clantb.o
gfortran -fimplicit-none -shared -fPIC -Wno-argument-mismatch -fallow-argument-mismatch -std=legacy -c clantp.f -o clantp.o
gfortran -fimplicit-none -shared -fPIC -Wno-argument-mismatch -fallow-argument-mismatch -std=legacy -c clantr.f -o clantr.o
gfortran -fimplicit-none -shared -fPIC -Wno-argument-mismatch -fallow-argument-mismatch -std=legacy -c clapll.f -o clapll.o
gfortran -fimplicit-none -shared -fPIC -Wno-argument-mismatch -fallow-argument-mismatch -std=legacy -c clapmt.f -o clapmt.o
gfortran -fimplicit-none -shared -fPIC -Wno-argument-mismatch -fallow-argument-mismatch -std=legacy -c clarcm.f -o clarcm.o
gfortran -fimplicit-none -shared -fPIC -Wno-argument-mismatch -fallow-argument-mismatch -std=legacy -c claqgb.f -o claqgb.o
gfortran -fimplicit-none -shared -fPIC -Wno-argument-mismatch -fallow-argument-mismatch -std=legacy -c claqge.f -o claqge.o
gfortran -fimplicit-none -shared -fPIC -Wno-argument-mismatch -fallow-argument-mismatch -std=legacy -c claqhb.f -o claqhb.o
gfortran -fimplicit-none -shared -fPIC -Wno-argument-mismatch -fallow-argument-mismatch -std=legacy -c claqhe.f -o claqhe.o
gfortran -fimplicit-none -shared -fPIC -Wno-argument-mismatch -fallow-argument-mismatch -std=legacy -c claqhp.f -o claqhp.o
gfortran -fimplicit-none -shared -fPIC -Wno-argument-mismatch -fallow-argument-mismatch -std=legacy -c claqp2.f -o claqp2.o
gfortran -fimplicit-none -shared -fPIC -Wno-argument-mismatch -fallow-argument-mismatch -std=legacy -c claqps.f -o claqps.o
gfortran -fimplicit-none -shared -fPIC -Wno-argument-mismatch -fallow-argument-mismatch -std=legacy -c claqsb.f -o claqsb.o
gfortran -fimplicit-none -shared -fPIC -Wno-argument-mismatch -fallow-argument-mismatch -std=legacy -c claqr0.f -o claqr0.o
gfortran -fimplicit-none -shared -fPIC -Wno-argument-mismatch -fallow-argument-mismatch -std=legacy -c claqr1.f -o claqr1.o
gfortran -fimplicit-none -shared -fPIC -Wno-argument-mismatch -fallow-argument-mismatch -std=legacy -c claqr2.f -o claqr2.o
gfortran -fimplicit-none -shared -fPIC -Wno-argument-mismatch -fallow-argument-mismatch -std=legacy -c claqr3.f -o claqr3.o
gfortran -fimplicit-none -shared -fPIC -Wno-argument-mismatch -fallow-argument-mismatch -std=legacy -c claqr4.f -o claqr4.o
gfortran -fimplicit-none -shared -fPIC -Wno-argument-mismatch -fallow-argument-mismatch -std=legacy -c claqr5.f -o claqr5.o
gfortran -fimplicit-none -shared -fPIC -Wno-argument-mismatch -fallow-argument-mismatch -std=legacy -c claqsp.f -o claqsp.o
gfortran -fimplicit-none -shared -fPIC -Wno-argument-mismatch -fallow-argument-mismatch -std=legacy -c claqsy.f -o claqsy.o
gfortran -fimplicit-none -shared -fPIC -Wno-argument-mismatch -fallow-argument-mismatch -std=legacy -c clar1v.f -o clar1v.o
gfortran -fimplicit-none -shared -fPIC -Wno-argument-mismatch -fallow-argument-mismatch -std=legacy -c clar2v.f -o clar2v.o
gfortran -fimplicit-none -shared -fPIC -Wno-argument-mismatch -fallow-argument-mismatch -std=legacy -c ilaclr.f -o ilaclr.o
gfortran -fimplicit-none -shared -fPIC -Wno-argument-mismatch -fallow-argument-mismatch -std=legacy -c ilaclc.f -o ilaclc.o
gfortran -fimplicit-none -shared -fPIC -Wno-argument-mismatch -fallow-argument-mismatch -std=legacy -c clarf.f -o clarf.o
gfortran -fimplicit-none -shared -fPIC -Wno-argument-mismatch -fallow-argument-mismatch -std=legacy -c clarfb.f -o clarfb.o
gfortran -fimplicit-none -shared -fPIC -Wno-argument-mismatch -fallow-argument-mismatch -std=legacy -c clarfg.f -o clarfg.o
gfortran -fimplicit-none -shared -fPIC -Wno-argument-mismatch -fallow-argument-mismatch -std=legacy -c clarft.f -o clarft.o
gfortran -fimplicit-none -shared -fPIC -Wno-argument-mismatch -fallow-argument-mismatch -std=legacy -c clarfgp.f -o clarfgp.o
gfortran -fimplicit-none -shared -fPIC -Wno-argument-mismatch -fallow-argument-mismatch -std=legacy -c clarfx.f -o clarfx.o
gfortran -fimplicit-none -shared -fPIC -Wno-argument-mismatch -fallow-argument-mismatch -std=legacy -c clargv.f -o clargv.o
gfortran -fimplicit-none -shared -fPIC -Wno-argument-mismatch -fallow-argument-mismatch -std=legacy -c clarnv.f -o clarnv.o
gfortran -fimplicit-none -shared -fPIC -Wno-argument-mismatch -fallow-argument-mismatch -std=legacy -c clarrv.f -o clarrv.o
gfortran -fimplicit-none -shared -fPIC -Wno-argument-mismatch -fallow-argument-mismatch -std=legacy -c clartg.f -o clartg.o
gfortran -fimplicit-none -shared -fPIC -Wno-argument-mismatch -fallow-argument-mismatch -std=legacy -c clartv.f -o clartv.o
gfortran -fimplicit-none -shared -fPIC -Wno-argument-mismatch -fallow-argument-mismatch -std=legacy -c clarz.f -o clarz.o
gfortran -fimplicit-none -shared -fPIC -Wno-argument-mismatch -fallow-argument-mismatch -std=legacy -c clarzb.f -o clarzb.o
gfortran -fimplicit-none -shared -fPIC -Wno-argument-mismatch -fallow-argument-mismatch -std=legacy -c clarzt.f -o clarzt.o
gfortran -fimplicit-none -shared -fPIC -Wno-argument-mismatch -fallow-argument-mismatch -std=legacy -c clascl.f -o clascl.o
gfortran -fimplicit-none -shared -fPIC -Wno-argument-mismatch -fallow-argument-mismatch -std=legacy -c claset.f -o claset.o
gfortran -fimplicit-none -shared -fPIC -Wno-argument-mismatch -fallow-argument-mismatch -std=legacy -c clasr.f -o clasr.o
gfortran -fimplicit-none -shared -fPIC -Wno-argument-mismatch -fallow-argument-mismatch -std=legacy -c classq.f -o classq.o
gfortran -fimplicit-none -shared -fPIC -Wno-argument-mismatch -fallow-argument-mismatch -std=legacy -c claswp.f -o claswp.o
gfortran -fimplicit-none -shared -fPIC -Wno-argument-mismatch -fallow-argument-mismatch -std=legacy -c clasyf.f -o clasyf.o
gfortran -fimplicit-none -shared -fPIC -Wno-argument-mismatch -fallow-argument-mismatch -std=legacy -c clatbs.f -o clatbs.o
gfortran -fimplicit-none -shared -fPIC -Wno-argument-mismatch -fallow-argument-mismatch -std=legacy -c clatdf.f -o clatdf.o
gfortran -fimplicit-none -shared -fPIC -Wno-argument-mismatch -fallow-argument-mismatch -std=legacy -c clatps.f -o clatps.o
gfortran -fimplicit-none -shared -fPIC -Wno-argument-mismatch -fallow-argument-mismatch -std=legacy -c clatrd.f -o clatrd.o
gfortran -fimplicit-none -shared -fPIC -Wno-argument-mismatch -fallow-argument-mismatch -std=legacy -c clatrs.f -o clatrs.o
gfortran -fimplicit-none -shared -fPIC -Wno-argument-mismatch -fallow-argument-mismatch -std=legacy -c clatrz.f -o clatrz.o
gfortran -fimplicit-none -shared -fPIC -Wno-argument-mismatch -fallow-argument-mismatch -std=legacy -c clatzm.f -o clatzm.o
gfortran -fimplicit-none -shared -fPIC -Wno-argument-mismatch -fallow-argument-mismatch -std=legacy -c clauu2.f -o clauu2.o
gfortran -fimplicit-none -shared -fPIC -Wno-argument-mismatch -fallow-argument-mismatch -std=legacy -c clauum.f -o clauum.o
gfortran -fimplicit-none -shared -fPIC -Wno-argument-mismatch -fallow-argument-mismatch -std=legacy -c cpbcon.f -o cpbcon.o
gfortran -fimplicit-none -shared -fPIC -Wno-argument-mismatch -fallow-argument-mismatch -std=legacy -c cpbequ.f -o cpbequ.o
gfortran -fimplicit-none -shared -fPIC -Wno-argument-mismatch -fallow-argument-mismatch -std=legacy -c cpbrfs.f -o cpbrfs.o
gfortran -fimplicit-none -shared -fPIC -Wno-argument-mismatch -fallow-argument-mismatch -std=legacy -c cpbstf.f -o cpbstf.o
gfortran -fimplicit-none -shared -fPIC -Wno-argument-mismatch -fallow-argument-mismatch -std=legacy -c cpbsv.f -o cpbsv.o
gfortran -fimplicit-none -shared -fPIC -Wno-argument-mismatch -fallow-argument-mismatch -std=legacy -c cpbsvx.f -o cpbsvx.o
gfortran -fimplicit-none -shared -fPIC -Wno-argument-mismatch -fallow-argument-mismatch -std=legacy -c cpbtf2.f -o cpbtf2.o
gfortran -fimplicit-none -shared -fPIC -Wno-argument-mismatch -fallow-argument-mismatch -std=legacy -c cpbtrf.f -o cpbtrf.o
gfortran -fimplicit-none -shared -fPIC -Wno-argument-mismatch -fallow-argument-mismatch -std=legacy -c cpbtrs.f -o cpbtrs.o
gfortran -fimplicit-none -shared -fPIC -Wno-argument-mismatch -fallow-argument-mismatch -std=legacy -c cpocon.f -o cpocon.o
gfortran -fimplicit-none -shared -fPIC -Wno-argument-mismatch -fallow-argument-mismatch -std=legacy -c cpoequ.f -o cpoequ.o
gfortran -fimplicit-none -shared -fPIC -Wno-argument-mismatch -fallow-argument-mismatch -std=legacy -c cporfs.f -o cporfs.o
gfortran -fimplicit-none -shared -fPIC -Wno-argument-mismatch -fallow-argument-mismatch -std=legacy -c cposv.f -o cposv.o
gfortran -fimplicit-none -shared -fPIC -Wno-argument-mismatch -fallow-argument-mismatch -std=legacy -c cposvx.f -o cposvx.o
gfortran -fimplicit-none -shared -fPIC -Wno-argument-mismatch -fallow-argument-mismatch -std=legacy -c cpotf2.f -o cpotf2.o
gfortran -fimplicit-none -shared -fPIC -Wno-argument-mismatch -fallow-argument-mismatch -std=legacy -c cpotri.f -o cpotri.o
gfortran -fimplicit-none -shared -fPIC -Wno-argument-mismatch -fallow-argument-mismatch -std=legacy -c cpstrf.f -o cpstrf.o
gfortran -fimplicit-none -shared -fPIC -Wno-argument-mismatch -fallow-argument-mismatch -std=legacy -c cpstf2.f -o cpstf2.o
gfortran -fimplicit-none -shared -fPIC -Wno-argument-mismatch -fallow-argument-mismatch -std=legacy -c cppcon.f -o cppcon.o
gfortran -fimplicit-none -shared -fPIC -Wno-argument-mismatch -fallow-argument-mismatch -std=legacy -c cppequ.f -o cppequ.o
gfortran -fimplicit-none -shared -fPIC -Wno-argument-mismatch -fallow-argument-mismatch -std=legacy -c cpprfs.f -o cpprfs.o
gfortran -fimplicit-none -shared -fPIC -Wno-argument-mismatch -fallow-argument-mismatch -std=legacy -c cppsv.f -o cppsv.o
gfortran -fimplicit-none -shared -fPIC -Wno-argument-mismatch -fallow-argument-mismatch -std=legacy -c cppsvx.f -o cppsvx.o
gfortran -fimplicit-none -shared -fPIC -Wno-argument-mismatch -fallow-argument-mismatch -std=legacy -c cpptrf.f -o cpptrf.o
gfortran -fimplicit-none -shared -fPIC -Wno-argument-mismatch -fallow-argument-mismatch -std=legacy -c cpptri.f -o cpptri.o
gfortran -fimplicit-none -shared -fPIC -Wno-argument-mismatch -fallow-argument-mismatch -std=legacy -c cpptrs.f -o cpptrs.o
gfortran -fimplicit-none -shared -fPIC -Wno-argument-mismatch -fallow-argument-mismatch -std=legacy -c cptcon.f -o cptcon.o
gfortran -fimplicit-none -shared -fPIC -Wno-argument-mismatch -fallow-argument-mismatch -std=legacy -c cpteqr.f -o cpteqr.o
gfortran -fimplicit-none -shared -fPIC -Wno-argument-mismatch -fallow-argument-mismatch -std=legacy -c cptrfs.f -o cptrfs.o
gfortran -fimplicit-none -shared -fPIC -Wno-argument-mismatch -fallow-argument-mismatch -std=legacy -c cptsv.f -o cptsv.o
gfortran -fimplicit-none -shared -fPIC -Wno-argument-mismatch -fallow-argument-mismatch -std=legacy -c cptsvx.f -o cptsvx.o
gfortran -fimplicit-none -shared -fPIC -Wno-argument-mismatch -fallow-argument-mismatch -std=legacy -c cpttrf.f -o cpttrf.o
gfortran -fimplicit-none -shared -fPIC -Wno-argument-mismatch -fallow-argument-mismatch -std=legacy -c cpttrs.f -o cpttrs.o
gfortran -fimplicit-none -shared -fPIC -Wno-argument-mismatch -fallow-argument-mismatch -std=legacy -c cptts2.f -o cptts2.o
gfortran -fimplicit-none -shared -fPIC -Wno-argument-mismatch -fallow-argument-mismatch -std=legacy -c crot.f -o crot.o
gfortran -fimplicit-none -shared -fPIC -Wno-argument-mismatch -fallow-argument-mismatch -std=legacy -c cspcon.f -o cspcon.o
gfortran -fimplicit-none -shared -fPIC -Wno-argument-mismatch -fallow-argument-mismatch -std=legacy -c cspmv.f -o cspmv.o
gfortran -fimplicit-none -shared -fPIC -Wno-argument-mismatch -fallow-argument-mismatch -std=legacy -c cspr.f -o cspr.o
gfortran -fimplicit-none -shared -fPIC -Wno-argument-mismatch -fallow-argument-mismatch -std=legacy -c csprfs.f -o csprfs.o
gfortran -fimplicit-none -shared -fPIC -Wno-argument-mismatch -fallow-argument-mismatch -std=legacy -c cspsv.f -o cspsv.o
gfortran -fimplicit-none -shared -fPIC -Wno-argument-mismatch -fallow-argument-mismatch -std=legacy -c cspsvx.f -o cspsvx.o
gfortran -fimplicit-none -shared -fPIC -Wno-argument-mismatch -fallow-argument-mismatch -std=legacy -c csptrf.f -o csptrf.o
gfortran -fimplicit-none -shared -fPIC -Wno-argument-mismatch -fallow-argument-mismatch -std=legacy -c csptri.f -o csptri.o
gfortran -fimplicit-none -shared -fPIC -Wno-argument-mismatch -fallow-argument-mismatch -std=legacy -c csptrs.f -o csptrs.o
gfortran -fimplicit-none -shared -fPIC -Wno-argument-mismatch -fallow-argument-mismatch -std=legacy -c csrscl.f -o csrscl.o
gfortran -fimplicit-none -shared -fPIC -Wno-argument-mismatch -fallow-argument-mismatch -std=legacy -c cstedc.f -o cstedc.o
gfortran -fimplicit-none -shared -fPIC -Wno-argument-mismatch -fallow-argument-mismatch -std=legacy -c cstegr.f -o cstegr.o
gfortran -fimplicit-none -shared -fPIC -Wno-argument-mismatch -fallow-argument-mismatch -std=legacy -c cstein.f -o cstein.o
gfortran -fimplicit-none -shared -fPIC -Wno-argument-mismatch -fallow-argument-mismatch -std=legacy -c csteqr.f -o csteqr.o
gfortran -fimplicit-none -shared -fPIC -Wno-argument-mismatch -fallow-argument-mismatch -std=legacy -c csycon.f -o csycon.o
gfortran -fimplicit-none -shared -fPIC -Wno-argument-mismatch -fallow-argument-mismatch -std=legacy -c csymv.f -o csymv.o
gfortran -fimplicit-none -shared -fPIC -Wno-argument-mismatch -fallow-argument-mismatch -std=legacy -c csyr.f -o csyr.o
gfortran -fimplicit-none -shared -fPIC -Wno-argument-mismatch -fallow-argument-mismatch -std=legacy -c csyrfs.f -o csyrfs.o
gfortran -fimplicit-none -shared -fPIC -Wno-argument-mismatch -fallow-argument-mismatch -std=legacy -c csysv.f -o csysv.o
gfortran -fimplicit-none -shared -fPIC -Wno-argument-mismatch -fallow-argument-mismatch -std=legacy -c csysvx.f -o csysvx.o
gfortran -fimplicit-none -shared -fPIC -Wno-argument-mismatch -fallow-argument-mismatch -std=legacy -c csytf2.f -o csytf2.o
gfortran -fimplicit-none -shared -fPIC -Wno-argument-mismatch -fallow-argument-mismatch -std=legacy -c csytrf.f -o csytrf.o
gfortran -fimplicit-none -shared -fPIC -Wno-argument-mismatch -fallow-argument-mismatch -std=legacy -c csytri.f -o csytri.o
gfortran -fimplicit-none -shared -fPIC -Wno-argument-mismatch -fallow-argument-mismatch -std=legacy -c csytri2.f -o csytri2.o
gfortran -fimplicit-none -shared -fPIC -Wno-argument-mismatch -fallow-argument-mismatch -std=legacy -c csytri2x.f -o csytri2x.o
gfortran -fimplicit-none -shared -fPIC -Wno-argument-mismatch -fallow-argument-mismatch -std=legacy -c csyswapr.f -o csyswapr.o
gfortran -fimplicit-none -shared -fPIC -Wno-argument-mismatch -fallow-argument-mismatch -std=legacy -c csytrs.f -o csytrs.o
gfortran -fimplicit-none -shared -fPIC -Wno-argument-mismatch -fallow-argument-mismatch -std=legacy -c csytrs2.f -o csytrs2.o
gfortran -fimplicit-none -shared -fPIC -Wno-argument-mismatch -fallow-argument-mismatch -std=legacy -c csyconv.f -o csyconv.o
gfortran -fimplicit-none -shared -fPIC -Wno-argument-mismatch -fallow-argument-mismatch -std=legacy -c ctbcon.f -o ctbcon.o
gfortran -fimplicit-none -shared -fPIC -Wno-argument-mismatch -fallow-argument-mismatch -std=legacy -c ctbrfs.f -o ctbrfs.o
gfortran -fimplicit-none -shared -fPIC -Wno-argument-mismatch -fallow-argument-mismatch -std=legacy -c ctbtrs.f -o ctbtrs.o
gfortran -fimplicit-none -shared -fPIC -Wno-argument-mismatch -fallow-argument-mismatch -std=legacy -c ctgevc.f -o ctgevc.o
gfortran -fimplicit-none -shared -fPIC -Wno-argument-mismatch -fallow-argument-mismatch -std=legacy -c ctgex2.f -o ctgex2.o
gfortran -fimplicit-none -shared -fPIC -Wno-argument-mismatch -fallow-argument-mismatch -std=legacy -c ctgexc.f -o ctgexc.o
gfortran -fimplicit-none -shared -fPIC -Wno-argument-mismatch -fallow-argument-mismatch -std=legacy -c ctgsen.f -o ctgsen.o
gfortran -fimplicit-none -shared -fPIC -Wno-argument-mismatch -fallow-argument-mismatch -std=legacy -c ctgsja.f -o ctgsja.o
gfortran -fimplicit-none -shared -fPIC -Wno-argument-mismatch -fallow-argument-mismatch -std=legacy -c ctgsna.f -o ctgsna.o
gfortran -fimplicit-none -shared -fPIC -Wno-argument-mismatch -fallow-argument-mismatch -std=legacy -c ctgsy2.f -o ctgsy2.o
gfortran -fimplicit-none -shared -fPIC -Wno-argument-mismatch -fallow-argument-mismatch -std=legacy -c ctgsyl.f -o ctgsyl.o
gfortran -fimplicit-none -shared -fPIC -Wno-argument-mismatch -fallow-argument-mismatch -std=legacy -c ctpcon.f -o ctpcon.o
gfortran -fimplicit-none -shared -fPIC -Wno-argument-mismatch -fallow-argument-mismatch -std=legacy -c ctprfs.f -o ctprfs.o
gfortran -fimplicit-none -shared -fPIC -Wno-argument-mismatch -fallow-argument-mismatch -std=legacy -c ctptri.f -o ctptri.o
gfortran -fimplicit-none -shared -fPIC -Wno-argument-mismatch -fallow-argument-mismatch -std=legacy -c ctptrs.f -o ctptrs.o
gfortran -fimplicit-none -shared -fPIC -Wno-argument-mismatch -fallow-argument-mismatch -std=legacy -c ctrcon.f -o ctrcon.o
gfortran -fimplicit-none -shared -fPIC -Wno-argument-mismatch -fallow-argument-mismatch -std=legacy -c ctrevc.f -o ctrevc.o
gfortran -fimplicit-none -shared -fPIC -Wno-argument-mismatch -fallow-argument-mismatch -std=legacy -c ctrexc.f -o ctrexc.o
gfortran -fimplicit-none -shared -fPIC -Wno-argument-mismatch -fallow-argument-mismatch -std=legacy -c ctrrfs.f -o ctrrfs.o
gfortran -fimplicit-none -shared -fPIC -Wno-argument-mismatch -fallow-argument-mismatch -std=legacy -c ctrsen.f -o ctrsen.o
gfortran -fimplicit-none -shared -fPIC -Wno-argument-mismatch -fallow-argument-mismatch -std=legacy -c ctrsna.f -o ctrsna.o
gfortran -fimplicit-none -shared -fPIC -Wno-argument-mismatch -fallow-argument-mismatch -std=legacy -c ctrsyl.f -o ctrsyl.o
gfortran -fimplicit-none -shared -fPIC -Wno-argument-mismatch -fallow-argument-mismatch -std=legacy -c ctrti2.f -o ctrti2.o
gfortran -fimplicit-none -shared -fPIC -Wno-argument-mismatch -fallow-argument-mismatch -std=legacy -c ctrtri.f -o ctrtri.o
gfortran -fimplicit-none -shared -fPIC -Wno-argument-mismatch -fallow-argument-mismatch -std=legacy -c ctrtrs.f -o ctrtrs.o
gfortran -fimplicit-none -shared -fPIC -Wno-argument-mismatch -fallow-argument-mismatch -std=legacy -c ctzrqf.f -o ctzrqf.o
gfortran -fimplicit-none -shared -fPIC -Wno-argument-mismatch -fallow-argument-mismatch -std=legacy -c ctzrzf.f -o ctzrzf.o
gfortran -fimplicit-none -shared -fPIC -Wno-argument-mismatch -fallow-argument-mismatch -std=legacy -c cung2l.f -o cung2l.o
gfortran -fimplicit-none -shared -fPIC -Wno-argument-mismatch -fallow-argument-mismatch -std=legacy -c cung2r.f -o cung2r.o
gfortran -fimplicit-none -shared -fPIC -Wno-argument-mismatch -fallow-argument-mismatch -std=legacy -c cungbr.f -o cungbr.o
gfortran -fimplicit-none -shared -fPIC -Wno-argument-mismatch -fallow-argument-mismatch -std=legacy -c cunghr.f -o cunghr.o
gfortran -fimplicit-none -shared -fPIC -Wno-argument-mismatch -fallow-argument-mismatch -std=legacy -c cungl2.f -o cungl2.o
gfortran -fimplicit-none -shared -fPIC -Wno-argument-mismatch -fallow-argument-mismatch -std=legacy -c cunglq.f -o cunglq.o
gfortran -fimplicit-none -shared -fPIC -Wno-argument-mismatch -fallow-argument-mismatch -std=legacy -c cungql.f -o cungql.o
gfortran -fimplicit-none -shared -fPIC -Wno-argument-mismatch -fallow-argument-mismatch -std=legacy -c cungqr.f -o cungqr.o
gfortran -fimplicit-none -shared -fPIC -Wno-argument-mismatch -fallow-argument-mismatch -std=legacy -c cungr2.f -o cungr2.o
gfortran -fimplicit-none -shared -fPIC -Wno-argument-mismatch -fallow-argument-mismatch -std=legacy -c cungrq.f -o cungrq.o
gfortran -fimplicit-none -shared -fPIC -Wno-argument-mismatch -fallow-argument-mismatch -std=legacy -c cungtr.f -o cungtr.o
gfortran -fimplicit-none -shared -fPIC -Wno-argument-mismatch -fallow-argument-mismatch -std=legacy -c cunm2l.f -o cunm2l.o
gfortran -fimplicit-none -shared -fPIC -Wno-argument-mismatch -fallow-argument-mismatch -std=legacy -c cunm2r.f -o cunm2r.o
gfortran -fimplicit-none -shared -fPIC -Wno-argument-mismatch -fallow-argument-mismatch -std=legacy -c cunmbr.f -o cunmbr.o
gfortran -fimplicit-none -shared -fPIC -Wno-argument-mismatch -fallow-argument-mismatch -std=legacy -c cunmhr.f -o cunmhr.o
gfortran -fimplicit-none -shared -fPIC -Wno-argument-mismatch -fallow-argument-mismatch -std=legacy -c cunml2.f -o cunml2.o
gfortran -fimplicit-none -shared -fPIC -Wno-argument-mismatch -fallow-argument-mismatch -std=legacy -c cunmlq.f -o cunmlq.o
gfortran -fimplicit-none -shared -fPIC -Wno-argument-mismatch -fallow-argument-mismatch -std=legacy -c cunmql.f -o cunmql.o
gfortran -fimplicit-none -shared -fPIC -Wno-argument-mismatch -fallow-argument-mismatch -std=legacy -c cunmqr.f -o cunmqr.o
gfortran -fimplicit-none -shared -fPIC -Wno-argument-mismatch -fallow-argument-mismatch -std=legacy -c cunmr2.f -o cunmr2.o
gfortran -fimplicit-none -shared -fPIC -Wno-argument-mismatch -fallow-argument-mismatch -std=legacy -c cunmr3.f -o cunmr3.o
gfortran -fimplicit-none -shared -fPIC -Wno-argument-mismatch -fallow-argument-mismatch -std=legacy -c cunmrq.f -o cunmrq.o
gfortran -fimplicit-none -shared -fPIC -Wno-argument-mismatch -fallow-argument-mismatch -std=legacy -c cunmrz.f -o cunmrz.o
gfortran -fimplicit-none -shared -fPIC -Wno-argument-mismatch -fallow-argument-mismatch -std=legacy -c cunmtr.f -o cunmtr.o
gfortran -fimplicit-none -shared -fPIC -Wno-argument-mismatch -fallow-argument-mismatch -std=legacy -c cupgtr.f -o cupgtr.o
gfortran -fimplicit-none -shared -fPIC -Wno-argument-mismatch -fallow-argument-mismatch -std=legacy -c cupmtr.f -o cupmtr.o
gfortran -fimplicit-none -shared -fPIC -Wno-argument-mismatch -fallow-argument-mismatch -std=legacy -c icmax1.f -o icmax1.o
gfortran -fimplicit-none -shared -fPIC -Wno-argument-mismatch -fallow-argument-mismatch -std=legacy -c scsum1.f -o scsum1.o
gfortran -fimplicit-none -shared -fPIC -Wno-argument-mismatch -fallow-argument-mismatch -std=legacy -c cstemr.f -o cstemr.o
gfortran -fimplicit-none -shared -fPIC -Wno-argument-mismatch -fallow-argument-mismatch -std=legacy -c chfrk.f -o chfrk.o
gfortran -fimplicit-none -shared -fPIC -Wno-argument-mismatch -fallow-argument-mismatch -std=legacy -c ctfttp.f -o ctfttp.o
gfortran -fimplicit-none -shared -fPIC -Wno-argument-mismatch -fallow-argument-mismatch -std=legacy -c clanhf.f -o clanhf.o
gfortran -fimplicit-none -shared -fPIC -Wno-argument-mismatch -fallow-argument-mismatch -std=legacy -c cpftrf.f -o cpftrf.o
gfortran -fimplicit-none -shared -fPIC -Wno-argument-mismatch -fallow-argument-mismatch -std=legacy -c cpftri.f -o cpftri.o
gfortran -fimplicit-none -shared -fPIC -Wno-argument-mismatch -fallow-argument-mismatch -std=legacy -c cpftrs.f -o cpftrs.o
gfortran -fimplicit-none -shared -fPIC -Wno-argument-mismatch -fallow-argument-mismatch -std=legacy -c ctfsm.f -o ctfsm.o
gfortran -fimplicit-none -shared -fPIC -Wno-argument-mismatch -fallow-argument-mismatch -std=legacy -c ctftri.f -o ctftri.o
gfortran -fimplicit-none -shared -fPIC -Wno-argument-mismatch -fallow-argument-mismatch -std=legacy -c ctfttr.f -o ctfttr.o
gfortran -fimplicit-none -shared -fPIC -Wno-argument-mismatch -fallow-argument-mismatch -std=legacy -c ctpttf.f -o ctpttf.o
gfortran -fimplicit-none -shared -fPIC -Wno-argument-mismatch -fallow-argument-mismatch -std=legacy -c ctpttr.f -o ctpttr.o
gfortran -fimplicit-none -shared -fPIC -Wno-argument-mismatch -fallow-argument-mismatch -std=legacy -c ctrttf.f -o ctrttf.o
gfortran -fimplicit-none -shared -fPIC -Wno-argument-mismatch -fallow-argument-mismatch -std=legacy -c ctrttp.f -o ctrttp.o
gfortran -fimplicit-none -shared -fPIC -Wno-argument-mismatch -fallow-argument-mismatch -std=legacy -c cgeequb.f -o cgeequb.o
gfortran -fimplicit-none -shared -fPIC -Wno-argument-mismatch -fallow-argument-mismatch -std=legacy -c cgbequb.f -o cgbequb.o
gfortran -fimplicit-none -shared -fPIC -Wno-argument-mismatch -fallow-argument-mismatch -std=legacy -c csyequb.f -o csyequb.o
gfortran -fimplicit-none -shared -fPIC -Wno-argument-mismatch -fallow-argument-mismatch -std=legacy -c cpoequb.f -o cpoequb.o
gfortran -fimplicit-none -shared -fPIC -Wno-argument-mismatch -fallow-argument-mismatch -std=legacy -c cheequb.f -o cheequb.o
gfortran -fimplicit-none -shared -fPIC -Wno-argument-mismatch -fallow-argument-mismatch -std=legacy -c cbbcsd.f -o cbbcsd.o
gfortran -fimplicit-none -shared -fPIC -Wno-argument-mismatch -fallow-argument-mismatch -std=legacy -c clapmr.f -o clapmr.o
gfortran -fimplicit-none -shared -fPIC -Wno-argument-mismatch -fallow-argument-mismatch -std=legacy -c cunbdb.f -o cunbdb.o
gfortran -fimplicit-none -shared -fPIC -Wno-argument-mismatch -fallow-argument-mismatch -std=legacy -c cuncsd.f -o cuncsd.o
cuncsd.f:360:38:

  324 |      $                X21, LDX21, X22, LDX22, 0, 0, 0, 0, 0, 0, WORK,
      |                                              2
......
  360 |      $             LDX21, X22, LDX22, THETA, RWORK(IPHI), WORK(ITAUP1),
      |                                      1
Warning: Type mismatch between actual argument at (1) and actual argument at (2) (REAL(4)/INTEGER(4)).
cuncsd.f:360:45:

  324 |      $                X21, LDX21, X22, LDX22, 0, 0, 0, 0, 0, 0, WORK,
      |                                                 2
......
  360 |      $             LDX21, X22, LDX22, THETA, RWORK(IPHI), WORK(ITAUP1),
      |                                             1
Warning: Type mismatch between actual argument at (1) and actual argument at (2) (REAL(4)/INTEGER(4)).
cuncsd.f:360:58:

  324 |      $                X21, LDX21, X22, LDX22, 0, 0, 0, 0, 0, 0, WORK,
      |                                                    2      
......
  360 |      $             LDX21, X22, LDX22, THETA, RWORK(IPHI), WORK(ITAUP1),
      |                                                          1
Warning: Type mismatch between actual argument at (1) and actual argument at (2) (COMPLEX(4)/INTEGER(4)).
cuncsd.f:361:19:

  324 |      $                X21, LDX21, X22, LDX22, 0, 0, 0, 0, 0, 0, WORK,
      |                                                       2
......
  361 |      $             WORK(ITAUP2), WORK(ITAUQ1), WORK(ITAUQ2),
      |                   1
Warning: Type mismatch between actual argument at (1) and actual argument at (2) (COMPLEX(4)/INTEGER(4)).
cuncsd.f:361:33:

  324 |      $                X21, LDX21, X22, LDX22, 0, 0, 0, 0, 0, 0, WORK,
      |                                                          2
......
  361 |      $             WORK(ITAUP2), WORK(ITAUQ1), WORK(ITAUQ2),
      |                                 1
Warning: Type mismatch between actual argument at (1) and actual argument at (2) (COMPLEX(4)/INTEGER(4)).
cuncsd.f:361:47:

  324 |      $                X21, LDX21, X22, LDX22, 0, 0, 0, 0, 0, 0, WORK,
      |                                                             2
......
  361 |      $             WORK(ITAUP2), WORK(ITAUQ1), WORK(ITAUQ2),
      |                                               1
Warning: Type mismatch between actual argument at (1) and actual argument at (2) (COMPLEX(4)/INTEGER(4)).
cuncsd.f:369:34:

  313 |          CALL CUNGQR( M-Q, M-Q, M-Q, 0, MAX(1,M-Q), 0, WORK, -1,
      |                                     2
......
  369 |             CALL CUNGQR( P, P, Q, U1, LDU1, WORK(ITAUP1), WORK(IORGQR),
      |                                  1
Warning: Type mismatch between actual argument at (1) and actual argument at (2) (COMPLEX(4)/INTEGER(4)).
cuncsd.f:369:44:

  313 |          CALL CUNGQR( M-Q, M-Q, M-Q, 0, MAX(1,M-Q), 0, WORK, -1,
      |                                                    2
......
  369 |             CALL CUNGQR( P, P, Q, U1, LDU1, WORK(ITAUP1), WORK(IORGQR),
      |                                            1
Warning: Type mismatch between actual argument at (1) and actual argument at (2) (COMPLEX(4)/INTEGER(4)).
cuncsd.f:385:40:

  318 |          CALL CUNGLQ( M-Q, M-Q, M-Q, 0, MAX(1,M-Q), 0, WORK, -1,
      |                                     2   
......
  385 |             CALL CUNGLQ( Q-1, Q-1, Q-1, V1T(2,2), LDV1T, WORK(ITAUQ1),
      |                                        1
Warning: Type mismatch between actual argument at (1) and actual argument at (2) (COMPLEX(4)/INTEGER(4)).
cuncsd.f:385:57:

  318 |          CALL CUNGLQ( M-Q, M-Q, M-Q, 0, MAX(1,M-Q), 0, WORK, -1,
      |                                                    2     
......
  385 |             CALL CUNGLQ( Q-1, Q-1, Q-1, V1T(2,2), LDV1T, WORK(ITAUQ1),
      |                                                         1
Warning: Type mismatch between actual argument at (1) and actual argument at (2) (COMPLEX(4)/INTEGER(4)).
cuncsd.f:428:65:

  297 |          CALL CBBCSD( JOBU1, JOBU2, JOBV1T, JOBV2T, TRANS, M, P, Q, 0,
      |                                                                    2
......
  428 |       CALL CBBCSD( JOBU1, JOBU2, JOBV1T, JOBV2T, TRANS, M, P, Q, THETA,
      |                                                                 1
Warning: Type mismatch between actual argument at (1) and actual argument at (2) (REAL(4)/INTEGER(4)).
cuncsd.f:429:19:

  298 |      $                0, U1, LDU1, U2, LDU2, V1T, LDV1T, V2T, LDV2T, 0,
      |                      2
......
  429 |      $             RWORK(IPHI), U1, LDU1, U2, LDU2, V1T, LDV1T, V2T,
      |                   1
Warning: Type mismatch between actual argument at (1) and actual argument at (2) (REAL(4)/INTEGER(4)).
cuncsd.f:430:26:

  298 |      $                0, U1, LDU1, U2, LDU2, V1T, LDV1T, V2T, LDV2T, 0,
      |                                                                     2
......
  430 |      $             LDV2T, RWORK(IB11D), RWORK(IB11E), RWORK(IB12D),
      |                          1
Warning: Type mismatch between actual argument at (1) and actual argument at (2) (REAL(4)/INTEGER(4)).
cuncsd.f:430:40:

  299 |      $                0, 0, 0, 0, 0, 0, 0, RWORK, -1, CHILDINFO )
      |                      2                  
......
  430 |      $             LDV2T, RWORK(IB11D), RWORK(IB11E), RWORK(IB12D),
      |                                        1
Warning: Type mismatch between actual argument at (1) and actual argument at (2) (REAL(4)/INTEGER(4)).
cuncsd.f:430:54:

  299 |      $                0, 0, 0, 0, 0, 0, 0, RWORK, -1, CHILDINFO )
      |                         2                             
......
  430 |      $             LDV2T, RWORK(IB11D), RWORK(IB11E), RWORK(IB12D),
      |                                                      1
Warning: Type mismatch between actual argument at (1) and actual argument at (2) (REAL(4)/INTEGER(4)).
cuncsd.f:431:19:

  299 |      $                0, 0, 0, 0, 0, 0, 0, RWORK, -1, CHILDINFO )
      |                            2
......
  431 |      $             RWORK(IB12E), RWORK(IB21D), RWORK(IB21E),
      |                   1
Warning: Type mismatch between actual argument at (1) and actual argument at (2) (REAL(4)/INTEGER(4)).
cuncsd.f:431:33:

  299 |      $                0, 0, 0, 0, 0, 0, 0, RWORK, -1, CHILDINFO )
      |                               2  
......
  431 |      $             RWORK(IB12E), RWORK(IB21D), RWORK(IB21E),
      |                                 1
Warning: Type mismatch between actual argument at (1) and actual argument at (2) (REAL(4)/INTEGER(4)).
cuncsd.f:431:47:

  299 |      $                0, 0, 0, 0, 0, 0, 0, RWORK, -1, CHILDINFO )
      |                                  2             
......
  431 |      $             RWORK(IB12E), RWORK(IB21D), RWORK(IB21E),
      |                                               1
Warning: Type mismatch between actual argument at (1) and actual argument at (2) (REAL(4)/INTEGER(4)).
cuncsd.f:432:19:

  299 |      $                0, 0, 0, 0, 0, 0, 0, RWORK, -1, CHILDINFO )
      |                                     2
......
  432 |      $             RWORK(IB22D), RWORK(IB22E), RWORK(IBBCSD),
      |                   1
Warning: Type mismatch between actual argument at (1) and actual argument at (2) (REAL(4)/INTEGER(4)).
cuncsd.f:432:33:

  299 |      $                0, 0, 0, 0, 0, 0, 0, RWORK, -1, CHILDINFO )
      |                                        2
......
  432 |      $             RWORK(IB22D), RWORK(IB22E), RWORK(IBBCSD),
      |                                 1
Warning: Type mismatch between actual argument at (1) and actual argument at (2) (REAL(4)/INTEGER(4)).
gfortran -fimplicit-none -shared -fPIC -Wno-argument-mismatch -fallow-argument-mismatch -std=legacy -c zbdsqr.f -o zbdsqr.o
gfortran -fimplicit-none -shared -fPIC -Wno-argument-mismatch -fallow-argument-mismatch -std=legacy -c zgbbrd.f -o zgbbrd.o
gfortran -fimplicit-none -shared -fPIC -Wno-argument-mismatch -fallow-argument-mismatch -std=legacy -c zgbcon.f -o zgbcon.o
gfortran -fimplicit-none -shared -fPIC -Wno-argument-mismatch -fallow-argument-mismatch -std=legacy -c zgbequ.f -o zgbequ.o
gfortran -fimplicit-none -shared -fPIC -Wno-argument-mismatch -fallow-argument-mismatch -std=legacy -c zgbrfs.f -o zgbrfs.o
gfortran -fimplicit-none -shared -fPIC -Wno-argument-mismatch -fallow-argument-mismatch -std=legacy -c zgbsv.f -o zgbsv.o
gfortran -fimplicit-none -shared -fPIC -Wno-argument-mismatch -fallow-argument-mismatch -std=legacy -c zgbsvx.f -o zgbsvx.o
gfortran -fimplicit-none -shared -fPIC -Wno-argument-mismatch -fallow-argument-mismatch -std=legacy -c zgbtf2.f -o zgbtf2.o
gfortran -fimplicit-none -shared -fPIC -Wno-argument-mismatch -fallow-argument-mismatch -std=legacy -c zgbtrf.f -o zgbtrf.o
gfortran -fimplicit-none -shared -fPIC -Wno-argument-mismatch -fallow-argument-mismatch -std=legacy -c zgbtrs.f -o zgbtrs.o
gfortran -fimplicit-none -shared -fPIC -Wno-argument-mismatch -fallow-argument-mismatch -std=legacy -c zgebak.f -o zgebak.o
gfortran -fimplicit-none -shared -fPIC -Wno-argument-mismatch -fallow-argument-mismatch -std=legacy -c zgebal.f -o zgebal.o
gfortran -fimplicit-none -shared -fPIC -Wno-argument-mismatch -fallow-argument-mismatch -std=legacy -c zgebd2.f -o zgebd2.o
gfortran -fimplicit-none -shared -fPIC -Wno-argument-mismatch -fallow-argument-mismatch -std=legacy -c zgebrd.f -o zgebrd.o
gfortran -fimplicit-none -shared -fPIC -Wno-argument-mismatch -fallow-argument-mismatch -std=legacy -c zgecon.f -o zgecon.o
gfortran -fimplicit-none -shared -fPIC -Wno-argument-mismatch -fallow-argument-mismatch -std=legacy -c zgeequ.f -o zgeequ.o
gfortran -fimplicit-none -shared -fPIC -Wno-argument-mismatch -fallow-argument-mismatch -std=legacy -c zgees.f -o zgees.o
gfortran -fimplicit-none -shared -fPIC -Wno-argument-mismatch -fallow-argument-mismatch -std=legacy -c zgeesx.f -o zgeesx.o
gfortran -fimplicit-none -shared -fPIC -Wno-argument-mismatch -fallow-argument-mismatch -std=legacy -c zgeev.f -o zgeev.o
gfortran -fimplicit-none -shared -fPIC -Wno-argument-mismatch -fallow-argument-mismatch -std=legacy -c zgeevx.f -o zgeevx.o
gfortran -fimplicit-none -shared -fPIC -Wno-argument-mismatch -fallow-argument-mismatch -std=legacy -c zgegs.f -o zgegs.o
gfortran -fimplicit-none -shared -fPIC -Wno-argument-mismatch -fallow-argument-mismatch -std=legacy -c zgegv.f -o zgegv.o
gfortran -fimplicit-none -shared -fPIC -Wno-argument-mismatch -fallow-argument-mismatch -std=legacy -c zgehd2.f -o zgehd2.o
gfortran -fimplicit-none -shared -fPIC -Wno-argument-mismatch -fallow-argument-mismatch -std=legacy -c zgehrd.f -o zgehrd.o
gfortran -fimplicit-none -shared -fPIC -Wno-argument-mismatch -fallow-argument-mismatch -std=legacy -c zgelq2.f -o zgelq2.o
gfortran -fimplicit-none -shared -fPIC -Wno-argument-mismatch -fallow-argument-mismatch -std=legacy -c zgelqf.f -o zgelqf.o
gfortran -fimplicit-none -shared -fPIC -Wno-argument-mismatch -fallow-argument-mismatch -std=legacy -c zgels.f -o zgels.o
gfortran -fimplicit-none -shared -fPIC -Wno-argument-mismatch -fallow-argument-mismatch -std=legacy -c zgelsd.f -o zgelsd.o
gfortran -fimplicit-none -shared -fPIC -Wno-argument-mismatch -fallow-argument-mismatch -std=legacy -c zgelss.f -o zgelss.o
gfortran -fimplicit-none -shared -fPIC -Wno-argument-mismatch -fallow-argument-mismatch -std=legacy -c zgelsx.f -o zgelsx.o
gfortran -fimplicit-none -shared -fPIC -Wno-argument-mismatch -fallow-argument-mismatch -std=legacy -c zgelsy.f -o zgelsy.o
gfortran -fimplicit-none -shared -fPIC -Wno-argument-mismatch -fallow-argument-mismatch -std=legacy -c zgeql2.f -o zgeql2.o
gfortran -fimplicit-none -shared -fPIC -Wno-argument-mismatch -fallow-argument-mismatch -std=legacy -c zgeqlf.f -o zgeqlf.o
gfortran -fimplicit-none -shared -fPIC -Wno-argument-mismatch -fallow-argument-mismatch -std=legacy -c zgeqp3.f -o zgeqp3.o
gfortran -fimplicit-none -shared -fPIC -Wno-argument-mismatch -fallow-argument-mismatch -std=legacy -c zgeqpf.f -o zgeqpf.o
gfortran -fimplicit-none -shared -fPIC -Wno-argument-mismatch -fallow-argument-mismatch -std=legacy -c zgeqr2.f -o zgeqr2.o
gfortran -fimplicit-none -shared -fPIC -Wno-argument-mismatch -fallow-argument-mismatch -std=legacy -c zgeqr2p.f -o zgeqr2p.o
gfortran -fimplicit-none -shared -fPIC -Wno-argument-mismatch -fallow-argument-mismatch -std=legacy -c zgeqrf.f -o zgeqrf.o
gfortran -fimplicit-none -shared -fPIC -Wno-argument-mismatch -fallow-argument-mismatch -std=legacy -c zgeqrfp.f -o zgeqrfp.o
gfortran -fimplicit-none -shared -fPIC -Wno-argument-mismatch -fallow-argument-mismatch -std=legacy -c zgerfs.f -o zgerfs.o
gfortran -fimplicit-none -shared -fPIC -Wno-argument-mismatch -fallow-argument-mismatch -std=legacy -c zgerq2.f -o zgerq2.o
gfortran -fimplicit-none -shared -fPIC -Wno-argument-mismatch -fallow-argument-mismatch -std=legacy -c zgerqf.f -o zgerqf.o
gfortran -fimplicit-none -shared -fPIC -Wno-argument-mismatch -fallow-argument-mismatch -std=legacy -c zgesc2.f -o zgesc2.o
gfortran -fimplicit-none -shared -fPIC -Wno-argument-mismatch -fallow-argument-mismatch -std=legacy -c zgesdd.f -o zgesdd.o
gfortran -fimplicit-none -shared -fPIC -Wno-argument-mismatch -fallow-argument-mismatch -std=legacy -c zgesv.f -o zgesv.o
gfortran -fimplicit-none -shared -fPIC -Wno-argument-mismatch -fallow-argument-mismatch -std=legacy -c zgesvd.f -o zgesvd.o
gfortran -fimplicit-none -shared -fPIC -Wno-argument-mismatch -fallow-argument-mismatch -std=legacy -c zgesvx.f -o zgesvx.o
gfortran -fimplicit-none -shared -fPIC -Wno-argument-mismatch -fallow-argument-mismatch -std=legacy -c zgetc2.f -o zgetc2.o
gfortran -fimplicit-none -shared -fPIC -Wno-argument-mismatch -fallow-argument-mismatch -std=legacy -c zgetf2.f -o zgetf2.o
gfortran -fimplicit-none -shared -fPIC -Wno-argument-mismatch -fallow-argument-mismatch -std=legacy -c zgetrf.f -o zgetrf.o
gfortran -fimplicit-none -shared -fPIC -Wno-argument-mismatch -fallow-argument-mismatch -std=legacy -c zgetri.f -o zgetri.o
gfortran -fimplicit-none -shared -fPIC -Wno-argument-mismatch -fallow-argument-mismatch -std=legacy -c zgetrs.f -o zgetrs.o
gfortran -fimplicit-none -shared -fPIC -Wno-argument-mismatch -fallow-argument-mismatch -std=legacy -c zggbak.f -o zggbak.o
gfortran -fimplicit-none -shared -fPIC -Wno-argument-mismatch -fallow-argument-mismatch -std=legacy -c zggbal.f -o zggbal.o
gfortran -fimplicit-none -shared -fPIC -Wno-argument-mismatch -fallow-argument-mismatch -std=legacy -c zgges.f -o zgges.o
gfortran -fimplicit-none -shared -fPIC -Wno-argument-mismatch -fallow-argument-mismatch -std=legacy -c zggesx.f -o zggesx.o
gfortran -fimplicit-none -shared -fPIC -Wno-argument-mismatch -fallow-argument-mismatch -std=legacy -c zggev.f -o zggev.o
gfortran -fimplicit-none -shared -fPIC -Wno-argument-mismatch -fallow-argument-mismatch -std=legacy -c zggevx.f -o zggevx.o
gfortran -fimplicit-none -shared -fPIC -Wno-argument-mismatch -fallow-argument-mismatch -std=legacy -c zggglm.f -o zggglm.o
gfortran -fimplicit-none -shared -fPIC -Wno-argument-mismatch -fallow-argument-mismatch -std=legacy -c zgghrd.f -o zgghrd.o
gfortran -fimplicit-none -shared -fPIC -Wno-argument-mismatch -fallow-argument-mismatch -std=legacy -c zgglse.f -o zgglse.o
gfortran -fimplicit-none -shared -fPIC -Wno-argument-mismatch -fallow-argument-mismatch -std=legacy -c zggqrf.f -o zggqrf.o
gfortran -fimplicit-none -shared -fPIC -Wno-argument-mismatch -fallow-argument-mismatch -std=legacy -c zggrqf.f -o zggrqf.o
gfortran -fimplicit-none -shared -fPIC -Wno-argument-mismatch -fallow-argument-mismatch -std=legacy -c zggsvd.f -o zggsvd.o
gfortran -fimplicit-none -shared -fPIC -Wno-argument-mismatch -fallow-argument-mismatch -std=legacy -c zggsvp.f -o zggsvp.o
gfortran -fimplicit-none -shared -fPIC -Wno-argument-mismatch -fallow-argument-mismatch -std=legacy -c zgtcon.f -o zgtcon.o
gfortran -fimplicit-none -shared -fPIC -Wno-argument-mismatch -fallow-argument-mismatch -std=legacy -c zgtrfs.f -o zgtrfs.o
gfortran -fimplicit-none -shared -fPIC -Wno-argument-mismatch -fallow-argument-mismatch -std=legacy -c zgtsv.f -o zgtsv.o
gfortran -fimplicit-none -shared -fPIC -Wno-argument-mismatch -fallow-argument-mismatch -std=legacy -c zgtsvx.f -o zgtsvx.o
gfortran -fimplicit-none -shared -fPIC -Wno-argument-mismatch -fallow-argument-mismatch -std=legacy -c zgttrf.f -o zgttrf.o
gfortran -fimplicit-none -shared -fPIC -Wno-argument-mismatch -fallow-argument-mismatch -std=legacy -c zgttrs.f -o zgttrs.o
gfortran -fimplicit-none -shared -fPIC -Wno-argument-mismatch -fallow-argument-mismatch -std=legacy -c zgtts2.f -o zgtts2.o
gfortran -fimplicit-none -shared -fPIC -Wno-argument-mismatch -fallow-argument-mismatch -std=legacy -c zhbev.f -o zhbev.o
gfortran -fimplicit-none -shared -fPIC -Wno-argument-mismatch -fallow-argument-mismatch -std=legacy -c zhbevd.f -o zhbevd.o
gfortran -fimplicit-none -shared -fPIC -Wno-argument-mismatch -fallow-argument-mismatch -std=legacy -c zhbevx.f -o zhbevx.o
gfortran -fimplicit-none -shared -fPIC -Wno-argument-mismatch -fallow-argument-mismatch -std=legacy -c zhbgst.f -o zhbgst.o
gfortran -fimplicit-none -shared -fPIC -Wno-argument-mismatch -fallow-argument-mismatch -std=legacy -c zhbgv.f -o zhbgv.o
gfortran -fimplicit-none -shared -fPIC -Wno-argument-mismatch -fallow-argument-mismatch -std=legacy -c zhbgvd.f -o zhbgvd.o
gfortran -fimplicit-none -shared -fPIC -Wno-argument-mismatch -fallow-argument-mismatch -std=legacy -c zhbgvx.f -o zhbgvx.o
gfortran -fimplicit-none -shared -fPIC -Wno-argument-mismatch -fallow-argument-mismatch -std=legacy -c zhbtrd.f -o zhbtrd.o
gfortran -fimplicit-none -shared -fPIC -Wno-argument-mismatch -fallow-argument-mismatch -std=legacy -c zhecon.f -o zhecon.o
gfortran -fimplicit-none -shared -fPIC -Wno-argument-mismatch -fallow-argument-mismatch -std=legacy -c zheev.f -o zheev.o
gfortran -fimplicit-none -shared -fPIC -Wno-argument-mismatch -fallow-argument-mismatch -std=legacy -c zheevd.f -o zheevd.o
gfortran -fimplicit-none -shared -fPIC -Wno-argument-mismatch -fallow-argument-mismatch -std=legacy -c zheevr.f -o zheevr.o
gfortran -fimplicit-none -shared -fPIC -Wno-argument-mismatch -fallow-argument-mismatch -std=legacy -c zheevx.f -o zheevx.o
gfortran -fimplicit-none -shared -fPIC -Wno-argument-mismatch -fallow-argument-mismatch -std=legacy -c zhegs2.f -o zhegs2.o
gfortran -fimplicit-none -shared -fPIC -Wno-argument-mismatch -fallow-argument-mismatch -std=legacy -c zhegst.f -o zhegst.o
gfortran -fimplicit-none -shared -fPIC -Wno-argument-mismatch -fallow-argument-mismatch -std=legacy -c zhegv.f -o zhegv.o
gfortran -fimplicit-none -shared -fPIC -Wno-argument-mismatch -fallow-argument-mismatch -std=legacy -c zhegvd.f -o zhegvd.o
gfortran -fimplicit-none -shared -fPIC -Wno-argument-mismatch -fallow-argument-mismatch -std=legacy -c zhegvx.f -o zhegvx.o
gfortran -fimplicit-none -shared -fPIC -Wno-argument-mismatch -fallow-argument-mismatch -std=legacy -c zherfs.f -o zherfs.o
gfortran -fimplicit-none -shared -fPIC -Wno-argument-mismatch -fallow-argument-mismatch -std=legacy -c zhesv.f -o zhesv.o
gfortran -fimplicit-none -shared -fPIC -Wno-argument-mismatch -fallow-argument-mismatch -std=legacy -c zhesvx.f -o zhesvx.o
gfortran -fimplicit-none -shared -fPIC -Wno-argument-mismatch -fallow-argument-mismatch -std=legacy -c zhetd2.f -o zhetd2.o
gfortran -fimplicit-none -shared -fPIC -Wno-argument-mismatch -fallow-argument-mismatch -std=legacy -c zhetf2.f -o zhetf2.o
gfortran -fimplicit-none -shared -fPIC -Wno-argument-mismatch -fallow-argument-mismatch -std=legacy -c zhetrd.f -o zhetrd.o
gfortran -fimplicit-none -shared -fPIC -Wno-argument-mismatch -fallow-argument-mismatch -std=legacy -c zhetrf.f -o zhetrf.o
gfortran -fimplicit-none -shared -fPIC -Wno-argument-mismatch -fallow-argument-mismatch -std=legacy -c zhetri.f -o zhetri.o
gfortran -fimplicit-none -shared -fPIC -Wno-argument-mismatch -fallow-argument-mismatch -std=legacy -c zhetri2.f -o zhetri2.o
gfortran -fimplicit-none -shared -fPIC -Wno-argument-mismatch -fallow-argument-mismatch -std=legacy -c zhetri2x.f -o zhetri2x.o
gfortran -fimplicit-none -shared -fPIC -Wno-argument-mismatch -fallow-argument-mismatch -std=legacy -c zheswapr.f -o zheswapr.o
gfortran -fimplicit-none -shared -fPIC -Wno-argument-mismatch -fallow-argument-mismatch -std=legacy -c zhetrs.f -o zhetrs.o
gfortran -fimplicit-none -shared -fPIC -Wno-argument-mismatch -fallow-argument-mismatch -std=legacy -c zhetrs2.f -o zhetrs2.o
gfortran -fimplicit-none -shared -fPIC -Wno-argument-mismatch -fallow-argument-mismatch -std=legacy -c zhgeqz.f -o zhgeqz.o
gfortran -fimplicit-none -shared -fPIC -Wno-argument-mismatch -fallow-argument-mismatch -std=legacy -c zhpcon.f -o zhpcon.o
gfortran -fimplicit-none -shared -fPIC -Wno-argument-mismatch -fallow-argument-mismatch -std=legacy -c zhpev.f -o zhpev.o
gfortran -fimplicit-none -shared -fPIC -Wno-argument-mismatch -fallow-argument-mismatch -std=legacy -c zhpevd.f -o zhpevd.o
gfortran -fimplicit-none -shared -fPIC -Wno-argument-mismatch -fallow-argument-mismatch -std=legacy -c zhpevx.f -o zhpevx.o
gfortran -fimplicit-none -shared -fPIC -Wno-argument-mismatch -fallow-argument-mismatch -std=legacy -c zhpgst.f -o zhpgst.o
gfortran -fimplicit-none -shared -fPIC -Wno-argument-mismatch -fallow-argument-mismatch -std=legacy -c zhpgv.f -o zhpgv.o
gfortran -fimplicit-none -shared -fPIC -Wno-argument-mismatch -fallow-argument-mismatch -std=legacy -c zhpgvd.f -o zhpgvd.o
gfortran -fimplicit-none -shared -fPIC -Wno-argument-mismatch -fallow-argument-mismatch -std=legacy -c zhpgvx.f -o zhpgvx.o
gfortran -fimplicit-none -shared -fPIC -Wno-argument-mismatch -fallow-argument-mismatch -std=legacy -c zhprfs.f -o zhprfs.o
gfortran -fimplicit-none -shared -fPIC -Wno-argument-mismatch -fallow-argument-mismatch -std=legacy -c zhpsv.f -o zhpsv.o
gfortran -fimplicit-none -shared -fPIC -Wno-argument-mismatch -fallow-argument-mismatch -std=legacy -c zhpsvx.f -o zhpsvx.o
gfortran -fimplicit-none -shared -fPIC -Wno-argument-mismatch -fallow-argument-mismatch -std=legacy -c zhptrd.f -o zhptrd.o
gfortran -fimplicit-none -shared -fPIC -Wno-argument-mismatch -fallow-argument-mismatch -std=legacy -c zhptrf.f -o zhptrf.o
gfortran -fimplicit-none -shared -fPIC -Wno-argument-mismatch -fallow-argument-mismatch -std=legacy -c zhptri.f -o zhptri.o
gfortran -fimplicit-none -shared -fPIC -Wno-argument-mismatch -fallow-argument-mismatch -std=legacy -c zhptrs.f -o zhptrs.o
gfortran -fimplicit-none -shared -fPIC -Wno-argument-mismatch -fallow-argument-mismatch -std=legacy -c zhsein.f -o zhsein.o
gfortran -fimplicit-none -shared -fPIC -Wno-argument-mismatch -fallow-argument-mismatch -std=legacy -c zhseqr.f -o zhseqr.o
gfortran -fimplicit-none -shared -fPIC -Wno-argument-mismatch -fallow-argument-mismatch -std=legacy -c zlabrd.f -o zlabrd.o
gfortran -fimplicit-none -shared -fPIC -Wno-argument-mismatch -fallow-argument-mismatch -std=legacy -c zlacgv.f -o zlacgv.o
gfortran -fimplicit-none -shared -fPIC -Wno-argument-mismatch -fallow-argument-mismatch -std=legacy -c zlacon.f -o zlacon.o
gfortran -fimplicit-none -shared -fPIC -Wno-argument-mismatch -fallow-argument-mismatch -std=legacy -c zlacn2.f -o zlacn2.o
gfortran -fimplicit-none -shared -fPIC -Wno-argument-mismatch -fallow-argument-mismatch -std=legacy -c zlacp2.f -o zlacp2.o
gfortran -fimplicit-none -shared -fPIC -Wno-argument-mismatch -fallow-argument-mismatch -std=legacy -c zlacpy.f -o zlacpy.o
gfortran -fimplicit-none -shared -fPIC -Wno-argument-mismatch -fallow-argument-mismatch -std=legacy -c zlacrm.f -o zlacrm.o
gfortran -fimplicit-none -shared -fPIC -Wno-argument-mismatch -fallow-argument-mismatch -std=legacy -c zlacrt.f -o zlacrt.o
gfortran -fimplicit-none -shared -fPIC -Wno-argument-mismatch -fallow-argument-mismatch -std=legacy -c zladiv.f -o zladiv.o
gfortran -fimplicit-none -shared -fPIC -Wno-argument-mismatch -fallow-argument-mismatch -std=legacy -c zlaed0.f -o zlaed0.o
gfortran -fimplicit-none -shared -fPIC -Wno-argument-mismatch -fallow-argument-mismatch -std=legacy -c zlaed7.f -o zlaed7.o
gfortran -fimplicit-none -shared -fPIC -Wno-argument-mismatch -fallow-argument-mismatch -std=legacy -c zlaed8.f -o zlaed8.o
gfortran -fimplicit-none -shared -fPIC -Wno-argument-mismatch -fallow-argument-mismatch -std=legacy -c zlaein.f -o zlaein.o
gfortran -fimplicit-none -shared -fPIC -Wno-argument-mismatch -fallow-argument-mismatch -std=legacy -c zlaesy.f -o zlaesy.o
gfortran -fimplicit-none -shared -fPIC -Wno-argument-mismatch -fallow-argument-mismatch -std=legacy -c zlaev2.f -o zlaev2.o
gfortran -fimplicit-none -shared -fPIC -Wno-argument-mismatch -fallow-argument-mismatch -std=legacy -c zlags2.f -o zlags2.o
gfortran -fimplicit-none -shared -fPIC -Wno-argument-mismatch -fallow-argument-mismatch -std=legacy -c zlagtm.f -o zlagtm.o
gfortran -fimplicit-none -shared -fPIC -Wno-argument-mismatch -fallow-argument-mismatch -std=legacy -c zlahef.f -o zlahef.o
gfortran -fimplicit-none -shared -fPIC -Wno-argument-mismatch -fallow-argument-mismatch -std=legacy -c zlahqr.f -o zlahqr.o
gfortran -fimplicit-none -shared -fPIC -Wno-argument-mismatch -fallow-argument-mismatch -std=legacy -c zlahrd.f -o zlahrd.o
gfortran -fimplicit-none -shared -fPIC -Wno-argument-mismatch -fallow-argument-mismatch -std=legacy -c zlahr2.f -o zlahr2.o
gfortran -fimplicit-none -shared -fPIC -Wno-argument-mismatch -fallow-argument-mismatch -std=legacy -c zlaic1.f -o zlaic1.o
gfortran -fimplicit-none -shared -fPIC -Wno-argument-mismatch -fallow-argument-mismatch -std=legacy -c zlals0.f -o zlals0.o
gfortran -fimplicit-none -shared -fPIC -Wno-argument-mismatch -fallow-argument-mismatch -std=legacy -c zlalsa.f -o zlalsa.o
gfortran -fimplicit-none -shared -fPIC -Wno-argument-mismatch -fallow-argument-mismatch -std=legacy -c zlalsd.f -o zlalsd.o
gfortran -fimplicit-none -shared -fPIC -Wno-argument-mismatch -fallow-argument-mismatch -std=legacy -c zlangb.f -o zlangb.o
gfortran -fimplicit-none -shared -fPIC -Wno-argument-mismatch -fallow-argument-mismatch -std=legacy -c zlange.f -o zlange.o
gfortran -fimplicit-none -shared -fPIC -Wno-argument-mismatch -fallow-argument-mismatch -std=legacy -c zlangt.f -o zlangt.o
gfortran -fimplicit-none -shared -fPIC -Wno-argument-mismatch -fallow-argument-mismatch -std=legacy -c zlanhb.f -o zlanhb.o
gfortran -fimplicit-none -shared -fPIC -Wno-argument-mismatch -fallow-argument-mismatch -std=legacy -c zlanhe.f -o zlanhe.o
gfortran -fimplicit-none -shared -fPIC -Wno-argument-mismatch -fallow-argument-mismatch -std=legacy -c zlanhp.f -o zlanhp.o
gfortran -fimplicit-none -shared -fPIC -Wno-argument-mismatch -fallow-argument-mismatch -std=legacy -c zlanhs.f -o zlanhs.o
gfortran -fimplicit-none -shared -fPIC -Wno-argument-mismatch -fallow-argument-mismatch -std=legacy -c zlanht.f -o zlanht.o
gfortran -fimplicit-none -shared -fPIC -Wno-argument-mismatch -fallow-argument-mismatch -std=legacy -c zlansb.f -o zlansb.o
gfortran -fimplicit-none -shared -fPIC -Wno-argument-mismatch -fallow-argument-mismatch -std=legacy -c zlansp.f -o zlansp.o
gfortran -fimplicit-none -shared -fPIC -Wno-argument-mismatch -fallow-argument-mismatch -std=legacy -c zlansy.f -o zlansy.o
gfortran -fimplicit-none -shared -fPIC -Wno-argument-mismatch -fallow-argument-mismatch -std=legacy -c zlantb.f -o zlantb.o
gfortran -fimplicit-none -shared -fPIC -Wno-argument-mismatch -fallow-argument-mismatch -std=legacy -c zlantp.f -o zlantp.o
gfortran -fimplicit-none -shared -fPIC -Wno-argument-mismatch -fallow-argument-mismatch -std=legacy -c zlantr.f -o zlantr.o
gfortran -fimplicit-none -shared -fPIC -Wno-argument-mismatch -fallow-argument-mismatch -std=legacy -c zlapll.f -o zlapll.o
gfortran -fimplicit-none -shared -fPIC -Wno-argument-mismatch -fallow-argument-mismatch -std=legacy -c zlapmt.f -o zlapmt.o
gfortran -fimplicit-none -shared -fPIC -Wno-argument-mismatch -fallow-argument-mismatch -std=legacy -c zlaqgb.f -o zlaqgb.o
gfortran -fimplicit-none -shared -fPIC -Wno-argument-mismatch -fallow-argument-mismatch -std=legacy -c zlaqge.f -o zlaqge.o
gfortran -fimplicit-none -shared -fPIC -Wno-argument-mismatch -fallow-argument-mismatch -std=legacy -c zlaqhb.f -o zlaqhb.o
gfortran -fimplicit-none -shared -fPIC -Wno-argument-mismatch -fallow-argument-mismatch -std=legacy -c zlaqhe.f -o zlaqhe.o
gfortran -fimplicit-none -shared -fPIC -Wno-argument-mismatch -fallow-argument-mismatch -std=legacy -c zlaqhp.f -o zlaqhp.o
gfortran -fimplicit-none -shared -fPIC -Wno-argument-mismatch -fallow-argument-mismatch -std=legacy -c zlaqp2.f -o zlaqp2.o
gfortran -fimplicit-none -shared -fPIC -Wno-argument-mismatch -fallow-argument-mismatch -std=legacy -c zlaqps.f -o zlaqps.o
gfortran -fimplicit-none -shared -fPIC -Wno-argument-mismatch -fallow-argument-mismatch -std=legacy -c zlaqsb.f -o zlaqsb.o
gfortran -fimplicit-none -shared -fPIC -Wno-argument-mismatch -fallow-argument-mismatch -std=legacy -c zlaqr0.f -o zlaqr0.o
gfortran -fimplicit-none -shared -fPIC -Wno-argument-mismatch -fallow-argument-mismatch -std=legacy -c zlaqr1.f -o zlaqr1.o
gfortran -fimplicit-none -shared -fPIC -Wno-argument-mismatch -fallow-argument-mismatch -std=legacy -c zlaqr2.f -o zlaqr2.o
gfortran -fimplicit-none -shared -fPIC -Wno-argument-mismatch -fallow-argument-mismatch -std=legacy -c zlaqr3.f -o zlaqr3.o
gfortran -fimplicit-none -shared -fPIC -Wno-argument-mismatch -fallow-argument-mismatch -std=legacy -c zlaqr4.f -o zlaqr4.o
gfortran -fimplicit-none -shared -fPIC -Wno-argument-mismatch -fallow-argument-mismatch -std=legacy -c zlaqr5.f -o zlaqr5.o
gfortran -fimplicit-none -shared -fPIC -Wno-argument-mismatch -fallow-argument-mismatch -std=legacy -c zlaqsp.f -o zlaqsp.o
gfortran -fimplicit-none -shared -fPIC -Wno-argument-mismatch -fallow-argument-mismatch -std=legacy -c zlaqsy.f -o zlaqsy.o
gfortran -fimplicit-none -shared -fPIC -Wno-argument-mismatch -fallow-argument-mismatch -std=legacy -c zlar1v.f -o zlar1v.o
gfortran -fimplicit-none -shared -fPIC -Wno-argument-mismatch -fallow-argument-mismatch -std=legacy -c zlar2v.f -o zlar2v.o
gfortran -fimplicit-none -shared -fPIC -Wno-argument-mismatch -fallow-argument-mismatch -std=legacy -c ilazlr.f -o ilazlr.o
gfortran -fimplicit-none -shared -fPIC -Wno-argument-mismatch -fallow-argument-mismatch -std=legacy -c ilazlc.f -o ilazlc.o
gfortran -fimplicit-none -shared -fPIC -Wno-argument-mismatch -fallow-argument-mismatch -std=legacy -c zlarcm.f -o zlarcm.o
gfortran -fimplicit-none -shared -fPIC -Wno-argument-mismatch -fallow-argument-mismatch -std=legacy -c zlarf.f -o zlarf.o
gfortran -fimplicit-none -shared -fPIC -Wno-argument-mismatch -fallow-argument-mismatch -std=legacy -c zlarfb.f -o zlarfb.o
gfortran -fimplicit-none -shared -fPIC -Wno-argument-mismatch -fallow-argument-mismatch -std=legacy -c zlarfg.f -o zlarfg.o
gfortran -fimplicit-none -shared -fPIC -Wno-argument-mismatch -fallow-argument-mismatch -std=legacy -c zlarft.f -o zlarft.o
gfortran -fimplicit-none -shared -fPIC -Wno-argument-mismatch -fallow-argument-mismatch -std=legacy -c zlarfgp.f -o zlarfgp.o
gfortran -fimplicit-none -shared -fPIC -Wno-argument-mismatch -fallow-argument-mismatch -std=legacy -c zlarfx.f -o zlarfx.o
gfortran -fimplicit-none -shared -fPIC -Wno-argument-mismatch -fallow-argument-mismatch -std=legacy -c zlargv.f -o zlargv.o
gfortran -fimplicit-none -shared -fPIC -Wno-argument-mismatch -fallow-argument-mismatch -std=legacy -c zlarnv.f -o zlarnv.o
gfortran -fimplicit-none -shared -fPIC -Wno-argument-mismatch -fallow-argument-mismatch -std=legacy -c zlarrv.f -o zlarrv.o
gfortran -fimplicit-none -shared -fPIC -Wno-argument-mismatch -fallow-argument-mismatch -std=legacy -c zlartg.f -o zlartg.o
gfortran -fimplicit-none -shared -fPIC -Wno-argument-mismatch -fallow-argument-mismatch -std=legacy -c zlartv.f -o zlartv.o
gfortran -fimplicit-none -shared -fPIC -Wno-argument-mismatch -fallow-argument-mismatch -std=legacy -c zlarz.f -o zlarz.o
gfortran -fimplicit-none -shared -fPIC -Wno-argument-mismatch -fallow-argument-mismatch -std=legacy -c zlarzb.f -o zlarzb.o
gfortran -fimplicit-none -shared -fPIC -Wno-argument-mismatch -fallow-argument-mismatch -std=legacy -c zlarzt.f -o zlarzt.o
gfortran -fimplicit-none -shared -fPIC -Wno-argument-mismatch -fallow-argument-mismatch -std=legacy -c zlascl.f -o zlascl.o
gfortran -fimplicit-none -shared -fPIC -Wno-argument-mismatch -fallow-argument-mismatch -std=legacy -c zlaset.f -o zlaset.o
gfortran -fimplicit-none -shared -fPIC -Wno-argument-mismatch -fallow-argument-mismatch -std=legacy -c zlasr.f -o zlasr.o
gfortran -fimplicit-none -shared -fPIC -Wno-argument-mismatch -fallow-argument-mismatch -std=legacy -c zlassq.f -o zlassq.o
gfortran -fimplicit-none -shared -fPIC -Wno-argument-mismatch -fallow-argument-mismatch -std=legacy -c zlaswp.f -o zlaswp.o
gfortran -fimplicit-none -shared -fPIC -Wno-argument-mismatch -fallow-argument-mismatch -std=legacy -c zlasyf.f -o zlasyf.o
gfortran -fimplicit-none -shared -fPIC -Wno-argument-mismatch -fallow-argument-mismatch -std=legacy -c zlatbs.f -o zlatbs.o
gfortran -fimplicit-none -shared -fPIC -Wno-argument-mismatch -fallow-argument-mismatch -std=legacy -c zlatdf.f -o zlatdf.o
gfortran -fimplicit-none -shared -fPIC -Wno-argument-mismatch -fallow-argument-mismatch -std=legacy -c zlatps.f -o zlatps.o
gfortran -fimplicit-none -shared -fPIC -Wno-argument-mismatch -fallow-argument-mismatch -std=legacy -c zlatrd.f -o zlatrd.o
gfortran -fimplicit-none -shared -fPIC -Wno-argument-mismatch -fallow-argument-mismatch -std=legacy -c zlatrs.f -o zlatrs.o
gfortran -fimplicit-none -shared -fPIC -Wno-argument-mismatch -fallow-argument-mismatch -std=legacy -c zlatrz.f -o zlatrz.o
gfortran -fimplicit-none -shared -fPIC -Wno-argument-mismatch -fallow-argument-mismatch -std=legacy -c zlatzm.f -o zlatzm.o
gfortran -fimplicit-none -shared -fPIC -Wno-argument-mismatch -fallow-argument-mismatch -std=legacy -c zlauu2.f -o zlauu2.o
gfortran -fimplicit-none -shared -fPIC -Wno-argument-mismatch -fallow-argument-mismatch -std=legacy -c zlauum.f -o zlauum.o
gfortran -fimplicit-none -shared -fPIC -Wno-argument-mismatch -fallow-argument-mismatch -std=legacy -c zpbcon.f -o zpbcon.o
gfortran -fimplicit-none -shared -fPIC -Wno-argument-mismatch -fallow-argument-mismatch -std=legacy -c zpbequ.f -o zpbequ.o
gfortran -fimplicit-none -shared -fPIC -Wno-argument-mismatch -fallow-argument-mismatch -std=legacy -c zpbrfs.f -o zpbrfs.o
gfortran -fimplicit-none -shared -fPIC -Wno-argument-mismatch -fallow-argument-mismatch -std=legacy -c zpbstf.f -o zpbstf.o
gfortran -fimplicit-none -shared -fPIC -Wno-argument-mismatch -fallow-argument-mismatch -std=legacy -c zpbsv.f -o zpbsv.o
gfortran -fimplicit-none -shared -fPIC -Wno-argument-mismatch -fallow-argument-mismatch -std=legacy -c zpbsvx.f -o zpbsvx.o
gfortran -fimplicit-none -shared -fPIC -Wno-argument-mismatch -fallow-argument-mismatch -std=legacy -c zpbtf2.f -o zpbtf2.o
gfortran -fimplicit-none -shared -fPIC -Wno-argument-mismatch -fallow-argument-mismatch -std=legacy -c zpbtrf.f -o zpbtrf.o
gfortran -fimplicit-none -shared -fPIC -Wno-argument-mismatch -fallow-argument-mismatch -std=legacy -c zpbtrs.f -o zpbtrs.o
gfortran -fimplicit-none -shared -fPIC -Wno-argument-mismatch -fallow-argument-mismatch -std=legacy -c zpocon.f -o zpocon.o
gfortran -fimplicit-none -shared -fPIC -Wno-argument-mismatch -fallow-argument-mismatch -std=legacy -c zpoequ.f -o zpoequ.o
gfortran -fimplicit-none -shared -fPIC -Wno-argument-mismatch -fallow-argument-mismatch -std=legacy -c zporfs.f -o zporfs.o
gfortran -fimplicit-none -shared -fPIC -Wno-argument-mismatch -fallow-argument-mismatch -std=legacy -c zposv.f -o zposv.o
gfortran -fimplicit-none -shared -fPIC -Wno-argument-mismatch -fallow-argument-mismatch -std=legacy -c zposvx.f -o zposvx.o
gfortran -fimplicit-none -shared -fPIC -Wno-argument-mismatch -fallow-argument-mismatch -std=legacy -c zpotf2.f -o zpotf2.o
gfortran -fimplicit-none -shared -fPIC -Wno-argument-mismatch -fallow-argument-mismatch -std=legacy -c zpotrf.f -o zpotrf.o
gfortran -fimplicit-none -shared -fPIC -Wno-argument-mismatch -fallow-argument-mismatch -std=legacy -c zpotri.f -o zpotri.o
gfortran -fimplicit-none -shared -fPIC -Wno-argument-mismatch -fallow-argument-mismatch -std=legacy -c zpotrs.f -o zpotrs.o
gfortran -fimplicit-none -shared -fPIC -Wno-argument-mismatch -fallow-argument-mismatch -std=legacy -c zpstrf.f -o zpstrf.o
gfortran -fimplicit-none -shared -fPIC -Wno-argument-mismatch -fallow-argument-mismatch -std=legacy -c zpstf2.f -o zpstf2.o
gfortran -fimplicit-none -shared -fPIC -Wno-argument-mismatch -fallow-argument-mismatch -std=legacy -c zppcon.f -o zppcon.o
gfortran -fimplicit-none -shared -fPIC -Wno-argument-mismatch -fallow-argument-mismatch -std=legacy -c zppequ.f -o zppequ.o
gfortran -fimplicit-none -shared -fPIC -Wno-argument-mismatch -fallow-argument-mismatch -std=legacy -c zpprfs.f -o zpprfs.o
gfortran -fimplicit-none -shared -fPIC -Wno-argument-mismatch -fallow-argument-mismatch -std=legacy -c zppsv.f -o zppsv.o
gfortran -fimplicit-none -shared -fPIC -Wno-argument-mismatch -fallow-argument-mismatch -std=legacy -c zppsvx.f -o zppsvx.o
gfortran -fimplicit-none -shared -fPIC -Wno-argument-mismatch -fallow-argument-mismatch -std=legacy -c zpptrf.f -o zpptrf.o
gfortran -fimplicit-none -shared -fPIC -Wno-argument-mismatch -fallow-argument-mismatch -std=legacy -c zpptri.f -o zpptri.o
gfortran -fimplicit-none -shared -fPIC -Wno-argument-mismatch -fallow-argument-mismatch -std=legacy -c zpptrs.f -o zpptrs.o
gfortran -fimplicit-none -shared -fPIC -Wno-argument-mismatch -fallow-argument-mismatch -std=legacy -c zptcon.f -o zptcon.o
gfortran -fimplicit-none -shared -fPIC -Wno-argument-mismatch -fallow-argument-mismatch -std=legacy -c zpteqr.f -o zpteqr.o
gfortran -fimplicit-none -shared -fPIC -Wno-argument-mismatch -fallow-argument-mismatch -std=legacy -c zptrfs.f -o zptrfs.o
gfortran -fimplicit-none -shared -fPIC -Wno-argument-mismatch -fallow-argument-mismatch -std=legacy -c zptsv.f -o zptsv.o
gfortran -fimplicit-none -shared -fPIC -Wno-argument-mismatch -fallow-argument-mismatch -std=legacy -c zptsvx.f -o zptsvx.o
gfortran -fimplicit-none -shared -fPIC -Wno-argument-mismatch -fallow-argument-mismatch -std=legacy -c zpttrf.f -o zpttrf.o
gfortran -fimplicit-none -shared -fPIC -Wno-argument-mismatch -fallow-argument-mismatch -std=legacy -c zpttrs.f -o zpttrs.o
gfortran -fimplicit-none -shared -fPIC -Wno-argument-mismatch -fallow-argument-mismatch -std=legacy -c zptts2.f -o zptts2.o
gfortran -fimplicit-none -shared -fPIC -Wno-argument-mismatch -fallow-argument-mismatch -std=legacy -c zrot.f -o zrot.o
gfortran -fimplicit-none -shared -fPIC -Wno-argument-mismatch -fallow-argument-mismatch -std=legacy -c zspcon.f -o zspcon.o
gfortran -fimplicit-none -shared -fPIC -Wno-argument-mismatch -fallow-argument-mismatch -std=legacy -c zspmv.f -o zspmv.o
gfortran -fimplicit-none -shared -fPIC -Wno-argument-mismatch -fallow-argument-mismatch -std=legacy -c zspr.f -o zspr.o
gfortran -fimplicit-none -shared -fPIC -Wno-argument-mismatch -fallow-argument-mismatch -std=legacy -c zsprfs.f -o zsprfs.o
gfortran -fimplicit-none -shared -fPIC -Wno-argument-mismatch -fallow-argument-mismatch -std=legacy -c zspsv.f -o zspsv.o
gfortran -fimplicit-none -shared -fPIC -Wno-argument-mismatch -fallow-argument-mismatch -std=legacy -c zspsvx.f -o zspsvx.o
gfortran -fimplicit-none -shared -fPIC -Wno-argument-mismatch -fallow-argument-mismatch -std=legacy -c zsptrf.f -o zsptrf.o
gfortran -fimplicit-none -shared -fPIC -Wno-argument-mismatch -fallow-argument-mismatch -std=legacy -c zsptri.f -o zsptri.o
gfortran -fimplicit-none -shared -fPIC -Wno-argument-mismatch -fallow-argument-mismatch -std=legacy -c zsptrs.f -o zsptrs.o
gfortran -fimplicit-none -shared -fPIC -Wno-argument-mismatch -fallow-argument-mismatch -std=legacy -c zdrscl.f -o zdrscl.o
gfortran -fimplicit-none -shared -fPIC -Wno-argument-mismatch -fallow-argument-mismatch -std=legacy -c zstedc.f -o zstedc.o
gfortran -fimplicit-none -shared -fPIC -Wno-argument-mismatch -fallow-argument-mismatch -std=legacy -c zstegr.f -o zstegr.o
gfortran -fimplicit-none -shared -fPIC -Wno-argument-mismatch -fallow-argument-mismatch -std=legacy -c zstein.f -o zstein.o
gfortran -fimplicit-none -shared -fPIC -Wno-argument-mismatch -fallow-argument-mismatch -std=legacy -c zsteqr.f -o zsteqr.o
gfortran -fimplicit-none -shared -fPIC -Wno-argument-mismatch -fallow-argument-mismatch -std=legacy -c zsycon.f -o zsycon.o
gfortran -fimplicit-none -shared -fPIC -Wno-argument-mismatch -fallow-argument-mismatch -std=legacy -c zsymv.f -o zsymv.o
gfortran -fimplicit-none -shared -fPIC -Wno-argument-mismatch -fallow-argument-mismatch -std=legacy -c zsyr.f -o zsyr.o
gfortran -fimplicit-none -shared -fPIC -Wno-argument-mismatch -fallow-argument-mismatch -std=legacy -c zsyrfs.f -o zsyrfs.o
gfortran -fimplicit-none -shared -fPIC -Wno-argument-mismatch -fallow-argument-mismatch -std=legacy -c zsysv.f -o zsysv.o
gfortran -fimplicit-none -shared -fPIC -Wno-argument-mismatch -fallow-argument-mismatch -std=legacy -c zsysvx.f -o zsysvx.o
gfortran -fimplicit-none -shared -fPIC -Wno-argument-mismatch -fallow-argument-mismatch -std=legacy -c zsytf2.f -o zsytf2.o
gfortran -fimplicit-none -shared -fPIC -Wno-argument-mismatch -fallow-argument-mismatch -std=legacy -c zsytrf.f -o zsytrf.o
gfortran -fimplicit-none -shared -fPIC -Wno-argument-mismatch -fallow-argument-mismatch -std=legacy -c zsytri.f -o zsytri.o
gfortran -fimplicit-none -shared -fPIC -Wno-argument-mismatch -fallow-argument-mismatch -std=legacy -c zsytri2.f -o zsytri2.o
gfortran -fimplicit-none -shared -fPIC -Wno-argument-mismatch -fallow-argument-mismatch -std=legacy -c zsytri2x.f -o zsytri2x.o
gfortran -fimplicit-none -shared -fPIC -Wno-argument-mismatch -fallow-argument-mismatch -std=legacy -c zsyswapr.f -o zsyswapr.o
gfortran -fimplicit-none -shared -fPIC -Wno-argument-mismatch -fallow-argument-mismatch -std=legacy -c zsytrs.f -o zsytrs.o
gfortran -fimplicit-none -shared -fPIC -Wno-argument-mismatch -fallow-argument-mismatch -std=legacy -c zsytrs2.f -o zsytrs2.o
gfortran -fimplicit-none -shared -fPIC -Wno-argument-mismatch -fallow-argument-mismatch -std=legacy -c zsyconv.f -o zsyconv.o
gfortran -fimplicit-none -shared -fPIC -Wno-argument-mismatch -fallow-argument-mismatch -std=legacy -c ztbcon.f -o ztbcon.o
gfortran -fimplicit-none -shared -fPIC -Wno-argument-mismatch -fallow-argument-mismatch -std=legacy -c ztbrfs.f -o ztbrfs.o
gfortran -fimplicit-none -shared -fPIC -Wno-argument-mismatch -fallow-argument-mismatch -std=legacy -c ztbtrs.f -o ztbtrs.o
gfortran -fimplicit-none -shared -fPIC -Wno-argument-mismatch -fallow-argument-mismatch -std=legacy -c ztgevc.f -o ztgevc.o
gfortran -fimplicit-none -shared -fPIC -Wno-argument-mismatch -fallow-argument-mismatch -std=legacy -c ztgex2.f -o ztgex2.o
gfortran -fimplicit-none -shared -fPIC -Wno-argument-mismatch -fallow-argument-mismatch -std=legacy -c ztgexc.f -o ztgexc.o
gfortran -fimplicit-none -shared -fPIC -Wno-argument-mismatch -fallow-argument-mismatch -std=legacy -c ztgsen.f -o ztgsen.o
gfortran -fimplicit-none -shared -fPIC -Wno-argument-mismatch -fallow-argument-mismatch -std=legacy -c ztgsja.f -o ztgsja.o
gfortran -fimplicit-none -shared -fPIC -Wno-argument-mismatch -fallow-argument-mismatch -std=legacy -c ztgsna.f -o ztgsna.o
gfortran -fimplicit-none -shared -fPIC -Wno-argument-mismatch -fallow-argument-mismatch -std=legacy -c ztgsy2.f -o ztgsy2.o
gfortran -fimplicit-none -shared -fPIC -Wno-argument-mismatch -fallow-argument-mismatch -std=legacy -c ztgsyl.f -o ztgsyl.o
gfortran -fimplicit-none -shared -fPIC -Wno-argument-mismatch -fallow-argument-mismatch -std=legacy -c ztpcon.f -o ztpcon.o
gfortran -fimplicit-none -shared -fPIC -Wno-argument-mismatch -fallow-argument-mismatch -std=legacy -c ztprfs.f -o ztprfs.o
gfortran -fimplicit-none -shared -fPIC -Wno-argument-mismatch -fallow-argument-mismatch -std=legacy -c ztptri.f -o ztptri.o
gfortran -fimplicit-none -shared -fPIC -Wno-argument-mismatch -fallow-argument-mismatch -std=legacy -c ztptrs.f -o ztptrs.o
gfortran -fimplicit-none -shared -fPIC -Wno-argument-mismatch -fallow-argument-mismatch -std=legacy -c ztrcon.f -o ztrcon.o
gfortran -fimplicit-none -shared -fPIC -Wno-argument-mismatch -fallow-argument-mismatch -std=legacy -c ztrevc.f -o ztrevc.o
gfortran -fimplicit-none -shared -fPIC -Wno-argument-mismatch -fallow-argument-mismatch -std=legacy -c ztrexc.f -o ztrexc.o
gfortran -fimplicit-none -shared -fPIC -Wno-argument-mismatch -fallow-argument-mismatch -std=legacy -c ztrrfs.f -o ztrrfs.o
gfortran -fimplicit-none -shared -fPIC -Wno-argument-mismatch -fallow-argument-mismatch -std=legacy -c ztrsen.f -o ztrsen.o
gfortran -fimplicit-none -shared -fPIC -Wno-argument-mismatch -fallow-argument-mismatch -std=legacy -c ztrsna.f -o ztrsna.o
gfortran -fimplicit-none -shared -fPIC -Wno-argument-mismatch -fallow-argument-mismatch -std=legacy -c ztrsyl.f -o ztrsyl.o
gfortran -fimplicit-none -shared -fPIC -Wno-argument-mismatch -fallow-argument-mismatch -std=legacy -c ztrti2.f -o ztrti2.o
gfortran -fimplicit-none -shared -fPIC -Wno-argument-mismatch -fallow-argument-mismatch -std=legacy -c ztrtri.f -o ztrtri.o
gfortran -fimplicit-none -shared -fPIC -Wno-argument-mismatch -fallow-argument-mismatch -std=legacy -c ztrtrs.f -o ztrtrs.o
gfortran -fimplicit-none -shared -fPIC -Wno-argument-mismatch -fallow-argument-mismatch -std=legacy -c ztzrqf.f -o ztzrqf.o
gfortran -fimplicit-none -shared -fPIC -Wno-argument-mismatch -fallow-argument-mismatch -std=legacy -c ztzrzf.f -o ztzrzf.o
gfortran -fimplicit-none -shared -fPIC -Wno-argument-mismatch -fallow-argument-mismatch -std=legacy -c zung2l.f -o zung2l.o
gfortran -fimplicit-none -shared -fPIC -Wno-argument-mismatch -fallow-argument-mismatch -std=legacy -c zung2r.f -o zung2r.o
gfortran -fimplicit-none -shared -fPIC -Wno-argument-mismatch -fallow-argument-mismatch -std=legacy -c zungbr.f -o zungbr.o
gfortran -fimplicit-none -shared -fPIC -Wno-argument-mismatch -fallow-argument-mismatch -std=legacy -c zunghr.f -o zunghr.o
gfortran -fimplicit-none -shared -fPIC -Wno-argument-mismatch -fallow-argument-mismatch -std=legacy -c zungl2.f -o zungl2.o
gfortran -fimplicit-none -shared -fPIC -Wno-argument-mismatch -fallow-argument-mismatch -std=legacy -c zunglq.f -o zunglq.o
gfortran -fimplicit-none -shared -fPIC -Wno-argument-mismatch -fallow-argument-mismatch -std=legacy -c zungql.f -o zungql.o
gfortran -fimplicit-none -shared -fPIC -Wno-argument-mismatch -fallow-argument-mismatch -std=legacy -c zungqr.f -o zungqr.o
gfortran -fimplicit-none -shared -fPIC -Wno-argument-mismatch -fallow-argument-mismatch -std=legacy -c zungr2.f -o zungr2.o
gfortran -fimplicit-none -shared -fPIC -Wno-argument-mismatch -fallow-argument-mismatch -std=legacy -c zungrq.f -o zungrq.o
gfortran -fimplicit-none -shared -fPIC -Wno-argument-mismatch -fallow-argument-mismatch -std=legacy -c zungtr.f -o zungtr.o
gfortran -fimplicit-none -shared -fPIC -Wno-argument-mismatch -fallow-argument-mismatch -std=legacy -c zunm2l.f -o zunm2l.o
gfortran -fimplicit-none -shared -fPIC -Wno-argument-mismatch -fallow-argument-mismatch -std=legacy -c zunm2r.f -o zunm2r.o
gfortran -fimplicit-none -shared -fPIC -Wno-argument-mismatch -fallow-argument-mismatch -std=legacy -c zunmbr.f -o zunmbr.o
gfortran -fimplicit-none -shared -fPIC -Wno-argument-mismatch -fallow-argument-mismatch -std=legacy -c zunmhr.f -o zunmhr.o
gfortran -fimplicit-none -shared -fPIC -Wno-argument-mismatch -fallow-argument-mismatch -std=legacy -c zunml2.f -o zunml2.o
gfortran -fimplicit-none -shared -fPIC -Wno-argument-mismatch -fallow-argument-mismatch -std=legacy -c zunmlq.f -o zunmlq.o
gfortran -fimplicit-none -shared -fPIC -Wno-argument-mismatch -fallow-argument-mismatch -std=legacy -c zunmql.f -o zunmql.o
gfortran -fimplicit-none -shared -fPIC -Wno-argument-mismatch -fallow-argument-mismatch -std=legacy -c zunmqr.f -o zunmqr.o
gfortran -fimplicit-none -shared -fPIC -Wno-argument-mismatch -fallow-argument-mismatch -std=legacy -c zunmr2.f -o zunmr2.o
gfortran -fimplicit-none -shared -fPIC -Wno-argument-mismatch -fallow-argument-mismatch -std=legacy -c zunmr3.f -o zunmr3.o
gfortran -fimplicit-none -shared -fPIC -Wno-argument-mismatch -fallow-argument-mismatch -std=legacy -c zunmrq.f -o zunmrq.o
gfortran -fimplicit-none -shared -fPIC -Wno-argument-mismatch -fallow-argument-mismatch -std=legacy -c zunmrz.f -o zunmrz.o
gfortran -fimplicit-none -shared -fPIC -Wno-argument-mismatch -fallow-argument-mismatch -std=legacy -c zunmtr.f -o zunmtr.o
gfortran -fimplicit-none -shared -fPIC -Wno-argument-mismatch -fallow-argument-mismatch -std=legacy -c zupgtr.f -o zupgtr.o
gfortran -fimplicit-none -shared -fPIC -Wno-argument-mismatch -fallow-argument-mismatch -std=legacy -c zupmtr.f -o zupmtr.o
gfortran -fimplicit-none -shared -fPIC -Wno-argument-mismatch -fallow-argument-mismatch -std=legacy -c izmax1.f -o izmax1.o
gfortran -fimplicit-none -shared -fPIC -Wno-argument-mismatch -fallow-argument-mismatch -std=legacy -c dzsum1.f -o dzsum1.o
gfortran -fimplicit-none -shared -fPIC -Wno-argument-mismatch -fallow-argument-mismatch -std=legacy -c zstemr.f -o zstemr.o
gfortran -fimplicit-none -shared -fPIC -Wno-argument-mismatch -fallow-argument-mismatch -std=legacy -c zcgesv.f -o zcgesv.o
gfortran -fimplicit-none -shared -fPIC -Wno-argument-mismatch -fallow-argument-mismatch -std=legacy -c zcposv.f -o zcposv.o
gfortran -fimplicit-none -shared -fPIC -Wno-argument-mismatch -fallow-argument-mismatch -std=legacy -c zlag2c.f -o zlag2c.o
gfortran -fimplicit-none -shared -fPIC -Wno-argument-mismatch -fallow-argument-mismatch -std=legacy -c clag2z.f -o clag2z.o
gfortran -fimplicit-none -shared -fPIC -Wno-argument-mismatch -fallow-argument-mismatch -std=legacy -c zlat2c.f -o zlat2c.o
gfortran -fimplicit-none -shared -fPIC -Wno-argument-mismatch -fallow-argument-mismatch -std=legacy -c zhfrk.f -o zhfrk.o
gfortran -fimplicit-none -shared -fPIC -Wno-argument-mismatch -fallow-argument-mismatch -std=legacy -c ztfttp.f -o ztfttp.o
gfortran -fimplicit-none -shared -fPIC -Wno-argument-mismatch -fallow-argument-mismatch -std=legacy -c zlanhf.f -o zlanhf.o
gfortran -fimplicit-none -shared -fPIC -Wno-argument-mismatch -fallow-argument-mismatch -std=legacy -c zpftrf.f -o zpftrf.o
gfortran -fimplicit-none -shared -fPIC -Wno-argument-mismatch -fallow-argument-mismatch -std=legacy -c zpftri.f -o zpftri.o
gfortran -fimplicit-none -shared -fPIC -Wno-argument-mismatch -fallow-argument-mismatch -std=legacy -c zpftrs.f -o zpftrs.o
gfortran -fimplicit-none -shared -fPIC -Wno-argument-mismatch -fallow-argument-mismatch -std=legacy -c ztfsm.f -o ztfsm.o
gfortran -fimplicit-none -shared -fPIC -Wno-argument-mismatch -fallow-argument-mismatch -std=legacy -c ztftri.f -o ztftri.o
gfortran -fimplicit-none -shared -fPIC -Wno-argument-mismatch -fallow-argument-mismatch -std=legacy -c ztfttr.f -o ztfttr.o
gfortran -fimplicit-none -shared -fPIC -Wno-argument-mismatch -fallow-argument-mismatch -std=legacy -c ztpttf.f -o ztpttf.o
gfortran -fimplicit-none -shared -fPIC -Wno-argument-mismatch -fallow-argument-mismatch -std=legacy -c ztpttr.f -o ztpttr.o
gfortran -fimplicit-none -shared -fPIC -Wno-argument-mismatch -fallow-argument-mismatch -std=legacy -c ztrttf.f -o ztrttf.o
gfortran -fimplicit-none -shared -fPIC -Wno-argument-mismatch -fallow-argument-mismatch -std=legacy -c ztrttp.f -o ztrttp.o
gfortran -fimplicit-none -shared -fPIC -Wno-argument-mismatch -fallow-argument-mismatch -std=legacy -c zgeequb.f -o zgeequb.o
gfortran -fimplicit-none -shared -fPIC -Wno-argument-mismatch -fallow-argument-mismatch -std=legacy -c zgbequb.f -o zgbequb.o
gfortran -fimplicit-none -shared -fPIC -Wno-argument-mismatch -fallow-argument-mismatch -std=legacy -c zsyequb.f -o zsyequb.o
gfortran -fimplicit-none -shared -fPIC -Wno-argument-mismatch -fallow-argument-mismatch -std=legacy -c zpoequb.f -o zpoequb.o
gfortran -fimplicit-none -shared -fPIC -Wno-argument-mismatch -fallow-argument-mismatch -std=legacy -c zheequb.f -o zheequb.o
gfortran -fimplicit-none -shared -fPIC -Wno-argument-mismatch -fallow-argument-mismatch -std=legacy -c zbbcsd.f -o zbbcsd.o
gfortran -fimplicit-none -shared -fPIC -Wno-argument-mismatch -fallow-argument-mismatch -std=legacy -c zlapmr.f -o zlapmr.o
gfortran -fimplicit-none -shared -fPIC -Wno-argument-mismatch -fallow-argument-mismatch -std=legacy -c zunbdb.f -o zunbdb.o
gfortran -fimplicit-none -shared -fPIC -Wno-argument-mismatch -fallow-argument-mismatch -std=legacy -c zuncsd.f -o zuncsd.o
zuncsd.f:360:38:

  324 |      $                X21, LDX21, X22, LDX22, 0, 0, 0, 0, 0, 0, WORK,
      |                                              2
......
  360 |      $             LDX21, X22, LDX22, THETA, RWORK(IPHI), WORK(ITAUP1),
      |                                      1
Warning: Type mismatch between actual argument at (1) and actual argument at (2) (REAL(8)/INTEGER(4)).
zuncsd.f:360:45:

  324 |      $                X21, LDX21, X22, LDX22, 0, 0, 0, 0, 0, 0, WORK,
      |                                                 2
......
  360 |      $             LDX21, X22, LDX22, THETA, RWORK(IPHI), WORK(ITAUP1),
      |                                             1
Warning: Type mismatch between actual argument at (1) and actual argument at (2) (REAL(8)/INTEGER(4)).
zuncsd.f:360:58:

  324 |      $                X21, LDX21, X22, LDX22, 0, 0, 0, 0, 0, 0, WORK,
      |                                                    2      
......
  360 |      $             LDX21, X22, LDX22, THETA, RWORK(IPHI), WORK(ITAUP1),
      |                                                          1
Warning: Type mismatch between actual argument at (1) and actual argument at (2) (COMPLEX(8)/INTEGER(4)).
zuncsd.f:361:19:

  324 |      $                X21, LDX21, X22, LDX22, 0, 0, 0, 0, 0, 0, WORK,
      |                                                       2
......
  361 |      $             WORK(ITAUP2), WORK(ITAUQ1), WORK(ITAUQ2),
      |                   1
Warning: Type mismatch between actual argument at (1) and actual argument at (2) (COMPLEX(8)/INTEGER(4)).
zuncsd.f:361:33:

  324 |      $                X21, LDX21, X22, LDX22, 0, 0, 0, 0, 0, 0, WORK,
      |                                                          2
......
  361 |      $             WORK(ITAUP2), WORK(ITAUQ1), WORK(ITAUQ2),
      |                                 1
Warning: Type mismatch between actual argument at (1) and actual argument at (2) (COMPLEX(8)/INTEGER(4)).
zuncsd.f:361:47:

  324 |      $                X21, LDX21, X22, LDX22, 0, 0, 0, 0, 0, 0, WORK,
      |                                                             2
......
  361 |      $             WORK(ITAUP2), WORK(ITAUQ1), WORK(ITAUQ2),
      |                                               1
Warning: Type mismatch between actual argument at (1) and actual argument at (2) (COMPLEX(8)/INTEGER(4)).
zuncsd.f:369:34:

  313 |          CALL ZUNGQR( M-Q, M-Q, M-Q, 0, MAX(1,M-Q), 0, WORK, -1,
      |                                     2
......
  369 |             CALL ZUNGQR( P, P, Q, U1, LDU1, WORK(ITAUP1), WORK(IORGQR),
      |                                  1
Warning: Type mismatch between actual argument at (1) and actual argument at (2) (COMPLEX(8)/INTEGER(4)).
zuncsd.f:369:44:

  313 |          CALL ZUNGQR( M-Q, M-Q, M-Q, 0, MAX(1,M-Q), 0, WORK, -1,
      |                                                    2
......
  369 |             CALL ZUNGQR( P, P, Q, U1, LDU1, WORK(ITAUP1), WORK(IORGQR),
      |                                            1
Warning: Type mismatch between actual argument at (1) and actual argument at (2) (COMPLEX(8)/INTEGER(4)).
zuncsd.f:385:40:

  318 |          CALL ZUNGLQ( M-Q, M-Q, M-Q, 0, MAX(1,M-Q), 0, WORK, -1,
      |                                     2   
......
  385 |             CALL ZUNGLQ( Q-1, Q-1, Q-1, V1T(2,2), LDV1T, WORK(ITAUQ1),
      |                                        1
Warning: Type mismatch between actual argument at (1) and actual argument at (2) (COMPLEX(8)/INTEGER(4)).
zuncsd.f:385:57:

  318 |          CALL ZUNGLQ( M-Q, M-Q, M-Q, 0, MAX(1,M-Q), 0, WORK, -1,
      |                                                    2     
......
  385 |             CALL ZUNGLQ( Q-1, Q-1, Q-1, V1T(2,2), LDV1T, WORK(ITAUQ1),
      |                                                         1
Warning: Type mismatch between actual argument at (1) and actual argument at (2) (COMPLEX(8)/INTEGER(4)).
zuncsd.f:428:65:

  297 |          CALL ZBBCSD( JOBU1, JOBU2, JOBV1T, JOBV2T, TRANS, M, P, Q, 0,
      |                                                                    2
......
  428 |       CALL ZBBCSD( JOBU1, JOBU2, JOBV1T, JOBV2T, TRANS, M, P, Q, THETA,
      |                                                                 1
Warning: Type mismatch between actual argument at (1) and actual argument at (2) (REAL(8)/INTEGER(4)).
zuncsd.f:429:19:

  298 |      $                0, U1, LDU1, U2, LDU2, V1T, LDV1T, V2T, LDV2T, 0,
      |                      2
......
  429 |      $             RWORK(IPHI), U1, LDU1, U2, LDU2, V1T, LDV1T, V2T,
      |                   1
Warning: Type mismatch between actual argument at (1) and actual argument at (2) (REAL(8)/INTEGER(4)).
zuncsd.f:430:26:

  298 |      $                0, U1, LDU1, U2, LDU2, V1T, LDV1T, V2T, LDV2T, 0,
      |                                                                     2
......
  430 |      $             LDV2T, RWORK(IB11D), RWORK(IB11E), RWORK(IB12D),
      |                          1
Warning: Type mismatch between actual argument at (1) and actual argument at (2) (REAL(8)/INTEGER(4)).
zuncsd.f:430:40:

  299 |      $                0, 0, 0, 0, 0, 0, 0, RWORK, -1, CHILDINFO )
      |                      2                  
......
  430 |      $             LDV2T, RWORK(IB11D), RWORK(IB11E), RWORK(IB12D),
      |                                        1
Warning: Type mismatch between actual argument at (1) and actual argument at (2) (REAL(8)/INTEGER(4)).
zuncsd.f:430:54:

  299 |      $                0, 0, 0, 0, 0, 0, 0, RWORK, -1, CHILDINFO )
      |                         2                             
......
  430 |      $             LDV2T, RWORK(IB11D), RWORK(IB11E), RWORK(IB12D),
      |                                                      1
Warning: Type mismatch between actual argument at (1) and actual argument at (2) (REAL(8)/INTEGER(4)).
zuncsd.f:431:19:

  299 |      $                0, 0, 0, 0, 0, 0, 0, RWORK, -1, CHILDINFO )
      |                            2
......
  431 |      $             RWORK(IB12E), RWORK(IB21D), RWORK(IB21E),
      |                   1
Warning: Type mismatch between actual argument at (1) and actual argument at (2) (REAL(8)/INTEGER(4)).
zuncsd.f:431:33:

  299 |      $                0, 0, 0, 0, 0, 0, 0, RWORK, -1, CHILDINFO )
      |                               2  
......
  431 |      $             RWORK(IB12E), RWORK(IB21D), RWORK(IB21E),
      |                                 1
Warning: Type mismatch between actual argument at (1) and actual argument at (2) (REAL(8)/INTEGER(4)).
zuncsd.f:431:47:

  299 |      $                0, 0, 0, 0, 0, 0, 0, RWORK, -1, CHILDINFO )
      |                                  2             
......
  431 |      $             RWORK(IB12E), RWORK(IB21D), RWORK(IB21E),
      |                                               1
Warning: Type mismatch between actual argument at (1) and actual argument at (2) (REAL(8)/INTEGER(4)).
zuncsd.f:432:19:

  299 |      $                0, 0, 0, 0, 0, 0, 0, RWORK, -1, CHILDINFO )
      |                                     2
......
  432 |      $             RWORK(IB22D), RWORK(IB22E), RWORK(IBBCSD),
      |                   1
Warning: Type mismatch between actual argument at (1) and actual argument at (2) (REAL(8)/INTEGER(4)).
zuncsd.f:432:33:

  299 |      $                0, 0, 0, 0, 0, 0, 0, RWORK, -1, CHILDINFO )
      |                                        2
......
  432 |      $             RWORK(IB22D), RWORK(IB22E), RWORK(IBBCSD),
      |                                 1
Warning: Type mismatch between actual argument at (1) and actual argument at (2) (REAL(8)/INTEGER(4)).
gfortran -fimplicit-none -shared -fPIC -Wno-argument-mismatch -fallow-argument-mismatch -std=legacy -c cpotrs.f -o cpotrs.o
gfortran -fimplicit-none -shared -fPIC -Wno-argument-mismatch -fallow-argument-mismatch -std=legacy -c cgetrs.f -o cgetrs.o
gfortran -fimplicit-none -shared -fPIC -Wno-argument-mismatch -fallow-argument-mismatch -std=legacy -c cpotrf.f -o cpotrf.o
gfortran -fimplicit-none -shared -fPIC -Wno-argument-mismatch -fallow-argument-mismatch -std=legacy -c cgetrf.f -o cgetrf.o
gfortran -fimplicit-none -shared -fPIC -Wno-argument-mismatch -fallow-argument-mismatch -std=legacy -c sbdsdc.f -o sbdsdc.o
gfortran -fimplicit-none -shared -fPIC -Wno-argument-mismatch -fallow-argument-mismatch -std=legacy -c sbdsqr.f -o sbdsqr.o
gfortran -fimplicit-none -shared -fPIC -Wno-argument-mismatch -fallow-argument-mismatch -std=legacy -c sdisna.f -o sdisna.o
gfortran -fimplicit-none -shared -fPIC -Wno-argument-mismatch -fallow-argument-mismatch -std=legacy -c slabad.f -o slabad.o
gfortran -fimplicit-none -shared -fPIC -Wno-argument-mismatch -fallow-argument-mismatch -std=legacy -c slacpy.f -o slacpy.o
gfortran -fimplicit-none -shared -fPIC -Wno-argument-mismatch -fallow-argument-mismatch -std=legacy -c sladiv.f -o sladiv.o
gfortran -fimplicit-none -shared -fPIC -Wno-argument-mismatch -fallow-argument-mismatch -std=legacy -c slae2.f -o slae2.o
gfortran -fimplicit-none -shared -fPIC -Wno-argument-mismatch -fallow-argument-mismatch -std=legacy -c slaebz.f -o slaebz.o
gfortran -fimplicit-none -shared -fPIC -Wno-argument-mismatch -fallow-argument-mismatch -std=legacy -c slaed0.f -o slaed0.o
gfortran -fimplicit-none -shared -fPIC -Wno-argument-mismatch -fallow-argument-mismatch -std=legacy -c slaed1.f -o slaed1.o
gfortran -fimplicit-none -shared -fPIC -Wno-argument-mismatch -fallow-argument-mismatch -std=legacy -c slaed2.f -o slaed2.o
gfortran -fimplicit-none -shared -fPIC -Wno-argument-mismatch -fallow-argument-mismatch -std=legacy -c slaed3.f -o slaed3.o
gfortran -fimplicit-none -shared -fPIC -Wno-argument-mismatch -fallow-argument-mismatch -std=legacy -c slaed4.f -o slaed4.o
gfortran -fimplicit-none -shared -fPIC -Wno-argument-mismatch -fallow-argument-mismatch -std=legacy -c slaed5.f -o slaed5.o
gfortran -fimplicit-none -shared -fPIC -Wno-argument-mismatch -fallow-argument-mismatch -std=legacy -c slaed6.f -o slaed6.o
gfortran -fimplicit-none -shared -fPIC -Wno-argument-mismatch -fallow-argument-mismatch -std=legacy -c slaed7.f -o slaed7.o
gfortran -fimplicit-none -shared -fPIC -Wno-argument-mismatch -fallow-argument-mismatch -std=legacy -c slaed8.f -o slaed8.o
gfortran -fimplicit-none -shared -fPIC -Wno-argument-mismatch -fallow-argument-mismatch -std=legacy -c slaed9.f -o slaed9.o
gfortran -fimplicit-none -shared -fPIC -Wno-argument-mismatch -fallow-argument-mismatch -std=legacy -c slaeda.f -o slaeda.o
gfortran -fimplicit-none -shared -fPIC -Wno-argument-mismatch -fallow-argument-mismatch -std=legacy -c slaev2.f -o slaev2.o
gfortran -fimplicit-none -shared -fPIC -Wno-argument-mismatch -fallow-argument-mismatch -std=legacy -c slagtf.f -o slagtf.o
gfortran -fimplicit-none -shared -fPIC -Wno-argument-mismatch -fallow-argument-mismatch -std=legacy -c slagts.f -o slagts.o
gfortran -fimplicit-none -shared -fPIC -Wno-argument-mismatch -fallow-argument-mismatch -std=legacy -c slamrg.f -o slamrg.o
gfortran -fimplicit-none -shared -fPIC -Wno-argument-mismatch -fallow-argument-mismatch -std=legacy -c slanst.f -o slanst.o
gfortran -fimplicit-none -shared -fPIC -Wno-argument-mismatch -fallow-argument-mismatch -std=legacy -c slapy2.f -o slapy2.o
gfortran -fimplicit-none -shared -fPIC -Wno-argument-mismatch -fallow-argument-mismatch -std=legacy -c slapy3.f -o slapy3.o
gfortran -fimplicit-none -shared -fPIC -Wno-argument-mismatch -fallow-argument-mismatch -std=legacy -c slarnv.f -o slarnv.o
gfortran -fimplicit-none -shared -fPIC -Wno-argument-mismatch -fallow-argument-mismatch -std=legacy -c slarra.f -o slarra.o
gfortran -fimplicit-none -shared -fPIC -Wno-argument-mismatch -fallow-argument-mismatch -std=legacy -c slarrb.f -o slarrb.o
gfortran -fimplicit-none -shared -fPIC -Wno-argument-mismatch -fallow-argument-mismatch -std=legacy -c slarrc.f -o slarrc.o
gfortran -fimplicit-none -shared -fPIC -Wno-argument-mismatch -fallow-argument-mismatch -std=legacy -c slarrd.f -o slarrd.o
gfortran -fimplicit-none -shared -fPIC -Wno-argument-mismatch -fallow-argument-mismatch -std=legacy -c slarre.f -o slarre.o
gfortran -fimplicit-none -shared -fPIC -Wno-argument-mismatch -fallow-argument-mismatch -std=legacy -c slarrf.f -o slarrf.o
gfortran -fimplicit-none -shared -fPIC -Wno-argument-mismatch -fallow-argument-mismatch -std=legacy -c slarrj.f -o slarrj.o
gfortran -fimplicit-none -shared -fPIC -Wno-argument-mismatch -fallow-argument-mismatch -std=legacy -c slarrk.f -o slarrk.o
gfortran -fimplicit-none -shared -fPIC -Wno-argument-mismatch -fallow-argument-mismatch -std=legacy -c slarrr.f -o slarrr.o
gfortran -fimplicit-none -shared -fPIC -Wno-argument-mismatch -fallow-argument-mismatch -std=legacy -c slaneg.f -o slaneg.o
gfortran -fimplicit-none -shared -fPIC -Wno-argument-mismatch -fallow-argument-mismatch -std=legacy -c slartg.f -o slartg.o
gfortran -fimplicit-none -shared -fPIC -Wno-argument-mismatch -fallow-argument-mismatch -g -O0 -c slaruv.f -o slaruv.o
gfortran -fimplicit-none -shared -fPIC -Wno-argument-mismatch -fallow-argument-mismatch -std=legacy -c slas2.f -o slas2.o
gfortran -fimplicit-none -shared -fPIC -Wno-argument-mismatch -fallow-argument-mismatch -std=legacy -c slascl.f -o slascl.o
gfortran -fimplicit-none -shared -fPIC -Wno-argument-mismatch -fallow-argument-mismatch -std=legacy -c slasd0.f -o slasd0.o
gfortran -fimplicit-none -shared -fPIC -Wno-argument-mismatch -fallow-argument-mismatch -std=legacy -c slasd1.f -o slasd1.o
gfortran -fimplicit-none -shared -fPIC -Wno-argument-mismatch -fallow-argument-mismatch -std=legacy -c slasd2.f -o slasd2.o
gfortran -fimplicit-none -shared -fPIC -Wno-argument-mismatch -fallow-argument-mismatch -std=legacy -c slasd3.f -o slasd3.o
gfortran -fimplicit-none -shared -fPIC -Wno-argument-mismatch -fallow-argument-mismatch -std=legacy -c slasd4.f -o slasd4.o
gfortran -fimplicit-none -shared -fPIC -Wno-argument-mismatch -fallow-argument-mismatch -std=legacy -c slasd5.f -o slasd5.o
gfortran -fimplicit-none -shared -fPIC -Wno-argument-mismatch -fallow-argument-mismatch -std=legacy -c slasd6.f -o slasd6.o
gfortran -fimplicit-none -shared -fPIC -Wno-argument-mismatch -fallow-argument-mismatch -std=legacy -c slasd7.f -o slasd7.o
gfortran -fimplicit-none -shared -fPIC -Wno-argument-mismatch -fallow-argument-mismatch -std=legacy -c slasd8.f -o slasd8.o
gfortran -fimplicit-none -shared -fPIC -Wno-argument-mismatch -fallow-argument-mismatch -std=legacy -c slasda.f -o slasda.o
gfortran -fimplicit-none -shared -fPIC -Wno-argument-mismatch -fallow-argument-mismatch -std=legacy -c slasdq.f -o slasdq.o
gfortran -fimplicit-none -shared -fPIC -Wno-argument-mismatch -fallow-argument-mismatch -std=legacy -c slasdt.f -o slasdt.o
gfortran -fimplicit-none -shared -fPIC -Wno-argument-mismatch -fallow-argument-mismatch -std=legacy -c slaset.f -o slaset.o
gfortran -fimplicit-none -shared -fPIC -Wno-argument-mismatch -fallow-argument-mismatch -std=legacy -c slasq1.f -o slasq1.o
gfortran -fimplicit-none -shared -fPIC -Wno-argument-mismatch -fallow-argument-mismatch -std=legacy -c slasq2.f -o slasq2.o
gfortran -fimplicit-none -shared -fPIC -Wno-argument-mismatch -fallow-argument-mismatch -std=legacy -c slasq3.f -o slasq3.o
gfortran -fimplicit-none -shared -fPIC -Wno-argument-mismatch -fallow-argument-mismatch -std=legacy -c slasq4.f -o slasq4.o
gfortran -fimplicit-none -shared -fPIC -Wno-argument-mismatch -fallow-argument-mismatch -std=legacy -c slasq5.f -o slasq5.o
gfortran -fimplicit-none -shared -fPIC -Wno-argument-mismatch -fallow-argument-mismatch -std=legacy -c slasq6.f -o slasq6.o
gfortran -fimplicit-none -shared -fPIC -Wno-argument-mismatch -fallow-argument-mismatch -std=legacy -c slasr.f -o slasr.o
gfortran -fimplicit-none -shared -fPIC -Wno-argument-mismatch -fallow-argument-mismatch -std=legacy -c slasrt.f -o slasrt.o
gfortran -fimplicit-none -shared -fPIC -Wno-argument-mismatch -fallow-argument-mismatch -std=legacy -c slassq.f -o slassq.o
gfortran -fimplicit-none -shared -fPIC -Wno-argument-mismatch -fallow-argument-mismatch -std=legacy -c slasv2.f -o slasv2.o
gfortran -fimplicit-none -shared -fPIC -Wno-argument-mismatch -fallow-argument-mismatch -std=legacy -c spttrf.f -o spttrf.o
gfortran -fimplicit-none -shared -fPIC -Wno-argument-mismatch -fallow-argument-mismatch -std=legacy -c sstebz.f -o sstebz.o
gfortran -fimplicit-none -shared -fPIC -Wno-argument-mismatch -fallow-argument-mismatch -std=legacy -c sstedc.f -o sstedc.o
gfortran -fimplicit-none -shared -fPIC -Wno-argument-mismatch -fallow-argument-mismatch -std=legacy -c ssteqr.f -o ssteqr.o
gfortran -fimplicit-none -shared -fPIC -Wno-argument-mismatch -fallow-argument-mismatch -std=legacy -c ssterf.f -o ssterf.o
gfortran -fimplicit-none -shared -fPIC -Wno-argument-mismatch -fallow-argument-mismatch -std=legacy -c slaisnan.f -o slaisnan.o
gfortran -fimplicit-none -shared -fPIC -Wno-argument-mismatch -fallow-argument-mismatch -std=legacy -c sisnan.f -o sisnan.o
gfortran -fimplicit-none -shared -fPIC -Wno-argument-mismatch -fallow-argument-mismatch -std=legacy -c slartgp.f -o slartgp.o
gfortran -fimplicit-none -shared -fPIC -Wno-argument-mismatch -fallow-argument-mismatch -std=legacy -c slartgs.f -o slartgs.o
gfortran -fimplicit-none -shared -fPIC -Wno-argument-mismatch -fallow-argument-mismatch -std=legacy -c dbdsdc.f -o dbdsdc.o
gfortran -fimplicit-none -shared -fPIC -Wno-argument-mismatch -fallow-argument-mismatch -std=legacy -c dbdsqr.f -o dbdsqr.o
gfortran -fimplicit-none -shared -fPIC -Wno-argument-mismatch -fallow-argument-mismatch -std=legacy -c ddisna.f -o ddisna.o
gfortran -fimplicit-none -shared -fPIC -Wno-argument-mismatch -fallow-argument-mismatch -std=legacy -c dlabad.f -o dlabad.o
gfortran -fimplicit-none -shared -fPIC -Wno-argument-mismatch -fallow-argument-mismatch -std=legacy -c dlacpy.f -o dlacpy.o
gfortran -fimplicit-none -shared -fPIC -Wno-argument-mismatch -fallow-argument-mismatch -std=legacy -c dladiv.f -o dladiv.o
gfortran -fimplicit-none -shared -fPIC -Wno-argument-mismatch -fallow-argument-mismatch -std=legacy -c dlae2.f -o dlae2.o
gfortran -fimplicit-none -shared -fPIC -Wno-argument-mismatch -fallow-argument-mismatch -std=legacy -c dlaebz.f -o dlaebz.o
gfortran -fimplicit-none -shared -fPIC -Wno-argument-mismatch -fallow-argument-mismatch -std=legacy -c dlaed0.f -o dlaed0.o
gfortran -fimplicit-none -shared -fPIC -Wno-argument-mismatch -fallow-argument-mismatch -std=legacy -c dlaed1.f -o dlaed1.o
gfortran -fimplicit-none -shared -fPIC -Wno-argument-mismatch -fallow-argument-mismatch -std=legacy -c dlaed2.f -o dlaed2.o
gfortran -fimplicit-none -shared -fPIC -Wno-argument-mismatch -fallow-argument-mismatch -std=legacy -c dlaed3.f -o dlaed3.o
gfortran -fimplicit-none -shared -fPIC -Wno-argument-mismatch -fallow-argument-mismatch -std=legacy -c dlaed4.f -o dlaed4.o
gfortran -fimplicit-none -shared -fPIC -Wno-argument-mismatch -fallow-argument-mismatch -std=legacy -c dlaed5.f -o dlaed5.o
gfortran -fimplicit-none -shared -fPIC -Wno-argument-mismatch -fallow-argument-mismatch -std=legacy -c dlaed6.f -o dlaed6.o
gfortran -fimplicit-none -shared -fPIC -Wno-argument-mismatch -fallow-argument-mismatch -std=legacy -c dlaed7.f -o dlaed7.o
gfortran -fimplicit-none -shared -fPIC -Wno-argument-mismatch -fallow-argument-mismatch -std=legacy -c dlaed8.f -o dlaed8.o
gfortran -fimplicit-none -shared -fPIC -Wno-argument-mismatch -fallow-argument-mismatch -std=legacy -c dlaed9.f -o dlaed9.o
gfortran -fimplicit-none -shared -fPIC -Wno-argument-mismatch -fallow-argument-mismatch -std=legacy -c dlaeda.f -o dlaeda.o
gfortran -fimplicit-none -shared -fPIC -Wno-argument-mismatch -fallow-argument-mismatch -std=legacy -c dlaev2.f -o dlaev2.o
gfortran -fimplicit-none -shared -fPIC -Wno-argument-mismatch -fallow-argument-mismatch -std=legacy -c dlagtf.f -o dlagtf.o
gfortran -fimplicit-none -shared -fPIC -Wno-argument-mismatch -fallow-argument-mismatch -std=legacy -c dlagts.f -o dlagts.o
gfortran -fimplicit-none -shared -fPIC -Wno-argument-mismatch -fallow-argument-mismatch -std=legacy -c dlamrg.f -o dlamrg.o
gfortran -fimplicit-none -shared -fPIC -Wno-argument-mismatch -fallow-argument-mismatch -std=legacy -c dlanst.f -o dlanst.o
gfortran -fimplicit-none -shared -fPIC -Wno-argument-mismatch -fallow-argument-mismatch -std=legacy -c dlapy2.f -o dlapy2.o
gfortran -fimplicit-none -shared -fPIC -Wno-argument-mismatch -fallow-argument-mismatch -std=legacy -c dlapy3.f -o dlapy3.o
gfortran -fimplicit-none -shared -fPIC -Wno-argument-mismatch -fallow-argument-mismatch -std=legacy -c dlarnv.f -o dlarnv.o
gfortran -fimplicit-none -shared -fPIC -Wno-argument-mismatch -fallow-argument-mismatch -std=legacy -c dlarra.f -o dlarra.o
gfortran -fimplicit-none -shared -fPIC -Wno-argument-mismatch -fallow-argument-mismatch -std=legacy -c dlarrb.f -o dlarrb.o
gfortran -fimplicit-none -shared -fPIC -Wno-argument-mismatch -fallow-argument-mismatch -std=legacy -c dlarrc.f -o dlarrc.o
gfortran -fimplicit-none -shared -fPIC -Wno-argument-mismatch -fallow-argument-mismatch -std=legacy -c dlarrd.f -o dlarrd.o
gfortran -fimplicit-none -shared -fPIC -Wno-argument-mismatch -fallow-argument-mismatch -std=legacy -c dlarre.f -o dlarre.o
gfortran -fimplicit-none -shared -fPIC -Wno-argument-mismatch -fallow-argument-mismatch -std=legacy -c dlarrf.f -o dlarrf.o
gfortran -fimplicit-none -shared -fPIC -Wno-argument-mismatch -fallow-argument-mismatch -std=legacy -c dlarrj.f -o dlarrj.o
gfortran -fimplicit-none -shared -fPIC -Wno-argument-mismatch -fallow-argument-mismatch -std=legacy -c dlarrk.f -o dlarrk.o
gfortran -fimplicit-none -shared -fPIC -Wno-argument-mismatch -fallow-argument-mismatch -std=legacy -c dlarrr.f -o dlarrr.o
gfortran -fimplicit-none -shared -fPIC -Wno-argument-mismatch -fallow-argument-mismatch -std=legacy -c dlaneg.f -o dlaneg.o
gfortran -fimplicit-none -shared -fPIC -Wno-argument-mismatch -fallow-argument-mismatch -std=legacy -c dlartg.f -o dlartg.o
gfortran -fimplicit-none -shared -fPIC -Wno-argument-mismatch -fallow-argument-mismatch -g -O0 -c dlaruv.f -o dlaruv.o
gfortran -fimplicit-none -shared -fPIC -Wno-argument-mismatch -fallow-argument-mismatch -std=legacy -c dlas2.f -o dlas2.o
gfortran -fimplicit-none -shared -fPIC -Wno-argument-mismatch -fallow-argument-mismatch -std=legacy -c dlascl.f -o dlascl.o
gfortran -fimplicit-none -shared -fPIC -Wno-argument-mismatch -fallow-argument-mismatch -std=legacy -c dlasd0.f -o dlasd0.o
gfortran -fimplicit-none -shared -fPIC -Wno-argument-mismatch -fallow-argument-mismatch -std=legacy -c dlasd1.f -o dlasd1.o
gfortran -fimplicit-none -shared -fPIC -Wno-argument-mismatch -fallow-argument-mismatch -std=legacy -c dlasd2.f -o dlasd2.o
gfortran -fimplicit-none -shared -fPIC -Wno-argument-mismatch -fallow-argument-mismatch -std=legacy -c dlasd3.f -o dlasd3.o
gfortran -fimplicit-none -shared -fPIC -Wno-argument-mismatch -fallow-argument-mismatch -std=legacy -c dlasd4.f -o dlasd4.o
gfortran -fimplicit-none -shared -fPIC -Wno-argument-mismatch -fallow-argument-mismatch -std=legacy -c dlasd5.f -o dlasd5.o
gfortran -fimplicit-none -shared -fPIC -Wno-argument-mismatch -fallow-argument-mismatch -std=legacy -c dlasd6.f -o dlasd6.o
gfortran -fimplicit-none -shared -fPIC -Wno-argument-mismatch -fallow-argument-mismatch -std=legacy -c dlasd7.f -o dlasd7.o
gfortran -fimplicit-none -shared -fPIC -Wno-argument-mismatch -fallow-argument-mismatch -std=legacy -c dlasd8.f -o dlasd8.o
gfortran -fimplicit-none -shared -fPIC -Wno-argument-mismatch -fallow-argument-mismatch -std=legacy -c dlasda.f -o dlasda.o
gfortran -fimplicit-none -shared -fPIC -Wno-argument-mismatch -fallow-argument-mismatch -std=legacy -c dlasdq.f -o dlasdq.o
gfortran -fimplicit-none -shared -fPIC -Wno-argument-mismatch -fallow-argument-mismatch -std=legacy -c dlasdt.f -o dlasdt.o
gfortran -fimplicit-none -shared -fPIC -Wno-argument-mismatch -fallow-argument-mismatch -std=legacy -c dlaset.f -o dlaset.o
gfortran -fimplicit-none -shared -fPIC -Wno-argument-mismatch -fallow-argument-mismatch -std=legacy -c dlasq1.f -o dlasq1.o
gfortran -fimplicit-none -shared -fPIC -Wno-argument-mismatch -fallow-argument-mismatch -std=legacy -c dlasq2.f -o dlasq2.o
gfortran -fimplicit-none -shared -fPIC -Wno-argument-mismatch -fallow-argument-mismatch -std=legacy -c dlasq3.f -o dlasq3.o
gfortran -fimplicit-none -shared -fPIC -Wno-argument-mismatch -fallow-argument-mismatch -std=legacy -c dlasq4.f -o dlasq4.o
gfortran -fimplicit-none -shared -fPIC -Wno-argument-mismatch -fallow-argument-mismatch -std=legacy -c dlasq5.f -o dlasq5.o
gfortran -fimplicit-none -shared -fPIC -Wno-argument-mismatch -fallow-argument-mismatch -std=legacy -c dlasq6.f -o dlasq6.o
gfortran -fimplicit-none -shared -fPIC -Wno-argument-mismatch -fallow-argument-mismatch -std=legacy -c dlasr.f -o dlasr.o
gfortran -fimplicit-none -shared -fPIC -Wno-argument-mismatch -fallow-argument-mismatch -std=legacy -c dlasrt.f -o dlasrt.o
gfortran -fimplicit-none -shared -fPIC -Wno-argument-mismatch -fallow-argument-mismatch -std=legacy -c dlassq.f -o dlassq.o
gfortran -fimplicit-none -shared -fPIC -Wno-argument-mismatch -fallow-argument-mismatch -std=legacy -c dlasv2.f -o dlasv2.o
gfortran -fimplicit-none -shared -fPIC -Wno-argument-mismatch -fallow-argument-mismatch -std=legacy -c dpttrf.f -o dpttrf.o
gfortran -fimplicit-none -shared -fPIC -Wno-argument-mismatch -fallow-argument-mismatch -std=legacy -c dstebz.f -o dstebz.o
gfortran -fimplicit-none -shared -fPIC -Wno-argument-mismatch -fallow-argument-mismatch -std=legacy -c dstedc.f -o dstedc.o
gfortran -fimplicit-none -shared -fPIC -Wno-argument-mismatch -fallow-argument-mismatch -std=legacy -c dsteqr.f -o dsteqr.o
gfortran -fimplicit-none -shared -fPIC -Wno-argument-mismatch -fallow-argument-mismatch -std=legacy -c dsterf.f -o dsterf.o
gfortran -fimplicit-none -shared -fPIC -Wno-argument-mismatch -fallow-argument-mismatch -std=legacy -c dlaisnan.f -o dlaisnan.o
gfortran -fimplicit-none -shared -fPIC -Wno-argument-mismatch -fallow-argument-mismatch -std=legacy -c disnan.f -o disnan.o
gfortran -fimplicit-none -shared -fPIC -Wno-argument-mismatch -fallow-argument-mismatch -std=legacy -c dlartgp.f -o dlartgp.o
gfortran -fimplicit-none -shared -fPIC -Wno-argument-mismatch -fallow-argument-mismatch -std=legacy -c dlartgs.f -o dlartgs.o
gfortran -fimplicit-none -shared -fPIC -Wno-argument-mismatch -fallow-argument-mismatch -std=legacy -c ilaenv.f -o ilaenv.o
gfortran -fimplicit-none -shared -fPIC -Wno-argument-mismatch -fallow-argument-mismatch -std=legacy -c ieeeck.f -o ieeeck.o
gfortran -fimplicit-none -shared -fPIC -Wno-argument-mismatch -fallow-argument-mismatch -std=legacy -c lsamen.f -o lsamen.o
gfortran -fimplicit-none -shared -fPIC -Wno-argument-mismatch -fallow-argument-mismatch -std=legacy -c xerbla.f -o xerbla.o
gfortran -fimplicit-none -shared -fPIC -Wno-argument-mismatch -fallow-argument-mismatch -std=legacy -c xerbla_array.f -o xerbla_array.o
gfortran -fimplicit-none -shared -fPIC -Wno-argument-mismatch -fallow-argument-mismatch -std=legacy -c iparmq.f -o iparmq.o
gfortran -fimplicit-none -shared -fPIC -Wno-argument-mismatch -fallow-argument-mismatch -std=legacy -c ilaprec.f -o ilaprec.o
gfortran -fimplicit-none -shared -fPIC -Wno-argument-mismatch -fallow-argument-mismatch -std=legacy -c ilatrans.f -o ilatrans.o
gfortran -fimplicit-none -shared -fPIC -Wno-argument-mismatch -fallow-argument-mismatch -std=legacy -c ilauplo.f -o ilauplo.o
gfortran -fimplicit-none -shared -fPIC -Wno-argument-mismatch -fallow-argument-mismatch -std=legacy -c iladiag.f -o iladiag.o
gfortran -fimplicit-none -shared -fPIC -Wno-argument-mismatch -fallow-argument-mismatch -std=legacy -c chla_transtype.f -o chla_transtype.o
ar cr ../liblapack_gfortran.a sgbbrd.o sgbcon.o sgbequ.o sgbrfs.o sgbsv.o sgbsvx.o sgbtf2.o sgbtrf.o sgbtrs.o sgebak.o sgebal.o sgebd2.o sgebrd.o sgecon.o sgeequ.o sgees.o  sgeesx.o sgeev.o  sgeevx.o sgegs.o  sgegv.o  sgehd2.o sgehrd.o sgelq2.o sgelqf.o sgels.o  sgelsd.o sgelss.o sgelsx.o sgelsy.o sgeql2.o sgeqlf.o sgeqp3.o sgeqpf.o sgeqr2.o sgeqr2p.o sgeqrf.o sgeqrfp.o sgerfs.o sgerq2.o sgerqf.o sgesc2.o sgesdd.o sgesv.o  sgesvd.o sgesvx.o sgetc2.o sgetf2.o sgetri.o sggbak.o sggbal.o sgges.o  sggesx.o sggev.o  sggevx.o sggglm.o sgghrd.o sgglse.o sggqrf.o sggrqf.o sggsvd.o sggsvp.o sgtcon.o sgtrfs.o sgtsv.o sgtsvx.o sgttrf.o sgttrs.o sgtts2.o shgeqz.o shsein.o shseqr.o slabrd.o slacon.o slacn2.o slaein.o slaexc.o slag2.o  slags2.o slagtm.o slagv2.o slahqr.o slahrd.o slahr2.o slaic1.o slaln2.o slals0.o slalsa.o slalsd.o slangb.o slange.o slangt.o slanhs.o slansb.o slansp.o slansy.o slantb.o slantp.o slantr.o slanv2.o slapll.o slapmt.o slaqgb.o slaqge.o slaqp2.o slaqps.o slaqsb.o slaqsp.o slaqsy.o slaqr0.o slaqr1.o slaqr2.o slaqr3.o slaqr4.o slaqr5.o slaqtr.o slar1v.o slar2v.o ilaslr.o ilaslc.o slarf.o  slarfb.o slarfg.o slarfgp.o slarft.o slarfx.o slargv.o slarrv.o slartv.o slarz.o  slarzb.o slarzt.o slaswp.o slasy2.o slasyf.o slatbs.o slatdf.o slatps.o slatrd.o slatrs.o slatrz.o slatzm.o slauu2.o slauum.o sopgtr.o sopmtr.o sorg2l.o sorg2r.o sorgbr.o sorghr.o sorgl2.o sorglq.o sorgql.o sorgqr.o sorgr2.o sorgrq.o sorgtr.o sorm2l.o sorm2r.o sormbr.o sormhr.o sorml2.o sormlq.o sormql.o sormqr.o sormr2.o sormr3.o sormrq.o sormrz.o sormtr.o spbcon.o spbequ.o spbrfs.o spbstf.o spbsv.o  spbsvx.o spbtf2.o spbtrf.o spbtrs.o spocon.o spoequ.o sporfs.o sposv.o sposvx.o spotf2.o  spotri.o  spstrf.o spstf2.o sppcon.o sppequ.o spprfs.o sppsv.o  sppsvx.o spptrf.o spptri.o spptrs.o sptcon.o spteqr.o sptrfs.o sptsv.o  sptsvx.o spttrs.o sptts2.o srscl.o ssbev.o  ssbevd.o ssbevx.o ssbgst.o ssbgv.o  ssbgvd.o ssbgvx.o ssbtrd.o sspcon.o sspev.o  sspevd.o sspevx.o sspgst.o sspgv.o  sspgvd.o sspgvx.o ssprfs.o sspsv.o  sspsvx.o ssptrd.o ssptrf.o ssptri.o ssptrs.o sstegr.o sstein.o sstev.o  sstevd.o sstevr.o sstevx.o ssycon.o ssyev.o  ssyevd.o ssyevr.o ssyevx.o ssygs2.o ssygst.o ssygv.o  ssygvd.o ssygvx.o ssyrfs.o ssysv.o  ssysvx.o ssytd2.o ssytf2.o ssytrd.o ssytrf.o ssytri.o ssytri2.o ssytri2x.o ssyswapr.o ssytrs.o ssytrs2.o ssyconv.o stbcon.o stbrfs.o stbtrs.o stgevc.o stgex2.o stgexc.o stgsen.o stgsja.o stgsna.o stgsy2.o stgsyl.o stpcon.o stprfs.o stptri.o stptrs.o strcon.o strevc.o strexc.o strrfs.o strsen.o strsna.o strsyl.o strti2.o strtri.o strtrs.o stzrqf.o stzrzf.o sstemr.o slansf.o spftrf.o spftri.o spftrs.o ssfrk.o stfsm.o stftri.o stfttp.o stfttr.o stpttf.o stpttr.o strttf.o strttp.o sgejsv.o  sgesvj.o  sgsvj0.o  sgsvj1.o sgeequb.o ssyequb.o spoequb.o sgbequb.o sbbcsd.o slapmr.o sorbdb.o sorcsd.o dgbbrd.o dgbcon.o dgbequ.o dgbrfs.o dgbsv.o dgbsvx.o dgbtf2.o dgbtrf.o dgbtrs.o dgebak.o dgebal.o dgebd2.o dgebrd.o dgecon.o dgeequ.o dgees.o  dgeesx.o dgeev.o  dgeevx.o dgegs.o  dgegv.o  dgehd2.o dgehrd.o dgelq2.o dgelqf.o dgels.o  dgelsd.o dgelss.o dgelsx.o dgelsy.o dgeql2.o dgeqlf.o dgeqp3.o dgeqpf.o dgeqr2.o dgeqr2p.o dgeqrf.o dgeqrfp.o dgerfs.o dgerq2.o dgerqf.o dgesc2.o dgesdd.o dgesv.o  dgesvd.o dgesvx.o dgetc2.o dgetf2.o dgetrf.o dgetri.o dgetrs.o dggbak.o dggbal.o dgges.o  dggesx.o dggev.o  dggevx.o dggglm.o dgghrd.o dgglse.o dggqrf.o dggrqf.o dggsvd.o dggsvp.o dgtcon.o dgtrfs.o dgtsv.o dgtsvx.o dgttrf.o dgttrs.o dgtts2.o dhgeqz.o dhsein.o dhseqr.o dlabrd.o dlacon.o dlacn2.o dlaein.o dlaexc.o dlag2.o  dlags2.o dlagtm.o dlagv2.o dlahqr.o dlahrd.o dlahr2.o dlaic1.o dlaln2.o dlals0.o dlalsa.o dlalsd.o dlangb.o dlange.o dlangt.o dlanhs.o dlansb.o dlansp.o dlansy.o dlantb.o dlantp.o dlantr.o dlanv2.o dlapll.o dlapmt.o dlaqgb.o dlaqge.o dlaqp2.o dlaqps.o dlaqsb.o dlaqsp.o dlaqsy.o dlaqr0.o dlaqr1.o dlaqr2.o dlaqr3.o dlaqr4.o dlaqr5.o dlaqtr.o dlar1v.o dlar2v.o iladlr.o iladlc.o dlarf.o  dlarfb.o dlarfg.o dlarfgp.o dlarft.o dlarfx.o dlargv.o dlarrv.o dlartv.o dlarz.o  dlarzb.o dlarzt.o dlaswp.o dlasy2.o dlasyf.o dlatbs.o dlatdf.o dlatps.o dlatrd.o dlatrs.o dlatrz.o dlatzm.o dlauu2.o dlauum.o dopgtr.o dopmtr.o dorg2l.o dorg2r.o dorgbr.o dorghr.o dorgl2.o dorglq.o dorgql.o dorgqr.o dorgr2.o dorgrq.o dorgtr.o dorm2l.o dorm2r.o dormbr.o dormhr.o dorml2.o dormlq.o dormql.o dormqr.o dormr2.o dormr3.o dormrq.o dormrz.o dormtr.o dpbcon.o dpbequ.o dpbrfs.o dpbstf.o dpbsv.o  dpbsvx.o dpbtf2.o dpbtrf.o dpbtrs.o dpocon.o dpoequ.o dporfs.o dposv.o dposvx.o dpotf2.o dpotrf.o dpotri.o dpotrs.o dpstrf.o dpstf2.o dppcon.o dppequ.o dpprfs.o dppsv.o  dppsvx.o dpptrf.o dpptri.o dpptrs.o dptcon.o dpteqr.o dptrfs.o dptsv.o  dptsvx.o dpttrs.o dptts2.o drscl.o dsbev.o  dsbevd.o dsbevx.o dsbgst.o dsbgv.o  dsbgvd.o dsbgvx.o dsbtrd.o  dspcon.o dspev.o  dspevd.o dspevx.o dspgst.o dspgv.o  dspgvd.o dspgvx.o dsprfs.o dspsv.o  dspsvx.o dsptrd.o dsptrf.o dsptri.o dsptrs.o dstegr.o dstein.o dstev.o  dstevd.o dstevr.o dstevx.o dsycon.o dsyev.o  dsyevd.o dsyevr.o dsyevx.o dsygs2.o dsygst.o dsygv.o  dsygvd.o dsygvx.o dsyrfs.o dsysv.o  dsysvx.o dsytd2.o dsytf2.o dsytrd.o dsytrf.o dsytri.o dsytri2.o dsytri2x.o dsyswapr.o dsytrs.o dsytrs2.o dsyconv.o dtbcon.o dtbrfs.o dtbtrs.o dtgevc.o dtgex2.o dtgexc.o dtgsen.o dtgsja.o dtgsna.o dtgsy2.o dtgsyl.o dtpcon.o dtprfs.o dtptri.o dtptrs.o dtrcon.o dtrevc.o dtrexc.o dtrrfs.o dtrsen.o dtrsna.o dtrsyl.o dtrti2.o dtrtri.o dtrtrs.o dtzrqf.o dtzrzf.o dstemr.o dsgesv.o dsposv.o dlag2s.o slag2d.o dlat2s.o dlansf.o dpftrf.o dpftri.o dpftrs.o dsfrk.o dtfsm.o dtftri.o dtfttp.o dtfttr.o dtpttf.o dtpttr.o dtrttf.o dtrttp.o dgejsv.o  dgesvj.o  dgsvj0.o  dgsvj1.o dgeequb.o dsyequb.o dpoequb.o dgbequb.o dbbcsd.o dlapmr.o dorbdb.o dorcsd.o spotrs.o sgetrs.o spotrf.o sgetrf.o  cbdsqr.o cgbbrd.o cgbcon.o cgbequ.o cgbrfs.o cgbsv.o  cgbsvx.o cgbtf2.o cgbtrf.o cgbtrs.o cgebak.o cgebal.o cgebd2.o cgebrd.o cgecon.o cgeequ.o cgees.o  cgeesx.o cgeev.o  cgeevx.o cgegs.o  cgegv.o  cgehd2.o cgehrd.o cgelq2.o cgelqf.o cgels.o  cgelsd.o cgelss.o cgelsx.o cgelsy.o cgeql2.o cgeqlf.o cgeqp3.o cgeqpf.o cgeqr2.o cgeqr2p.o cgeqrf.o cgeqrfp.o cgerfs.o cgerq2.o cgerqf.o cgesc2.o cgesdd.o cgesv.o  cgesvd.o cgesvx.o cgetc2.o cgetf2.o cgetri.o cggbak.o cggbal.o cgges.o  cggesx.o cggev.o  cggevx.o cggglm.o cgghrd.o cgglse.o cggqrf.o cggrqf.o cggsvd.o cggsvp.o cgtcon.o cgtrfs.o cgtsv.o  cgtsvx.o cgttrf.o cgttrs.o cgtts2.o chbev.o chbevd.o chbevx.o chbgst.o chbgv.o  chbgvd.o chbgvx.o chbtrd.o checon.o cheev.o  cheevd.o cheevr.o cheevx.o chegs2.o chegst.o chegv.o  chegvd.o chegvx.o cherfs.o chesv.o  chesvx.o chetd2.o chetf2.o chetrd.o chetrf.o chetri.o chetri2.o chetri2x.o cheswapr.o chetrs.o chetrs2.o chgeqz.o chpcon.o chpev.o  chpevd.o chpevx.o chpgst.o chpgv.o  chpgvd.o chpgvx.o chprfs.o chpsv.o chpsvx.o chptrd.o chptrf.o chptri.o chptrs.o chsein.o chseqr.o clabrd.o clacgv.o clacon.o clacn2.o clacp2.o clacpy.o clacrm.o clacrt.o cladiv.o claed0.o claed7.o claed8.o claein.o claesy.o claev2.o clags2.o clagtm.o clahef.o clahqr.o clahrd.o clahr2.o claic1.o clals0.o clalsa.o clalsd.o clangb.o clange.o clangt.o clanhb.o clanhe.o clanhp.o clanhs.o clanht.o clansb.o clansp.o clansy.o clantb.o clantp.o clantr.o clapll.o clapmt.o clarcm.o claqgb.o claqge.o claqhb.o claqhe.o claqhp.o claqp2.o claqps.o claqsb.o claqr0.o claqr1.o claqr2.o claqr3.o claqr4.o claqr5.o claqsp.o claqsy.o clar1v.o clar2v.o ilaclr.o ilaclc.o clarf.o  clarfb.o clarfg.o clarft.o clarfgp.o clarfx.o clargv.o clarnv.o clarrv.o clartg.o clartv.o clarz.o  clarzb.o clarzt.o clascl.o claset.o clasr.o  classq.o claswp.o clasyf.o clatbs.o clatdf.o clatps.o clatrd.o clatrs.o clatrz.o clatzm.o clauu2.o clauum.o cpbcon.o cpbequ.o cpbrfs.o cpbstf.o cpbsv.o cpbsvx.o cpbtf2.o cpbtrf.o cpbtrs.o cpocon.o cpoequ.o cporfs.o cposv.o  cposvx.o cpotf2.o cpotri.o cpstrf.o cpstf2.o cppcon.o cppequ.o cpprfs.o cppsv.o  cppsvx.o cpptrf.o cpptri.o cpptrs.o cptcon.o cpteqr.o cptrfs.o cptsv.o  cptsvx.o cpttrf.o cpttrs.o cptts2.o crot.o   cspcon.o cspmv.o  cspr.o   csprfs.o cspsv.o cspsvx.o csptrf.o csptri.o csptrs.o csrscl.o cstedc.o cstegr.o cstein.o csteqr.o csycon.o csymv.o csyr.o   csyrfs.o csysv.o  csysvx.o csytf2.o csytrf.o csytri.o csytri2.o csytri2x.o csyswapr.o csytrs.o csytrs2.o csyconv.o ctbcon.o ctbrfs.o ctbtrs.o ctgevc.o ctgex2.o ctgexc.o ctgsen.o ctgsja.o ctgsna.o ctgsy2.o ctgsyl.o ctpcon.o ctprfs.o ctptri.o ctptrs.o ctrcon.o ctrevc.o ctrexc.o ctrrfs.o ctrsen.o ctrsna.o ctrsyl.o ctrti2.o ctrtri.o ctrtrs.o ctzrqf.o ctzrzf.o cung2l.o cung2r.o cungbr.o cunghr.o cungl2.o cunglq.o cungql.o cungqr.o cungr2.o cungrq.o cungtr.o cunm2l.o cunm2r.o cunmbr.o cunmhr.o cunml2.o cunmlq.o cunmql.o cunmqr.o cunmr2.o cunmr3.o cunmrq.o cunmrz.o cunmtr.o cupgtr.o cupmtr.o icmax1.o scsum1.o cstemr.o chfrk.o ctfttp.o clanhf.o cpftrf.o cpftri.o cpftrs.o ctfsm.o ctftri.o ctfttr.o ctpttf.o ctpttr.o ctrttf.o ctrttp.o cgeequb.o cgbequb.o csyequb.o cpoequb.o cheequb.o cbbcsd.o clapmr.o cunbdb.o cuncsd.o zbdsqr.o zgbbrd.o zgbcon.o zgbequ.o zgbrfs.o zgbsv.o  zgbsvx.o zgbtf2.o zgbtrf.o zgbtrs.o zgebak.o zgebal.o zgebd2.o zgebrd.o zgecon.o zgeequ.o zgees.o  zgeesx.o zgeev.o  zgeevx.o zgegs.o  zgegv.o  zgehd2.o zgehrd.o zgelq2.o zgelqf.o zgels.o  zgelsd.o zgelss.o zgelsx.o zgelsy.o zgeql2.o zgeqlf.o zgeqp3.o zgeqpf.o zgeqr2.o zgeqr2p.o zgeqrf.o zgeqrfp.o zgerfs.o zgerq2.o zgerqf.o zgesc2.o zgesdd.o zgesv.o  zgesvd.o zgesvx.o zgetc2.o zgetf2.o zgetrf.o zgetri.o zgetrs.o zggbak.o zggbal.o zgges.o  zggesx.o zggev.o  zggevx.o zggglm.o zgghrd.o zgglse.o zggqrf.o zggrqf.o zggsvd.o zggsvp.o zgtcon.o zgtrfs.o zgtsv.o  zgtsvx.o zgttrf.o zgttrs.o zgtts2.o zhbev.o zhbevd.o zhbevx.o zhbgst.o zhbgv.o  zhbgvd.o zhbgvx.o zhbtrd.o zhecon.o zheev.o  zheevd.o zheevr.o zheevx.o zhegs2.o zhegst.o zhegv.o  zhegvd.o zhegvx.o zherfs.o zhesv.o  zhesvx.o zhetd2.o zhetf2.o zhetrd.o zhetrf.o zhetri.o zhetri2.o zhetri2x.o zheswapr.o zhetrs.o zhetrs2.o zhgeqz.o zhpcon.o zhpev.o  zhpevd.o zhpevx.o zhpgst.o zhpgv.o  zhpgvd.o zhpgvx.o zhprfs.o zhpsv.o zhpsvx.o zhptrd.o zhptrf.o zhptri.o zhptrs.o zhsein.o zhseqr.o zlabrd.o zlacgv.o zlacon.o zlacn2.o zlacp2.o zlacpy.o zlacrm.o zlacrt.o zladiv.o zlaed0.o zlaed7.o zlaed8.o zlaein.o zlaesy.o zlaev2.o zlags2.o zlagtm.o zlahef.o zlahqr.o zlahrd.o zlahr2.o zlaic1.o zlals0.o zlalsa.o zlalsd.o zlangb.o zlange.o zlangt.o zlanhb.o zlanhe.o zlanhp.o zlanhs.o zlanht.o zlansb.o zlansp.o zlansy.o zlantb.o zlantp.o zlantr.o zlapll.o zlapmt.o zlaqgb.o zlaqge.o zlaqhb.o zlaqhe.o zlaqhp.o zlaqp2.o zlaqps.o zlaqsb.o zlaqr0.o zlaqr1.o zlaqr2.o zlaqr3.o zlaqr4.o zlaqr5.o zlaqsp.o zlaqsy.o zlar1v.o zlar2v.o ilazlr.o ilazlc.o zlarcm.o zlarf.o  zlarfb.o zlarfg.o zlarft.o zlarfgp.o zlarfx.o zlargv.o zlarnv.o zlarrv.o zlartg.o zlartv.o zlarz.o  zlarzb.o zlarzt.o zlascl.o zlaset.o zlasr.o zlassq.o zlaswp.o zlasyf.o zlatbs.o zlatdf.o zlatps.o zlatrd.o zlatrs.o zlatrz.o zlatzm.o zlauu2.o zlauum.o zpbcon.o zpbequ.o zpbrfs.o zpbstf.o zpbsv.o zpbsvx.o zpbtf2.o zpbtrf.o zpbtrs.o zpocon.o zpoequ.o zporfs.o zposv.o  zposvx.o zpotf2.o zpotrf.o zpotri.o zpotrs.o zpstrf.o zpstf2.o zppcon.o zppequ.o zpprfs.o zppsv.o  zppsvx.o zpptrf.o zpptri.o zpptrs.o zptcon.o zpteqr.o zptrfs.o zptsv.o  zptsvx.o zpttrf.o zpttrs.o zptts2.o zrot.o   zspcon.o zspmv.o  zspr.o   zsprfs.o zspsv.o zspsvx.o zsptrf.o zsptri.o zsptrs.o zdrscl.o zstedc.o zstegr.o zstein.o zsteqr.o zsycon.o zsymv.o zsyr.o   zsyrfs.o zsysv.o  zsysvx.o zsytf2.o zsytrf.o zsytri.o zsytri2.o zsytri2x.o zsyswapr.o zsytrs.o zsytrs2.o zsyconv.o ztbcon.o ztbrfs.o ztbtrs.o ztgevc.o ztgex2.o ztgexc.o ztgsen.o ztgsja.o ztgsna.o ztgsy2.o ztgsyl.o ztpcon.o ztprfs.o ztptri.o ztptrs.o ztrcon.o ztrevc.o ztrexc.o ztrrfs.o ztrsen.o ztrsna.o ztrsyl.o ztrti2.o ztrtri.o ztrtrs.o ztzrqf.o ztzrzf.o zung2l.o zung2r.o zungbr.o zunghr.o zungl2.o zunglq.o zungql.o zungqr.o zungr2.o zungrq.o zungtr.o zunm2l.o zunm2r.o zunmbr.o zunmhr.o zunml2.o zunmlq.o zunmql.o zunmqr.o zunmr2.o zunmr3.o zunmrq.o zunmrz.o zunmtr.o zupgtr.o zupmtr.o izmax1.o dzsum1.o zstemr.o zcgesv.o zcposv.o zlag2c.o clag2z.o zlat2c.o zhfrk.o ztfttp.o zlanhf.o zpftrf.o zpftri.o zpftrs.o ztfsm.o ztftri.o ztfttr.o ztpttf.o ztpttr.o ztrttf.o ztrttp.o zgeequb.o zgbequb.o zsyequb.o zpoequb.o zheequb.o zbbcsd.o zlapmr.o zunbdb.o zuncsd.o cpotrs.o cgetrs.o cpotrf.o cgetrf.o  sbdsdc.o sbdsqr.o sdisna.o slabad.o slacpy.o sladiv.o slae2.o  slaebz.o slaed0.o slaed1.o slaed2.o slaed3.o slaed4.o slaed5.o slaed6.o slaed7.o slaed8.o slaed9.o slaeda.o slaev2.o slagtf.o slagts.o slamrg.o slanst.o slapy2.o slapy3.o slarnv.o slarra.o slarrb.o slarrc.o slarrd.o slarre.o slarrf.o slarrj.o slarrk.o slarrr.o slaneg.o slartg.o slaruv.o slas2.o  slascl.o slasd0.o slasd1.o slasd2.o slasd3.o slasd4.o slasd5.o slasd6.o slasd7.o slasd8.o slasda.o slasdq.o slasdt.o slaset.o slasq1.o slasq2.o slasq3.o slasq4.o slasq5.o slasq6.o slasr.o  slasrt.o slassq.o slasv2.o spttrf.o sstebz.o sstedc.o ssteqr.o ssterf.o slaisnan.o sisnan.o slartgp.o slartgs.o ../INSTALL/second_INT_CPU_TIME.o dbdsdc.o dbdsqr.o ddisna.o dlabad.o dlacpy.o dladiv.o dlae2.o  dlaebz.o dlaed0.o dlaed1.o dlaed2.o dlaed3.o dlaed4.o dlaed5.o dlaed6.o dlaed7.o dlaed8.o dlaed9.o dlaeda.o dlaev2.o dlagtf.o dlagts.o dlamrg.o dlanst.o dlapy2.o dlapy3.o dlarnv.o dlarra.o dlarrb.o dlarrc.o dlarrd.o dlarre.o dlarrf.o dlarrj.o dlarrk.o dlarrr.o dlaneg.o dlartg.o dlaruv.o dlas2.o  dlascl.o dlasd0.o dlasd1.o dlasd2.o dlasd3.o dlasd4.o dlasd5.o dlasd6.o dlasd7.o dlasd8.o dlasda.o dlasdq.o dlasdt.o dlaset.o dlasq1.o dlasq2.o dlasq3.o dlasq4.o dlasq5.o dlasq6.o dlasr.o  dlasrt.o dlassq.o dlasv2.o dpttrf.o dstebz.o dstedc.o dsteqr.o dsterf.o dlaisnan.o disnan.o dlartgp.o dlartgs.o ../INSTALL/dlamch.o ../INSTALL/dsecnd_INT_CPU_TIME.o ilaenv.o ieeeck.o lsamen.o xerbla.o xerbla_array.o iparmq.o ilaprec.o ilatrans.o ilauplo.o iladiag.o chla_transtype.o ../INSTALL/ilaver.o ../INSTALL/lsame.o ../INSTALL/slamch.o 
ranlib ../liblapack_gfortran.a
make[1]: Leaving directory '/gpfs/home/s376817/OpenFOAM/s376817-v2406/applications/utilities/waves2Foam/ThirdParty/lapack-3.3.1/SRC'
( cd TESTING/MATGEN; make )
make[1]: Entering directory '/gpfs/home/s376817/OpenFOAM/s376817-v2406/applications/utilities/waves2Foam/ThirdParty/lapack-3.3.1/TESTING/MATGEN'
gfortran -fimplicit-none -shared -fPIC -Wno-argument-mismatch -fallow-argument-mismatch -std=legacy -c slatms.f -o slatms.o
gfortran -fimplicit-none -shared -fPIC -Wno-argument-mismatch -fallow-argument-mismatch -std=legacy -c slatme.f -o slatme.o
gfortran -fimplicit-none -shared -fPIC -Wno-argument-mismatch -fallow-argument-mismatch -std=legacy -c slatmr.f -o slatmr.o
gfortran -fimplicit-none -shared -fPIC -Wno-argument-mismatch -fallow-argument-mismatch -std=legacy -c slatmt.f -o slatmt.o
gfortran -fimplicit-none -shared -fPIC -Wno-argument-mismatch -fallow-argument-mismatch -std=legacy -c slagge.f -o slagge.o
gfortran -fimplicit-none -shared -fPIC -Wno-argument-mismatch -fallow-argument-mismatch -std=legacy -c slagsy.f -o slagsy.o
gfortran -fimplicit-none -shared -fPIC -Wno-argument-mismatch -fallow-argument-mismatch -std=legacy -c slakf2.f -o slakf2.o
gfortran -fimplicit-none -shared -fPIC -Wno-argument-mismatch -fallow-argument-mismatch -std=legacy -c slarge.f -o slarge.o
gfortran -fimplicit-none -shared -fPIC -Wno-argument-mismatch -fallow-argument-mismatch -std=legacy -c slaror.f -o slaror.o
gfortran -fimplicit-none -shared -fPIC -Wno-argument-mismatch -fallow-argument-mismatch -std=legacy -c slarot.f -o slarot.o
gfortran -fimplicit-none -shared -fPIC -Wno-argument-mismatch -fallow-argument-mismatch -std=legacy -c slatm2.f -o slatm2.o
gfortran -fimplicit-none -shared -fPIC -Wno-argument-mismatch -fallow-argument-mismatch -std=legacy -c slatm3.f -o slatm3.o
gfortran -fimplicit-none -shared -fPIC -Wno-argument-mismatch -fallow-argument-mismatch -std=legacy -c slatm5.f -o slatm5.o
gfortran -fimplicit-none -shared -fPIC -Wno-argument-mismatch -fallow-argument-mismatch -std=legacy -c slatm6.f -o slatm6.o
gfortran -fimplicit-none -shared -fPIC -Wno-argument-mismatch -fallow-argument-mismatch -std=legacy -c slatm7.f -o slatm7.o
gfortran -fimplicit-none -shared -fPIC -Wno-argument-mismatch -fallow-argument-mismatch -std=legacy -c slahilb.f -o slahilb.o
gfortran -fimplicit-none -shared -fPIC -Wno-argument-mismatch -fallow-argument-mismatch -std=legacy -c clatms.f -o clatms.o
gfortran -fimplicit-none -shared -fPIC -Wno-argument-mismatch -fallow-argument-mismatch -std=legacy -c clatme.f -o clatme.o
gfortran -fimplicit-none -shared -fPIC -Wno-argument-mismatch -fallow-argument-mismatch -std=legacy -c clatmr.f -o clatmr.o
gfortran -fimplicit-none -shared -fPIC -Wno-argument-mismatch -fallow-argument-mismatch -std=legacy -c clatmt.f -o clatmt.o
gfortran -fimplicit-none -shared -fPIC -Wno-argument-mismatch -fallow-argument-mismatch -std=legacy -c clagge.f -o clagge.o
gfortran -fimplicit-none -shared -fPIC -Wno-argument-mismatch -fallow-argument-mismatch -std=legacy -c claghe.f -o claghe.o
gfortran -fimplicit-none -shared -fPIC -Wno-argument-mismatch -fallow-argument-mismatch -std=legacy -c clagsy.f -o clagsy.o
gfortran -fimplicit-none -shared -fPIC -Wno-argument-mismatch -fallow-argument-mismatch -std=legacy -c clakf2.f -o clakf2.o
gfortran -fimplicit-none -shared -fPIC -Wno-argument-mismatch -fallow-argument-mismatch -std=legacy -c clarge.f -o clarge.o
gfortran -fimplicit-none -shared -fPIC -Wno-argument-mismatch -fallow-argument-mismatch -std=legacy -c claror.f -o claror.o
gfortran -fimplicit-none -shared -fPIC -Wno-argument-mismatch -fallow-argument-mismatch -std=legacy -c clarot.f -o clarot.o
gfortran -fimplicit-none -shared -fPIC -Wno-argument-mismatch -fallow-argument-mismatch -std=legacy -c clatm1.f -o clatm1.o
gfortran -fimplicit-none -shared -fPIC -Wno-argument-mismatch -fallow-argument-mismatch -std=legacy -c clarnd.f -o clarnd.o
gfortran -fimplicit-none -shared -fPIC -Wno-argument-mismatch -fallow-argument-mismatch -std=legacy -c clatm2.f -o clatm2.o
gfortran -fimplicit-none -shared -fPIC -Wno-argument-mismatch -fallow-argument-mismatch -std=legacy -c clatm3.f -o clatm3.o
gfortran -fimplicit-none -shared -fPIC -Wno-argument-mismatch -fallow-argument-mismatch -std=legacy -c clatm5.f -o clatm5.o
gfortran -fimplicit-none -shared -fPIC -Wno-argument-mismatch -fallow-argument-mismatch -std=legacy -c clatm6.f -o clatm6.o
gfortran -fimplicit-none -shared -fPIC -Wno-argument-mismatch -fallow-argument-mismatch -std=legacy -c clahilb.f -o clahilb.o
gfortran -fimplicit-none -shared -fPIC -Wno-argument-mismatch -fallow-argument-mismatch -std=legacy -c slatm1.f -o slatm1.o
gfortran -fimplicit-none -shared -fPIC -Wno-argument-mismatch -fallow-argument-mismatch -g -O0 -c slaran.f
gfortran -fimplicit-none -shared -fPIC -Wno-argument-mismatch -fallow-argument-mismatch -std=legacy -c slarnd.f -o slarnd.o
gfortran -fimplicit-none -shared -fPIC -Wno-argument-mismatch -fallow-argument-mismatch -std=legacy -c dlatms.f -o dlatms.o
gfortran -fimplicit-none -shared -fPIC -Wno-argument-mismatch -fallow-argument-mismatch -std=legacy -c dlatme.f -o dlatme.o
gfortran -fimplicit-none -shared -fPIC -Wno-argument-mismatch -fallow-argument-mismatch -std=legacy -c dlatmr.f -o dlatmr.o
gfortran -fimplicit-none -shared -fPIC -Wno-argument-mismatch -fallow-argument-mismatch -std=legacy -c dlatmt.f -o dlatmt.o
gfortran -fimplicit-none -shared -fPIC -Wno-argument-mismatch -fallow-argument-mismatch -std=legacy -c dlagge.f -o dlagge.o
gfortran -fimplicit-none -shared -fPIC -Wno-argument-mismatch -fallow-argument-mismatch -std=legacy -c dlagsy.f -o dlagsy.o
gfortran -fimplicit-none -shared -fPIC -Wno-argument-mismatch -fallow-argument-mismatch -std=legacy -c dlakf2.f -o dlakf2.o
gfortran -fimplicit-none -shared -fPIC -Wno-argument-mismatch -fallow-argument-mismatch -std=legacy -c dlarge.f -o dlarge.o
gfortran -fimplicit-none -shared -fPIC -Wno-argument-mismatch -fallow-argument-mismatch -std=legacy -c dlaror.f -o dlaror.o
gfortran -fimplicit-none -shared -fPIC -Wno-argument-mismatch -fallow-argument-mismatch -std=legacy -c dlarot.f -o dlarot.o
gfortran -fimplicit-none -shared -fPIC -Wno-argument-mismatch -fallow-argument-mismatch -std=legacy -c dlatm2.f -o dlatm2.o
gfortran -fimplicit-none -shared -fPIC -Wno-argument-mismatch -fallow-argument-mismatch -std=legacy -c dlatm3.f -o dlatm3.o
gfortran -fimplicit-none -shared -fPIC -Wno-argument-mismatch -fallow-argument-mismatch -std=legacy -c dlatm5.f -o dlatm5.o
gfortran -fimplicit-none -shared -fPIC -Wno-argument-mismatch -fallow-argument-mismatch -std=legacy -c dlatm6.f -o dlatm6.o
gfortran -fimplicit-none -shared -fPIC -Wno-argument-mismatch -fallow-argument-mismatch -std=legacy -c dlatm7.f -o dlatm7.o
gfortran -fimplicit-none -shared -fPIC -Wno-argument-mismatch -fallow-argument-mismatch -std=legacy -c dlahilb.f -o dlahilb.o
gfortran -fimplicit-none -shared -fPIC -Wno-argument-mismatch -fallow-argument-mismatch -std=legacy -c zlatms.f -o zlatms.o
gfortran -fimplicit-none -shared -fPIC -Wno-argument-mismatch -fallow-argument-mismatch -std=legacy -c zlatme.f -o zlatme.o
gfortran -fimplicit-none -shared -fPIC -Wno-argument-mismatch -fallow-argument-mismatch -std=legacy -c zlatmr.f -o zlatmr.o
gfortran -fimplicit-none -shared -fPIC -Wno-argument-mismatch -fallow-argument-mismatch -std=legacy -c zlatmt.f -o zlatmt.o
gfortran -fimplicit-none -shared -fPIC -Wno-argument-mismatch -fallow-argument-mismatch -std=legacy -c zlagge.f -o zlagge.o
gfortran -fimplicit-none -shared -fPIC -Wno-argument-mismatch -fallow-argument-mismatch -std=legacy -c zlaghe.f -o zlaghe.o
gfortran -fimplicit-none -shared -fPIC -Wno-argument-mismatch -fallow-argument-mismatch -std=legacy -c zlagsy.f -o zlagsy.o
gfortran -fimplicit-none -shared -fPIC -Wno-argument-mismatch -fallow-argument-mismatch -std=legacy -c zlakf2.f -o zlakf2.o
gfortran -fimplicit-none -shared -fPIC -Wno-argument-mismatch -fallow-argument-mismatch -std=legacy -c zlarge.f -o zlarge.o
gfortran -fimplicit-none -shared -fPIC -Wno-argument-mismatch -fallow-argument-mismatch -std=legacy -c zlaror.f -o zlaror.o
gfortran -fimplicit-none -shared -fPIC -Wno-argument-mismatch -fallow-argument-mismatch -std=legacy -c zlarot.f -o zlarot.o
gfortran -fimplicit-none -shared -fPIC -Wno-argument-mismatch -fallow-argument-mismatch -std=legacy -c zlatm1.f -o zlatm1.o
gfortran -fimplicit-none -shared -fPIC -Wno-argument-mismatch -fallow-argument-mismatch -std=legacy -c zlarnd.f -o zlarnd.o
gfortran -fimplicit-none -shared -fPIC -Wno-argument-mismatch -fallow-argument-mismatch -std=legacy -c zlatm2.f -o zlatm2.o
gfortran -fimplicit-none -shared -fPIC -Wno-argument-mismatch -fallow-argument-mismatch -std=legacy -c zlatm3.f -o zlatm3.o
gfortran -fimplicit-none -shared -fPIC -Wno-argument-mismatch -fallow-argument-mismatch -std=legacy -c zlatm5.f -o zlatm5.o
gfortran -fimplicit-none -shared -fPIC -Wno-argument-mismatch -fallow-argument-mismatch -std=legacy -c zlatm6.f -o zlatm6.o
gfortran -fimplicit-none -shared -fPIC -Wno-argument-mismatch -fallow-argument-mismatch -std=legacy -c zlahilb.f -o zlahilb.o
gfortran -fimplicit-none -shared -fPIC -Wno-argument-mismatch -fallow-argument-mismatch -std=legacy -c dlatm1.f -o dlatm1.o
gfortran -fimplicit-none -shared -fPIC -Wno-argument-mismatch -fallow-argument-mismatch -g -O0 -c dlaran.f
gfortran -fimplicit-none -shared -fPIC -Wno-argument-mismatch -fallow-argument-mismatch -std=legacy -c dlarnd.f -o dlarnd.o
ar cr ../../libtmglib_gfortran.a slatms.o slatme.o slatmr.o slatmt.o slagge.o slagsy.o slakf2.o slarge.o slaror.o slarot.o slatm2.o slatm3.o slatm5.o slatm6.o slatm7.o slahilb.o clatms.o clatme.o clatmr.o clatmt.o clagge.o claghe.o clagsy.o clakf2.o clarge.o claror.o clarot.o clatm1.o clarnd.o clatm2.o clatm3.o clatm5.o clatm6.o clahilb.o slatm1.o slaran.o slarnd.o dlatms.o dlatme.o dlatmr.o dlatmt.o dlagge.o dlagsy.o dlakf2.o dlarge.o dlaror.o dlarot.o dlatm2.o dlatm3.o dlatm5.o dlatm6.o dlatm7.o dlahilb.o zlatms.o zlatme.o zlatmr.o zlatmt.o zlagge.o zlaghe.o zlagsy.o zlakf2.o zlarge.o zlaror.o zlarot.o zlatm1.o zlarnd.o zlatm2.o zlatm3.o zlatm5.o zlatm6.o zlahilb.o dlatm1.o dlaran.o dlarnd.o
ranlib ../../libtmglib_gfortran.a
make[1]: Leaving directory '/gpfs/home/s376817/OpenFOAM/s376817-v2406/applications/utilities/waves2Foam/ThirdParty/lapack-3.3.1/TESTING/MATGEN'
( cd TESTING ; make )
make[1]: Entering directory '/gpfs/home/s376817/OpenFOAM/s376817-v2406/applications/utilities/waves2Foam/ThirdParty/lapack-3.3.1/TESTING'
cd LIN ; make single
make[2]: Entering directory '/gpfs/home/s376817/OpenFOAM/s376817-v2406/applications/utilities/waves2Foam/ThirdParty/lapack-3.3.1/TESTING/LIN'
gfortran -fimplicit-none -shared -fPIC -Wno-argument-mismatch -fallow-argument-mismatch -std=legacy -c aladhd.f -o aladhd.o
gfortran -fimplicit-none -shared -fPIC -Wno-argument-mismatch -fallow-argument-mismatch -std=legacy -c alaerh.f -o alaerh.o
gfortran -fimplicit-none -shared -fPIC -Wno-argument-mismatch -fallow-argument-mismatch -std=legacy -c alaesm.f -o alaesm.o
gfortran -fimplicit-none -shared -fPIC -Wno-argument-mismatch -fallow-argument-mismatch -std=legacy -c alahd.f -o alahd.o
gfortran -fimplicit-none -shared -fPIC -Wno-argument-mismatch -fallow-argument-mismatch -std=legacy -c alareq.f -o alareq.o
gfortran -fimplicit-none -shared -fPIC -Wno-argument-mismatch -fallow-argument-mismatch -std=legacy -c alasum.f -o alasum.o
gfortran -fimplicit-none -shared -fPIC -Wno-argument-mismatch -fallow-argument-mismatch -std=legacy -c alasvm.f -o alasvm.o
gfortran -fimplicit-none -shared -fPIC -Wno-argument-mismatch -fallow-argument-mismatch -std=legacy -c chkxer.f -o chkxer.o
gfortran -fimplicit-none -shared -fPIC -Wno-argument-mismatch -fallow-argument-mismatch -std=legacy -c icopy.f -o icopy.o
gfortran -fimplicit-none -shared -fPIC -Wno-argument-mismatch -fallow-argument-mismatch -std=legacy -c ilaenv.f -o ilaenv.o
gfortran -fimplicit-none -shared -fPIC -Wno-argument-mismatch -fallow-argument-mismatch -std=legacy -c xlaenv.f -o xlaenv.o
gfortran -fimplicit-none -shared -fPIC -Wno-argument-mismatch -fallow-argument-mismatch -std=legacy -c xerbla.f -o xerbla.o
gfortran -fimplicit-none -shared -fPIC -Wno-argument-mismatch -fallow-argument-mismatch -std=legacy -c schkaa.f -o schkaa.o
gfortran -fimplicit-none -shared -fPIC -Wno-argument-mismatch -fallow-argument-mismatch -std=legacy -c schkeq.f -o schkeq.o
gfortran -fimplicit-none -shared -fPIC -Wno-argument-mismatch -fallow-argument-mismatch -std=legacy -c schkgb.f -o schkgb.o
gfortran -fimplicit-none -shared -fPIC -Wno-argument-mismatch -fallow-argument-mismatch -std=legacy -c schkge.f -o schkge.o
gfortran -fimplicit-none -shared -fPIC -Wno-argument-mismatch -fallow-argument-mismatch -std=legacy -c schkgt.f -o schkgt.o
gfortran -fimplicit-none -shared -fPIC -Wno-argument-mismatch -fallow-argument-mismatch -std=legacy -c schklq.f -o schklq.o
gfortran -fimplicit-none -shared -fPIC -Wno-argument-mismatch -fallow-argument-mismatch -std=legacy -c schkpb.f -o schkpb.o
gfortran -fimplicit-none -shared -fPIC -Wno-argument-mismatch -fallow-argument-mismatch -std=legacy -c schkpo.f -o schkpo.o
gfortran -fimplicit-none -shared -fPIC -Wno-argument-mismatch -fallow-argument-mismatch -std=legacy -c schkps.f -o schkps.o
gfortran -fimplicit-none -shared -fPIC -Wno-argument-mismatch -fallow-argument-mismatch -std=legacy -c schkpp.f -o schkpp.o
gfortran -fimplicit-none -shared -fPIC -Wno-argument-mismatch -fallow-argument-mismatch -std=legacy -c schkpt.f -o schkpt.o
gfortran -fimplicit-none -shared -fPIC -Wno-argument-mismatch -fallow-argument-mismatch -std=legacy -c schkq3.f -o schkq3.o
gfortran -fimplicit-none -shared -fPIC -Wno-argument-mismatch -fallow-argument-mismatch -std=legacy -c schkql.f -o schkql.o
gfortran -fimplicit-none -shared -fPIC -Wno-argument-mismatch -fallow-argument-mismatch -std=legacy -c schkqp.f -o schkqp.o
gfortran -fimplicit-none -shared -fPIC -Wno-argument-mismatch -fallow-argument-mismatch -std=legacy -c schkqr.f -o schkqr.o
gfortran -fimplicit-none -shared -fPIC -Wno-argument-mismatch -fallow-argument-mismatch -std=legacy -c schkrq.f -o schkrq.o
gfortran -fimplicit-none -shared -fPIC -Wno-argument-mismatch -fallow-argument-mismatch -std=legacy -c schksp.f -o schksp.o
gfortran -fimplicit-none -shared -fPIC -Wno-argument-mismatch -fallow-argument-mismatch -std=legacy -c schksy.f -o schksy.o
gfortran -fimplicit-none -shared -fPIC -Wno-argument-mismatch -fallow-argument-mismatch -std=legacy -c schktb.f -o schktb.o
gfortran -fimplicit-none -shared -fPIC -Wno-argument-mismatch -fallow-argument-mismatch -std=legacy -c schktp.f -o schktp.o
gfortran -fimplicit-none -shared -fPIC -Wno-argument-mismatch -fallow-argument-mismatch -std=legacy -c schktr.f -o schktr.o
gfortran -fimplicit-none -shared -fPIC -Wno-argument-mismatch -fallow-argument-mismatch -std=legacy -c schktz.f -o schktz.o
gfortran -fimplicit-none -shared -fPIC -Wno-argument-mismatch -fallow-argument-mismatch -std=legacy -c sdrvgt.f -o sdrvgt.o
gfortran -fimplicit-none -shared -fPIC -Wno-argument-mismatch -fallow-argument-mismatch -std=legacy -c sdrvls.f -o sdrvls.o
gfortran -fimplicit-none -shared -fPIC -Wno-argument-mismatch -fallow-argument-mismatch -std=legacy -c sdrvpb.f -o sdrvpb.o
gfortran -fimplicit-none -shared -fPIC -Wno-argument-mismatch -fallow-argument-mismatch -std=legacy -c sdrvpp.f -o sdrvpp.o
gfortran -fimplicit-none -shared -fPIC -Wno-argument-mismatch -fallow-argument-mismatch -std=legacy -c sdrvpt.f -o sdrvpt.o
gfortran -fimplicit-none -shared -fPIC -Wno-argument-mismatch -fallow-argument-mismatch -std=legacy -c sdrvsp.f -o sdrvsp.o
gfortran -fimplicit-none -shared -fPIC -Wno-argument-mismatch -fallow-argument-mismatch -std=legacy -c serrgt.f -o serrgt.o
gfortran -fimplicit-none -shared -fPIC -Wno-argument-mismatch -fallow-argument-mismatch -std=legacy -c serrlq.f -o serrlq.o
gfortran -fimplicit-none -shared -fPIC -Wno-argument-mismatch -fallow-argument-mismatch -std=legacy -c serrls.f -o serrls.o
gfortran -fimplicit-none -shared -fPIC -Wno-argument-mismatch -fallow-argument-mismatch -std=legacy -c serrps.f -o serrps.o
gfortran -fimplicit-none -shared -fPIC -Wno-argument-mismatch -fallow-argument-mismatch -std=legacy -c serrql.f -o serrql.o
gfortran -fimplicit-none -shared -fPIC -Wno-argument-mismatch -fallow-argument-mismatch -std=legacy -c serrqp.f -o serrqp.o
gfortran -fimplicit-none -shared -fPIC -Wno-argument-mismatch -fallow-argument-mismatch -std=legacy -c serrqr.f -o serrqr.o
gfortran -fimplicit-none -shared -fPIC -Wno-argument-mismatch -fallow-argument-mismatch -std=legacy -c serrrq.f -o serrrq.o
gfortran -fimplicit-none -shared -fPIC -Wno-argument-mismatch -fallow-argument-mismatch -std=legacy -c serrtr.f -o serrtr.o
gfortran -fimplicit-none -shared -fPIC -Wno-argument-mismatch -fallow-argument-mismatch -std=legacy -c serrtz.f -o serrtz.o
gfortran -fimplicit-none -shared -fPIC -Wno-argument-mismatch -fallow-argument-mismatch -std=legacy -c sgbt01.f -o sgbt01.o
gfortran -fimplicit-none -shared -fPIC -Wno-argument-mismatch -fallow-argument-mismatch -std=legacy -c sgbt02.f -o sgbt02.o
gfortran -fimplicit-none -shared -fPIC -Wno-argument-mismatch -fallow-argument-mismatch -std=legacy -c sgbt05.f -o sgbt05.o
gfortran -fimplicit-none -shared -fPIC -Wno-argument-mismatch -fallow-argument-mismatch -std=legacy -c sgelqs.f -o sgelqs.o
gfortran -fimplicit-none -shared -fPIC -Wno-argument-mismatch -fallow-argument-mismatch -std=legacy -c sgeqls.f -o sgeqls.o
gfortran -fimplicit-none -shared -fPIC -Wno-argument-mismatch -fallow-argument-mismatch -std=legacy -c sgeqrs.f -o sgeqrs.o
gfortran -fimplicit-none -shared -fPIC -Wno-argument-mismatch -fallow-argument-mismatch -std=legacy -c sgerqs.f -o sgerqs.o
gfortran -fimplicit-none -shared -fPIC -Wno-argument-mismatch -fallow-argument-mismatch -std=legacy -c sget01.f -o sget01.o
gfortran -fimplicit-none -shared -fPIC -Wno-argument-mismatch -fallow-argument-mismatch -std=legacy -c sget02.f -o sget02.o
gfortran -fimplicit-none -shared -fPIC -Wno-argument-mismatch -fallow-argument-mismatch -std=legacy -c sget03.f -o sget03.o
gfortran -fimplicit-none -shared -fPIC -Wno-argument-mismatch -fallow-argument-mismatch -std=legacy -c sget04.f -o sget04.o
gfortran -fimplicit-none -shared -fPIC -Wno-argument-mismatch -fallow-argument-mismatch -std=legacy -c sget06.f -o sget06.o
gfortran -fimplicit-none -shared -fPIC -Wno-argument-mismatch -fallow-argument-mismatch -std=legacy -c sget07.f -o sget07.o
gfortran -fimplicit-none -shared -fPIC -Wno-argument-mismatch -fallow-argument-mismatch -std=legacy -c sgtt01.f -o sgtt01.o
gfortran -fimplicit-none -shared -fPIC -Wno-argument-mismatch -fallow-argument-mismatch -std=legacy -c sgtt02.f -o sgtt02.o
gfortran -fimplicit-none -shared -fPIC -Wno-argument-mismatch -fallow-argument-mismatch -std=legacy -c sgtt05.f -o sgtt05.o
gfortran -fimplicit-none -shared -fPIC -Wno-argument-mismatch -fallow-argument-mismatch -std=legacy -c slaptm.f -o slaptm.o
gfortran -fimplicit-none -shared -fPIC -Wno-argument-mismatch -fallow-argument-mismatch -std=legacy -c slarhs.f -o slarhs.o
gfortran -fimplicit-none -shared -fPIC -Wno-argument-mismatch -fallow-argument-mismatch -std=legacy -c slatb4.f -o slatb4.o
gfortran -fimplicit-none -shared -fPIC -Wno-argument-mismatch -fallow-argument-mismatch -std=legacy -c slatb5.f -o slatb5.o
gfortran -fimplicit-none -shared -fPIC -Wno-argument-mismatch -fallow-argument-mismatch -std=legacy -c slattb.f -o slattb.o
gfortran -fimplicit-none -shared -fPIC -Wno-argument-mismatch -fallow-argument-mismatch -std=legacy -c slattp.f -o slattp.o
gfortran -fimplicit-none -shared -fPIC -Wno-argument-mismatch -fallow-argument-mismatch -std=legacy -c slattr.f -o slattr.o
gfortran -fimplicit-none -shared -fPIC -Wno-argument-mismatch -fallow-argument-mismatch -std=legacy -c slavsp.f -o slavsp.o
gfortran -fimplicit-none -shared -fPIC -Wno-argument-mismatch -fallow-argument-mismatch -std=legacy -c slavsy.f -o slavsy.o
gfortran -fimplicit-none -shared -fPIC -Wno-argument-mismatch -fallow-argument-mismatch -std=legacy -c slqt01.f -o slqt01.o
gfortran -fimplicit-none -shared -fPIC -Wno-argument-mismatch -fallow-argument-mismatch -std=legacy -c slqt02.f -o slqt02.o
gfortran -fimplicit-none -shared -fPIC -Wno-argument-mismatch -fallow-argument-mismatch -std=legacy -c slqt03.f -o slqt03.o
gfortran -fimplicit-none -shared -fPIC -Wno-argument-mismatch -fallow-argument-mismatch -std=legacy -c spbt01.f -o spbt01.o
gfortran -fimplicit-none -shared -fPIC -Wno-argument-mismatch -fallow-argument-mismatch -std=legacy -c spbt02.f -o spbt02.o
gfortran -fimplicit-none -shared -fPIC -Wno-argument-mismatch -fallow-argument-mismatch -std=legacy -c spbt05.f -o spbt05.o
gfortran -fimplicit-none -shared -fPIC -Wno-argument-mismatch -fallow-argument-mismatch -std=legacy -c spot01.f -o spot01.o
gfortran -fimplicit-none -shared -fPIC -Wno-argument-mismatch -fallow-argument-mismatch -std=legacy -c spot02.f -o spot02.o
gfortran -fimplicit-none -shared -fPIC -Wno-argument-mismatch -fallow-argument-mismatch -std=legacy -c spot03.f -o spot03.o
gfortran -fimplicit-none -shared -fPIC -Wno-argument-mismatch -fallow-argument-mismatch -std=legacy -c spot05.f -o spot05.o
gfortran -fimplicit-none -shared -fPIC -Wno-argument-mismatch -fallow-argument-mismatch -std=legacy -c spst01.f -o spst01.o
gfortran -fimplicit-none -shared -fPIC -Wno-argument-mismatch -fallow-argument-mismatch -std=legacy -c sppt01.f -o sppt01.o
gfortran -fimplicit-none -shared -fPIC -Wno-argument-mismatch -fallow-argument-mismatch -std=legacy -c sppt02.f -o sppt02.o
gfortran -fimplicit-none -shared -fPIC -Wno-argument-mismatch -fallow-argument-mismatch -std=legacy -c sppt03.f -o sppt03.o
gfortran -fimplicit-none -shared -fPIC -Wno-argument-mismatch -fallow-argument-mismatch -std=legacy -c sppt05.f -o sppt05.o
gfortran -fimplicit-none -shared -fPIC -Wno-argument-mismatch -fallow-argument-mismatch -std=legacy -c sptt01.f -o sptt01.o
gfortran -fimplicit-none -shared -fPIC -Wno-argument-mismatch -fallow-argument-mismatch -std=legacy -c sptt02.f -o sptt02.o
gfortran -fimplicit-none -shared -fPIC -Wno-argument-mismatch -fallow-argument-mismatch -std=legacy -c sptt05.f -o sptt05.o
gfortran -fimplicit-none -shared -fPIC -Wno-argument-mismatch -fallow-argument-mismatch -std=legacy -c sqlt01.f -o sqlt01.o
gfortran -fimplicit-none -shared -fPIC -Wno-argument-mismatch -fallow-argument-mismatch -std=legacy -c sqlt02.f -o sqlt02.o
gfortran -fimplicit-none -shared -fPIC -Wno-argument-mismatch -fallow-argument-mismatch -std=legacy -c sqlt03.f -o sqlt03.o
gfortran -fimplicit-none -shared -fPIC -Wno-argument-mismatch -fallow-argument-mismatch -std=legacy -c sqpt01.f -o sqpt01.o
gfortran -fimplicit-none -shared -fPIC -Wno-argument-mismatch -fallow-argument-mismatch -std=legacy -c sqrt01.f -o sqrt01.o
gfortran -fimplicit-none -shared -fPIC -Wno-argument-mismatch -fallow-argument-mismatch -std=legacy -c sqrt01p.f -o sqrt01p.o
gfortran -fimplicit-none -shared -fPIC -Wno-argument-mismatch -fallow-argument-mismatch -std=legacy -c sqrt02.f -o sqrt02.o
gfortran -fimplicit-none -shared -fPIC -Wno-argument-mismatch -fallow-argument-mismatch -std=legacy -c sqrt03.f -o sqrt03.o
gfortran -fimplicit-none -shared -fPIC -Wno-argument-mismatch -fallow-argument-mismatch -std=legacy -c sqrt11.f -o sqrt11.o
gfortran -fimplicit-none -shared -fPIC -Wno-argument-mismatch -fallow-argument-mismatch -std=legacy -c sqrt12.f -o sqrt12.o
gfortran -fimplicit-none -shared -fPIC -Wno-argument-mismatch -fallow-argument-mismatch -std=legacy -c sqrt13.f -o sqrt13.o
gfortran -fimplicit-none -shared -fPIC -Wno-argument-mismatch -fallow-argument-mismatch -std=legacy -c sqrt14.f -o sqrt14.o
gfortran -fimplicit-none -shared -fPIC -Wno-argument-mismatch -fallow-argument-mismatch -std=legacy -c sqrt15.f -o sqrt15.o
gfortran -fimplicit-none -shared -fPIC -Wno-argument-mismatch -fallow-argument-mismatch -std=legacy -c sqrt16.f -o sqrt16.o
gfortran -fimplicit-none -shared -fPIC -Wno-argument-mismatch -fallow-argument-mismatch -std=legacy -c sqrt17.f -o sqrt17.o
gfortran -fimplicit-none -shared -fPIC -Wno-argument-mismatch -fallow-argument-mismatch -std=legacy -c srqt01.f -o srqt01.o
gfortran -fimplicit-none -shared -fPIC -Wno-argument-mismatch -fallow-argument-mismatch -std=legacy -c srqt02.f -o srqt02.o
gfortran -fimplicit-none -shared -fPIC -Wno-argument-mismatch -fallow-argument-mismatch -std=legacy -c srqt03.f -o srqt03.o
gfortran -fimplicit-none -shared -fPIC -Wno-argument-mismatch -fallow-argument-mismatch -std=legacy -c srzt01.f -o srzt01.o
gfortran -fimplicit-none -shared -fPIC -Wno-argument-mismatch -fallow-argument-mismatch -std=legacy -c srzt02.f -o srzt02.o
gfortran -fimplicit-none -shared -fPIC -Wno-argument-mismatch -fallow-argument-mismatch -std=legacy -c sspt01.f -o sspt01.o
gfortran -fimplicit-none -shared -fPIC -Wno-argument-mismatch -fallow-argument-mismatch -std=legacy -c ssyt01.f -o ssyt01.o
gfortran -fimplicit-none -shared -fPIC -Wno-argument-mismatch -fallow-argument-mismatch -std=legacy -c stbt02.f -o stbt02.o
gfortran -fimplicit-none -shared -fPIC -Wno-argument-mismatch -fallow-argument-mismatch -std=legacy -c stbt03.f -o stbt03.o
gfortran -fimplicit-none -shared -fPIC -Wno-argument-mismatch -fallow-argument-mismatch -std=legacy -c stbt05.f -o stbt05.o
gfortran -fimplicit-none -shared -fPIC -Wno-argument-mismatch -fallow-argument-mismatch -std=legacy -c stbt06.f -o stbt06.o
gfortran -fimplicit-none -shared -fPIC -Wno-argument-mismatch -fallow-argument-mismatch -std=legacy -c stpt01.f -o stpt01.o
gfortran -fimplicit-none -shared -fPIC -Wno-argument-mismatch -fallow-argument-mismatch -std=legacy -c stpt02.f -o stpt02.o
gfortran -fimplicit-none -shared -fPIC -Wno-argument-mismatch -fallow-argument-mismatch -std=legacy -c stpt03.f -o stpt03.o
gfortran -fimplicit-none -shared -fPIC -Wno-argument-mismatch -fallow-argument-mismatch -std=legacy -c stpt05.f -o stpt05.o
gfortran -fimplicit-none -shared -fPIC -Wno-argument-mismatch -fallow-argument-mismatch -std=legacy -c stpt06.f -o stpt06.o
gfortran -fimplicit-none -shared -fPIC -Wno-argument-mismatch -fallow-argument-mismatch -std=legacy -c strt01.f -o strt01.o
gfortran -fimplicit-none -shared -fPIC -Wno-argument-mismatch -fallow-argument-mismatch -std=legacy -c strt02.f -o strt02.o
gfortran -fimplicit-none -shared -fPIC -Wno-argument-mismatch -fallow-argument-mismatch -std=legacy -c strt03.f -o strt03.o
gfortran -fimplicit-none -shared -fPIC -Wno-argument-mismatch -fallow-argument-mismatch -std=legacy -c strt05.f -o strt05.o
gfortran -fimplicit-none -shared -fPIC -Wno-argument-mismatch -fallow-argument-mismatch -std=legacy -c strt06.f -o strt06.o
gfortran -fimplicit-none -shared -fPIC -Wno-argument-mismatch -fallow-argument-mismatch -std=legacy -c stzt01.f -o stzt01.o
gfortran -fimplicit-none -shared -fPIC -Wno-argument-mismatch -fallow-argument-mismatch -std=legacy -c stzt02.f -o stzt02.o
gfortran -fimplicit-none -shared -fPIC -Wno-argument-mismatch -fallow-argument-mismatch -std=legacy -c sgennd.f -o sgennd.o
gfortran -fimplicit-none -shared -fPIC -Wno-argument-mismatch -fallow-argument-mismatch -std=legacy -c serrvx.f -o serrvx.o
gfortran -fimplicit-none -shared -fPIC -Wno-argument-mismatch -fallow-argument-mismatch -std=legacy -c sdrvge.f -o sdrvge.o
gfortran -fimplicit-none -shared -fPIC -Wno-argument-mismatch -fallow-argument-mismatch -std=legacy -c sdrvsy.f -o sdrvsy.o
gfortran -fimplicit-none -shared -fPIC -Wno-argument-mismatch -fallow-argument-mismatch -std=legacy -c serrge.f -o serrge.o
gfortran -fimplicit-none -shared -fPIC -Wno-argument-mismatch -fallow-argument-mismatch -std=legacy -c sdrvgb.f -o sdrvgb.o
gfortran -fimplicit-none -shared -fPIC -Wno-argument-mismatch -fallow-argument-mismatch -std=legacy -c sdrvpo.f -o sdrvpo.o
gfortran -fimplicit-none -shared -fPIC -Wno-argument-mismatch -fallow-argument-mismatch -std=legacy -c serrsy.f -o serrsy.o
gfortran -fimplicit-none -shared -fPIC -Wno-argument-mismatch -fallow-argument-mismatch -std=legacy -c serrpo.f -o serrpo.o
gfortran -fimplicit-none -shared -fPIC -Wno-argument-mismatch -fallow-argument-mismatch -std=legacy -c slaord.f -o slaord.o
gfortran    aladhd.o alaerh.o alaesm.o alahd.o alareq.o alasum.o alasvm.o chkxer.o icopy.o ilaenv.o xlaenv.o xerbla.o slaord.o schkaa.o schkeq.o schkgb.o schkge.o schkgt.o schklq.o schkpb.o schkpo.o schkps.o schkpp.o schkpt.o schkq3.o schkql.o schkqp.o schkqr.o schkrq.o schksp.o schksy.o schktb.o schktp.o schktr.o schktz.o sdrvgt.o sdrvls.o sdrvpb.o sdrvpp.o sdrvpt.o sdrvsp.o serrgt.o serrlq.o serrls.o serrps.o serrql.o serrqp.o serrqr.o serrrq.o serrtr.o serrtz.o sgbt01.o sgbt02.o sgbt05.o sgelqs.o sgeqls.o sgeqrs.o sgerqs.o sget01.o sget02.o sget03.o sget04.o sget06.o sget07.o sgtt01.o sgtt02.o sgtt05.o slaptm.o slarhs.o slatb4.o slatb5.o slattb.o slattp.o slattr.o slavsp.o slavsy.o slqt01.o slqt02.o slqt03.o spbt01.o spbt02.o spbt05.o spot01.o spot02.o spot03.o spot05.o spst01.o sppt01.o sppt02.o sppt03.o sppt05.o sptt01.o sptt02.o sptt05.o sqlt01.o sqlt02.o sqlt03.o sqpt01.o sqrt01.o sqrt01p.o sqrt02.o sqrt03.o sqrt11.o sqrt12.o sqrt13.o sqrt14.o sqrt15.o sqrt16.o sqrt17.o srqt01.o srqt02.o srqt03.o srzt01.o srzt02.o sspt01.o ssyt01.o stbt02.o stbt03.o stbt05.o stbt06.o stpt01.o stpt02.o stpt03.o stpt05.o stpt06.o strt01.o strt02.o strt03.o strt05.o strt06.o stzt01.o stzt02.o sgennd.o serrvx.o sdrvge.o sdrvsy.o serrge.o sdrvgb.o sdrvpo.o serrsy.o serrpo.o \
        ../../libtmglib_gfortran.a ../../liblapack_gfortran.a   ../../libblas.a -o xlintsts && mv xlintsts ../xlintsts
make[2]: Leaving directory '/gpfs/home/s376817/OpenFOAM/s376817-v2406/applications/utilities/waves2Foam/ThirdParty/lapack-3.3.1/TESTING/LIN'
Testing REAL LAPACK linear equation routines
./xlintsts < stest.in > stest.out 2>&1
cd EIG ; make single
make[2]: Entering directory '/gpfs/home/s376817/OpenFOAM/s376817-v2406/applications/utilities/waves2Foam/ThirdParty/lapack-3.3.1/TESTING/EIG'
gfortran -fimplicit-none -shared -fPIC -Wno-argument-mismatch -fallow-argument-mismatch -std=legacy -c schkee.f -o schkee.o
gfortran -fimplicit-none -shared -fPIC -Wno-argument-mismatch -fallow-argument-mismatch -std=legacy -c sbdt01.f -o sbdt01.o
gfortran -fimplicit-none -shared -fPIC -Wno-argument-mismatch -fallow-argument-mismatch -std=legacy -c sbdt02.f -o sbdt02.o
gfortran -fimplicit-none -shared -fPIC -Wno-argument-mismatch -fallow-argument-mismatch -std=legacy -c sbdt03.f -o sbdt03.o
gfortran -fimplicit-none -shared -fPIC -Wno-argument-mismatch -fallow-argument-mismatch -std=legacy -c schkbb.f -o schkbb.o
gfortran -fimplicit-none -shared -fPIC -Wno-argument-mismatch -fallow-argument-mismatch -std=legacy -c schkbd.f -o schkbd.o
gfortran -fimplicit-none -shared -fPIC -Wno-argument-mismatch -fallow-argument-mismatch -std=legacy -c schkbk.f -o schkbk.o
gfortran -fimplicit-none -shared -fPIC -Wno-argument-mismatch -fallow-argument-mismatch -std=legacy -c schkbl.f -o schkbl.o
gfortran -fimplicit-none -shared -fPIC -Wno-argument-mismatch -fallow-argument-mismatch -std=legacy -c schkec.f -o schkec.o
gfortran -fimplicit-none -shared -fPIC -Wno-argument-mismatch -fallow-argument-mismatch -std=legacy -c schkgg.f -o schkgg.o
gfortran -fimplicit-none -shared -fPIC -Wno-argument-mismatch -fallow-argument-mismatch -std=legacy -c schkgk.f -o schkgk.o
gfortran -fimplicit-none -shared -fPIC -Wno-argument-mismatch -fallow-argument-mismatch -std=legacy -c schkgl.f -o schkgl.o
gfortran -fimplicit-none -shared -fPIC -Wno-argument-mismatch -fallow-argument-mismatch -std=legacy -c schkhs.f -o schkhs.o
gfortran -fimplicit-none -shared -fPIC -Wno-argument-mismatch -fallow-argument-mismatch -std=legacy -c schksb.f -o schksb.o
gfortran -fimplicit-none -shared -fPIC -Wno-argument-mismatch -fallow-argument-mismatch -std=legacy -c schkst.f -o schkst.o
gfortran -fimplicit-none -shared -fPIC -Wno-argument-mismatch -fallow-argument-mismatch -std=legacy -c sckcsd.f -o sckcsd.o
gfortran -fimplicit-none -shared -fPIC -Wno-argument-mismatch -fallow-argument-mismatch -std=legacy -c sckglm.f -o sckglm.o
gfortran -fimplicit-none -shared -fPIC -Wno-argument-mismatch -fallow-argument-mismatch -std=legacy -c sckgqr.f -o sckgqr.o
gfortran -fimplicit-none -shared -fPIC -Wno-argument-mismatch -fallow-argument-mismatch -std=legacy -c sckgsv.f -o sckgsv.o
gfortran -fimplicit-none -shared -fPIC -Wno-argument-mismatch -fallow-argument-mismatch -std=legacy -c scklse.f -o scklse.o
gfortran -fimplicit-none -shared -fPIC -Wno-argument-mismatch -fallow-argument-mismatch -std=legacy -c scsdts.f -o scsdts.o
gfortran -fimplicit-none -shared -fPIC -Wno-argument-mismatch -fallow-argument-mismatch -std=legacy -c sdrges.f -o sdrges.o
gfortran -fimplicit-none -shared -fPIC -Wno-argument-mismatch -fallow-argument-mismatch -std=legacy -c sdrgev.f -o sdrgev.o
gfortran -fimplicit-none -shared -fPIC -Wno-argument-mismatch -fallow-argument-mismatch -std=legacy -c sdrgsx.f -o sdrgsx.o
gfortran -fimplicit-none -shared -fPIC -Wno-argument-mismatch -fallow-argument-mismatch -std=legacy -c sdrgvx.f -o sdrgvx.o
gfortran -fimplicit-none -shared -fPIC -Wno-argument-mismatch -fallow-argument-mismatch -std=legacy -c sdrvbd.f -o sdrvbd.o
gfortran -fimplicit-none -shared -fPIC -Wno-argument-mismatch -fallow-argument-mismatch -std=legacy -c sdrves.f -o sdrves.o
gfortran -fimplicit-none -shared -fPIC -Wno-argument-mismatch -fallow-argument-mismatch -std=legacy -c sdrvev.f -o sdrvev.o
gfortran -fimplicit-none -shared -fPIC -Wno-argument-mismatch -fallow-argument-mismatch -std=legacy -c sdrvgg.f -o sdrvgg.o
gfortran -fimplicit-none -shared -fPIC -Wno-argument-mismatch -fallow-argument-mismatch -std=legacy -c sdrvsg.f -o sdrvsg.o
gfortran -fimplicit-none -shared -fPIC -Wno-argument-mismatch -fallow-argument-mismatch -std=legacy -c sdrvst.f -o sdrvst.o
gfortran -fimplicit-none -shared -fPIC -Wno-argument-mismatch -fallow-argument-mismatch -std=legacy -c sdrvsx.f -o sdrvsx.o
gfortran -fimplicit-none -shared -fPIC -Wno-argument-mismatch -fallow-argument-mismatch -std=legacy -c sdrvvx.f -o sdrvvx.o
gfortran -fimplicit-none -shared -fPIC -Wno-argument-mismatch -fallow-argument-mismatch -std=legacy -c serrbd.f -o serrbd.o
gfortran -fimplicit-none -shared -fPIC -Wno-argument-mismatch -fallow-argument-mismatch -std=legacy -c serrec.f -o serrec.o
gfortran -fimplicit-none -shared -fPIC -Wno-argument-mismatch -fallow-argument-mismatch -std=legacy -c serred.f -o serred.o
gfortran -fimplicit-none -shared -fPIC -Wno-argument-mismatch -fallow-argument-mismatch -std=legacy -c serrgg.f -o serrgg.o
gfortran -fimplicit-none -shared -fPIC -Wno-argument-mismatch -fallow-argument-mismatch -std=legacy -c serrhs.f -o serrhs.o
gfortran -fimplicit-none -shared -fPIC -Wno-argument-mismatch -fallow-argument-mismatch -std=legacy -c serrst.f -o serrst.o
gfortran -fimplicit-none -shared -fPIC -Wno-argument-mismatch -fallow-argument-mismatch -std=legacy -c sget02.f -o sget02.o
gfortran -fimplicit-none -shared -fPIC -Wno-argument-mismatch -fallow-argument-mismatch -std=legacy -c sget10.f -o sget10.o
gfortran -fimplicit-none -shared -fPIC -Wno-argument-mismatch -fallow-argument-mismatch -std=legacy -c sget22.f -o sget22.o
gfortran -fimplicit-none -shared -fPIC -Wno-argument-mismatch -fallow-argument-mismatch -std=legacy -c sget23.f -o sget23.o
gfortran -fimplicit-none -shared -fPIC -Wno-argument-mismatch -fallow-argument-mismatch -std=legacy -c sget24.f -o sget24.o
gfortran -fimplicit-none -shared -fPIC -Wno-argument-mismatch -fallow-argument-mismatch -std=legacy -c sget31.f -o sget31.o
gfortran -fimplicit-none -shared -fPIC -Wno-argument-mismatch -fallow-argument-mismatch -std=legacy -c sget32.f -o sget32.o
gfortran -fimplicit-none -shared -fPIC -Wno-argument-mismatch -fallow-argument-mismatch -std=legacy -c sget33.f -o sget33.o
gfortran -fimplicit-none -shared -fPIC -Wno-argument-mismatch -fallow-argument-mismatch -std=legacy -c sget34.f -o sget34.o
gfortran -fimplicit-none -shared -fPIC -Wno-argument-mismatch -fallow-argument-mismatch -std=legacy -c sget35.f -o sget35.o
gfortran -fimplicit-none -shared -fPIC -Wno-argument-mismatch -fallow-argument-mismatch -std=legacy -c sget36.f -o sget36.o
gfortran -fimplicit-none -shared -fPIC -Wno-argument-mismatch -fallow-argument-mismatch -std=legacy -c sget37.f -o sget37.o
gfortran -fimplicit-none -shared -fPIC -Wno-argument-mismatch -fallow-argument-mismatch -std=legacy -c sget38.f -o sget38.o
gfortran -fimplicit-none -shared -fPIC -Wno-argument-mismatch -fallow-argument-mismatch -std=legacy -c sget39.f -o sget39.o
gfortran -fimplicit-none -shared -fPIC -Wno-argument-mismatch -fallow-argument-mismatch -std=legacy -c sget51.f -o sget51.o
gfortran -fimplicit-none -shared -fPIC -Wno-argument-mismatch -fallow-argument-mismatch -std=legacy -c sget52.f -o sget52.o
gfortran -fimplicit-none -shared -fPIC -Wno-argument-mismatch -fallow-argument-mismatch -std=legacy -c sget53.f -o sget53.o
gfortran -fimplicit-none -shared -fPIC -Wno-argument-mismatch -fallow-argument-mismatch -std=legacy -c sget54.f -o sget54.o
gfortran -fimplicit-none -shared -fPIC -Wno-argument-mismatch -fallow-argument-mismatch -std=legacy -c sglmts.f -o sglmts.o
gfortran -fimplicit-none -shared -fPIC -Wno-argument-mismatch -fallow-argument-mismatch -std=legacy -c sgqrts.f -o sgqrts.o
gfortran -fimplicit-none -shared -fPIC -Wno-argument-mismatch -fallow-argument-mismatch -std=legacy -c sgrqts.f -o sgrqts.o
gfortran -fimplicit-none -shared -fPIC -Wno-argument-mismatch -fallow-argument-mismatch -std=legacy -c sgsvts.f -o sgsvts.o
gfortran -fimplicit-none -shared -fPIC -Wno-argument-mismatch -fallow-argument-mismatch -std=legacy -c shst01.f -o shst01.o
gfortran -fimplicit-none -shared -fPIC -Wno-argument-mismatch -fallow-argument-mismatch -std=legacy -c slarfy.f -o slarfy.o
gfortran -fimplicit-none -shared -fPIC -Wno-argument-mismatch -fallow-argument-mismatch -std=legacy -c slarhs.f -o slarhs.o
gfortran -fimplicit-none -shared -fPIC -Wno-argument-mismatch -fallow-argument-mismatch -std=legacy -c slatm4.f -o slatm4.o
gfortran -fimplicit-none -shared -fPIC -Wno-argument-mismatch -fallow-argument-mismatch -std=legacy -c slctes.f -o slctes.o
gfortran -fimplicit-none -shared -fPIC -Wno-argument-mismatch -fallow-argument-mismatch -std=legacy -c slctsx.f -o slctsx.o
gfortran -fimplicit-none -shared -fPIC -Wno-argument-mismatch -fallow-argument-mismatch -std=legacy -c slsets.f -o slsets.o
gfortran -fimplicit-none -shared -fPIC -Wno-argument-mismatch -fallow-argument-mismatch -std=legacy -c sort01.f -o sort01.o
gfortran -fimplicit-none -shared -fPIC -Wno-argument-mismatch -fallow-argument-mismatch -std=legacy -c sort03.f -o sort03.o
gfortran -fimplicit-none -shared -fPIC -Wno-argument-mismatch -fallow-argument-mismatch -std=legacy -c ssbt21.f -o ssbt21.o
gfortran -fimplicit-none -shared -fPIC -Wno-argument-mismatch -fallow-argument-mismatch -std=legacy -c ssgt01.f -o ssgt01.o
gfortran -fimplicit-none -shared -fPIC -Wno-argument-mismatch -fallow-argument-mismatch -std=legacy -c sslect.f -o sslect.o
gfortran -fimplicit-none -shared -fPIC -Wno-argument-mismatch -fallow-argument-mismatch -std=legacy -c sspt21.f -o sspt21.o
gfortran -fimplicit-none -shared -fPIC -Wno-argument-mismatch -fallow-argument-mismatch -std=legacy -c sstt21.f -o sstt21.o
gfortran -fimplicit-none -shared -fPIC -Wno-argument-mismatch -fallow-argument-mismatch -std=legacy -c sstt22.f -o sstt22.o
gfortran -fimplicit-none -shared -fPIC -Wno-argument-mismatch -fallow-argument-mismatch -std=legacy -c ssyt21.f -o ssyt21.o
gfortran -fimplicit-none -shared -fPIC -Wno-argument-mismatch -fallow-argument-mismatch -std=legacy -c ssyt22.f -o ssyt22.o
gfortran -fimplicit-none -shared -fPIC -Wno-argument-mismatch -fallow-argument-mismatch -std=legacy -c slafts.f -o slafts.o
gfortran -fimplicit-none -shared -fPIC -Wno-argument-mismatch -fallow-argument-mismatch -std=legacy -c slahd2.f -o slahd2.o
gfortran -fimplicit-none -shared -fPIC -Wno-argument-mismatch -fallow-argument-mismatch -std=legacy -c slasum.f -o slasum.o
gfortran -fimplicit-none -shared -fPIC -Wno-argument-mismatch -fallow-argument-mismatch -std=legacy -c slatb9.f -o slatb9.o
gfortran -fimplicit-none -shared -fPIC -Wno-argument-mismatch -fallow-argument-mismatch -std=legacy -c sstech.f -o sstech.o
gfortran -fimplicit-none -shared -fPIC -Wno-argument-mismatch -fallow-argument-mismatch -std=legacy -c sstect.f -o sstect.o
gfortran -fimplicit-none -shared -fPIC -Wno-argument-mismatch -fallow-argument-mismatch -std=legacy -c ssvdch.f -o ssvdch.o
gfortran -fimplicit-none -shared -fPIC -Wno-argument-mismatch -fallow-argument-mismatch -std=legacy -c ssvdct.f -o ssvdct.o
gfortran -fimplicit-none -shared -fPIC -Wno-argument-mismatch -fallow-argument-mismatch -std=legacy -c ssxt1.f -o ssxt1.o
gfortran -fimplicit-none -shared -fPIC -Wno-argument-mismatch -fallow-argument-mismatch -std=legacy -c alahdg.f -o alahdg.o
gfortran -fimplicit-none -shared -fPIC -Wno-argument-mismatch -fallow-argument-mismatch -std=legacy -c alasum.f -o alasum.o
gfortran -fimplicit-none -shared -fPIC -Wno-argument-mismatch -fallow-argument-mismatch -std=legacy -c alasvm.f -o alasvm.o
gfortran -fimplicit-none -shared -fPIC -Wno-argument-mismatch -fallow-argument-mismatch -std=legacy -c alareq.f -o alareq.o
gfortran -fimplicit-none -shared -fPIC -Wno-argument-mismatch -fallow-argument-mismatch -std=legacy -c ilaenv.f -o ilaenv.o
gfortran -fimplicit-none -shared -fPIC -Wno-argument-mismatch -fallow-argument-mismatch -std=legacy -c xerbla.f -o xerbla.o
gfortran -fimplicit-none -shared -fPIC -Wno-argument-mismatch -fallow-argument-mismatch -std=legacy -c xlaenv.f -o xlaenv.o
gfortran -fimplicit-none -shared -fPIC -Wno-argument-mismatch -fallow-argument-mismatch -std=legacy -c chkxer.f -o chkxer.o
\
          gfortran   -o xeigtsts \
          schkee.o sbdt01.o sbdt02.o sbdt03.o schkbb.o schkbd.o schkbk.o schkbl.o schkec.o schkgg.o schkgk.o schkgl.o schkhs.o schksb.o schkst.o sckcsd.o sckglm.o sckgqr.o sckgsv.o scklse.o scsdts.o sdrges.o sdrgev.o sdrgsx.o sdrgvx.o sdrvbd.o sdrves.o sdrvev.o sdrvgg.o sdrvsg.o sdrvst.o sdrvsx.o sdrvvx.o serrbd.o serrec.o serred.o serrgg.o serrhs.o serrst.o sget02.o sget10.o sget22.o sget23.o sget24.o sget31.o sget32.o sget33.o sget34.o sget35.o sget36.o sget37.o sget38.o sget39.o sget51.o sget52.o sget53.o sget54.o sglmts.o sgqrts.o sgrqts.o sgsvts.o shst01.o slarfy.o slarhs.o slatm4.o slctes.o slctsx.o slsets.o sort01.o sort03.o ssbt21.o ssgt01.o sslect.o sspt21.o sstt21.o sstt22.o ssyt21.o ssyt22.o slafts.o slahd2.o slasum.o slatb9.o sstech.o sstect.o ssvdch.o ssvdct.o ssxt1.o alahdg.o alasum.o alasvm.o alareq.o ilaenv.o xerbla.o xlaenv.o chkxer.o ../../libtmglib_gfortran.a \
  ../../liblapack_gfortran.a ../../libblas.a && mv xeigtsts ../xeigtsts
make[2]: Leaving directory '/gpfs/home/s376817/OpenFOAM/s376817-v2406/applications/utilities/waves2Foam/ThirdParty/lapack-3.3.1/TESTING/EIG'
NEP: Testing Nonsymmetric Eigenvalue Problem routines
./xeigtsts < nep.in > snep.out 2>&1
SEP: Testing Symmetric Eigenvalue Problem routines
./xeigtsts < sep.in > ssep.out 2>&1
SVD: Testing Singular Value Decomposition routines
./xeigtsts < svd.in > ssvd.out 2>&1
SEC: Testing REAL Eigen Condition Routines
./xeigtsts < sec.in > sec.out 2>&1
SEV: Testing REAL Nonsymmetric Eigenvalue Driver
./xeigtsts < sed.in > sed.out 2>&1
SGG: Testing REAL Nonsymmetric Generalized Eigenvalue Problem routines
./xeigtsts < sgg.in > sgg.out 2>&1
SGD: Testing REAL Nonsymmetric Generalized Eigenvalue Problem driver routines
./xeigtsts < sgd.in > sgd.out 2>&1
SSB: Testing REAL Symmetric Eigenvalue Problem routines
./xeigtsts < ssb.in > ssb.out 2>&1
SSG: Testing REAL Symmetric Generalized Eigenvalue Problem routines
./xeigtsts < ssg.in > ssg.out 2>&1
SGEBAL: Testing the balancing of a REAL general matrix
./xeigtsts < sbal.in > sbal.out 2>&1
SGEBAK: Testing the back transformation of a REAL balanced matrix
./xeigtsts < sbak.in > sbak.out 2>&1
SGGBAL: Testing the balancing of a pair of REAL general matrices
./xeigtsts < sgbal.in > sgbal.out 2>&1
SGGBAK: Testing the back transformation of a pair of REAL balanced matrices
./xeigtsts < sgbak.in > sgbak.out 2>&1
SBB: Testing banded Singular Value Decomposition routines
./xeigtsts < sbb.in > sbb.out 2>&1
GLM: Testing Generalized Linear Regression Model routines
./xeigtsts < glm.in > sglm.out 2>&1
GQR: Testing Generalized QR and RQ factorization routines
./xeigtsts < gqr.in > sgqr.out 2>&1
GSV: Testing Generalized Singular Value Decomposition routines
./xeigtsts < gsv.in > sgsv.out 2>&1
CSD: Testing CS Decomposition routines
./xeigtsts < csd.in > scsd.out 2>&1
LSE: Testing Constrained Linear Least Squares routines
./xeigtsts < lse.in > slse.out 2>&1
cd LIN ; make complex
make[2]: Entering directory '/gpfs/home/s376817/OpenFOAM/s376817-v2406/applications/utilities/waves2Foam/ThirdParty/lapack-3.3.1/TESTING/LIN'
gfortran -fimplicit-none -shared -fPIC -Wno-argument-mismatch -fallow-argument-mismatch -std=legacy -c cchkaa.f -o cchkaa.o
gfortran -fimplicit-none -shared -fPIC -Wno-argument-mismatch -fallow-argument-mismatch -std=legacy -c cchkeq.f -o cchkeq.o
gfortran -fimplicit-none -shared -fPIC -Wno-argument-mismatch -fallow-argument-mismatch -std=legacy -c cchkgb.f -o cchkgb.o
gfortran -fimplicit-none -shared -fPIC -Wno-argument-mismatch -fallow-argument-mismatch -std=legacy -c cchkge.f -o cchkge.o
gfortran -fimplicit-none -shared -fPIC -Wno-argument-mismatch -fallow-argument-mismatch -std=legacy -c cchkgt.f -o cchkgt.o
gfortran -fimplicit-none -shared -fPIC -Wno-argument-mismatch -fallow-argument-mismatch -std=legacy -c cchkhe.f -o cchkhe.o
gfortran -fimplicit-none -shared -fPIC -Wno-argument-mismatch -fallow-argument-mismatch -std=legacy -c cchkhp.f -o cchkhp.o
gfortran -fimplicit-none -shared -fPIC -Wno-argument-mismatch -fallow-argument-mismatch -std=legacy -c cchklq.f -o cchklq.o
gfortran -fimplicit-none -shared -fPIC -Wno-argument-mismatch -fallow-argument-mismatch -std=legacy -c cchkpb.f -o cchkpb.o
gfortran -fimplicit-none -shared -fPIC -Wno-argument-mismatch -fallow-argument-mismatch -std=legacy -c cchkpo.f -o cchkpo.o
gfortran -fimplicit-none -shared -fPIC -Wno-argument-mismatch -fallow-argument-mismatch -std=legacy -c cchkps.f -o cchkps.o
gfortran -fimplicit-none -shared -fPIC -Wno-argument-mismatch -fallow-argument-mismatch -std=legacy -c cchkpp.f -o cchkpp.o
gfortran -fimplicit-none -shared -fPIC -Wno-argument-mismatch -fallow-argument-mismatch -std=legacy -c cchkpt.f -o cchkpt.o
gfortran -fimplicit-none -shared -fPIC -Wno-argument-mismatch -fallow-argument-mismatch -std=legacy -c cchkq3.f -o cchkq3.o
gfortran -fimplicit-none -shared -fPIC -Wno-argument-mismatch -fallow-argument-mismatch -std=legacy -c cchkql.f -o cchkql.o
gfortran -fimplicit-none -shared -fPIC -Wno-argument-mismatch -fallow-argument-mismatch -std=legacy -c cchkqp.f -o cchkqp.o
gfortran -fimplicit-none -shared -fPIC -Wno-argument-mismatch -fallow-argument-mismatch -std=legacy -c cchkqr.f -o cchkqr.o
gfortran -fimplicit-none -shared -fPIC -Wno-argument-mismatch -fallow-argument-mismatch -std=legacy -c cchkrq.f -o cchkrq.o
gfortran -fimplicit-none -shared -fPIC -Wno-argument-mismatch -fallow-argument-mismatch -std=legacy -c cchksp.f -o cchksp.o
gfortran -fimplicit-none -shared -fPIC -Wno-argument-mismatch -fallow-argument-mismatch -std=legacy -c cchksy.f -o cchksy.o
gfortran -fimplicit-none -shared -fPIC -Wno-argument-mismatch -fallow-argument-mismatch -std=legacy -c cchktb.f -o cchktb.o
gfortran -fimplicit-none -shared -fPIC -Wno-argument-mismatch -fallow-argument-mismatch -std=legacy -c cchktp.f -o cchktp.o
gfortran -fimplicit-none -shared -fPIC -Wno-argument-mismatch -fallow-argument-mismatch -std=legacy -c cchktr.f -o cchktr.o
gfortran -fimplicit-none -shared -fPIC -Wno-argument-mismatch -fallow-argument-mismatch -std=legacy -c cchktz.f -o cchktz.o
gfortran -fimplicit-none -shared -fPIC -Wno-argument-mismatch -fallow-argument-mismatch -std=legacy -c cdrvgt.f -o cdrvgt.o
gfortran -fimplicit-none -shared -fPIC -Wno-argument-mismatch -fallow-argument-mismatch -std=legacy -c cdrvhp.f -o cdrvhp.o
gfortran -fimplicit-none -shared -fPIC -Wno-argument-mismatch -fallow-argument-mismatch -std=legacy -c cdrvls.f -o cdrvls.o
gfortran -fimplicit-none -shared -fPIC -Wno-argument-mismatch -fallow-argument-mismatch -std=legacy -c cdrvpb.f -o cdrvpb.o
gfortran -fimplicit-none -shared -fPIC -Wno-argument-mismatch -fallow-argument-mismatch -std=legacy -c cdrvpp.f -o cdrvpp.o
gfortran -fimplicit-none -shared -fPIC -Wno-argument-mismatch -fallow-argument-mismatch -std=legacy -c cdrvpt.f -o cdrvpt.o
gfortran -fimplicit-none -shared -fPIC -Wno-argument-mismatch -fallow-argument-mismatch -std=legacy -c cdrvsp.f -o cdrvsp.o
gfortran -fimplicit-none -shared -fPIC -Wno-argument-mismatch -fallow-argument-mismatch -std=legacy -c cerrgt.f -o cerrgt.o
gfortran -fimplicit-none -shared -fPIC -Wno-argument-mismatch -fallow-argument-mismatch -std=legacy -c cerrlq.f -o cerrlq.o
gfortran -fimplicit-none -shared -fPIC -Wno-argument-mismatch -fallow-argument-mismatch -std=legacy -c cerrls.f -o cerrls.o
gfortran -fimplicit-none -shared -fPIC -Wno-argument-mismatch -fallow-argument-mismatch -std=legacy -c cerrps.f -o cerrps.o
gfortran -fimplicit-none -shared -fPIC -Wno-argument-mismatch -fallow-argument-mismatch -std=legacy -c cerrql.f -o cerrql.o
gfortran -fimplicit-none -shared -fPIC -Wno-argument-mismatch -fallow-argument-mismatch -std=legacy -c cerrqp.f -o cerrqp.o
gfortran -fimplicit-none -shared -fPIC -Wno-argument-mismatch -fallow-argument-mismatch -std=legacy -c cerrqr.f -o cerrqr.o
gfortran -fimplicit-none -shared -fPIC -Wno-argument-mismatch -fallow-argument-mismatch -std=legacy -c cerrrq.f -o cerrrq.o
gfortran -fimplicit-none -shared -fPIC -Wno-argument-mismatch -fallow-argument-mismatch -std=legacy -c cerrtr.f -o cerrtr.o
gfortran -fimplicit-none -shared -fPIC -Wno-argument-mismatch -fallow-argument-mismatch -std=legacy -c cerrtz.f -o cerrtz.o
gfortran -fimplicit-none -shared -fPIC -Wno-argument-mismatch -fallow-argument-mismatch -std=legacy -c cgbt01.f -o cgbt01.o
gfortran -fimplicit-none -shared -fPIC -Wno-argument-mismatch -fallow-argument-mismatch -std=legacy -c cgbt02.f -o cgbt02.o
gfortran -fimplicit-none -shared -fPIC -Wno-argument-mismatch -fallow-argument-mismatch -std=legacy -c cgbt05.f -o cgbt05.o
gfortran -fimplicit-none -shared -fPIC -Wno-argument-mismatch -fallow-argument-mismatch -std=legacy -c cgelqs.f -o cgelqs.o
gfortran -fimplicit-none -shared -fPIC -Wno-argument-mismatch -fallow-argument-mismatch -std=legacy -c cgeqls.f -o cgeqls.o
gfortran -fimplicit-none -shared -fPIC -Wno-argument-mismatch -fallow-argument-mismatch -std=legacy -c cgeqrs.f -o cgeqrs.o
gfortran -fimplicit-none -shared -fPIC -Wno-argument-mismatch -fallow-argument-mismatch -std=legacy -c cgerqs.f -o cgerqs.o
gfortran -fimplicit-none -shared -fPIC -Wno-argument-mismatch -fallow-argument-mismatch -std=legacy -c cget01.f -o cget01.o
gfortran -fimplicit-none -shared -fPIC -Wno-argument-mismatch -fallow-argument-mismatch -std=legacy -c cget02.f -o cget02.o
gfortran -fimplicit-none -shared -fPIC -Wno-argument-mismatch -fallow-argument-mismatch -std=legacy -c cget03.f -o cget03.o
gfortran -fimplicit-none -shared -fPIC -Wno-argument-mismatch -fallow-argument-mismatch -std=legacy -c cget04.f -o cget04.o
gfortran -fimplicit-none -shared -fPIC -Wno-argument-mismatch -fallow-argument-mismatch -std=legacy -c cget07.f -o cget07.o
gfortran -fimplicit-none -shared -fPIC -Wno-argument-mismatch -fallow-argument-mismatch -std=legacy -c cgtt01.f -o cgtt01.o
gfortran -fimplicit-none -shared -fPIC -Wno-argument-mismatch -fallow-argument-mismatch -std=legacy -c cgtt02.f -o cgtt02.o
gfortran -fimplicit-none -shared -fPIC -Wno-argument-mismatch -fallow-argument-mismatch -std=legacy -c cgtt05.f -o cgtt05.o
gfortran -fimplicit-none -shared -fPIC -Wno-argument-mismatch -fallow-argument-mismatch -std=legacy -c chet01.f -o chet01.o
gfortran -fimplicit-none -shared -fPIC -Wno-argument-mismatch -fallow-argument-mismatch -std=legacy -c chpt01.f -o chpt01.o
gfortran -fimplicit-none -shared -fPIC -Wno-argument-mismatch -fallow-argument-mismatch -std=legacy -c claipd.f -o claipd.o
gfortran -fimplicit-none -shared -fPIC -Wno-argument-mismatch -fallow-argument-mismatch -std=legacy -c claptm.f -o claptm.o
gfortran -fimplicit-none -shared -fPIC -Wno-argument-mismatch -fallow-argument-mismatch -std=legacy -c clarhs.f -o clarhs.o
gfortran -fimplicit-none -shared -fPIC -Wno-argument-mismatch -fallow-argument-mismatch -std=legacy -c clatb4.f -o clatb4.o
gfortran -fimplicit-none -shared -fPIC -Wno-argument-mismatch -fallow-argument-mismatch -std=legacy -c clatb5.f -o clatb5.o
gfortran -fimplicit-none -shared -fPIC -Wno-argument-mismatch -fallow-argument-mismatch -std=legacy -c clatsp.f -o clatsp.o
gfortran -fimplicit-none -shared -fPIC -Wno-argument-mismatch -fallow-argument-mismatch -std=legacy -c clatsy.f -o clatsy.o
gfortran -fimplicit-none -shared -fPIC -Wno-argument-mismatch -fallow-argument-mismatch -std=legacy -c clattb.f -o clattb.o
gfortran -fimplicit-none -shared -fPIC -Wno-argument-mismatch -fallow-argument-mismatch -std=legacy -c clattp.f -o clattp.o
gfortran -fimplicit-none -shared -fPIC -Wno-argument-mismatch -fallow-argument-mismatch -std=legacy -c clattr.f -o clattr.o
gfortran -fimplicit-none -shared -fPIC -Wno-argument-mismatch -fallow-argument-mismatch -std=legacy -c clavhe.f -o clavhe.o
gfortran -fimplicit-none -shared -fPIC -Wno-argument-mismatch -fallow-argument-mismatch -std=legacy -c clavhp.f -o clavhp.o
gfortran -fimplicit-none -shared -fPIC -Wno-argument-mismatch -fallow-argument-mismatch -std=legacy -c clavsp.f -o clavsp.o
gfortran -fimplicit-none -shared -fPIC -Wno-argument-mismatch -fallow-argument-mismatch -std=legacy -c clavsy.f -o clavsy.o
gfortran -fimplicit-none -shared -fPIC -Wno-argument-mismatch -fallow-argument-mismatch -std=legacy -c clqt01.f -o clqt01.o
gfortran -fimplicit-none -shared -fPIC -Wno-argument-mismatch -fallow-argument-mismatch -std=legacy -c clqt02.f -o clqt02.o
gfortran -fimplicit-none -shared -fPIC -Wno-argument-mismatch -fallow-argument-mismatch -std=legacy -c clqt03.f -o clqt03.o
gfortran -fimplicit-none -shared -fPIC -Wno-argument-mismatch -fallow-argument-mismatch -std=legacy -c cpbt01.f -o cpbt01.o
gfortran -fimplicit-none -shared -fPIC -Wno-argument-mismatch -fallow-argument-mismatch -std=legacy -c cpbt02.f -o cpbt02.o
gfortran -fimplicit-none -shared -fPIC -Wno-argument-mismatch -fallow-argument-mismatch -std=legacy -c cpbt05.f -o cpbt05.o
gfortran -fimplicit-none -shared -fPIC -Wno-argument-mismatch -fallow-argument-mismatch -std=legacy -c cpot01.f -o cpot01.o
gfortran -fimplicit-none -shared -fPIC -Wno-argument-mismatch -fallow-argument-mismatch -std=legacy -c cpot02.f -o cpot02.o
gfortran -fimplicit-none -shared -fPIC -Wno-argument-mismatch -fallow-argument-mismatch -std=legacy -c cpot03.f -o cpot03.o
gfortran -fimplicit-none -shared -fPIC -Wno-argument-mismatch -fallow-argument-mismatch -std=legacy -c cpot05.f -o cpot05.o
gfortran -fimplicit-none -shared -fPIC -Wno-argument-mismatch -fallow-argument-mismatch -std=legacy -c cpst01.f -o cpst01.o
gfortran -fimplicit-none -shared -fPIC -Wno-argument-mismatch -fallow-argument-mismatch -std=legacy -c cppt01.f -o cppt01.o
gfortran -fimplicit-none -shared -fPIC -Wno-argument-mismatch -fallow-argument-mismatch -std=legacy -c cppt02.f -o cppt02.o
gfortran -fimplicit-none -shared -fPIC -Wno-argument-mismatch -fallow-argument-mismatch -std=legacy -c cppt03.f -o cppt03.o
gfortran -fimplicit-none -shared -fPIC -Wno-argument-mismatch -fallow-argument-mismatch -std=legacy -c cppt05.f -o cppt05.o
gfortran -fimplicit-none -shared -fPIC -Wno-argument-mismatch -fallow-argument-mismatch -std=legacy -c cptt01.f -o cptt01.o
gfortran -fimplicit-none -shared -fPIC -Wno-argument-mismatch -fallow-argument-mismatch -std=legacy -c cptt02.f -o cptt02.o
gfortran -fimplicit-none -shared -fPIC -Wno-argument-mismatch -fallow-argument-mismatch -std=legacy -c cptt05.f -o cptt05.o
gfortran -fimplicit-none -shared -fPIC -Wno-argument-mismatch -fallow-argument-mismatch -std=legacy -c cqlt01.f -o cqlt01.o
gfortran -fimplicit-none -shared -fPIC -Wno-argument-mismatch -fallow-argument-mismatch -std=legacy -c cqlt02.f -o cqlt02.o
gfortran -fimplicit-none -shared -fPIC -Wno-argument-mismatch -fallow-argument-mismatch -std=legacy -c cqlt03.f -o cqlt03.o
gfortran -fimplicit-none -shared -fPIC -Wno-argument-mismatch -fallow-argument-mismatch -std=legacy -c cqpt01.f -o cqpt01.o
gfortran -fimplicit-none -shared -fPIC -Wno-argument-mismatch -fallow-argument-mismatch -std=legacy -c cqrt01.f -o cqrt01.o
gfortran -fimplicit-none -shared -fPIC -Wno-argument-mismatch -fallow-argument-mismatch -std=legacy -c cqrt01p.f -o cqrt01p.o
gfortran -fimplicit-none -shared -fPIC -Wno-argument-mismatch -fallow-argument-mismatch -std=legacy -c cqrt02.f -o cqrt02.o
gfortran -fimplicit-none -shared -fPIC -Wno-argument-mismatch -fallow-argument-mismatch -std=legacy -c cqrt03.f -o cqrt03.o
gfortran -fimplicit-none -shared -fPIC -Wno-argument-mismatch -fallow-argument-mismatch -std=legacy -c cqrt11.f -o cqrt11.o
gfortran -fimplicit-none -shared -fPIC -Wno-argument-mismatch -fallow-argument-mismatch -std=legacy -c cqrt12.f -o cqrt12.o
gfortran -fimplicit-none -shared -fPIC -Wno-argument-mismatch -fallow-argument-mismatch -std=legacy -c cqrt13.f -o cqrt13.o
gfortran -fimplicit-none -shared -fPIC -Wno-argument-mismatch -fallow-argument-mismatch -std=legacy -c cqrt14.f -o cqrt14.o
gfortran -fimplicit-none -shared -fPIC -Wno-argument-mismatch -fallow-argument-mismatch -std=legacy -c cqrt15.f -o cqrt15.o
gfortran -fimplicit-none -shared -fPIC -Wno-argument-mismatch -fallow-argument-mismatch -std=legacy -c cqrt16.f -o cqrt16.o
gfortran -fimplicit-none -shared -fPIC -Wno-argument-mismatch -fallow-argument-mismatch -std=legacy -c cqrt17.f -o cqrt17.o
gfortran -fimplicit-none -shared -fPIC -Wno-argument-mismatch -fallow-argument-mismatch -std=legacy -c crqt01.f -o crqt01.o
gfortran -fimplicit-none -shared -fPIC -Wno-argument-mismatch -fallow-argument-mismatch -std=legacy -c crqt02.f -o crqt02.o
gfortran -fimplicit-none -shared -fPIC -Wno-argument-mismatch -fallow-argument-mismatch -std=legacy -c crqt03.f -o crqt03.o
gfortran -fimplicit-none -shared -fPIC -Wno-argument-mismatch -fallow-argument-mismatch -std=legacy -c crzt01.f -o crzt01.o
gfortran -fimplicit-none -shared -fPIC -Wno-argument-mismatch -fallow-argument-mismatch -std=legacy -c crzt02.f -o crzt02.o
gfortran -fimplicit-none -shared -fPIC -Wno-argument-mismatch -fallow-argument-mismatch -std=legacy -c csbmv.f -o csbmv.o
gfortran -fimplicit-none -shared -fPIC -Wno-argument-mismatch -fallow-argument-mismatch -std=legacy -c cspt01.f -o cspt01.o
gfortran -fimplicit-none -shared -fPIC -Wno-argument-mismatch -fallow-argument-mismatch -std=legacy -c cspt02.f -o cspt02.o
gfortran -fimplicit-none -shared -fPIC -Wno-argument-mismatch -fallow-argument-mismatch -std=legacy -c cspt03.f -o cspt03.o
gfortran -fimplicit-none -shared -fPIC -Wno-argument-mismatch -fallow-argument-mismatch -std=legacy -c csyt01.f -o csyt01.o
gfortran -fimplicit-none -shared -fPIC -Wno-argument-mismatch -fallow-argument-mismatch -std=legacy -c csyt02.f -o csyt02.o
gfortran -fimplicit-none -shared -fPIC -Wno-argument-mismatch -fallow-argument-mismatch -std=legacy -c csyt03.f -o csyt03.o
gfortran -fimplicit-none -shared -fPIC -Wno-argument-mismatch -fallow-argument-mismatch -std=legacy -c ctbt02.f -o ctbt02.o
gfortran -fimplicit-none -shared -fPIC -Wno-argument-mismatch -fallow-argument-mismatch -std=legacy -c ctbt03.f -o ctbt03.o
gfortran -fimplicit-none -shared -fPIC -Wno-argument-mismatch -fallow-argument-mismatch -std=legacy -c ctbt05.f -o ctbt05.o
gfortran -fimplicit-none -shared -fPIC -Wno-argument-mismatch -fallow-argument-mismatch -std=legacy -c ctbt06.f -o ctbt06.o
gfortran -fimplicit-none -shared -fPIC -Wno-argument-mismatch -fallow-argument-mismatch -std=legacy -c ctpt01.f -o ctpt01.o
gfortran -fimplicit-none -shared -fPIC -Wno-argument-mismatch -fallow-argument-mismatch -std=legacy -c ctpt02.f -o ctpt02.o
gfortran -fimplicit-none -shared -fPIC -Wno-argument-mismatch -fallow-argument-mismatch -std=legacy -c ctpt03.f -o ctpt03.o
gfortran -fimplicit-none -shared -fPIC -Wno-argument-mismatch -fallow-argument-mismatch -std=legacy -c ctpt05.f -o ctpt05.o
gfortran -fimplicit-none -shared -fPIC -Wno-argument-mismatch -fallow-argument-mismatch -std=legacy -c ctpt06.f -o ctpt06.o
gfortran -fimplicit-none -shared -fPIC -Wno-argument-mismatch -fallow-argument-mismatch -std=legacy -c ctrt01.f -o ctrt01.o
gfortran -fimplicit-none -shared -fPIC -Wno-argument-mismatch -fallow-argument-mismatch -std=legacy -c ctrt02.f -o ctrt02.o
gfortran -fimplicit-none -shared -fPIC -Wno-argument-mismatch -fallow-argument-mismatch -std=legacy -c ctrt03.f -o ctrt03.o
gfortran -fimplicit-none -shared -fPIC -Wno-argument-mismatch -fallow-argument-mismatch -std=legacy -c ctrt05.f -o ctrt05.o
gfortran -fimplicit-none -shared -fPIC -Wno-argument-mismatch -fallow-argument-mismatch -std=legacy -c ctrt06.f -o ctrt06.o
gfortran -fimplicit-none -shared -fPIC -Wno-argument-mismatch -fallow-argument-mismatch -std=legacy -c ctzt01.f -o ctzt01.o
gfortran -fimplicit-none -shared -fPIC -Wno-argument-mismatch -fallow-argument-mismatch -std=legacy -c ctzt02.f -o ctzt02.o
gfortran -fimplicit-none -shared -fPIC -Wno-argument-mismatch -fallow-argument-mismatch -std=legacy -c cgennd.f -o cgennd.o
gfortran -fimplicit-none -shared -fPIC -Wno-argument-mismatch -fallow-argument-mismatch -std=legacy -c cerrvx.f -o cerrvx.o
gfortran -fimplicit-none -shared -fPIC -Wno-argument-mismatch -fallow-argument-mismatch -std=legacy -c cdrvge.f -o cdrvge.o
gfortran -fimplicit-none -shared -fPIC -Wno-argument-mismatch -fallow-argument-mismatch -std=legacy -c cdrvsy.f -o cdrvsy.o
gfortran -fimplicit-none -shared -fPIC -Wno-argument-mismatch -fallow-argument-mismatch -std=legacy -c cdrvgb.f -o cdrvgb.o
gfortran -fimplicit-none -shared -fPIC -Wno-argument-mismatch -fallow-argument-mismatch -std=legacy -c cerrge.f -o cerrge.o
gfortran -fimplicit-none -shared -fPIC -Wno-argument-mismatch -fallow-argument-mismatch -std=legacy -c cdrvpo.f -o cdrvpo.o
gfortran -fimplicit-none -shared -fPIC -Wno-argument-mismatch -fallow-argument-mismatch -std=legacy -c cdrvhe.f -o cdrvhe.o
gfortran -fimplicit-none -shared -fPIC -Wno-argument-mismatch -fallow-argument-mismatch -std=legacy -c cerrpo.f -o cerrpo.o
gfortran -fimplicit-none -shared -fPIC -Wno-argument-mismatch -fallow-argument-mismatch -std=legacy -c cerrsy.f -o cerrsy.o
gfortran -fimplicit-none -shared -fPIC -Wno-argument-mismatch -fallow-argument-mismatch -std=legacy -c cerrhe.f -o cerrhe.o
gfortran    aladhd.o alaerh.o alaesm.o alahd.o alareq.o alasum.o alasvm.o chkxer.o icopy.o ilaenv.o xlaenv.o xerbla.o slaord.o cchkaa.o cchkeq.o cchkgb.o cchkge.o cchkgt.o cchkhe.o cchkhp.o cchklq.o cchkpb.o cchkpo.o cchkps.o cchkpp.o cchkpt.o cchkq3.o cchkql.o cchkqp.o cchkqr.o cchkrq.o cchksp.o cchksy.o cchktb.o cchktp.o cchktr.o cchktz.o cdrvgt.o cdrvhp.o cdrvls.o cdrvpb.o cdrvpp.o cdrvpt.o cdrvsp.o cerrgt.o cerrlq.o cerrls.o cerrps.o cerrql.o cerrqp.o cerrqr.o cerrrq.o cerrtr.o cerrtz.o cgbt01.o cgbt02.o cgbt05.o cgelqs.o cgeqls.o cgeqrs.o cgerqs.o cget01.o cget02.o cget03.o cget04.o cget07.o cgtt01.o cgtt02.o cgtt05.o chet01.o chpt01.o claipd.o claptm.o clarhs.o clatb4.o clatb5.o clatsp.o clatsy.o clattb.o clattp.o clattr.o clavhe.o clavhp.o clavsp.o clavsy.o clqt01.o clqt02.o clqt03.o cpbt01.o cpbt02.o cpbt05.o cpot01.o cpot02.o cpot03.o cpot05.o cpst01.o cppt01.o cppt02.o cppt03.o cppt05.o cptt01.o cptt02.o cptt05.o cqlt01.o cqlt02.o cqlt03.o cqpt01.o cqrt01.o cqrt01p.o cqrt02.o cqrt03.o cqrt11.o cqrt12.o cqrt13.o cqrt14.o cqrt15.o cqrt16.o cqrt17.o crqt01.o crqt02.o crqt03.o crzt01.o crzt02.o csbmv.o  cspt01.o cspt02.o cspt03.o csyt01.o csyt02.o csyt03.o ctbt02.o ctbt03.o ctbt05.o ctbt06.o ctpt01.o ctpt02.o ctpt03.o ctpt05.o ctpt06.o ctrt01.o ctrt02.o ctrt03.o ctrt05.o ctrt06.o ctzt01.o ctzt02.o sget06.o cgennd.o cerrvx.o cdrvge.o cdrvsy.o cdrvgb.o cerrge.o cdrvpo.o cdrvhe.o cerrpo.o cerrsy.o cerrhe.o \
        ../../libtmglib_gfortran.a ../../liblapack_gfortran.a   ../../libblas.a -o xlintstc && mv xlintstc ../xlintstc
make[2]: Leaving directory '/gpfs/home/s376817/OpenFOAM/s376817-v2406/applications/utilities/waves2Foam/ThirdParty/lapack-3.3.1/TESTING/LIN'
Testing COMPLEX LAPACK linear equation routines
./xlintstc < ctest.in > ctest.out 2>&1
cd EIG ; make complex
make[2]: Entering directory '/gpfs/home/s376817/OpenFOAM/s376817-v2406/applications/utilities/waves2Foam/ThirdParty/lapack-3.3.1/TESTING/EIG'
gfortran -fimplicit-none -shared -fPIC -Wno-argument-mismatch -fallow-argument-mismatch -std=legacy -c cchkee.f -o cchkee.o
gfortran -fimplicit-none -shared -fPIC -Wno-argument-mismatch -fallow-argument-mismatch -std=legacy -c cbdt01.f -o cbdt01.o
gfortran -fimplicit-none -shared -fPIC -Wno-argument-mismatch -fallow-argument-mismatch -std=legacy -c cbdt02.f -o cbdt02.o
gfortran -fimplicit-none -shared -fPIC -Wno-argument-mismatch -fallow-argument-mismatch -std=legacy -c cbdt03.f -o cbdt03.o
gfortran -fimplicit-none -shared -fPIC -Wno-argument-mismatch -fallow-argument-mismatch -std=legacy -c cchkbb.f -o cchkbb.o
gfortran -fimplicit-none -shared -fPIC -Wno-argument-mismatch -fallow-argument-mismatch -std=legacy -c cchkbd.f -o cchkbd.o
gfortran -fimplicit-none -shared -fPIC -Wno-argument-mismatch -fallow-argument-mismatch -std=legacy -c cchkbk.f -o cchkbk.o
gfortran -fimplicit-none -shared -fPIC -Wno-argument-mismatch -fallow-argument-mismatch -std=legacy -c cchkbl.f -o cchkbl.o
gfortran -fimplicit-none -shared -fPIC -Wno-argument-mismatch -fallow-argument-mismatch -std=legacy -c cchkec.f -o cchkec.o
gfortran -fimplicit-none -shared -fPIC -Wno-argument-mismatch -fallow-argument-mismatch -std=legacy -c cchkgg.f -o cchkgg.o
gfortran -fimplicit-none -shared -fPIC -Wno-argument-mismatch -fallow-argument-mismatch -std=legacy -c cchkgk.f -o cchkgk.o
gfortran -fimplicit-none -shared -fPIC -Wno-argument-mismatch -fallow-argument-mismatch -std=legacy -c cchkgl.f -o cchkgl.o
gfortran -fimplicit-none -shared -fPIC -Wno-argument-mismatch -fallow-argument-mismatch -std=legacy -c cchkhb.f -o cchkhb.o
gfortran -fimplicit-none -shared -fPIC -Wno-argument-mismatch -fallow-argument-mismatch -std=legacy -c cchkhs.f -o cchkhs.o
gfortran -fimplicit-none -shared -fPIC -Wno-argument-mismatch -fallow-argument-mismatch -std=legacy -c cchkst.f -o cchkst.o
gfortran -fimplicit-none -shared -fPIC -Wno-argument-mismatch -fallow-argument-mismatch -std=legacy -c cckcsd.f -o cckcsd.o
gfortran -fimplicit-none -shared -fPIC -Wno-argument-mismatch -fallow-argument-mismatch -std=legacy -c cckglm.f -o cckglm.o
gfortran -fimplicit-none -shared -fPIC -Wno-argument-mismatch -fallow-argument-mismatch -std=legacy -c cckgqr.f -o cckgqr.o
gfortran -fimplicit-none -shared -fPIC -Wno-argument-mismatch -fallow-argument-mismatch -std=legacy -c cckgsv.f -o cckgsv.o
gfortran -fimplicit-none -shared -fPIC -Wno-argument-mismatch -fallow-argument-mismatch -std=legacy -c ccklse.f -o ccklse.o
gfortran -fimplicit-none -shared -fPIC -Wno-argument-mismatch -fallow-argument-mismatch -std=legacy -c ccsdts.f -o ccsdts.o
gfortran -fimplicit-none -shared -fPIC -Wno-argument-mismatch -fallow-argument-mismatch -std=legacy -c cdrges.f -o cdrges.o
gfortran -fimplicit-none -shared -fPIC -Wno-argument-mismatch -fallow-argument-mismatch -std=legacy -c cdrgev.f -o cdrgev.o
gfortran -fimplicit-none -shared -fPIC -Wno-argument-mismatch -fallow-argument-mismatch -std=legacy -c cdrgsx.f -o cdrgsx.o
gfortran -fimplicit-none -shared -fPIC -Wno-argument-mismatch -fallow-argument-mismatch -std=legacy -c cdrgvx.f -o cdrgvx.o
gfortran -fimplicit-none -shared -fPIC -Wno-argument-mismatch -fallow-argument-mismatch -std=legacy -c cdrvbd.f -o cdrvbd.o
gfortran -fimplicit-none -shared -fPIC -Wno-argument-mismatch -fallow-argument-mismatch -std=legacy -c cdrves.f -o cdrves.o
gfortran -fimplicit-none -shared -fPIC -Wno-argument-mismatch -fallow-argument-mismatch -std=legacy -c cdrvev.f -o cdrvev.o
gfortran -fimplicit-none -shared -fPIC -Wno-argument-mismatch -fallow-argument-mismatch -std=legacy -c cdrvgg.f -o cdrvgg.o
gfortran -fimplicit-none -shared -fPIC -Wno-argument-mismatch -fallow-argument-mismatch -std=legacy -c cdrvsg.f -o cdrvsg.o
gfortran -fimplicit-none -shared -fPIC -Wno-argument-mismatch -fallow-argument-mismatch -std=legacy -c cdrvst.f -o cdrvst.o
gfortran -fimplicit-none -shared -fPIC -Wno-argument-mismatch -fallow-argument-mismatch -std=legacy -c cdrvsx.f -o cdrvsx.o
gfortran -fimplicit-none -shared -fPIC -Wno-argument-mismatch -fallow-argument-mismatch -std=legacy -c cdrvvx.f -o cdrvvx.o
gfortran -fimplicit-none -shared -fPIC -Wno-argument-mismatch -fallow-argument-mismatch -std=legacy -c cerrbd.f -o cerrbd.o
gfortran -fimplicit-none -shared -fPIC -Wno-argument-mismatch -fallow-argument-mismatch -std=legacy -c cerrec.f -o cerrec.o
gfortran -fimplicit-none -shared -fPIC -Wno-argument-mismatch -fallow-argument-mismatch -std=legacy -c cerred.f -o cerred.o
gfortran -fimplicit-none -shared -fPIC -Wno-argument-mismatch -fallow-argument-mismatch -std=legacy -c cerrgg.f -o cerrgg.o
gfortran -fimplicit-none -shared -fPIC -Wno-argument-mismatch -fallow-argument-mismatch -std=legacy -c cerrhs.f -o cerrhs.o
gfortran -fimplicit-none -shared -fPIC -Wno-argument-mismatch -fallow-argument-mismatch -std=legacy -c cerrst.f -o cerrst.o
gfortran -fimplicit-none -shared -fPIC -Wno-argument-mismatch -fallow-argument-mismatch -std=legacy -c cget02.f -o cget02.o
gfortran -fimplicit-none -shared -fPIC -Wno-argument-mismatch -fallow-argument-mismatch -std=legacy -c cget10.f -o cget10.o
gfortran -fimplicit-none -shared -fPIC -Wno-argument-mismatch -fallow-argument-mismatch -std=legacy -c cget22.f -o cget22.o
gfortran -fimplicit-none -shared -fPIC -Wno-argument-mismatch -fallow-argument-mismatch -std=legacy -c cget23.f -o cget23.o
gfortran -fimplicit-none -shared -fPIC -Wno-argument-mismatch -fallow-argument-mismatch -std=legacy -c cget24.f -o cget24.o
gfortran -fimplicit-none -shared -fPIC -Wno-argument-mismatch -fallow-argument-mismatch -std=legacy -c cget35.f -o cget35.o
gfortran -fimplicit-none -shared -fPIC -Wno-argument-mismatch -fallow-argument-mismatch -std=legacy -c cget36.f -o cget36.o
gfortran -fimplicit-none -shared -fPIC -Wno-argument-mismatch -fallow-argument-mismatch -std=legacy -c cget37.f -o cget37.o
gfortran -fimplicit-none -shared -fPIC -Wno-argument-mismatch -fallow-argument-mismatch -std=legacy -c cget38.f -o cget38.o
gfortran -fimplicit-none -shared -fPIC -Wno-argument-mismatch -fallow-argument-mismatch -std=legacy -c cget51.f -o cget51.o
gfortran -fimplicit-none -shared -fPIC -Wno-argument-mismatch -fallow-argument-mismatch -std=legacy -c cget52.f -o cget52.o
gfortran -fimplicit-none -shared -fPIC -Wno-argument-mismatch -fallow-argument-mismatch -std=legacy -c cget54.f -o cget54.o
gfortran -fimplicit-none -shared -fPIC -Wno-argument-mismatch -fallow-argument-mismatch -std=legacy -c cglmts.f -o cglmts.o
gfortran -fimplicit-none -shared -fPIC -Wno-argument-mismatch -fallow-argument-mismatch -std=legacy -c cgqrts.f -o cgqrts.o
gfortran -fimplicit-none -shared -fPIC -Wno-argument-mismatch -fallow-argument-mismatch -std=legacy -c cgrqts.f -o cgrqts.o
gfortran -fimplicit-none -shared -fPIC -Wno-argument-mismatch -fallow-argument-mismatch -std=legacy -c cgsvts.f -o cgsvts.o
gfortran -fimplicit-none -shared -fPIC -Wno-argument-mismatch -fallow-argument-mismatch -std=legacy -c chbt21.f -o chbt21.o
gfortran -fimplicit-none -shared -fPIC -Wno-argument-mismatch -fallow-argument-mismatch -std=legacy -c chet21.f -o chet21.o
chet21.f:223:33:

  221 |             DO 20 J = 1, N - 1
      |                                                                        2
  222 |                CALL CHER2( CUPLO, N, -CMPLX( E( J ) ), U( 1, J ), 1,
  223 |      $                     U( 1, J-1 ), 1, WORK, N )
      |                                 1
Warning: Array reference at (1) out of bounds (0 < 1) in loop beginning at (2)
gfortran -fimplicit-none -shared -fPIC -Wno-argument-mismatch -fallow-argument-mismatch -std=legacy -c chet22.f -o chet22.o
gfortran -fimplicit-none -shared -fPIC -Wno-argument-mismatch -fallow-argument-mismatch -std=legacy -c chpt21.f -o chpt21.o
chpt21.f:250:33:

  248 |             DO 20 J = 1, N - 1
      |                                                                        2
  249 |                CALL CHPR2( CUPLO, N, -CMPLX( E( J ) ), U( 1, J ), 1,
  250 |      $                     U( 1, J-1 ), 1, WORK )
      |                                 1
Warning: Array reference at (1) out of bounds (0 < 1) in loop beginning at (2)
gfortran -fimplicit-none -shared -fPIC -Wno-argument-mismatch -fallow-argument-mismatch -std=legacy -c chst01.f -o chst01.o
gfortran -fimplicit-none -shared -fPIC -Wno-argument-mismatch -fallow-argument-mismatch -std=legacy -c clarfy.f -o clarfy.o
gfortran -fimplicit-none -shared -fPIC -Wno-argument-mismatch -fallow-argument-mismatch -std=legacy -c clarhs.f -o clarhs.o
gfortran -fimplicit-none -shared -fPIC -Wno-argument-mismatch -fallow-argument-mismatch -std=legacy -c clatm4.f -o clatm4.o
gfortran -fimplicit-none -shared -fPIC -Wno-argument-mismatch -fallow-argument-mismatch -std=legacy -c clctes.f -o clctes.o
gfortran -fimplicit-none -shared -fPIC -Wno-argument-mismatch -fallow-argument-mismatch -std=legacy -c clctsx.f -o clctsx.o
gfortran -fimplicit-none -shared -fPIC -Wno-argument-mismatch -fallow-argument-mismatch -std=legacy -c clsets.f -o clsets.o
gfortran -fimplicit-none -shared -fPIC -Wno-argument-mismatch -fallow-argument-mismatch -std=legacy -c csbmv.f -o csbmv.o
gfortran -fimplicit-none -shared -fPIC -Wno-argument-mismatch -fallow-argument-mismatch -std=legacy -c csgt01.f -o csgt01.o
gfortran -fimplicit-none -shared -fPIC -Wno-argument-mismatch -fallow-argument-mismatch -std=legacy -c cslect.f -o cslect.o
gfortran -fimplicit-none -shared -fPIC -Wno-argument-mismatch -fallow-argument-mismatch -std=legacy -c cstt21.f -o cstt21.o
gfortran -fimplicit-none -shared -fPIC -Wno-argument-mismatch -fallow-argument-mismatch -std=legacy -c cstt22.f -o cstt22.o
gfortran -fimplicit-none -shared -fPIC -Wno-argument-mismatch -fallow-argument-mismatch -std=legacy -c cunt01.f -o cunt01.o
gfortran -fimplicit-none -shared -fPIC -Wno-argument-mismatch -fallow-argument-mismatch -std=legacy -c cunt03.f -o cunt03.o
\
          gfortran   -o xeigtstc \
          cchkee.o cbdt01.o cbdt02.o cbdt03.o cchkbb.o cchkbd.o cchkbk.o cchkbl.o cchkec.o cchkgg.o cchkgk.o cchkgl.o cchkhb.o cchkhs.o cchkst.o cckcsd.o cckglm.o cckgqr.o cckgsv.o ccklse.o ccsdts.o cdrges.o cdrgev.o cdrgsx.o cdrgvx.o cdrvbd.o cdrves.o cdrvev.o cdrvgg.o cdrvsg.o cdrvst.o cdrvsx.o cdrvvx.o cerrbd.o cerrec.o cerred.o cerrgg.o cerrhs.o cerrst.o cget02.o cget10.o cget22.o cget23.o cget24.o cget35.o cget36.o cget37.o cget38.o cget51.o cget52.o cget54.o cglmts.o cgqrts.o cgrqts.o cgsvts.o chbt21.o chet21.o chet22.o chpt21.o chst01.o clarfy.o clarhs.o clatm4.o clctes.o clctsx.o clsets.o csbmv.o csgt01.o cslect.o cstt21.o cstt22.o cunt01.o cunt03.o slafts.o slahd2.o slasum.o slatb9.o sstech.o sstect.o ssvdch.o ssvdct.o ssxt1.o alahdg.o alasum.o alasvm.o alareq.o ilaenv.o xerbla.o xlaenv.o chkxer.o ../../libtmglib_gfortran.a \
  ../../liblapack_gfortran.a ../../libblas.a && mv xeigtstc ../xeigtstc
make[2]: Leaving directory '/gpfs/home/s376817/OpenFOAM/s376817-v2406/applications/utilities/waves2Foam/ThirdParty/lapack-3.3.1/TESTING/EIG'
NEP: Testing Nonsymmetric Eigenvalue Problem routines
./xeigtstc < nep.in > cnep.out 2>&1
SEP: Testing Symmetric Eigenvalue Problem routines
./xeigtstc < sep.in > csep.out 2>&1
SVD: Testing Singular Value Decomposition routines
./xeigtstc < svd.in > csvd.out 2>&1
CEC: Testing COMPLEX Eigen Condition Routines
./xeigtstc < cec.in > cec.out 2>&1
CES: Testing COMPLEX Nonsymmetric Schur Form Driver
./xeigtstc < ced.in > ced.out 2>&1
CGG: Testing COMPLEX Nonsymmetric Generalized Eigenvalue Problem routines
./xeigtstc < cgg.in > cgg.out 2>&1
CGD: Testing COMPLEX Nonsymmetric Generalized Eigenvalue Problem driver routines
./xeigtstc < cgd.in > cgd.out 2>&1
CHB: Testing Hermitian Eigenvalue Problem routines
./xeigtstc < csb.in > csb.out 2>&1
CSG: Testing Symmetric Generalized Eigenvalue Problem routines
./xeigtstc < csg.in > csg.out 2>&1
CGEBAL: Testing the balancing of a COMPLEX general matrix
./xeigtstc < cbal.in > cbal.out 2>&1
CGEBAK: Testing the back transformation of a COMPLEX balanced matrix
./xeigtstc < cbak.in > cbak.out 2>&1
CGGBAL: Testing the balancing of a pair of COMPLEX general matrices
./xeigtstc < cgbal.in > cgbal.out 2>&1
CGGBAK: Testing the back transformation of a pair of COMPLEX balanced matrices
./xeigtstc < cgbak.in > cgbak.out 2>&1
CBB: Testing banded Singular Value Decomposition routines
./xeigtstc < cbb.in > cbb.out 2>&1
GLM: Testing Generalized Linear Regression Model routines
./xeigtstc < glm.in > cglm.out 2>&1
GQR: Testing Generalized QR and RQ factorization routines
./xeigtstc < gqr.in > cgqr.out 2>&1
GSV: Testing Generalized Singular Value Decomposition routines
./xeigtstc < gsv.in > cgsv.out 2>&1
CSD: Testing CS Decomposition routines
./xeigtstc < csd.in > ccsd.out 2>&1
LSE: Testing Constrained Linear Least Squares routines
./xeigtstc < lse.in > clse.out 2>&1
cd LIN ; make double
make[2]: Entering directory '/gpfs/home/s376817/OpenFOAM/s376817-v2406/applications/utilities/waves2Foam/ThirdParty/lapack-3.3.1/TESTING/LIN'
gfortran -fimplicit-none -shared -fPIC -Wno-argument-mismatch -fallow-argument-mismatch -std=legacy -c dchkaa.f -o dchkaa.o
gfortran -fimplicit-none -shared -fPIC -Wno-argument-mismatch -fallow-argument-mismatch -std=legacy -c dchkeq.f -o dchkeq.o
gfortran -fimplicit-none -shared -fPIC -Wno-argument-mismatch -fallow-argument-mismatch -std=legacy -c dchkgb.f -o dchkgb.o
gfortran -fimplicit-none -shared -fPIC -Wno-argument-mismatch -fallow-argument-mismatch -std=legacy -c dchkge.f -o dchkge.o
gfortran -fimplicit-none -shared -fPIC -Wno-argument-mismatch -fallow-argument-mismatch -std=legacy -c dchkgt.f -o dchkgt.o
gfortran -fimplicit-none -shared -fPIC -Wno-argument-mismatch -fallow-argument-mismatch -std=legacy -c dchklq.f -o dchklq.o
gfortran -fimplicit-none -shared -fPIC -Wno-argument-mismatch -fallow-argument-mismatch -std=legacy -c dchkpb.f -o dchkpb.o
gfortran -fimplicit-none -shared -fPIC -Wno-argument-mismatch -fallow-argument-mismatch -std=legacy -c dchkpo.f -o dchkpo.o
gfortran -fimplicit-none -shared -fPIC -Wno-argument-mismatch -fallow-argument-mismatch -std=legacy -c dchkps.f -o dchkps.o
gfortran -fimplicit-none -shared -fPIC -Wno-argument-mismatch -fallow-argument-mismatch -std=legacy -c dchkpp.f -o dchkpp.o
gfortran -fimplicit-none -shared -fPIC -Wno-argument-mismatch -fallow-argument-mismatch -std=legacy -c dchkpt.f -o dchkpt.o
gfortran -fimplicit-none -shared -fPIC -Wno-argument-mismatch -fallow-argument-mismatch -std=legacy -c dchkq3.f -o dchkq3.o
gfortran -fimplicit-none -shared -fPIC -Wno-argument-mismatch -fallow-argument-mismatch -std=legacy -c dchkql.f -o dchkql.o
gfortran -fimplicit-none -shared -fPIC -Wno-argument-mismatch -fallow-argument-mismatch -std=legacy -c dchkqp.f -o dchkqp.o
gfortran -fimplicit-none -shared -fPIC -Wno-argument-mismatch -fallow-argument-mismatch -std=legacy -c dchkqr.f -o dchkqr.o
gfortran -fimplicit-none -shared -fPIC -Wno-argument-mismatch -fallow-argument-mismatch -std=legacy -c dchkrq.f -o dchkrq.o
gfortran -fimplicit-none -shared -fPIC -Wno-argument-mismatch -fallow-argument-mismatch -std=legacy -c dchksp.f -o dchksp.o
gfortran -fimplicit-none -shared -fPIC -Wno-argument-mismatch -fallow-argument-mismatch -std=legacy -c dchksy.f -o dchksy.o
gfortran -fimplicit-none -shared -fPIC -Wno-argument-mismatch -fallow-argument-mismatch -std=legacy -c dchktb.f -o dchktb.o
gfortran -fimplicit-none -shared -fPIC -Wno-argument-mismatch -fallow-argument-mismatch -std=legacy -c dchktp.f -o dchktp.o
gfortran -fimplicit-none -shared -fPIC -Wno-argument-mismatch -fallow-argument-mismatch -std=legacy -c dchktr.f -o dchktr.o
gfortran -fimplicit-none -shared -fPIC -Wno-argument-mismatch -fallow-argument-mismatch -std=legacy -c dchktz.f -o dchktz.o
gfortran -fimplicit-none -shared -fPIC -Wno-argument-mismatch -fallow-argument-mismatch -std=legacy -c ddrvgt.f -o ddrvgt.o
gfortran -fimplicit-none -shared -fPIC -Wno-argument-mismatch -fallow-argument-mismatch -std=legacy -c ddrvls.f -o ddrvls.o
gfortran -fimplicit-none -shared -fPIC -Wno-argument-mismatch -fallow-argument-mismatch -std=legacy -c ddrvpb.f -o ddrvpb.o
gfortran -fimplicit-none -shared -fPIC -Wno-argument-mismatch -fallow-argument-mismatch -std=legacy -c ddrvpp.f -o ddrvpp.o
gfortran -fimplicit-none -shared -fPIC -Wno-argument-mismatch -fallow-argument-mismatch -std=legacy -c ddrvpt.f -o ddrvpt.o
gfortran -fimplicit-none -shared -fPIC -Wno-argument-mismatch -fallow-argument-mismatch -std=legacy -c ddrvsp.f -o ddrvsp.o
gfortran -fimplicit-none -shared -fPIC -Wno-argument-mismatch -fallow-argument-mismatch -std=legacy -c derrgt.f -o derrgt.o
gfortran -fimplicit-none -shared -fPIC -Wno-argument-mismatch -fallow-argument-mismatch -std=legacy -c derrlq.f -o derrlq.o
gfortran -fimplicit-none -shared -fPIC -Wno-argument-mismatch -fallow-argument-mismatch -std=legacy -c derrls.f -o derrls.o
gfortran -fimplicit-none -shared -fPIC -Wno-argument-mismatch -fallow-argument-mismatch -std=legacy -c derrps.f -o derrps.o
gfortran -fimplicit-none -shared -fPIC -Wno-argument-mismatch -fallow-argument-mismatch -std=legacy -c derrql.f -o derrql.o
gfortran -fimplicit-none -shared -fPIC -Wno-argument-mismatch -fallow-argument-mismatch -std=legacy -c derrqp.f -o derrqp.o
gfortran -fimplicit-none -shared -fPIC -Wno-argument-mismatch -fallow-argument-mismatch -std=legacy -c derrqr.f -o derrqr.o
gfortran -fimplicit-none -shared -fPIC -Wno-argument-mismatch -fallow-argument-mismatch -std=legacy -c derrrq.f -o derrrq.o
gfortran -fimplicit-none -shared -fPIC -Wno-argument-mismatch -fallow-argument-mismatch -std=legacy -c derrtr.f -o derrtr.o
gfortran -fimplicit-none -shared -fPIC -Wno-argument-mismatch -fallow-argument-mismatch -std=legacy -c derrtz.f -o derrtz.o
gfortran -fimplicit-none -shared -fPIC -Wno-argument-mismatch -fallow-argument-mismatch -std=legacy -c dgbt01.f -o dgbt01.o
gfortran -fimplicit-none -shared -fPIC -Wno-argument-mismatch -fallow-argument-mismatch -std=legacy -c dgbt02.f -o dgbt02.o
gfortran -fimplicit-none -shared -fPIC -Wno-argument-mismatch -fallow-argument-mismatch -std=legacy -c dgbt05.f -o dgbt05.o
gfortran -fimplicit-none -shared -fPIC -Wno-argument-mismatch -fallow-argument-mismatch -std=legacy -c dgelqs.f -o dgelqs.o
gfortran -fimplicit-none -shared -fPIC -Wno-argument-mismatch -fallow-argument-mismatch -std=legacy -c dgeqls.f -o dgeqls.o
gfortran -fimplicit-none -shared -fPIC -Wno-argument-mismatch -fallow-argument-mismatch -std=legacy -c dgeqrs.f -o dgeqrs.o
gfortran -fimplicit-none -shared -fPIC -Wno-argument-mismatch -fallow-argument-mismatch -std=legacy -c dgerqs.f -o dgerqs.o
gfortran -fimplicit-none -shared -fPIC -Wno-argument-mismatch -fallow-argument-mismatch -std=legacy -c dget01.f -o dget01.o
gfortran -fimplicit-none -shared -fPIC -Wno-argument-mismatch -fallow-argument-mismatch -std=legacy -c dget02.f -o dget02.o
gfortran -fimplicit-none -shared -fPIC -Wno-argument-mismatch -fallow-argument-mismatch -std=legacy -c dget03.f -o dget03.o
gfortran -fimplicit-none -shared -fPIC -Wno-argument-mismatch -fallow-argument-mismatch -std=legacy -c dget04.f -o dget04.o
gfortran -fimplicit-none -shared -fPIC -Wno-argument-mismatch -fallow-argument-mismatch -std=legacy -c dget06.f -o dget06.o
gfortran -fimplicit-none -shared -fPIC -Wno-argument-mismatch -fallow-argument-mismatch -std=legacy -c dget07.f -o dget07.o
gfortran -fimplicit-none -shared -fPIC -Wno-argument-mismatch -fallow-argument-mismatch -std=legacy -c dgtt01.f -o dgtt01.o
gfortran -fimplicit-none -shared -fPIC -Wno-argument-mismatch -fallow-argument-mismatch -std=legacy -c dgtt02.f -o dgtt02.o
gfortran -fimplicit-none -shared -fPIC -Wno-argument-mismatch -fallow-argument-mismatch -std=legacy -c dgtt05.f -o dgtt05.o
gfortran -fimplicit-none -shared -fPIC -Wno-argument-mismatch -fallow-argument-mismatch -std=legacy -c dlaptm.f -o dlaptm.o
gfortran -fimplicit-none -shared -fPIC -Wno-argument-mismatch -fallow-argument-mismatch -std=legacy -c dlarhs.f -o dlarhs.o
gfortran -fimplicit-none -shared -fPIC -Wno-argument-mismatch -fallow-argument-mismatch -std=legacy -c dlatb4.f -o dlatb4.o
gfortran -fimplicit-none -shared -fPIC -Wno-argument-mismatch -fallow-argument-mismatch -std=legacy -c dlatb5.f -o dlatb5.o
gfortran -fimplicit-none -shared -fPIC -Wno-argument-mismatch -fallow-argument-mismatch -std=legacy -c dlattb.f -o dlattb.o
gfortran -fimplicit-none -shared -fPIC -Wno-argument-mismatch -fallow-argument-mismatch -std=legacy -c dlattp.f -o dlattp.o
gfortran -fimplicit-none -shared -fPIC -Wno-argument-mismatch -fallow-argument-mismatch -std=legacy -c dlattr.f -o dlattr.o
gfortran -fimplicit-none -shared -fPIC -Wno-argument-mismatch -fallow-argument-mismatch -std=legacy -c dlavsp.f -o dlavsp.o
gfortran -fimplicit-none -shared -fPIC -Wno-argument-mismatch -fallow-argument-mismatch -std=legacy -c dlavsy.f -o dlavsy.o
gfortran -fimplicit-none -shared -fPIC -Wno-argument-mismatch -fallow-argument-mismatch -std=legacy -c dlqt01.f -o dlqt01.o
gfortran -fimplicit-none -shared -fPIC -Wno-argument-mismatch -fallow-argument-mismatch -std=legacy -c dlqt02.f -o dlqt02.o
gfortran -fimplicit-none -shared -fPIC -Wno-argument-mismatch -fallow-argument-mismatch -std=legacy -c dlqt03.f -o dlqt03.o
gfortran -fimplicit-none -shared -fPIC -Wno-argument-mismatch -fallow-argument-mismatch -std=legacy -c dpbt01.f -o dpbt01.o
gfortran -fimplicit-none -shared -fPIC -Wno-argument-mismatch -fallow-argument-mismatch -std=legacy -c dpbt02.f -o dpbt02.o
gfortran -fimplicit-none -shared -fPIC -Wno-argument-mismatch -fallow-argument-mismatch -std=legacy -c dpbt05.f -o dpbt05.o
gfortran -fimplicit-none -shared -fPIC -Wno-argument-mismatch -fallow-argument-mismatch -std=legacy -c dpot01.f -o dpot01.o
gfortran -fimplicit-none -shared -fPIC -Wno-argument-mismatch -fallow-argument-mismatch -std=legacy -c dpot02.f -o dpot02.o
gfortran -fimplicit-none -shared -fPIC -Wno-argument-mismatch -fallow-argument-mismatch -std=legacy -c dpot03.f -o dpot03.o
gfortran -fimplicit-none -shared -fPIC -Wno-argument-mismatch -fallow-argument-mismatch -std=legacy -c dpot05.f -o dpot05.o
gfortran -fimplicit-none -shared -fPIC -Wno-argument-mismatch -fallow-argument-mismatch -std=legacy -c dpst01.f -o dpst01.o
gfortran -fimplicit-none -shared -fPIC -Wno-argument-mismatch -fallow-argument-mismatch -std=legacy -c dppt01.f -o dppt01.o
gfortran -fimplicit-none -shared -fPIC -Wno-argument-mismatch -fallow-argument-mismatch -std=legacy -c dppt02.f -o dppt02.o
gfortran -fimplicit-none -shared -fPIC -Wno-argument-mismatch -fallow-argument-mismatch -std=legacy -c dppt03.f -o dppt03.o
gfortran -fimplicit-none -shared -fPIC -Wno-argument-mismatch -fallow-argument-mismatch -std=legacy -c dppt05.f -o dppt05.o
gfortran -fimplicit-none -shared -fPIC -Wno-argument-mismatch -fallow-argument-mismatch -std=legacy -c dptt01.f -o dptt01.o
gfortran -fimplicit-none -shared -fPIC -Wno-argument-mismatch -fallow-argument-mismatch -std=legacy -c dptt02.f -o dptt02.o
gfortran -fimplicit-none -shared -fPIC -Wno-argument-mismatch -fallow-argument-mismatch -std=legacy -c dptt05.f -o dptt05.o
gfortran -fimplicit-none -shared -fPIC -Wno-argument-mismatch -fallow-argument-mismatch -std=legacy -c dqlt01.f -o dqlt01.o
gfortran -fimplicit-none -shared -fPIC -Wno-argument-mismatch -fallow-argument-mismatch -std=legacy -c dqlt02.f -o dqlt02.o
gfortran -fimplicit-none -shared -fPIC -Wno-argument-mismatch -fallow-argument-mismatch -std=legacy -c dqlt03.f -o dqlt03.o
gfortran -fimplicit-none -shared -fPIC -Wno-argument-mismatch -fallow-argument-mismatch -std=legacy -c dqpt01.f -o dqpt01.o
gfortran -fimplicit-none -shared -fPIC -Wno-argument-mismatch -fallow-argument-mismatch -std=legacy -c dqrt01.f -o dqrt01.o
gfortran -fimplicit-none -shared -fPIC -Wno-argument-mismatch -fallow-argument-mismatch -std=legacy -c dqrt01p.f -o dqrt01p.o
gfortran -fimplicit-none -shared -fPIC -Wno-argument-mismatch -fallow-argument-mismatch -std=legacy -c dqrt02.f -o dqrt02.o
gfortran -fimplicit-none -shared -fPIC -Wno-argument-mismatch -fallow-argument-mismatch -std=legacy -c dqrt03.f -o dqrt03.o
gfortran -fimplicit-none -shared -fPIC -Wno-argument-mismatch -fallow-argument-mismatch -std=legacy -c dqrt11.f -o dqrt11.o
gfortran -fimplicit-none -shared -fPIC -Wno-argument-mismatch -fallow-argument-mismatch -std=legacy -c dqrt12.f -o dqrt12.o
gfortran -fimplicit-none -shared -fPIC -Wno-argument-mismatch -fallow-argument-mismatch -std=legacy -c dqrt13.f -o dqrt13.o
gfortran -fimplicit-none -shared -fPIC -Wno-argument-mismatch -fallow-argument-mismatch -std=legacy -c dqrt14.f -o dqrt14.o
gfortran -fimplicit-none -shared -fPIC -Wno-argument-mismatch -fallow-argument-mismatch -std=legacy -c dqrt15.f -o dqrt15.o
gfortran -fimplicit-none -shared -fPIC -Wno-argument-mismatch -fallow-argument-mismatch -std=legacy -c dqrt16.f -o dqrt16.o
gfortran -fimplicit-none -shared -fPIC -Wno-argument-mismatch -fallow-argument-mismatch -std=legacy -c dqrt17.f -o dqrt17.o
gfortran -fimplicit-none -shared -fPIC -Wno-argument-mismatch -fallow-argument-mismatch -std=legacy -c drqt01.f -o drqt01.o
gfortran -fimplicit-none -shared -fPIC -Wno-argument-mismatch -fallow-argument-mismatch -std=legacy -c drqt02.f -o drqt02.o
gfortran -fimplicit-none -shared -fPIC -Wno-argument-mismatch -fallow-argument-mismatch -std=legacy -c drqt03.f -o drqt03.o
gfortran -fimplicit-none -shared -fPIC -Wno-argument-mismatch -fallow-argument-mismatch -std=legacy -c drzt01.f -o drzt01.o
gfortran -fimplicit-none -shared -fPIC -Wno-argument-mismatch -fallow-argument-mismatch -std=legacy -c drzt02.f -o drzt02.o
gfortran -fimplicit-none -shared -fPIC -Wno-argument-mismatch -fallow-argument-mismatch -std=legacy -c dspt01.f -o dspt01.o
gfortran -fimplicit-none -shared -fPIC -Wno-argument-mismatch -fallow-argument-mismatch -std=legacy -c dsyt01.f -o dsyt01.o
gfortran -fimplicit-none -shared -fPIC -Wno-argument-mismatch -fallow-argument-mismatch -std=legacy -c dtbt02.f -o dtbt02.o
gfortran -fimplicit-none -shared -fPIC -Wno-argument-mismatch -fallow-argument-mismatch -std=legacy -c dtbt03.f -o dtbt03.o
gfortran -fimplicit-none -shared -fPIC -Wno-argument-mismatch -fallow-argument-mismatch -std=legacy -c dtbt05.f -o dtbt05.o
gfortran -fimplicit-none -shared -fPIC -Wno-argument-mismatch -fallow-argument-mismatch -std=legacy -c dtbt06.f -o dtbt06.o
gfortran -fimplicit-none -shared -fPIC -Wno-argument-mismatch -fallow-argument-mismatch -std=legacy -c dtpt01.f -o dtpt01.o
gfortran -fimplicit-none -shared -fPIC -Wno-argument-mismatch -fallow-argument-mismatch -std=legacy -c dtpt02.f -o dtpt02.o
gfortran -fimplicit-none -shared -fPIC -Wno-argument-mismatch -fallow-argument-mismatch -std=legacy -c dtpt03.f -o dtpt03.o
gfortran -fimplicit-none -shared -fPIC -Wno-argument-mismatch -fallow-argument-mismatch -std=legacy -c dtpt05.f -o dtpt05.o
gfortran -fimplicit-none -shared -fPIC -Wno-argument-mismatch -fallow-argument-mismatch -std=legacy -c dtpt06.f -o dtpt06.o
gfortran -fimplicit-none -shared -fPIC -Wno-argument-mismatch -fallow-argument-mismatch -std=legacy -c dtrt01.f -o dtrt01.o
gfortran -fimplicit-none -shared -fPIC -Wno-argument-mismatch -fallow-argument-mismatch -std=legacy -c dtrt02.f -o dtrt02.o
gfortran -fimplicit-none -shared -fPIC -Wno-argument-mismatch -fallow-argument-mismatch -std=legacy -c dtrt03.f -o dtrt03.o
gfortran -fimplicit-none -shared -fPIC -Wno-argument-mismatch -fallow-argument-mismatch -std=legacy -c dtrt05.f -o dtrt05.o
gfortran -fimplicit-none -shared -fPIC -Wno-argument-mismatch -fallow-argument-mismatch -std=legacy -c dtrt06.f -o dtrt06.o
gfortran -fimplicit-none -shared -fPIC -Wno-argument-mismatch -fallow-argument-mismatch -std=legacy -c dtzt01.f -o dtzt01.o
gfortran -fimplicit-none -shared -fPIC -Wno-argument-mismatch -fallow-argument-mismatch -std=legacy -c dtzt02.f -o dtzt02.o
gfortran -fimplicit-none -shared -fPIC -Wno-argument-mismatch -fallow-argument-mismatch -std=legacy -c dgennd.f -o dgennd.o
gfortran -fimplicit-none -shared -fPIC -Wno-argument-mismatch -fallow-argument-mismatch -std=legacy -c derrvx.f -o derrvx.o
gfortran -fimplicit-none -shared -fPIC -Wno-argument-mismatch -fallow-argument-mismatch -std=legacy -c ddrvge.f -o ddrvge.o
gfortran -fimplicit-none -shared -fPIC -Wno-argument-mismatch -fallow-argument-mismatch -std=legacy -c ddrvsy.f -o ddrvsy.o
gfortran -fimplicit-none -shared -fPIC -Wno-argument-mismatch -fallow-argument-mismatch -std=legacy -c ddrvgb.f -o ddrvgb.o
gfortran -fimplicit-none -shared -fPIC -Wno-argument-mismatch -fallow-argument-mismatch -std=legacy -c derrge.f -o derrge.o
gfortran -fimplicit-none -shared -fPIC -Wno-argument-mismatch -fallow-argument-mismatch -std=legacy -c ddrvpo.f -o ddrvpo.o
gfortran -fimplicit-none -shared -fPIC -Wno-argument-mismatch -fallow-argument-mismatch -std=legacy -c derrpo.f -o derrpo.o
gfortran -fimplicit-none -shared -fPIC -Wno-argument-mismatch -fallow-argument-mismatch -std=legacy -c derrsy.f -o derrsy.o
gfortran -fimplicit-none -shared -fPIC -Wno-argument-mismatch -fallow-argument-mismatch -std=legacy -c dlaord.f -o dlaord.o
gfortran   aladhd.o alaerh.o alaesm.o alahd.o alareq.o alasum.o alasvm.o chkxer.o icopy.o ilaenv.o xlaenv.o xerbla.o dchkaa.o dchkeq.o dchkgb.o dchkge.o dchkgt.o dchklq.o dchkpb.o dchkpo.o dchkps.o dchkpp.o dchkpt.o dchkq3.o dchkql.o dchkqp.o dchkqr.o dchkrq.o dchksp.o dchksy.o dchktb.o dchktp.o dchktr.o dchktz.o ddrvgt.o ddrvls.o ddrvpb.o ddrvpp.o ddrvpt.o ddrvsp.o derrgt.o derrlq.o derrls.o derrps.o derrql.o derrqp.o derrqr.o derrrq.o derrtr.o derrtz.o dgbt01.o dgbt02.o dgbt05.o dgelqs.o dgeqls.o dgeqrs.o dgerqs.o dget01.o dget02.o dget03.o dget04.o dget06.o dget07.o dgtt01.o dgtt02.o dgtt05.o dlaptm.o dlarhs.o dlatb4.o dlatb5.o dlattb.o dlattp.o dlattr.o dlavsp.o dlavsy.o dlqt01.o dlqt02.o dlqt03.o dpbt01.o dpbt02.o dpbt05.o dpot01.o dpot02.o dpot03.o dpot05.o dpst01.o dppt01.o dppt02.o dppt03.o dppt05.o dptt01.o dptt02.o dptt05.o dqlt01.o dqlt02.o dqlt03.o dqpt01.o dqrt01.o dqrt01p.o dqrt02.o dqrt03.o dqrt11.o dqrt12.o dqrt13.o dqrt14.o dqrt15.o dqrt16.o dqrt17.o drqt01.o drqt02.o drqt03.o drzt01.o drzt02.o dspt01.o dsyt01.o dtbt02.o dtbt03.o dtbt05.o dtbt06.o dtpt01.o dtpt02.o dtpt03.o dtpt05.o dtpt06.o dtrt01.o dtrt02.o dtrt03.o dtrt05.o dtrt06.o dtzt01.o dtzt02.o dgennd.o derrvx.o ddrvge.o ddrvsy.o ddrvgb.o derrge.o ddrvpo.o derrpo.o derrsy.o dlaord.o \
        ../../libtmglib_gfortran.a ../../liblapack_gfortran.a  ../../libblas.a -o xlintstd && mv xlintstd ../xlintstd
make[2]: Leaving directory '/gpfs/home/s376817/OpenFOAM/s376817-v2406/applications/utilities/waves2Foam/ThirdParty/lapack-3.3.1/TESTING/LIN'
Testing DOUBLE PRECISION LAPACK linear equation routines
./xlintstd < dtest.in > dtest.out 2>&1
cd EIG ; make double
make[2]: Entering directory '/gpfs/home/s376817/OpenFOAM/s376817-v2406/applications/utilities/waves2Foam/ThirdParty/lapack-3.3.1/TESTING/EIG'
gfortran -fimplicit-none -shared -fPIC -Wno-argument-mismatch -fallow-argument-mismatch -std=legacy -c dchkee.f -o dchkee.o
gfortran -fimplicit-none -shared -fPIC -Wno-argument-mismatch -fallow-argument-mismatch -std=legacy -c dbdt01.f -o dbdt01.o
gfortran -fimplicit-none -shared -fPIC -Wno-argument-mismatch -fallow-argument-mismatch -std=legacy -c dbdt02.f -o dbdt02.o
gfortran -fimplicit-none -shared -fPIC -Wno-argument-mismatch -fallow-argument-mismatch -std=legacy -c dbdt03.f -o dbdt03.o
gfortran -fimplicit-none -shared -fPIC -Wno-argument-mismatch -fallow-argument-mismatch -std=legacy -c dchkbb.f -o dchkbb.o
gfortran -fimplicit-none -shared -fPIC -Wno-argument-mismatch -fallow-argument-mismatch -std=legacy -c dchkbd.f -o dchkbd.o
gfortran -fimplicit-none -shared -fPIC -Wno-argument-mismatch -fallow-argument-mismatch -std=legacy -c dchkbk.f -o dchkbk.o
gfortran -fimplicit-none -shared -fPIC -Wno-argument-mismatch -fallow-argument-mismatch -std=legacy -c dchkbl.f -o dchkbl.o
gfortran -fimplicit-none -shared -fPIC -Wno-argument-mismatch -fallow-argument-mismatch -std=legacy -c dchkec.f -o dchkec.o
gfortran -fimplicit-none -shared -fPIC -Wno-argument-mismatch -fallow-argument-mismatch -std=legacy -c dchkgg.f -o dchkgg.o
gfortran -fimplicit-none -shared -fPIC -Wno-argument-mismatch -fallow-argument-mismatch -std=legacy -c dchkgk.f -o dchkgk.o
gfortran -fimplicit-none -shared -fPIC -Wno-argument-mismatch -fallow-argument-mismatch -std=legacy -c dchkgl.f -o dchkgl.o
gfortran -fimplicit-none -shared -fPIC -Wno-argument-mismatch -fallow-argument-mismatch -std=legacy -c dchkhs.f -o dchkhs.o
gfortran -fimplicit-none -shared -fPIC -Wno-argument-mismatch -fallow-argument-mismatch -std=legacy -c dchksb.f -o dchksb.o
gfortran -fimplicit-none -shared -fPIC -Wno-argument-mismatch -fallow-argument-mismatch -std=legacy -c dchkst.f -o dchkst.o
gfortran -fimplicit-none -shared -fPIC -Wno-argument-mismatch -fallow-argument-mismatch -std=legacy -c dckcsd.f -o dckcsd.o
gfortran -fimplicit-none -shared -fPIC -Wno-argument-mismatch -fallow-argument-mismatch -std=legacy -c dckglm.f -o dckglm.o
gfortran -fimplicit-none -shared -fPIC -Wno-argument-mismatch -fallow-argument-mismatch -std=legacy -c dckgqr.f -o dckgqr.o
gfortran -fimplicit-none -shared -fPIC -Wno-argument-mismatch -fallow-argument-mismatch -std=legacy -c dckgsv.f -o dckgsv.o
gfortran -fimplicit-none -shared -fPIC -Wno-argument-mismatch -fallow-argument-mismatch -std=legacy -c dcklse.f -o dcklse.o
gfortran -fimplicit-none -shared -fPIC -Wno-argument-mismatch -fallow-argument-mismatch -std=legacy -c dcsdts.f -o dcsdts.o
gfortran -fimplicit-none -shared -fPIC -Wno-argument-mismatch -fallow-argument-mismatch -std=legacy -c ddrges.f -o ddrges.o
gfortran -fimplicit-none -shared -fPIC -Wno-argument-mismatch -fallow-argument-mismatch -std=legacy -c ddrgev.f -o ddrgev.o
gfortran -fimplicit-none -shared -fPIC -Wno-argument-mismatch -fallow-argument-mismatch -std=legacy -c ddrgsx.f -o ddrgsx.o
gfortran -fimplicit-none -shared -fPIC -Wno-argument-mismatch -fallow-argument-mismatch -std=legacy -c ddrgvx.f -o ddrgvx.o
gfortran -fimplicit-none -shared -fPIC -Wno-argument-mismatch -fallow-argument-mismatch -std=legacy -c ddrvbd.f -o ddrvbd.o
gfortran -fimplicit-none -shared -fPIC -Wno-argument-mismatch -fallow-argument-mismatch -std=legacy -c ddrves.f -o ddrves.o
gfortran -fimplicit-none -shared -fPIC -Wno-argument-mismatch -fallow-argument-mismatch -std=legacy -c ddrvev.f -o ddrvev.o
gfortran -fimplicit-none -shared -fPIC -Wno-argument-mismatch -fallow-argument-mismatch -std=legacy -c ddrvgg.f -o ddrvgg.o
gfortran -fimplicit-none -shared -fPIC -Wno-argument-mismatch -fallow-argument-mismatch -std=legacy -c ddrvsg.f -o ddrvsg.o
gfortran -fimplicit-none -shared -fPIC -Wno-argument-mismatch -fallow-argument-mismatch -std=legacy -c ddrvst.f -o ddrvst.o
gfortran -fimplicit-none -shared -fPIC -Wno-argument-mismatch -fallow-argument-mismatch -std=legacy -c ddrvsx.f -o ddrvsx.o
gfortran -fimplicit-none -shared -fPIC -Wno-argument-mismatch -fallow-argument-mismatch -std=legacy -c ddrvvx.f -o ddrvvx.o
gfortran -fimplicit-none -shared -fPIC -Wno-argument-mismatch -fallow-argument-mismatch -std=legacy -c derrbd.f -o derrbd.o
gfortran -fimplicit-none -shared -fPIC -Wno-argument-mismatch -fallow-argument-mismatch -std=legacy -c derrec.f -o derrec.o
gfortran -fimplicit-none -shared -fPIC -Wno-argument-mismatch -fallow-argument-mismatch -std=legacy -c derred.f -o derred.o
gfortran -fimplicit-none -shared -fPIC -Wno-argument-mismatch -fallow-argument-mismatch -std=legacy -c derrgg.f -o derrgg.o
gfortran -fimplicit-none -shared -fPIC -Wno-argument-mismatch -fallow-argument-mismatch -std=legacy -c derrhs.f -o derrhs.o
gfortran -fimplicit-none -shared -fPIC -Wno-argument-mismatch -fallow-argument-mismatch -std=legacy -c derrst.f -o derrst.o
gfortran -fimplicit-none -shared -fPIC -Wno-argument-mismatch -fallow-argument-mismatch -std=legacy -c dget02.f -o dget02.o
gfortran -fimplicit-none -shared -fPIC -Wno-argument-mismatch -fallow-argument-mismatch -std=legacy -c dget10.f -o dget10.o
gfortran -fimplicit-none -shared -fPIC -Wno-argument-mismatch -fallow-argument-mismatch -std=legacy -c dget22.f -o dget22.o
gfortran -fimplicit-none -shared -fPIC -Wno-argument-mismatch -fallow-argument-mismatch -std=legacy -c dget23.f -o dget23.o
gfortran -fimplicit-none -shared -fPIC -Wno-argument-mismatch -fallow-argument-mismatch -std=legacy -c dget24.f -o dget24.o
gfortran -fimplicit-none -shared -fPIC -Wno-argument-mismatch -fallow-argument-mismatch -std=legacy -c dget31.f -o dget31.o
gfortran -fimplicit-none -shared -fPIC -Wno-argument-mismatch -fallow-argument-mismatch -std=legacy -c dget32.f -o dget32.o
gfortran -fimplicit-none -shared -fPIC -Wno-argument-mismatch -fallow-argument-mismatch -std=legacy -c dget33.f -o dget33.o
gfortran -fimplicit-none -shared -fPIC -Wno-argument-mismatch -fallow-argument-mismatch -std=legacy -c dget34.f -o dget34.o
gfortran -fimplicit-none -shared -fPIC -Wno-argument-mismatch -fallow-argument-mismatch -std=legacy -c dget35.f -o dget35.o
gfortran -fimplicit-none -shared -fPIC -Wno-argument-mismatch -fallow-argument-mismatch -std=legacy -c dget36.f -o dget36.o
gfortran -fimplicit-none -shared -fPIC -Wno-argument-mismatch -fallow-argument-mismatch -std=legacy -c dget37.f -o dget37.o
gfortran -fimplicit-none -shared -fPIC -Wno-argument-mismatch -fallow-argument-mismatch -std=legacy -c dget38.f -o dget38.o
gfortran -fimplicit-none -shared -fPIC -Wno-argument-mismatch -fallow-argument-mismatch -std=legacy -c dget39.f -o dget39.o
gfortran -fimplicit-none -shared -fPIC -Wno-argument-mismatch -fallow-argument-mismatch -std=legacy -c dget51.f -o dget51.o
gfortran -fimplicit-none -shared -fPIC -Wno-argument-mismatch -fallow-argument-mismatch -std=legacy -c dget52.f -o dget52.o
gfortran -fimplicit-none -shared -fPIC -Wno-argument-mismatch -fallow-argument-mismatch -std=legacy -c dget53.f -o dget53.o
gfortran -fimplicit-none -shared -fPIC -Wno-argument-mismatch -fallow-argument-mismatch -std=legacy -c dget54.f -o dget54.o
gfortran -fimplicit-none -shared -fPIC -Wno-argument-mismatch -fallow-argument-mismatch -std=legacy -c dglmts.f -o dglmts.o
gfortran -fimplicit-none -shared -fPIC -Wno-argument-mismatch -fallow-argument-mismatch -std=legacy -c dgqrts.f -o dgqrts.o
gfortran -fimplicit-none -shared -fPIC -Wno-argument-mismatch -fallow-argument-mismatch -std=legacy -c dgrqts.f -o dgrqts.o
gfortran -fimplicit-none -shared -fPIC -Wno-argument-mismatch -fallow-argument-mismatch -std=legacy -c dgsvts.f -o dgsvts.o
gfortran -fimplicit-none -shared -fPIC -Wno-argument-mismatch -fallow-argument-mismatch -std=legacy -c dhst01.f -o dhst01.o
gfortran -fimplicit-none -shared -fPIC -Wno-argument-mismatch -fallow-argument-mismatch -std=legacy -c dlarfy.f -o dlarfy.o
gfortran -fimplicit-none -shared -fPIC -Wno-argument-mismatch -fallow-argument-mismatch -std=legacy -c dlarhs.f -o dlarhs.o
gfortran -fimplicit-none -shared -fPIC -Wno-argument-mismatch -fallow-argument-mismatch -std=legacy -c dlatm4.f -o dlatm4.o
gfortran -fimplicit-none -shared -fPIC -Wno-argument-mismatch -fallow-argument-mismatch -std=legacy -c dlctes.f -o dlctes.o
gfortran -fimplicit-none -shared -fPIC -Wno-argument-mismatch -fallow-argument-mismatch -std=legacy -c dlctsx.f -o dlctsx.o
gfortran -fimplicit-none -shared -fPIC -Wno-argument-mismatch -fallow-argument-mismatch -std=legacy -c dlsets.f -o dlsets.o
gfortran -fimplicit-none -shared -fPIC -Wno-argument-mismatch -fallow-argument-mismatch -std=legacy -c dort01.f -o dort01.o
gfortran -fimplicit-none -shared -fPIC -Wno-argument-mismatch -fallow-argument-mismatch -std=legacy -c dort03.f -o dort03.o
gfortran -fimplicit-none -shared -fPIC -Wno-argument-mismatch -fallow-argument-mismatch -std=legacy -c dsbt21.f -o dsbt21.o
gfortran -fimplicit-none -shared -fPIC -Wno-argument-mismatch -fallow-argument-mismatch -std=legacy -c dsgt01.f -o dsgt01.o
gfortran -fimplicit-none -shared -fPIC -Wno-argument-mismatch -fallow-argument-mismatch -std=legacy -c dslect.f -o dslect.o
gfortran -fimplicit-none -shared -fPIC -Wno-argument-mismatch -fallow-argument-mismatch -std=legacy -c dspt21.f -o dspt21.o
gfortran -fimplicit-none -shared -fPIC -Wno-argument-mismatch -fallow-argument-mismatch -std=legacy -c dstt21.f -o dstt21.o
gfortran -fimplicit-none -shared -fPIC -Wno-argument-mismatch -fallow-argument-mismatch -std=legacy -c dstt22.f -o dstt22.o
gfortran -fimplicit-none -shared -fPIC -Wno-argument-mismatch -fallow-argument-mismatch -std=legacy -c dsyt21.f -o dsyt21.o
gfortran -fimplicit-none -shared -fPIC -Wno-argument-mismatch -fallow-argument-mismatch -std=legacy -c dsyt22.f -o dsyt22.o
gfortran -fimplicit-none -shared -fPIC -Wno-argument-mismatch -fallow-argument-mismatch -std=legacy -c dlafts.f -o dlafts.o
gfortran -fimplicit-none -shared -fPIC -Wno-argument-mismatch -fallow-argument-mismatch -std=legacy -c dlahd2.f -o dlahd2.o
gfortran -fimplicit-none -shared -fPIC -Wno-argument-mismatch -fallow-argument-mismatch -std=legacy -c dlasum.f -o dlasum.o
gfortran -fimplicit-none -shared -fPIC -Wno-argument-mismatch -fallow-argument-mismatch -std=legacy -c dlatb9.f -o dlatb9.o
gfortran -fimplicit-none -shared -fPIC -Wno-argument-mismatch -fallow-argument-mismatch -std=legacy -c dstech.f -o dstech.o
gfortran -fimplicit-none -shared -fPIC -Wno-argument-mismatch -fallow-argument-mismatch -std=legacy -c dstect.f -o dstect.o
gfortran -fimplicit-none -shared -fPIC -Wno-argument-mismatch -fallow-argument-mismatch -std=legacy -c dsvdch.f -o dsvdch.o
gfortran -fimplicit-none -shared -fPIC -Wno-argument-mismatch -fallow-argument-mismatch -std=legacy -c dsvdct.f -o dsvdct.o
gfortran -fimplicit-none -shared -fPIC -Wno-argument-mismatch -fallow-argument-mismatch -std=legacy -c dsxt1.f -o dsxt1.o
\
          gfortran   -o xeigtstd \
          dchkee.o dbdt01.o dbdt02.o dbdt03.o dchkbb.o dchkbd.o dchkbk.o dchkbl.o dchkec.o dchkgg.o dchkgk.o dchkgl.o dchkhs.o dchksb.o dchkst.o dckcsd.o dckglm.o dckgqr.o dckgsv.o dcklse.o dcsdts.o ddrges.o ddrgev.o ddrgsx.o ddrgvx.o ddrvbd.o ddrves.o ddrvev.o ddrvgg.o ddrvsg.o ddrvst.o ddrvsx.o ddrvvx.o derrbd.o derrec.o derred.o derrgg.o derrhs.o derrst.o dget02.o dget10.o dget22.o dget23.o dget24.o dget31.o dget32.o dget33.o dget34.o dget35.o dget36.o dget37.o dget38.o dget39.o dget51.o dget52.o dget53.o dget54.o dglmts.o dgqrts.o dgrqts.o dgsvts.o dhst01.o dlarfy.o dlarhs.o dlatm4.o dlctes.o dlctsx.o dlsets.o dort01.o dort03.o dsbt21.o dsgt01.o dslect.o dspt21.o dstt21.o dstt22.o dsyt21.o dsyt22.o dlafts.o dlahd2.o dlasum.o dlatb9.o dstech.o dstect.o dsvdch.o dsvdct.o dsxt1.o alahdg.o alasum.o alasvm.o alareq.o ilaenv.o xerbla.o xlaenv.o chkxer.o ../../libtmglib_gfortran.a \
  ../../liblapack_gfortran.a ../../libblas.a && mv xeigtstd ../xeigtstd
make[2]: Leaving directory '/gpfs/home/s376817/OpenFOAM/s376817-v2406/applications/utilities/waves2Foam/ThirdParty/lapack-3.3.1/TESTING/EIG'
NEP: Testing Nonsymmetric Eigenvalue Problem routines
./xeigtstd < nep.in > dnep.out 2>&1
SEP: Testing Symmetric Eigenvalue Problem routines
./xeigtstd < sep.in > dsep.out 2>&1
SVD: Testing Singular Value Decomposition routines
./xeigtstd < svd.in > dsvd.out 2>&1
DEC: Testing DOUBLE PRECISION Eigen Condition Routines
./xeigtstd < dec.in > dec.out 2>&1
DEV: Testing DOUBLE PRECISION Nonsymmetric Eigenvalue Driver
./xeigtstd < ded.in > ded.out 2>&1
DGG: Testing DOUBLE PRECISION Nonsymmetric Generalized Eigenvalue Problem routines
./xeigtstd < dgg.in > dgg.out 2>&1
DGD: Testing DOUBLE PRECISION Nonsymmetric Generalized Eigenvalue Problem driver routines
./xeigtstd < dgd.in > dgd.out 2>&1
DSB: Testing DOUBLE PRECISION Symmetric Eigenvalue Problem routines
./xeigtstd < dsb.in > dsb.out 2>&1
DSG: Testing DOUBLE PRECISION Symmetric Generalized Eigenvalue Problem routines
./xeigtstd < dsg.in > dsg.out 2>&1
DGEBAL: Testing the balancing of a DOUBLE PRECISION general matrix
./xeigtstd < dbal.in > dbal.out 2>&1
DGEBAK: Testing the back transformation of a DOUBLE PRECISION balanced matrix
./xeigtstd < dbak.in > dbak.out 2>&1
DGGBAL: Testing the balancing of a pair of DOUBLE PRECISION general matrices
./xeigtstd < dgbal.in > dgbal.out 2>&1
DGGBAK: Testing the back transformation of a pair of DOUBLE PRECISION balanced matrices
./xeigtstd < dgbak.in > dgbak.out 2>&1
DBB: Testing banded Singular Value Decomposition routines
./xeigtstd < dbb.in > dbb.out 2>&1
GLM: Testing Generalized Linear Regression Model routines
./xeigtstd < glm.in > dglm.out 2>&1
GQR: Testing Generalized QR and RQ factorization routines
./xeigtstd < gqr.in > dgqr.out 2>&1
GSV: Testing Generalized Singular Value Decomposition routines
./xeigtstd < gsv.in > dgsv.out 2>&1
CSD: Testing CS Decomposition routines
./xeigtstd < csd.in > dcsd.out 2>&1
LSE: Testing Constrained Linear Least Squares routines
./xeigtstd < lse.in > dlse.out 2>&1
cd LIN ; make complex16
make[2]: Entering directory '/gpfs/home/s376817/OpenFOAM/s376817-v2406/applications/utilities/waves2Foam/ThirdParty/lapack-3.3.1/TESTING/LIN'
gfortran -fimplicit-none -shared -fPIC -Wno-argument-mismatch -fallow-argument-mismatch -std=legacy -c zchkaa.f -o zchkaa.o
gfortran -fimplicit-none -shared -fPIC -Wno-argument-mismatch -fallow-argument-mismatch -std=legacy -c zchkeq.f -o zchkeq.o
gfortran -fimplicit-none -shared -fPIC -Wno-argument-mismatch -fallow-argument-mismatch -std=legacy -c zchkgb.f -o zchkgb.o
gfortran -fimplicit-none -shared -fPIC -Wno-argument-mismatch -fallow-argument-mismatch -std=legacy -c zchkge.f -o zchkge.o
gfortran -fimplicit-none -shared -fPIC -Wno-argument-mismatch -fallow-argument-mismatch -std=legacy -c zchkgt.f -o zchkgt.o
gfortran -fimplicit-none -shared -fPIC -Wno-argument-mismatch -fallow-argument-mismatch -std=legacy -c zchkhe.f -o zchkhe.o
gfortran -fimplicit-none -shared -fPIC -Wno-argument-mismatch -fallow-argument-mismatch -std=legacy -c zchkhp.f -o zchkhp.o
gfortran -fimplicit-none -shared -fPIC -Wno-argument-mismatch -fallow-argument-mismatch -std=legacy -c zchklq.f -o zchklq.o
gfortran -fimplicit-none -shared -fPIC -Wno-argument-mismatch -fallow-argument-mismatch -std=legacy -c zchkpb.f -o zchkpb.o
gfortran -fimplicit-none -shared -fPIC -Wno-argument-mismatch -fallow-argument-mismatch -std=legacy -c zchkpo.f -o zchkpo.o
gfortran -fimplicit-none -shared -fPIC -Wno-argument-mismatch -fallow-argument-mismatch -std=legacy -c zchkps.f -o zchkps.o
gfortran -fimplicit-none -shared -fPIC -Wno-argument-mismatch -fallow-argument-mismatch -std=legacy -c zchkpp.f -o zchkpp.o
gfortran -fimplicit-none -shared -fPIC -Wno-argument-mismatch -fallow-argument-mismatch -std=legacy -c zchkpt.f -o zchkpt.o
gfortran -fimplicit-none -shared -fPIC -Wno-argument-mismatch -fallow-argument-mismatch -std=legacy -c zchkq3.f -o zchkq3.o
gfortran -fimplicit-none -shared -fPIC -Wno-argument-mismatch -fallow-argument-mismatch -std=legacy -c zchkql.f -o zchkql.o
gfortran -fimplicit-none -shared -fPIC -Wno-argument-mismatch -fallow-argument-mismatch -std=legacy -c zchkqp.f -o zchkqp.o
gfortran -fimplicit-none -shared -fPIC -Wno-argument-mismatch -fallow-argument-mismatch -std=legacy -c zchkqr.f -o zchkqr.o
gfortran -fimplicit-none -shared -fPIC -Wno-argument-mismatch -fallow-argument-mismatch -std=legacy -c zchkrq.f -o zchkrq.o
gfortran -fimplicit-none -shared -fPIC -Wno-argument-mismatch -fallow-argument-mismatch -std=legacy -c zchksp.f -o zchksp.o
gfortran -fimplicit-none -shared -fPIC -Wno-argument-mismatch -fallow-argument-mismatch -std=legacy -c zchksy.f -o zchksy.o
gfortran -fimplicit-none -shared -fPIC -Wno-argument-mismatch -fallow-argument-mismatch -std=legacy -c zchktb.f -o zchktb.o
gfortran -fimplicit-none -shared -fPIC -Wno-argument-mismatch -fallow-argument-mismatch -std=legacy -c zchktp.f -o zchktp.o
gfortran -fimplicit-none -shared -fPIC -Wno-argument-mismatch -fallow-argument-mismatch -std=legacy -c zchktr.f -o zchktr.o
gfortran -fimplicit-none -shared -fPIC -Wno-argument-mismatch -fallow-argument-mismatch -std=legacy -c zchktz.f -o zchktz.o
gfortran -fimplicit-none -shared -fPIC -Wno-argument-mismatch -fallow-argument-mismatch -std=legacy -c zdrvgt.f -o zdrvgt.o
gfortran -fimplicit-none -shared -fPIC -Wno-argument-mismatch -fallow-argument-mismatch -std=legacy -c zdrvhp.f -o zdrvhp.o
gfortran -fimplicit-none -shared -fPIC -Wno-argument-mismatch -fallow-argument-mismatch -std=legacy -c zdrvls.f -o zdrvls.o
gfortran -fimplicit-none -shared -fPIC -Wno-argument-mismatch -fallow-argument-mismatch -std=legacy -c zdrvpb.f -o zdrvpb.o
gfortran -fimplicit-none -shared -fPIC -Wno-argument-mismatch -fallow-argument-mismatch -std=legacy -c zdrvpp.f -o zdrvpp.o
gfortran -fimplicit-none -shared -fPIC -Wno-argument-mismatch -fallow-argument-mismatch -std=legacy -c zdrvpt.f -o zdrvpt.o
gfortran -fimplicit-none -shared -fPIC -Wno-argument-mismatch -fallow-argument-mismatch -std=legacy -c zdrvsp.f -o zdrvsp.o
gfortran -fimplicit-none -shared -fPIC -Wno-argument-mismatch -fallow-argument-mismatch -std=legacy -c zerrgt.f -o zerrgt.o
gfortran -fimplicit-none -shared -fPIC -Wno-argument-mismatch -fallow-argument-mismatch -std=legacy -c zerrlq.f -o zerrlq.o
gfortran -fimplicit-none -shared -fPIC -Wno-argument-mismatch -fallow-argument-mismatch -std=legacy -c zerrls.f -o zerrls.o
gfortran -fimplicit-none -shared -fPIC -Wno-argument-mismatch -fallow-argument-mismatch -std=legacy -c zerrps.f -o zerrps.o
gfortran -fimplicit-none -shared -fPIC -Wno-argument-mismatch -fallow-argument-mismatch -std=legacy -c zerrql.f -o zerrql.o
gfortran -fimplicit-none -shared -fPIC -Wno-argument-mismatch -fallow-argument-mismatch -std=legacy -c zerrqp.f -o zerrqp.o
gfortran -fimplicit-none -shared -fPIC -Wno-argument-mismatch -fallow-argument-mismatch -std=legacy -c zerrqr.f -o zerrqr.o
gfortran -fimplicit-none -shared -fPIC -Wno-argument-mismatch -fallow-argument-mismatch -std=legacy -c zerrrq.f -o zerrrq.o
gfortran -fimplicit-none -shared -fPIC -Wno-argument-mismatch -fallow-argument-mismatch -std=legacy -c zerrtr.f -o zerrtr.o
gfortran -fimplicit-none -shared -fPIC -Wno-argument-mismatch -fallow-argument-mismatch -std=legacy -c zerrtz.f -o zerrtz.o
gfortran -fimplicit-none -shared -fPIC -Wno-argument-mismatch -fallow-argument-mismatch -std=legacy -c zgbt01.f -o zgbt01.o
gfortran -fimplicit-none -shared -fPIC -Wno-argument-mismatch -fallow-argument-mismatch -std=legacy -c zgbt02.f -o zgbt02.o
gfortran -fimplicit-none -shared -fPIC -Wno-argument-mismatch -fallow-argument-mismatch -std=legacy -c zgbt05.f -o zgbt05.o
gfortran -fimplicit-none -shared -fPIC -Wno-argument-mismatch -fallow-argument-mismatch -std=legacy -c zgelqs.f -o zgelqs.o
gfortran -fimplicit-none -shared -fPIC -Wno-argument-mismatch -fallow-argument-mismatch -std=legacy -c zgeqls.f -o zgeqls.o
gfortran -fimplicit-none -shared -fPIC -Wno-argument-mismatch -fallow-argument-mismatch -std=legacy -c zgeqrs.f -o zgeqrs.o
gfortran -fimplicit-none -shared -fPIC -Wno-argument-mismatch -fallow-argument-mismatch -std=legacy -c zgerqs.f -o zgerqs.o
gfortran -fimplicit-none -shared -fPIC -Wno-argument-mismatch -fallow-argument-mismatch -std=legacy -c zget01.f -o zget01.o
gfortran -fimplicit-none -shared -fPIC -Wno-argument-mismatch -fallow-argument-mismatch -std=legacy -c zget02.f -o zget02.o
gfortran -fimplicit-none -shared -fPIC -Wno-argument-mismatch -fallow-argument-mismatch -std=legacy -c zget03.f -o zget03.o
gfortran -fimplicit-none -shared -fPIC -Wno-argument-mismatch -fallow-argument-mismatch -std=legacy -c zget04.f -o zget04.o
gfortran -fimplicit-none -shared -fPIC -Wno-argument-mismatch -fallow-argument-mismatch -std=legacy -c zget07.f -o zget07.o
gfortran -fimplicit-none -shared -fPIC -Wno-argument-mismatch -fallow-argument-mismatch -std=legacy -c zgtt01.f -o zgtt01.o
gfortran -fimplicit-none -shared -fPIC -Wno-argument-mismatch -fallow-argument-mismatch -std=legacy -c zgtt02.f -o zgtt02.o
gfortran -fimplicit-none -shared -fPIC -Wno-argument-mismatch -fallow-argument-mismatch -std=legacy -c zgtt05.f -o zgtt05.o
gfortran -fimplicit-none -shared -fPIC -Wno-argument-mismatch -fallow-argument-mismatch -std=legacy -c zhet01.f -o zhet01.o
gfortran -fimplicit-none -shared -fPIC -Wno-argument-mismatch -fallow-argument-mismatch -std=legacy -c zhpt01.f -o zhpt01.o
gfortran -fimplicit-none -shared -fPIC -Wno-argument-mismatch -fallow-argument-mismatch -std=legacy -c zlaipd.f -o zlaipd.o
gfortran -fimplicit-none -shared -fPIC -Wno-argument-mismatch -fallow-argument-mismatch -std=legacy -c zlaptm.f -o zlaptm.o
gfortran -fimplicit-none -shared -fPIC -Wno-argument-mismatch -fallow-argument-mismatch -std=legacy -c zlarhs.f -o zlarhs.o
gfortran -fimplicit-none -shared -fPIC -Wno-argument-mismatch -fallow-argument-mismatch -std=legacy -c zlatb4.f -o zlatb4.o
gfortran -fimplicit-none -shared -fPIC -Wno-argument-mismatch -fallow-argument-mismatch -std=legacy -c zlatb5.f -o zlatb5.o
gfortran -fimplicit-none -shared -fPIC -Wno-argument-mismatch -fallow-argument-mismatch -std=legacy -c zlatsp.f -o zlatsp.o
gfortran -fimplicit-none -shared -fPIC -Wno-argument-mismatch -fallow-argument-mismatch -std=legacy -c zlatsy.f -o zlatsy.o
gfortran -fimplicit-none -shared -fPIC -Wno-argument-mismatch -fallow-argument-mismatch -std=legacy -c zlattb.f -o zlattb.o
gfortran -fimplicit-none -shared -fPIC -Wno-argument-mismatch -fallow-argument-mismatch -std=legacy -c zlattp.f -o zlattp.o
gfortran -fimplicit-none -shared -fPIC -Wno-argument-mismatch -fallow-argument-mismatch -std=legacy -c zlattr.f -o zlattr.o
gfortran -fimplicit-none -shared -fPIC -Wno-argument-mismatch -fallow-argument-mismatch -std=legacy -c zlavhe.f -o zlavhe.o
gfortran -fimplicit-none -shared -fPIC -Wno-argument-mismatch -fallow-argument-mismatch -std=legacy -c zlavhp.f -o zlavhp.o
gfortran -fimplicit-none -shared -fPIC -Wno-argument-mismatch -fallow-argument-mismatch -std=legacy -c zlavsp.f -o zlavsp.o
gfortran -fimplicit-none -shared -fPIC -Wno-argument-mismatch -fallow-argument-mismatch -std=legacy -c zlavsy.f -o zlavsy.o
gfortran -fimplicit-none -shared -fPIC -Wno-argument-mismatch -fallow-argument-mismatch -std=legacy -c zlqt01.f -o zlqt01.o
gfortran -fimplicit-none -shared -fPIC -Wno-argument-mismatch -fallow-argument-mismatch -std=legacy -c zlqt02.f -o zlqt02.o
gfortran -fimplicit-none -shared -fPIC -Wno-argument-mismatch -fallow-argument-mismatch -std=legacy -c zlqt03.f -o zlqt03.o
gfortran -fimplicit-none -shared -fPIC -Wno-argument-mismatch -fallow-argument-mismatch -std=legacy -c zpbt01.f -o zpbt01.o
gfortran -fimplicit-none -shared -fPIC -Wno-argument-mismatch -fallow-argument-mismatch -std=legacy -c zpbt02.f -o zpbt02.o
gfortran -fimplicit-none -shared -fPIC -Wno-argument-mismatch -fallow-argument-mismatch -std=legacy -c zpbt05.f -o zpbt05.o
gfortran -fimplicit-none -shared -fPIC -Wno-argument-mismatch -fallow-argument-mismatch -std=legacy -c zpot01.f -o zpot01.o
gfortran -fimplicit-none -shared -fPIC -Wno-argument-mismatch -fallow-argument-mismatch -std=legacy -c zpot02.f -o zpot02.o
gfortran -fimplicit-none -shared -fPIC -Wno-argument-mismatch -fallow-argument-mismatch -std=legacy -c zpot03.f -o zpot03.o
gfortran -fimplicit-none -shared -fPIC -Wno-argument-mismatch -fallow-argument-mismatch -std=legacy -c zpot05.f -o zpot05.o
gfortran -fimplicit-none -shared -fPIC -Wno-argument-mismatch -fallow-argument-mismatch -std=legacy -c zpst01.f -o zpst01.o
gfortran -fimplicit-none -shared -fPIC -Wno-argument-mismatch -fallow-argument-mismatch -std=legacy -c zppt01.f -o zppt01.o
gfortran -fimplicit-none -shared -fPIC -Wno-argument-mismatch -fallow-argument-mismatch -std=legacy -c zppt02.f -o zppt02.o
gfortran -fimplicit-none -shared -fPIC -Wno-argument-mismatch -fallow-argument-mismatch -std=legacy -c zppt03.f -o zppt03.o
gfortran -fimplicit-none -shared -fPIC -Wno-argument-mismatch -fallow-argument-mismatch -std=legacy -c zppt05.f -o zppt05.o
gfortran -fimplicit-none -shared -fPIC -Wno-argument-mismatch -fallow-argument-mismatch -std=legacy -c zptt01.f -o zptt01.o
gfortran -fimplicit-none -shared -fPIC -Wno-argument-mismatch -fallow-argument-mismatch -std=legacy -c zptt02.f -o zptt02.o
gfortran -fimplicit-none -shared -fPIC -Wno-argument-mismatch -fallow-argument-mismatch -std=legacy -c zptt05.f -o zptt05.o
gfortran -fimplicit-none -shared -fPIC -Wno-argument-mismatch -fallow-argument-mismatch -std=legacy -c zqlt01.f -o zqlt01.o
gfortran -fimplicit-none -shared -fPIC -Wno-argument-mismatch -fallow-argument-mismatch -std=legacy -c zqlt02.f -o zqlt02.o
gfortran -fimplicit-none -shared -fPIC -Wno-argument-mismatch -fallow-argument-mismatch -std=legacy -c zqlt03.f -o zqlt03.o
gfortran -fimplicit-none -shared -fPIC -Wno-argument-mismatch -fallow-argument-mismatch -std=legacy -c zqpt01.f -o zqpt01.o
gfortran -fimplicit-none -shared -fPIC -Wno-argument-mismatch -fallow-argument-mismatch -std=legacy -c zqrt01.f -o zqrt01.o
gfortran -fimplicit-none -shared -fPIC -Wno-argument-mismatch -fallow-argument-mismatch -std=legacy -c zqrt01p.f -o zqrt01p.o
gfortran -fimplicit-none -shared -fPIC -Wno-argument-mismatch -fallow-argument-mismatch -std=legacy -c zqrt02.f -o zqrt02.o
gfortran -fimplicit-none -shared -fPIC -Wno-argument-mismatch -fallow-argument-mismatch -std=legacy -c zqrt03.f -o zqrt03.o
gfortran -fimplicit-none -shared -fPIC -Wno-argument-mismatch -fallow-argument-mismatch -std=legacy -c zqrt11.f -o zqrt11.o
gfortran -fimplicit-none -shared -fPIC -Wno-argument-mismatch -fallow-argument-mismatch -std=legacy -c zqrt12.f -o zqrt12.o
gfortran -fimplicit-none -shared -fPIC -Wno-argument-mismatch -fallow-argument-mismatch -std=legacy -c zqrt13.f -o zqrt13.o
gfortran -fimplicit-none -shared -fPIC -Wno-argument-mismatch -fallow-argument-mismatch -std=legacy -c zqrt14.f -o zqrt14.o
gfortran -fimplicit-none -shared -fPIC -Wno-argument-mismatch -fallow-argument-mismatch -std=legacy -c zqrt15.f -o zqrt15.o
gfortran -fimplicit-none -shared -fPIC -Wno-argument-mismatch -fallow-argument-mismatch -std=legacy -c zqrt16.f -o zqrt16.o
gfortran -fimplicit-none -shared -fPIC -Wno-argument-mismatch -fallow-argument-mismatch -std=legacy -c zqrt17.f -o zqrt17.o
gfortran -fimplicit-none -shared -fPIC -Wno-argument-mismatch -fallow-argument-mismatch -std=legacy -c zrqt01.f -o zrqt01.o
gfortran -fimplicit-none -shared -fPIC -Wno-argument-mismatch -fallow-argument-mismatch -std=legacy -c zrqt02.f -o zrqt02.o
gfortran -fimplicit-none -shared -fPIC -Wno-argument-mismatch -fallow-argument-mismatch -std=legacy -c zrqt03.f -o zrqt03.o
gfortran -fimplicit-none -shared -fPIC -Wno-argument-mismatch -fallow-argument-mismatch -std=legacy -c zrzt01.f -o zrzt01.o
gfortran -fimplicit-none -shared -fPIC -Wno-argument-mismatch -fallow-argument-mismatch -std=legacy -c zrzt02.f -o zrzt02.o
gfortran -fimplicit-none -shared -fPIC -Wno-argument-mismatch -fallow-argument-mismatch -std=legacy -c zsbmv.f -o zsbmv.o
gfortran -fimplicit-none -shared -fPIC -Wno-argument-mismatch -fallow-argument-mismatch -std=legacy -c zspt01.f -o zspt01.o
gfortran -fimplicit-none -shared -fPIC -Wno-argument-mismatch -fallow-argument-mismatch -std=legacy -c zspt02.f -o zspt02.o
gfortran -fimplicit-none -shared -fPIC -Wno-argument-mismatch -fallow-argument-mismatch -std=legacy -c zspt03.f -o zspt03.o
gfortran -fimplicit-none -shared -fPIC -Wno-argument-mismatch -fallow-argument-mismatch -std=legacy -c zsyt01.f -o zsyt01.o
gfortran -fimplicit-none -shared -fPIC -Wno-argument-mismatch -fallow-argument-mismatch -std=legacy -c zsyt02.f -o zsyt02.o
gfortran -fimplicit-none -shared -fPIC -Wno-argument-mismatch -fallow-argument-mismatch -std=legacy -c zsyt03.f -o zsyt03.o
gfortran -fimplicit-none -shared -fPIC -Wno-argument-mismatch -fallow-argument-mismatch -std=legacy -c ztbt02.f -o ztbt02.o
gfortran -fimplicit-none -shared -fPIC -Wno-argument-mismatch -fallow-argument-mismatch -std=legacy -c ztbt03.f -o ztbt03.o
gfortran -fimplicit-none -shared -fPIC -Wno-argument-mismatch -fallow-argument-mismatch -std=legacy -c ztbt05.f -o ztbt05.o
gfortran -fimplicit-none -shared -fPIC -Wno-argument-mismatch -fallow-argument-mismatch -std=legacy -c ztbt06.f -o ztbt06.o
gfortran -fimplicit-none -shared -fPIC -Wno-argument-mismatch -fallow-argument-mismatch -std=legacy -c ztpt01.f -o ztpt01.o
gfortran -fimplicit-none -shared -fPIC -Wno-argument-mismatch -fallow-argument-mismatch -std=legacy -c ztpt02.f -o ztpt02.o
gfortran -fimplicit-none -shared -fPIC -Wno-argument-mismatch -fallow-argument-mismatch -std=legacy -c ztpt03.f -o ztpt03.o
gfortran -fimplicit-none -shared -fPIC -Wno-argument-mismatch -fallow-argument-mismatch -std=legacy -c ztpt05.f -o ztpt05.o
gfortran -fimplicit-none -shared -fPIC -Wno-argument-mismatch -fallow-argument-mismatch -std=legacy -c ztpt06.f -o ztpt06.o
gfortran -fimplicit-none -shared -fPIC -Wno-argument-mismatch -fallow-argument-mismatch -std=legacy -c ztrt01.f -o ztrt01.o
gfortran -fimplicit-none -shared -fPIC -Wno-argument-mismatch -fallow-argument-mismatch -std=legacy -c ztrt02.f -o ztrt02.o
gfortran -fimplicit-none -shared -fPIC -Wno-argument-mismatch -fallow-argument-mismatch -std=legacy -c ztrt03.f -o ztrt03.o
gfortran -fimplicit-none -shared -fPIC -Wno-argument-mismatch -fallow-argument-mismatch -std=legacy -c ztrt05.f -o ztrt05.o
gfortran -fimplicit-none -shared -fPIC -Wno-argument-mismatch -fallow-argument-mismatch -std=legacy -c ztrt06.f -o ztrt06.o
gfortran -fimplicit-none -shared -fPIC -Wno-argument-mismatch -fallow-argument-mismatch -std=legacy -c ztzt01.f -o ztzt01.o
gfortran -fimplicit-none -shared -fPIC -Wno-argument-mismatch -fallow-argument-mismatch -std=legacy -c ztzt02.f -o ztzt02.o
gfortran -fimplicit-none -shared -fPIC -Wno-argument-mismatch -fallow-argument-mismatch -std=legacy -c zgennd.f -o zgennd.o
gfortran -fimplicit-none -shared -fPIC -Wno-argument-mismatch -fallow-argument-mismatch -std=legacy -c zerrvx.f -o zerrvx.o
gfortran -fimplicit-none -shared -fPIC -Wno-argument-mismatch -fallow-argument-mismatch -std=legacy -c zdrvge.f -o zdrvge.o
gfortran -fimplicit-none -shared -fPIC -Wno-argument-mismatch -fallow-argument-mismatch -std=legacy -c zdrvsy.f -o zdrvsy.o
gfortran -fimplicit-none -shared -fPIC -Wno-argument-mismatch -fallow-argument-mismatch -std=legacy -c zdrvgb.f -o zdrvgb.o
gfortran -fimplicit-none -shared -fPIC -Wno-argument-mismatch -fallow-argument-mismatch -std=legacy -c zerrge.f -o zerrge.o
gfortran -fimplicit-none -shared -fPIC -Wno-argument-mismatch -fallow-argument-mismatch -std=legacy -c zdrvpo.f -o zdrvpo.o
gfortran -fimplicit-none -shared -fPIC -Wno-argument-mismatch -fallow-argument-mismatch -std=legacy -c zdrvhe.f -o zdrvhe.o
gfortran -fimplicit-none -shared -fPIC -Wno-argument-mismatch -fallow-argument-mismatch -std=legacy -c zerrpo.f -o zerrpo.o
gfortran -fimplicit-none -shared -fPIC -Wno-argument-mismatch -fallow-argument-mismatch -std=legacy -c zerrsy.f -o zerrsy.o
gfortran -fimplicit-none -shared -fPIC -Wno-argument-mismatch -fallow-argument-mismatch -std=legacy -c zerrhe.f -o zerrhe.o
gfortran    aladhd.o alaerh.o alaesm.o alahd.o alareq.o alasum.o alasvm.o chkxer.o icopy.o ilaenv.o xlaenv.o xerbla.o dlaord.o  zchkaa.o zchkeq.o zchkgb.o zchkge.o zchkgt.o zchkhe.o zchkhp.o zchklq.o zchkpb.o zchkpo.o zchkps.o zchkpp.o zchkpt.o zchkq3.o zchkql.o zchkqp.o zchkqr.o zchkrq.o zchksp.o zchksy.o zchktb.o zchktp.o zchktr.o zchktz.o zdrvgt.o zdrvhp.o zdrvls.o zdrvpb.o zdrvpp.o zdrvpt.o zdrvsp.o zerrgt.o zerrlq.o zerrls.o zerrps.o zerrql.o zerrqp.o zerrqr.o zerrrq.o zerrtr.o zerrtz.o zgbt01.o zgbt02.o zgbt05.o zgelqs.o zgeqls.o zgeqrs.o zgerqs.o zget01.o zget02.o zget03.o zget04.o zget07.o zgtt01.o zgtt02.o zgtt05.o zhet01.o zhpt01.o zlaipd.o zlaptm.o zlarhs.o zlatb4.o zlatb5.o zlatsp.o zlatsy.o zlattb.o zlattp.o zlattr.o zlavhe.o zlavhp.o zlavsp.o zlavsy.o zlqt01.o zlqt02.o zlqt03.o zpbt01.o zpbt02.o zpbt05.o zpot01.o zpot02.o zpot03.o zpot05.o zpst01.o zppt01.o zppt02.o zppt03.o zppt05.o zptt01.o zptt02.o zptt05.o zqlt01.o zqlt02.o zqlt03.o zqpt01.o zqrt01.o zqrt01p.o zqrt02.o zqrt03.o zqrt11.o zqrt12.o zqrt13.o zqrt14.o zqrt15.o zqrt16.o zqrt17.o zrqt01.o zrqt02.o zrqt03.o zrzt01.o zrzt02.o zsbmv.o  zspt01.o zspt02.o zspt03.o zsyt01.o zsyt02.o zsyt03.o ztbt02.o ztbt03.o ztbt05.o ztbt06.o ztpt01.o ztpt02.o ztpt03.o ztpt05.o ztpt06.o ztrt01.o ztrt02.o ztrt03.o ztrt05.o ztrt06.o ztzt01.o ztzt02.o dget06.o zgennd.o zerrvx.o zdrvge.o zdrvsy.o zdrvgb.o zerrge.o zdrvpo.o zdrvhe.o zerrpo.o zerrsy.o zerrhe.o \
        ../../libtmglib_gfortran.a ../../liblapack_gfortran.a   ../../libblas.a -o xlintstz && mv xlintstz ../xlintstz
make[2]: Leaving directory '/gpfs/home/s376817/OpenFOAM/s376817-v2406/applications/utilities/waves2Foam/ThirdParty/lapack-3.3.1/TESTING/LIN'
Testing COMPLEX16 LAPACK linear equation routines
./xlintstz < ztest.in > ztest.out 2>&1
cd EIG ; make complex16
make[2]: Entering directory '/gpfs/home/s376817/OpenFOAM/s376817-v2406/applications/utilities/waves2Foam/ThirdParty/lapack-3.3.1/TESTING/EIG'
gfortran -fimplicit-none -shared -fPIC -Wno-argument-mismatch -fallow-argument-mismatch -std=legacy -c zchkee.f -o zchkee.o
gfortran -fimplicit-none -shared -fPIC -Wno-argument-mismatch -fallow-argument-mismatch -std=legacy -c zbdt01.f -o zbdt01.o
gfortran -fimplicit-none -shared -fPIC -Wno-argument-mismatch -fallow-argument-mismatch -std=legacy -c zbdt02.f -o zbdt02.o
gfortran -fimplicit-none -shared -fPIC -Wno-argument-mismatch -fallow-argument-mismatch -std=legacy -c zbdt03.f -o zbdt03.o
gfortran -fimplicit-none -shared -fPIC -Wno-argument-mismatch -fallow-argument-mismatch -std=legacy -c zchkbb.f -o zchkbb.o
gfortran -fimplicit-none -shared -fPIC -Wno-argument-mismatch -fallow-argument-mismatch -std=legacy -c zchkbd.f -o zchkbd.o
gfortran -fimplicit-none -shared -fPIC -Wno-argument-mismatch -fallow-argument-mismatch -std=legacy -c zchkbk.f -o zchkbk.o
gfortran -fimplicit-none -shared -fPIC -Wno-argument-mismatch -fallow-argument-mismatch -std=legacy -c zchkbl.f -o zchkbl.o
gfortran -fimplicit-none -shared -fPIC -Wno-argument-mismatch -fallow-argument-mismatch -std=legacy -c zchkec.f -o zchkec.o
gfortran -fimplicit-none -shared -fPIC -Wno-argument-mismatch -fallow-argument-mismatch -std=legacy -c zchkgg.f -o zchkgg.o
gfortran -fimplicit-none -shared -fPIC -Wno-argument-mismatch -fallow-argument-mismatch -std=legacy -c zchkgk.f -o zchkgk.o
gfortran -fimplicit-none -shared -fPIC -Wno-argument-mismatch -fallow-argument-mismatch -std=legacy -c zchkgl.f -o zchkgl.o
gfortran -fimplicit-none -shared -fPIC -Wno-argument-mismatch -fallow-argument-mismatch -std=legacy -c zchkhb.f -o zchkhb.o
gfortran -fimplicit-none -shared -fPIC -Wno-argument-mismatch -fallow-argument-mismatch -std=legacy -c zchkhs.f -o zchkhs.o
gfortran -fimplicit-none -shared -fPIC -Wno-argument-mismatch -fallow-argument-mismatch -std=legacy -c zchkst.f -o zchkst.o
gfortran -fimplicit-none -shared -fPIC -Wno-argument-mismatch -fallow-argument-mismatch -std=legacy -c zckcsd.f -o zckcsd.o
gfortran -fimplicit-none -shared -fPIC -Wno-argument-mismatch -fallow-argument-mismatch -std=legacy -c zckglm.f -o zckglm.o
gfortran -fimplicit-none -shared -fPIC -Wno-argument-mismatch -fallow-argument-mismatch -std=legacy -c zckgqr.f -o zckgqr.o
gfortran -fimplicit-none -shared -fPIC -Wno-argument-mismatch -fallow-argument-mismatch -std=legacy -c zckgsv.f -o zckgsv.o
gfortran -fimplicit-none -shared -fPIC -Wno-argument-mismatch -fallow-argument-mismatch -std=legacy -c zcklse.f -o zcklse.o
gfortran -fimplicit-none -shared -fPIC -Wno-argument-mismatch -fallow-argument-mismatch -std=legacy -c zcsdts.f -o zcsdts.o
gfortran -fimplicit-none -shared -fPIC -Wno-argument-mismatch -fallow-argument-mismatch -std=legacy -c zdrges.f -o zdrges.o
gfortran -fimplicit-none -shared -fPIC -Wno-argument-mismatch -fallow-argument-mismatch -std=legacy -c zdrgev.f -o zdrgev.o
gfortran -fimplicit-none -shared -fPIC -Wno-argument-mismatch -fallow-argument-mismatch -std=legacy -c zdrgsx.f -o zdrgsx.o
gfortran -fimplicit-none -shared -fPIC -Wno-argument-mismatch -fallow-argument-mismatch -std=legacy -c zdrgvx.f -o zdrgvx.o
gfortran -fimplicit-none -shared -fPIC -Wno-argument-mismatch -fallow-argument-mismatch -std=legacy -c zdrvbd.f -o zdrvbd.o
gfortran -fimplicit-none -shared -fPIC -Wno-argument-mismatch -fallow-argument-mismatch -std=legacy -c zdrves.f -o zdrves.o
gfortran -fimplicit-none -shared -fPIC -Wno-argument-mismatch -fallow-argument-mismatch -std=legacy -c zdrvev.f -o zdrvev.o
gfortran -fimplicit-none -shared -fPIC -Wno-argument-mismatch -fallow-argument-mismatch -std=legacy -c zdrvgg.f -o zdrvgg.o
gfortran -fimplicit-none -shared -fPIC -Wno-argument-mismatch -fallow-argument-mismatch -std=legacy -c zdrvsg.f -o zdrvsg.o
gfortran -fimplicit-none -shared -fPIC -Wno-argument-mismatch -fallow-argument-mismatch -std=legacy -c zdrvst.f -o zdrvst.o
gfortran -fimplicit-none -shared -fPIC -Wno-argument-mismatch -fallow-argument-mismatch -std=legacy -c zdrvsx.f -o zdrvsx.o
gfortran -fimplicit-none -shared -fPIC -Wno-argument-mismatch -fallow-argument-mismatch -std=legacy -c zdrvvx.f -o zdrvvx.o
gfortran -fimplicit-none -shared -fPIC -Wno-argument-mismatch -fallow-argument-mismatch -std=legacy -c zerrbd.f -o zerrbd.o
gfortran -fimplicit-none -shared -fPIC -Wno-argument-mismatch -fallow-argument-mismatch -std=legacy -c zerrec.f -o zerrec.o
gfortran -fimplicit-none -shared -fPIC -Wno-argument-mismatch -fallow-argument-mismatch -std=legacy -c zerred.f -o zerred.o
gfortran -fimplicit-none -shared -fPIC -Wno-argument-mismatch -fallow-argument-mismatch -std=legacy -c zerrgg.f -o zerrgg.o
gfortran -fimplicit-none -shared -fPIC -Wno-argument-mismatch -fallow-argument-mismatch -std=legacy -c zerrhs.f -o zerrhs.o
gfortran -fimplicit-none -shared -fPIC -Wno-argument-mismatch -fallow-argument-mismatch -std=legacy -c zerrst.f -o zerrst.o
gfortran -fimplicit-none -shared -fPIC -Wno-argument-mismatch -fallow-argument-mismatch -std=legacy -c zget02.f -o zget02.o
gfortran -fimplicit-none -shared -fPIC -Wno-argument-mismatch -fallow-argument-mismatch -std=legacy -c zget10.f -o zget10.o
gfortran -fimplicit-none -shared -fPIC -Wno-argument-mismatch -fallow-argument-mismatch -std=legacy -c zget22.f -o zget22.o
gfortran -fimplicit-none -shared -fPIC -Wno-argument-mismatch -fallow-argument-mismatch -std=legacy -c zget23.f -o zget23.o
gfortran -fimplicit-none -shared -fPIC -Wno-argument-mismatch -fallow-argument-mismatch -std=legacy -c zget24.f -o zget24.o
gfortran -fimplicit-none -shared -fPIC -Wno-argument-mismatch -fallow-argument-mismatch -std=legacy -c zget35.f -o zget35.o
gfortran -fimplicit-none -shared -fPIC -Wno-argument-mismatch -fallow-argument-mismatch -std=legacy -c zget36.f -o zget36.o
gfortran -fimplicit-none -shared -fPIC -Wno-argument-mismatch -fallow-argument-mismatch -std=legacy -c zget37.f -o zget37.o
gfortran -fimplicit-none -shared -fPIC -Wno-argument-mismatch -fallow-argument-mismatch -std=legacy -c zget38.f -o zget38.o
gfortran -fimplicit-none -shared -fPIC -Wno-argument-mismatch -fallow-argument-mismatch -std=legacy -c zget51.f -o zget51.o
gfortran -fimplicit-none -shared -fPIC -Wno-argument-mismatch -fallow-argument-mismatch -std=legacy -c zget52.f -o zget52.o
gfortran -fimplicit-none -shared -fPIC -Wno-argument-mismatch -fallow-argument-mismatch -std=legacy -c zget54.f -o zget54.o
gfortran -fimplicit-none -shared -fPIC -Wno-argument-mismatch -fallow-argument-mismatch -std=legacy -c zglmts.f -o zglmts.o
gfortran -fimplicit-none -shared -fPIC -Wno-argument-mismatch -fallow-argument-mismatch -std=legacy -c zgqrts.f -o zgqrts.o
gfortran -fimplicit-none -shared -fPIC -Wno-argument-mismatch -fallow-argument-mismatch -std=legacy -c zgrqts.f -o zgrqts.o
gfortran -fimplicit-none -shared -fPIC -Wno-argument-mismatch -fallow-argument-mismatch -std=legacy -c zgsvts.f -o zgsvts.o
gfortran -fimplicit-none -shared -fPIC -Wno-argument-mismatch -fallow-argument-mismatch -std=legacy -c zhbt21.f -o zhbt21.o
gfortran -fimplicit-none -shared -fPIC -Wno-argument-mismatch -fallow-argument-mismatch -std=legacy -c zhet21.f -o zhet21.o
zhet21.f:223:33:

  221 |             DO 20 J = 1, N - 1
      |                                                                        2
  222 |                CALL ZHER2( CUPLO, N, -DCMPLX( E( J ) ), U( 1, J ), 1,
  223 |      $                     U( 1, J-1 ), 1, WORK, N )
      |                                 1
Warning: Array reference at (1) out of bounds (0 < 1) in loop beginning at (2)
gfortran -fimplicit-none -shared -fPIC -Wno-argument-mismatch -fallow-argument-mismatch -std=legacy -c zhet22.f -o zhet22.o
gfortran -fimplicit-none -shared -fPIC -Wno-argument-mismatch -fallow-argument-mismatch -std=legacy -c zhpt21.f -o zhpt21.o
zhpt21.f:250:33:

  248 |             DO 20 J = 1, N - 1
      |                                                                        2
  249 |                CALL ZHPR2( CUPLO, N, -DCMPLX( E( J ) ), U( 1, J ), 1,
  250 |      $                     U( 1, J-1 ), 1, WORK )
      |                                 1
Warning: Array reference at (1) out of bounds (0 < 1) in loop beginning at (2)
gfortran -fimplicit-none -shared -fPIC -Wno-argument-mismatch -fallow-argument-mismatch -std=legacy -c zhst01.f -o zhst01.o
gfortran -fimplicit-none -shared -fPIC -Wno-argument-mismatch -fallow-argument-mismatch -std=legacy -c zlarfy.f -o zlarfy.o
gfortran -fimplicit-none -shared -fPIC -Wno-argument-mismatch -fallow-argument-mismatch -std=legacy -c zlarhs.f -o zlarhs.o
gfortran -fimplicit-none -shared -fPIC -Wno-argument-mismatch -fallow-argument-mismatch -std=legacy -c zlatm4.f -o zlatm4.o
gfortran -fimplicit-none -shared -fPIC -Wno-argument-mismatch -fallow-argument-mismatch -std=legacy -c zlctes.f -o zlctes.o
gfortran -fimplicit-none -shared -fPIC -Wno-argument-mismatch -fallow-argument-mismatch -std=legacy -c zlctsx.f -o zlctsx.o
gfortran -fimplicit-none -shared -fPIC -Wno-argument-mismatch -fallow-argument-mismatch -std=legacy -c zlsets.f -o zlsets.o
gfortran -fimplicit-none -shared -fPIC -Wno-argument-mismatch -fallow-argument-mismatch -std=legacy -c zsbmv.f -o zsbmv.o
gfortran -fimplicit-none -shared -fPIC -Wno-argument-mismatch -fallow-argument-mismatch -std=legacy -c zsgt01.f -o zsgt01.o
gfortran -fimplicit-none -shared -fPIC -Wno-argument-mismatch -fallow-argument-mismatch -std=legacy -c zslect.f -o zslect.o
gfortran -fimplicit-none -shared -fPIC -Wno-argument-mismatch -fallow-argument-mismatch -std=legacy -c zstt21.f -o zstt21.o
gfortran -fimplicit-none -shared -fPIC -Wno-argument-mismatch -fallow-argument-mismatch -std=legacy -c zstt22.f -o zstt22.o
gfortran -fimplicit-none -shared -fPIC -Wno-argument-mismatch -fallow-argument-mismatch -std=legacy -c zunt01.f -o zunt01.o
gfortran -fimplicit-none -shared -fPIC -Wno-argument-mismatch -fallow-argument-mismatch -std=legacy -c zunt03.f -o zunt03.o
\
          gfortran   -o xeigtstz \
          zchkee.o zbdt01.o zbdt02.o zbdt03.o zchkbb.o zchkbd.o zchkbk.o zchkbl.o zchkec.o zchkgg.o zchkgk.o zchkgl.o zchkhb.o zchkhs.o zchkst.o zckcsd.o zckglm.o zckgqr.o zckgsv.o zcklse.o zcsdts.o zdrges.o zdrgev.o zdrgsx.o zdrgvx.o zdrvbd.o zdrves.o zdrvev.o zdrvgg.o zdrvsg.o zdrvst.o zdrvsx.o zdrvvx.o zerrbd.o zerrec.o zerred.o zerrgg.o zerrhs.o zerrst.o zget02.o zget10.o zget22.o zget23.o zget24.o zget35.o zget36.o zget37.o zget38.o zget51.o zget52.o zget54.o zglmts.o zgqrts.o zgrqts.o zgsvts.o zhbt21.o zhet21.o zhet22.o zhpt21.o zhst01.o zlarfy.o zlarhs.o zlatm4.o zlctes.o zlctsx.o zlsets.o zsbmv.o zsgt01.o zslect.o zstt21.o zstt22.o zunt01.o zunt03.o dlafts.o dlahd2.o dlasum.o dlatb9.o dstech.o dstect.o dsvdch.o dsvdct.o dsxt1.o alahdg.o alasum.o alasvm.o alareq.o ilaenv.o xerbla.o xlaenv.o chkxer.o ../../libtmglib_gfortran.a \
  ../../liblapack_gfortran.a ../../libblas.a && mv xeigtstz ../xeigtstz
make[2]: Leaving directory '/gpfs/home/s376817/OpenFOAM/s376817-v2406/applications/utilities/waves2Foam/ThirdParty/lapack-3.3.1/TESTING/EIG'
NEP: Testing Nonsymmetric Eigenvalue Problem routines
./xeigtstz < nep.in > znep.out 2>&1
SEP: Testing Symmetric Eigenvalue Problem routines
./xeigtstz < sep.in > zsep.out 2>&1
SVD: Testing Singular Value Decomposition routines
./xeigtstz < svd.in > zsvd.out 2>&1
ZEC: Testing COMPLEX16 Eigen Condition Routines
./xeigtstz < zec.in > zec.out 2>&1
ZES: Testing COMPLEX16 Nonsymmetric Schur Form Driver
./xeigtstz < zed.in > zed.out 2>&1
ZGG: Testing COMPLEX16 Nonsymmetric Generalized Eigenvalue Problem routines
./xeigtstz < zgg.in > zgg.out 2>&1
ZGD: Testing COMPLEX16 Nonsymmetric Generalized Eigenvalue Problem driver routines
./xeigtstz < zgd.in > zgd.out 2>&1
ZHB: Testing Hermitian Eigenvalue Problem routines
./xeigtstz < zsb.in > zsb.out 2>&1
ZSG: Testing Symmetric Generalized Eigenvalue Problem routines
./xeigtstz < zsg.in > zsg.out 2>&1
ZGEBAL: Testing the balancing of a COMPLEX16 general matrix
./xeigtstz < zbal.in > zbal.out 2>&1
ZGEBAK: Testing the back transformation of a COMPLEX16 balanced matrix
./xeigtstz < zbak.in > zbak.out 2>&1
ZGGBAL: Testing the balancing of a pair of COMPLEX general matrices
./xeigtstz < zgbal.in > zgbal.out 2>&1
ZGGBAK: Testing the back transformation of a pair of COMPLEX16 balanced matrices
./xeigtstz < zgbak.in > zgbak.out 2>&1
ZBB: Testing banded Singular Value Decomposition routines
./xeigtstz < zbb.in > zbb.out 2>&1
GLM: Testing Generalized Linear Regression Model routines
./xeigtstz < glm.in > zglm.out 2>&1
GQR: Testing Generalized QR and RQ factorization routines
./xeigtstz < gqr.in > zgqr.out 2>&1
GSV: Testing Generalized Singular Value Decomposition routines
./xeigtstz < gsv.in > zgsv.out 2>&1
CSD: Testing CS Decomposition routines
./xeigtstz < csd.in > zcsd.out 2>&1
LSE: Testing Constrained Linear Least Squares routines
./xeigtstz < lse.in > zlse.out 2>&1
cd LIN ; make proto-single
make[2]: Entering directory '/gpfs/home/s376817/OpenFOAM/s376817-v2406/applications/utilities/waves2Foam/ThirdParty/lapack-3.3.1/TESTING/LIN'
gfortran -fimplicit-none -shared -fPIC -Wno-argument-mismatch -fallow-argument-mismatch -std=legacy -c schkrfp.f -o schkrfp.o
gfortran -fimplicit-none -shared -fPIC -Wno-argument-mismatch -fallow-argument-mismatch -std=legacy -c sdrvrfp.f -o sdrvrfp.o
gfortran -fimplicit-none -shared -fPIC -Wno-argument-mismatch -fallow-argument-mismatch -std=legacy -c sdrvrf1.f -o sdrvrf1.o
gfortran -fimplicit-none -shared -fPIC -Wno-argument-mismatch -fallow-argument-mismatch -std=legacy -c sdrvrf2.f -o sdrvrf2.o
gfortran -fimplicit-none -shared -fPIC -Wno-argument-mismatch -fallow-argument-mismatch -std=legacy -c sdrvrf3.f -o sdrvrf3.o
gfortran -fimplicit-none -shared -fPIC -Wno-argument-mismatch -fallow-argument-mismatch -std=legacy -c sdrvrf4.f -o sdrvrf4.o
gfortran -fimplicit-none -shared -fPIC -Wno-argument-mismatch -fallow-argument-mismatch -std=legacy -c serrrfp.f -o serrrfp.o
gfortran    schkrfp.o sdrvrfp.o sdrvrf1.o sdrvrf2.o sdrvrf3.o sdrvrf4.o serrrfp.o slatb4.o slarhs.o sget04.o spot01.o spot03.o spot02.o chkxer.o xerbla.o alaerh.o aladhd.o alahd.o alasvm.o  \
        ../../libtmglib_gfortran.a ../../liblapack_gfortran.a ../../libblas.a -o xlintstrfs && mv xlintstrfs ../xlintstrfs
make[2]: Leaving directory '/gpfs/home/s376817/OpenFOAM/s376817-v2406/applications/utilities/waves2Foam/ThirdParty/lapack-3.3.1/TESTING/LIN'
Testing REAL LAPACK RFP protoype linear equation routines
./xlintstrfs < stest_rfp.in > stest_rfp.out 2>&1
cd LIN ; make proto-double
make[2]: Entering directory '/gpfs/home/s376817/OpenFOAM/s376817-v2406/applications/utilities/waves2Foam/ThirdParty/lapack-3.3.1/TESTING/LIN'
gfortran -fimplicit-none -shared -fPIC -Wno-argument-mismatch -fallow-argument-mismatch -std=legacy -c dchkab.f -o dchkab.o
gfortran -fimplicit-none -shared -fPIC -Wno-argument-mismatch -fallow-argument-mismatch -std=legacy -c ddrvab.f -o ddrvab.o
gfortran -fimplicit-none -shared -fPIC -Wno-argument-mismatch -fallow-argument-mismatch -std=legacy -c ddrvac.f -o ddrvac.o
gfortran -fimplicit-none -shared -fPIC -Wno-argument-mismatch -fallow-argument-mismatch -std=legacy -c derrab.f -o derrab.o
gfortran -fimplicit-none -shared -fPIC -Wno-argument-mismatch -fallow-argument-mismatch -std=legacy -c derrac.f -o derrac.o
gfortran -fimplicit-none -shared -fPIC -Wno-argument-mismatch -fallow-argument-mismatch -std=legacy -c dget08.f -o dget08.o
gfortran -fimplicit-none -shared -fPIC -Wno-argument-mismatch -fallow-argument-mismatch -std=legacy -c dpot06.f -o dpot06.o
gfortran    dchkab.o ddrvab.o ddrvac.o derrab.o derrac.o dget08.o alaerh.o alahd.o  aladhd.o alareq.o chkxer.o dlarhs.o dlatb4.o xerbla.o dget02.o dpot06.o \
        ../../libtmglib_gfortran.a ../../liblapack_gfortran.a ../../libblas.a -o xlintstds && mv xlintstds ../xlintstds
gfortran -fimplicit-none -shared -fPIC -Wno-argument-mismatch -fallow-argument-mismatch -std=legacy -c dchkrfp.f -o dchkrfp.o
gfortran -fimplicit-none -shared -fPIC -Wno-argument-mismatch -fallow-argument-mismatch -std=legacy -c ddrvrfp.f -o ddrvrfp.o
gfortran -fimplicit-none -shared -fPIC -Wno-argument-mismatch -fallow-argument-mismatch -std=legacy -c ddrvrf1.f -o ddrvrf1.o
gfortran -fimplicit-none -shared -fPIC -Wno-argument-mismatch -fallow-argument-mismatch -std=legacy -c ddrvrf2.f -o ddrvrf2.o
gfortran -fimplicit-none -shared -fPIC -Wno-argument-mismatch -fallow-argument-mismatch -std=legacy -c ddrvrf3.f -o ddrvrf3.o
gfortran -fimplicit-none -shared -fPIC -Wno-argument-mismatch -fallow-argument-mismatch -std=legacy -c ddrvrf4.f -o ddrvrf4.o
gfortran -fimplicit-none -shared -fPIC -Wno-argument-mismatch -fallow-argument-mismatch -std=legacy -c derrrfp.f -o derrrfp.o
gfortran    dchkrfp.o ddrvrfp.o ddrvrf1.o ddrvrf2.o ddrvrf3.o ddrvrf4.o derrrfp.o dlatb4.o dlarhs.o dget04.o dpot01.o dpot03.o dpot02.o chkxer.o xerbla.o alaerh.o aladhd.o alahd.o alasvm.o  \
        ../../libtmglib_gfortran.a ../../liblapack_gfortran.a ../../libblas.a -o xlintstrfd && mv xlintstrfd ../xlintstrfd
make[2]: Leaving directory '/gpfs/home/s376817/OpenFOAM/s376817-v2406/applications/utilities/waves2Foam/ThirdParty/lapack-3.3.1/TESTING/LIN'
Testing SINGLE-DOUBLE PRECISION LAPACK prototype linear equation routines
./xlintstds < dstest.in > dstest.out 2>&1
Testing DOUBLE PRECISION LAPACK RFP protoype linear equation routines
./xlintstrfd < dtest_rfp.in > dtest_rfp.out 2>&1
cd LIN ; make proto-complex
make[2]: Entering directory '/gpfs/home/s376817/OpenFOAM/s376817-v2406/applications/utilities/waves2Foam/ThirdParty/lapack-3.3.1/TESTING/LIN'
gfortran -fimplicit-none -shared -fPIC -Wno-argument-mismatch -fallow-argument-mismatch -std=legacy -c cchkrfp.f -o cchkrfp.o
gfortran -fimplicit-none -shared -fPIC -Wno-argument-mismatch -fallow-argument-mismatch -std=legacy -c cdrvrfp.f -o cdrvrfp.o
gfortran -fimplicit-none -shared -fPIC -Wno-argument-mismatch -fallow-argument-mismatch -std=legacy -c cdrvrf1.f -o cdrvrf1.o
gfortran -fimplicit-none -shared -fPIC -Wno-argument-mismatch -fallow-argument-mismatch -std=legacy -c cdrvrf2.f -o cdrvrf2.o
gfortran -fimplicit-none -shared -fPIC -Wno-argument-mismatch -fallow-argument-mismatch -std=legacy -c cdrvrf3.f -o cdrvrf3.o
gfortran -fimplicit-none -shared -fPIC -Wno-argument-mismatch -fallow-argument-mismatch -std=legacy -c cdrvrf4.f -o cdrvrf4.o
gfortran -fimplicit-none -shared -fPIC -Wno-argument-mismatch -fallow-argument-mismatch -std=legacy -c cerrrfp.f -o cerrrfp.o
gfortran    cchkrfp.o cdrvrfp.o cdrvrf1.o cdrvrf2.o cdrvrf3.o cdrvrf4.o cerrrfp.o claipd.o clatb4.o clarhs.o csbmv.o cget04.o cpot01.o cpot03.o cpot02.o chkxer.o xerbla.o alaerh.o aladhd.o alahd.o alasvm.o  \
        ../../libtmglib_gfortran.a ../../liblapack_gfortran.a ../../libblas.a -o xlintstrfc && mv xlintstrfc ../xlintstrfc
make[2]: Leaving directory '/gpfs/home/s376817/OpenFOAM/s376817-v2406/applications/utilities/waves2Foam/ThirdParty/lapack-3.3.1/TESTING/LIN'
Testing COMPLEX LAPACK RFP protoype linear equation routines
./xlintstrfc < ctest_rfp.in > ctest_rfp.out 2>&1
cd LIN ; make proto-complex16
make[2]: Entering directory '/gpfs/home/s376817/OpenFOAM/s376817-v2406/applications/utilities/waves2Foam/ThirdParty/lapack-3.3.1/TESTING/LIN'
gfortran -fimplicit-none -shared -fPIC -Wno-argument-mismatch -fallow-argument-mismatch -std=legacy -c zchkab.f -o zchkab.o
gfortran -fimplicit-none -shared -fPIC -Wno-argument-mismatch -fallow-argument-mismatch -std=legacy -c zdrvab.f -o zdrvab.o
gfortran -fimplicit-none -shared -fPIC -Wno-argument-mismatch -fallow-argument-mismatch -std=legacy -c zdrvac.f -o zdrvac.o
gfortran -fimplicit-none -shared -fPIC -Wno-argument-mismatch -fallow-argument-mismatch -std=legacy -c zerrab.f -o zerrab.o
gfortran -fimplicit-none -shared -fPIC -Wno-argument-mismatch -fallow-argument-mismatch -std=legacy -c zerrac.f -o zerrac.o
gfortran -fimplicit-none -shared -fPIC -Wno-argument-mismatch -fallow-argument-mismatch -std=legacy -c zget08.f -o zget08.o
gfortran -fimplicit-none -shared -fPIC -Wno-argument-mismatch -fallow-argument-mismatch -std=legacy -c zpot06.f -o zpot06.o
gfortran    zchkab.o zdrvab.o zdrvac.o zerrab.o zerrac.o zget08.o alaerh.o alahd.o  aladhd.o alareq.o chkxer.o zget02.o zlarhs.o zlatb4.o zsbmv.o  xerbla.o zpot06.o zlaipd.o \
        ../../libtmglib_gfortran.a ../../liblapack_gfortran.a ../../libblas.a -o xlintstzc && mv xlintstzc ../xlintstzc
gfortran -fimplicit-none -shared -fPIC -Wno-argument-mismatch -fallow-argument-mismatch -std=legacy -c zchkrfp.f -o zchkrfp.o
gfortran -fimplicit-none -shared -fPIC -Wno-argument-mismatch -fallow-argument-mismatch -std=legacy -c zdrvrfp.f -o zdrvrfp.o
gfortran -fimplicit-none -shared -fPIC -Wno-argument-mismatch -fallow-argument-mismatch -std=legacy -c zdrvrf1.f -o zdrvrf1.o
gfortran -fimplicit-none -shared -fPIC -Wno-argument-mismatch -fallow-argument-mismatch -std=legacy -c zdrvrf2.f -o zdrvrf2.o
gfortran -fimplicit-none -shared -fPIC -Wno-argument-mismatch -fallow-argument-mismatch -std=legacy -c zdrvrf3.f -o zdrvrf3.o
gfortran -fimplicit-none -shared -fPIC -Wno-argument-mismatch -fallow-argument-mismatch -std=legacy -c zdrvrf4.f -o zdrvrf4.o
gfortran -fimplicit-none -shared -fPIC -Wno-argument-mismatch -fallow-argument-mismatch -std=legacy -c zerrrfp.f -o zerrrfp.o
gfortran    zchkrfp.o zdrvrfp.o zdrvrf1.o zdrvrf2.o zdrvrf3.o zdrvrf4.o zerrrfp.o zlatb4.o zlaipd.o zlarhs.o zsbmv.o zget04.o zpot01.o zpot03.o zpot02.o chkxer.o xerbla.o alaerh.o aladhd.o alahd.o alasvm.o  \
        ../../libtmglib_gfortran.a ../../liblapack_gfortran.a ../../libblas.a -o xlintstrfz && mv xlintstrfz ../xlintstrfz
make[2]: Leaving directory '/gpfs/home/s376817/OpenFOAM/s376817-v2406/applications/utilities/waves2Foam/ThirdParty/lapack-3.3.1/TESTING/LIN'
Testing COMPLEX-COMPLEX16 LAPACK protoype linear equation routines
./xlintstzc < zctest.in > zctest.out 2>&1
Testing COMPLEX16 LAPACK RFP protoype linear equation routines
./xlintstrfz < ztest_rfp.in > ztest_rfp.out 2>&1
make[1]: Leaving directory '/gpfs/home/s376817/OpenFOAM/s376817-v2406/applications/utilities/waves2Foam/ThirdParty/lapack-3.3.1/TESTING'
( cd BLAS/TESTING; make -f Makeblat1 )
make[1]: Entering directory '/gpfs/home/s376817/OpenFOAM/s376817-v2406/applications/utilities/waves2Foam/ThirdParty/lapack-3.3.1/BLAS/TESTING'
gfortran -fimplicit-none -shared -fPIC -Wno-argument-mismatch -fallow-argument-mismatch -std=legacy -c sblat1.f -o sblat1.o
gfortran   sblat1.o  \
        ../../libblas.a  -o ../xblat1s
gfortran -fimplicit-none -shared -fPIC -Wno-argument-mismatch -fallow-argument-mismatch -std=legacy -c dblat1.f -o dblat1.o
gfortran   dblat1.o  \
        ../../libblas.a  -o ../xblat1d
gfortran -fimplicit-none -shared -fPIC -Wno-argument-mismatch -fallow-argument-mismatch -std=legacy -c cblat1.f -o cblat1.o
gfortran   cblat1.o  \
        ../../libblas.a  -o ../xblat1c
gfortran -fimplicit-none -shared -fPIC -Wno-argument-mismatch -fallow-argument-mismatch -std=legacy -c zblat1.f -o zblat1.o
gfortran   zblat1.o \
        ../../libblas.a  -o ../xblat1z
make[1]: Leaving directory '/gpfs/home/s376817/OpenFOAM/s376817-v2406/applications/utilities/waves2Foam/ThirdParty/lapack-3.3.1/BLAS/TESTING'
( cd BLAS; ./xblat1s > sblat1.out    ; \
           ./xblat1d > dblat1.out    ; \
           ./xblat1c > cblat1.out    ; \
           ./xblat1z > zblat1.out    ) 
( cd BLAS/TESTING; make -f Makeblat2 )
make[1]: Entering directory '/gpfs/home/s376817/OpenFOAM/s376817-v2406/applications/utilities/waves2Foam/ThirdParty/lapack-3.3.1/BLAS/TESTING'
gfortran -fimplicit-none -shared -fPIC -Wno-argument-mismatch -fallow-argument-mismatch -std=legacy -c sblat2.f -o sblat2.o
gfortran   sblat2.o  \
        ../../libblas.a  -o ../xblat2s
gfortran -fimplicit-none -shared -fPIC -Wno-argument-mismatch -fallow-argument-mismatch -std=legacy -c dblat2.f -o dblat2.o
gfortran   dblat2.o  \
        ../../libblas.a  -o ../xblat2d
gfortran -fimplicit-none -shared -fPIC -Wno-argument-mismatch -fallow-argument-mismatch -std=legacy -c cblat2.f -o cblat2.o
gfortran   cblat2.o  \
        ../../libblas.a  -o ../xblat2c
gfortran -fimplicit-none -shared -fPIC -Wno-argument-mismatch -fallow-argument-mismatch -std=legacy -c zblat2.f -o zblat2.o
gfortran   zblat2.o \
        ../../libblas.a  -o ../xblat2z
make[1]: Leaving directory '/gpfs/home/s376817/OpenFOAM/s376817-v2406/applications/utilities/waves2Foam/ThirdParty/lapack-3.3.1/BLAS/TESTING'
( cd BLAS; ./xblat2s < sblat2.in     ; \
           ./xblat2d < dblat2.in     ; \
           ./xblat2c < cblat2.in     ; \
           ./xblat2z < zblat2.in     )
( cd BLAS/TESTING; make -f Makeblat3 )
make[1]: Entering directory '/gpfs/home/s376817/OpenFOAM/s376817-v2406/applications/utilities/waves2Foam/ThirdParty/lapack-3.3.1/BLAS/TESTING'
gfortran -fimplicit-none -shared -fPIC -Wno-argument-mismatch -fallow-argument-mismatch -std=legacy -c sblat3.f -o sblat3.o
gfortran   sblat3.o \
        ../../libblas.a -o ../xblat3s
gfortran -fimplicit-none -shared -fPIC -Wno-argument-mismatch -fallow-argument-mismatch -std=legacy -c dblat3.f -o dblat3.o
gfortran   dblat3.o  \
        ../../libblas.a -o ../xblat3d
gfortran -fimplicit-none -shared -fPIC -Wno-argument-mismatch -fallow-argument-mismatch -std=legacy -c cblat3.f -o cblat3.o
gfortran   cblat3.o  \
        ../../libblas.a -o ../xblat3c
gfortran -fimplicit-none -shared -fPIC -Wno-argument-mismatch -fallow-argument-mismatch -std=legacy -c zblat3.f -o zblat3.o
gfortran   zblat3.o \
        ../../libblas.a -o ../xblat3z
make[1]: Leaving directory '/gpfs/home/s376817/OpenFOAM/s376817-v2406/applications/utilities/waves2Foam/ThirdParty/lapack-3.3.1/BLAS/TESTING'
( cd BLAS; ./xblat3s < sblat3.in     ; \
           ./xblat3d < dblat3.in     ; \
           ./xblat3c < cblat3.in     ; \
           ./xblat3z < zblat3.in     ) 
cp *.a ../lib/
=====================================
    COMPILE SPARSKIT2
=====================================
cleaning .
cleaning BLASSM
cleaning FORMATS
cleaning INFO
cleaning INOUT
cleaning ITSOL
cleaning MATGEN/FDIF
cleaning MATGEN/FEM
cleaning MATGEN/MISC
cleaning ORDERINGS
cleaning UNSUPP/BLAS1
cleaning UNSUPP/MATEXP
cleaning UNSUPP/PLOTS
(cd BLASSM ; gfortran -Wno-argument-mismatch -fallow-argument-mismatch -std=legacy  -c -g -shared -fPIC blassm.f)
(cd BLASSM ; gfortran -Wno-argument-mismatch -fallow-argument-mismatch -std=legacy  -c -g -shared -fPIC matvec.f)
(cd FORMATS ; gfortran -Wno-argument-mismatch -fallow-argument-mismatch -std=legacy  -c -g -shared -fPIC formats.f)
(cd FORMATS ; gfortran -Wno-argument-mismatch -fallow-argument-mismatch -std=legacy  -c -g -shared -fPIC unary.f)
(cd INFO ; gfortran -Wno-argument-mismatch -fallow-argument-mismatch -std=legacy  -c -g -shared -fPIC infofun.f)
(cd INOUT; gfortran -Wno-argument-mismatch -fallow-argument-mismatch -std=legacy  -c -g -shared -fPIC inout.f)
(cd ITSOL; gfortran -Wno-argument-mismatch -fallow-argument-mismatch -std=legacy  -c -g -shared -fPIC ilut.f)
(cd ITSOL; gfortran -Wno-argument-mismatch -fallow-argument-mismatch -std=legacy  -c -g -shared -fPIC iters.f)
(cd MATGEN/FDIF ; gfortran -Wno-argument-mismatch -fallow-argument-mismatch -std=legacy  -c -g -shared -fPIC genmat.f)
(cd MATGEN/FEM ; gfortran -Wno-argument-mismatch -fallow-argument-mismatch -std=legacy  -c -g -shared -fPIC elmtlib2.f)
elmtlib2.f:470:19:

  469 |       do j=2, nx+1
      |                                                                        2
  470 |         ksavn = ia(j)
      |                   1
Warning: Array reference at (1) out of bounds (2 > 1) in loop beginning at (2)
elmtlib2.f:471:11:

  469 |       do j=2, nx+1
      |                                                                        2
  470 |         ksavn = ia(j)
  471 |         ia(j) = ia(j-1) +  ksav
      |           1
Warning: Array reference at (1) out of bounds (2 > 1) in loop beginning at (2)
elmtlib2.f:548:16:

  546 |       do i=1, nx
      |                                                                        2
  547 |         ista=ia(i)
  548 |         isto=ia(i+1)-1
      |                1
Warning: Array reference at (1) out of bounds (2 > 1) in loop beginning at (2)
elmtlib2.f:559:16:

  558 |       do i=2, nx
      |                                                                        2
  559 |         ksav=ia(i)
      |                1
Warning: Array reference at (1) out of bounds (2 > 1) in loop beginning at (2)
elmtlib2.f:560:11:

  558 |       do i=2, nx
      |                                                                        2
  559 |         ksav=ia(i)
  560 |         ia(i)=ia(i-1)+iwk(i-1)
      |           1
Warning: Array reference at (1) out of bounds (2 > 1) in loop beginning at (2)
elmtlib2.f:561:17:

  558 |       do i=2, nx
      |                                                                        2
......
  561 |         ksavn=ia(i)
      |                 1
Warning: Array reference at (1) out of bounds (2 > 1) in loop beginning at (2)
elmtlib2.f:562:20:

  558 |       do i=2, nx
      |                                                                        2
......
  562 |         do j=0, iwk(i)-1
      |                    1
Warning: Array reference at (1) out of bounds (2 > 1) in loop beginning at (2)
elmtlib2.f:645:20:

  644 |       do j=2, nx+1
      |                                                                        2
  645 |         ksavn = iwk(j)
      |                    1
Warning: Array reference at (1) out of bounds (2 > 1) in loop beginning at (2)
elmtlib2.f:646:12:

  644 |       do j=2, nx+1
      |                                                                        2
  645 |         ksavn = iwk(j)
  646 |         iwk(j) = iwk(j-1) +  ksav
      |            1
Warning: Array reference at (1) out of bounds (2 > 1) in loop beginning at (2)
elmtlib2.f:663:12:

  662 |       do i=nx+1,2,-1
      |                                                                        2
  663 |         iwk(i)=iwk(i-1)
      |            1
Warning: Array reference at (1) out of bounds (2 > 1) in loop beginning at (2)
elmtlib2.f:672:25:

  670 |       do i=1,nx
      |                                                                        2
  671 |         kwk(i)=i
  672 |         do j=iwk(i), iwk(i+1)-1
      |                         1
Warning: Array reference at (1) out of bounds (2 > 1) in loop beginning at (2)
elmtlib2.f:681:11:

  670 |       do i=1,nx
      |                                                                        2
......
  681 |         ia(i+1)=nedges
      |           1
Warning: Array reference at (1) out of bounds (2 > 1) in loop beginning at (2)
elmtlib2.f:684:11:

  683 |       do i=2,nx+1
      |                                                                        2
  684 |         ia(i)=ia(i)+i-1
      |           1
Warning: Array reference at (1) out of bounds (2 > 1) in loop beginning at (2)
elmtlib2.f:684:17:

  683 |       do i=2,nx+1
      |                                                                        2
  684 |         ia(i)=ia(i)+i-1
      |                 1
Warning: Array reference at (1) out of bounds (2 > 1) in loop beginning at (2)
elmtlib2.f:686:12:

  683 |       do i=2,nx+1
      |                                                                        2
......
  686 |         jwk(i)=0
      |            1
Warning: Array reference at (1) out of bounds (2 > 1) in loop beginning at (2)
(cd MATGEN/FEM ; gfortran -Wno-argument-mismatch -fallow-argument-mismatch -std=legacy  -c -g -shared -fPIC femgen.f)
(cd MATGEN/FEM ; gfortran -Wno-argument-mismatch -fallow-argument-mismatch -std=legacy  -c -g -shared -fPIC meshes.f)
(cd MATGEN/MISC ; gfortran -Wno-argument-mismatch -fallow-argument-mismatch -std=legacy  -c -g -shared -fPIC sobel.f)
(cd MATGEN/MISC ; gfortran -Wno-argument-mismatch -fallow-argument-mismatch -std=legacy  -c -g -shared -fPIC zlatev.f)
(cd ORDERINGS ; gfortran -Wno-argument-mismatch -fallow-argument-mismatch -std=legacy  -c -g -shared -fPIC ccn.f)
ccn.f:152:37:

  150 |            call csrcsc(n, job, ipos, amat, ja, ia, izs(iamat),
      |                                     2
  151 |      *                 izs(ijat), izs(iiat))
  152 |            call csrcsc(n, job, ipos, izs(iamat), izs(ijat), izs(iiat),
      |                                     1
Warning: Type mismatch between actual argument at (1) and actual argument at (2) (INTEGER(4)/REAL(8)).
ccn.f:153:23:

  150 |            call csrcsc(n, job, ipos, amat, ja, ia, izs(iamat),
      |                                                   2
......
  153 |      *                 amat, ja, ia)
      |                       1
Warning: Type mismatch between actual argument at (1) and actual argument at (2) (REAL(8)/INTEGER(4)).
(cd ORDERINGS ; gfortran -Wno-argument-mismatch -fallow-argument-mismatch -std=legacy  -c -g -shared -fPIC color.f)
(cd ORDERINGS ; gfortran -Wno-argument-mismatch -fallow-argument-mismatch -std=legacy  -c -g -shared -fPIC dsepart.f)
ar -rcv  libskit_gfortran.a  BLASSM/blassm.o BLASSM/matvec.o FORMATS/formats.o FORMATS/unary.o INFO/infofun.o INOUT/inout.o ITSOL/ilut.o ITSOL/iters.o MATGEN/FDIF/genmat.o MATGEN/FEM/elmtlib2.o MATGEN/FEM/femgen.o MATGEN/FEM/meshes.o MATGEN/MISC/sobel.o MATGEN/MISC/zlatev.o ORDERINGS/ccn.o ORDERINGS/color.o ORDERINGS/dsepart.o 
a - BLASSM/blassm.o
a - BLASSM/matvec.o
a - FORMATS/formats.o
a - FORMATS/unary.o
a - INFO/infofun.o
a - INOUT/inout.o
a - ITSOL/ilut.o
a - ITSOL/iters.o
a - MATGEN/FDIF/genmat.o
a - MATGEN/FEM/elmtlib2.o
a - MATGEN/FEM/femgen.o
a - MATGEN/FEM/meshes.o
a - MATGEN/MISC/sobel.o
a - MATGEN/MISC/zlatev.o
a - ORDERINGS/ccn.o
a - ORDERINGS/color.o
a - ORDERINGS/dsepart.o
=====================================
    COMPILE OCEANWAVE3D
=====================================

Cloning the OceanWave3D git repository ...
Cloning into 'OceanWave3D-Fortran90'...
rm -f /gpfs/home/s376817/OpenFOAM/s376817-v2406/applications/utilities/waves2Foam/ThirdParty/OceanWave3D-Fortran90/../build/*.o 
rm -f /gpfs/home/s376817/OpenFOAM/s376817-v2406/applications/utilities/waves2Foam/ThirdParty/OceanWave3D-Fortran90/../build/*.mod 
rm -f /gpfs/home/s376817/OpenFOAM/s376817-v2406/platforms/linux64GccDPInt32Opt/bin/OceanWave3D
gfortran -O3 -fPIC -std=legacy -ffpe-trap=invalid,zero,overflow -ffree-line-length-none -fstack-protector-all -c src/variabledefs/precision.f90 -o /gpfs/home/s376817/OpenFOAM/s376817-v2406/applications/utilities/waves2Foam/ThirdParty/OceanWave3D-Fortran90/../build/precision.o -I/gpfs/home/s376817/OpenFOAM/s376817-v2406/applications/utilities/waves2Foam/ThirdParty/OceanWave3D-Fortran90/../build
renamed 'precision.mod' -> '/gpfs/home/s376817/OpenFOAM/s376817-v2406/applications/utilities/waves2Foam/ThirdParty/OceanWave3D-Fortran90/../build/precision.mod'
'thirdpartylibs/LIB_VTK_IO/static/lib_vtk_io.mod' -> '/gpfs/home/s376817/OpenFOAM/s376817-v2406/applications/utilities/waves2Foam/ThirdParty/OceanWave3D-Fortran90/../build/lib_vtk_io.mod'
gfortran -O3 -fPIC -std=legacy -ffpe-trap=invalid,zero,overflow -ffree-line-length-none -fstack-protector-all -c src/variabledefs/constants.f90 -o /gpfs/home/s376817/OpenFOAM/s376817-v2406/applications/utilities/waves2Foam/ThirdParty/OceanWave3D-Fortran90/../build/constants.o -I/gpfs/home/s376817/OpenFOAM/s376817-v2406/applications/utilities/waves2Foam/ThirdParty/OceanWave3D-Fortran90/../build
renamed 'constants.mod' -> '/gpfs/home/s376817/OpenFOAM/s376817-v2406/applications/utilities/waves2Foam/ThirdParty/OceanWave3D-Fortran90/../build/constants.mod'
'thirdpartylibs/LIB_VTK_IO/static/lib_vtk_io.mod' -> '/gpfs/home/s376817/OpenFOAM/s376817-v2406/applications/utilities/waves2Foam/ThirdParty/OceanWave3D-Fortran90/../build/lib_vtk_io.mod'
gfortran -O3 -fPIC -std=legacy -ffpe-trap=invalid,zero,overflow -ffree-line-length-none -fstack-protector-all -c src/variabledefs/datatypes.f90 -o /gpfs/home/s376817/OpenFOAM/s376817-v2406/applications/utilities/waves2Foam/ThirdParty/OceanWave3D-Fortran90/../build/datatypes.o -I/gpfs/home/s376817/OpenFOAM/s376817-v2406/applications/utilities/waves2Foam/ThirdParty/OceanWave3D-Fortran90/../build
renamed 'datatypes.mod' -> '/gpfs/home/s376817/OpenFOAM/s376817-v2406/applications/utilities/waves2Foam/ThirdParty/OceanWave3D-Fortran90/../build/datatypes.mod'
'thirdpartylibs/LIB_VTK_IO/static/lib_vtk_io.mod' -> '/gpfs/home/s376817/OpenFOAM/s376817-v2406/applications/utilities/waves2Foam/ThirdParty/OceanWave3D-Fortran90/../build/lib_vtk_io.mod'
gfortran -O3 -fPIC -std=legacy -ffpe-trap=invalid,zero,overflow -ffree-line-length-none -fstack-protector-all -c src/variabledefs/HSL_LU.f90 -o /gpfs/home/s376817/OpenFOAM/s376817-v2406/applications/utilities/waves2Foam/ThirdParty/OceanWave3D-Fortran90/../build/HSL_LU.o -I/gpfs/home/s376817/OpenFOAM/s376817-v2406/applications/utilities/waves2Foam/ThirdParty/OceanWave3D-Fortran90/../build
renamed 'hsl_lu.mod' -> '/gpfs/home/s376817/OpenFOAM/s376817-v2406/applications/utilities/waves2Foam/ThirdParty/OceanWave3D-Fortran90/../build/hsl_lu.mod'
'thirdpartylibs/LIB_VTK_IO/static/lib_vtk_io.mod' -> '/gpfs/home/s376817/OpenFOAM/s376817-v2406/applications/utilities/waves2Foam/ThirdParty/OceanWave3D-Fortran90/../build/lib_vtk_io.mod'
gfortran -O3 -fPIC -std=legacy -ffpe-trap=invalid,zero,overflow -ffree-line-length-none -fstack-protector-all -c src/variabledefs/OFmodule.f90 -o /gpfs/home/s376817/OpenFOAM/s376817-v2406/applications/utilities/waves2Foam/ThirdParty/OceanWave3D-Fortran90/../build/OFmodule.o -I/gpfs/home/s376817/OpenFOAM/s376817-v2406/applications/utilities/waves2Foam/ThirdParty/OceanWave3D-Fortran90/../build
renamed 'ofmodule.mod' -> '/gpfs/home/s376817/OpenFOAM/s376817-v2406/applications/utilities/waves2Foam/ThirdParty/OceanWave3D-Fortran90/../build/ofmodule.mod'
'thirdpartylibs/LIB_VTK_IO/static/lib_vtk_io.mod' -> '/gpfs/home/s376817/OpenFOAM/s376817-v2406/applications/utilities/waves2Foam/ThirdParty/OceanWave3D-Fortran90/../build/lib_vtk_io.mod'
gfortran -O3 -fPIC -std=legacy -ffpe-trap=invalid,zero,overflow -ffree-line-length-none -fstack-protector-all -c src/variabledefs/globalvariables.f90 -o /gpfs/home/s376817/OpenFOAM/s376817-v2406/applications/utilities/waves2Foam/ThirdParty/OceanWave3D-Fortran90/../build/globalvariables.o -I/gpfs/home/s376817/OpenFOAM/s376817-v2406/applications/utilities/waves2Foam/ThirdParty/OceanWave3D-Fortran90/../build
renamed 'globalvariables.mod' -> '/gpfs/home/s376817/OpenFOAM/s376817-v2406/applications/utilities/waves2Foam/ThirdParty/OceanWave3D-Fortran90/../build/globalvariables.mod'
'thirdpartylibs/LIB_VTK_IO/static/lib_vtk_io.mod' -> '/gpfs/home/s376817/OpenFOAM/s376817-v2406/applications/utilities/waves2Foam/ThirdParty/OceanWave3D-Fortran90/../build/lib_vtk_io.mod'
gfortran -O3 -fPIC -std=legacy -ffpe-trap=invalid,zero,overflow -ffree-line-length-none -fstack-protector-all -c src/variabledefs/pdamp_CSR.f90 -o /gpfs/home/s376817/OpenFOAM/s376817-v2406/applications/utilities/waves2Foam/ThirdParty/OceanWave3D-Fortran90/../build/pdamp_CSR.o -I/gpfs/home/s376817/OpenFOAM/s376817-v2406/applications/utilities/waves2Foam/ThirdParty/OceanWave3D-Fortran90/../build
renamed 'pdamp_csr.mod' -> '/gpfs/home/s376817/OpenFOAM/s376817-v2406/applications/utilities/waves2Foam/ThirdParty/OceanWave3D-Fortran90/../build/pdamp_csr.mod'
'thirdpartylibs/LIB_VTK_IO/static/lib_vtk_io.mod' -> '/gpfs/home/s376817/OpenFOAM/s376817-v2406/applications/utilities/waves2Foam/ThirdParty/OceanWave3D-Fortran90/../build/lib_vtk_io.mod'
gfortran -O3 -fPIC -std=legacy -ffpe-trap=invalid,zero,overflow -ffree-line-length-none -fstack-protector-all -c src/variabledefs/SPK.f90 -o /gpfs/home/s376817/OpenFOAM/s376817-v2406/applications/utilities/waves2Foam/ThirdParty/OceanWave3D-Fortran90/../build/SPK.o -I/gpfs/home/s376817/OpenFOAM/s376817-v2406/applications/utilities/waves2Foam/ThirdParty/OceanWave3D-Fortran90/../build
renamed 'spk.mod' -> '/gpfs/home/s376817/OpenFOAM/s376817-v2406/applications/utilities/waves2Foam/ThirdParty/OceanWave3D-Fortran90/../build/spk.mod'
'thirdpartylibs/LIB_VTK_IO/static/lib_vtk_io.mod' -> '/gpfs/home/s376817/OpenFOAM/s376817-v2406/applications/utilities/waves2Foam/ThirdParty/OceanWave3D-Fortran90/../build/lib_vtk_io.mod'
gfortran -O3 -fPIC -std=legacy -ffpe-trap=invalid,zero,overflow -ffree-line-length-none -fstack-protector-all -c src/utilities/ErfAux.f90 -o /gpfs/home/s376817/OpenFOAM/s376817-v2406/applications/utilities/waves2Foam/ThirdParty/OceanWave3D-Fortran90/../build/ErfAux.o -I/gpfs/home/s376817/OpenFOAM/s376817-v2406/applications/utilities/waves2Foam/ThirdParty/OceanWave3D-Fortran90/../build
renamed 'erf_auxilliary.mod' -> '/gpfs/home/s376817/OpenFOAM/s376817-v2406/applications/utilities/waves2Foam/ThirdParty/OceanWave3D-Fortran90/../build/erf_auxilliary.mod'
'thirdpartylibs/LIB_VTK_IO/static/lib_vtk_io.mod' -> '/gpfs/home/s376817/OpenFOAM/s376817-v2406/applications/utilities/waves2Foam/ThirdParty/OceanWave3D-Fortran90/../build/lib_vtk_io.mod'
gfortran -O3 -fPIC -std=legacy -ffpe-trap=invalid,zero,overflow -ffree-line-length-none -fstack-protector-all -c src/utilities/ErfReal.f90 -o /gpfs/home/s376817/OpenFOAM/s376817-v2406/applications/utilities/waves2Foam/ThirdParty/OceanWave3D-Fortran90/../build/ErfReal.o -I/gpfs/home/s376817/OpenFOAM/s376817-v2406/applications/utilities/waves2Foam/ThirdParty/OceanWave3D-Fortran90/../build
renamed 'error_function.mod' -> '/gpfs/home/s376817/OpenFOAM/s376817-v2406/applications/utilities/waves2Foam/ThirdParty/OceanWave3D-Fortran90/../build/error_function.mod'
'thirdpartylibs/LIB_VTK_IO/static/lib_vtk_io.mod' -> '/gpfs/home/s376817/OpenFOAM/s376817-v2406/applications/utilities/waves2Foam/ThirdParty/OceanWave3D-Fortran90/../build/lib_vtk_io.mod'
gfortran -O3 -fPIC -std=legacy -ffpe-trap=invalid,zero,overflow -ffree-line-length-none -fstack-protector-all -c src/utilities/DetectBreaking.f90 -o /gpfs/home/s376817/OpenFOAM/s376817-v2406/applications/utilities/waves2Foam/ThirdParty/OceanWave3D-Fortran90/../build/DetectBreaking.o -I/gpfs/home/s376817/OpenFOAM/s376817-v2406/applications/utilities/waves2Foam/ThirdParty/OceanWave3D-Fortran90/../build
gfortran -O3 -fPIC -std=legacy -ffpe-trap=invalid,zero,overflow -ffree-line-length-none -fstack-protector-all -c src/utilities/GASDEV.f90 -o /gpfs/home/s376817/OpenFOAM/s376817-v2406/applications/utilities/waves2Foam/ThirdParty/OceanWave3D-Fortran90/../build/GASDEV.o -I/gpfs/home/s376817/OpenFOAM/s376817-v2406/applications/utilities/waves2Foam/ThirdParty/OceanWave3D-Fortran90/../build
gfortran -O3 -fPIC -std=legacy -ffpe-trap=invalid,zero,overflow -ffree-line-length-none -fstack-protector-all -c src/utilities/JONSWAP_spectrum.f90 -o /gpfs/home/s376817/OpenFOAM/s376817-v2406/applications/utilities/waves2Foam/ThirdParty/OceanWave3D-Fortran90/../build/JONSWAP_spectrum.o -I/gpfs/home/s376817/OpenFOAM/s376817-v2406/applications/utilities/waves2Foam/ThirdParty/OceanWave3D-Fortran90/../build
gfortran -O3 -fPIC -std=legacy -ffpe-trap=invalid,zero,overflow -ffree-line-length-none -fstack-protector-all -c src/utilities/PM_spectrum.f90 -o /gpfs/home/s376817/OpenFOAM/s376817-v2406/applications/utilities/waves2Foam/ThirdParty/OceanWave3D-Fortran90/../build/PM_spectrum.o -I/gpfs/home/s376817/OpenFOAM/s376817-v2406/applications/utilities/waves2Foam/ThirdParty/OceanWave3D-Fortran90/../build
gfortran -O3 -fPIC -std=legacy -ffpe-trap=invalid,zero,overflow -ffree-line-length-none -fstack-protector-all -c src/utilities/RAN1_b.f90 -o /gpfs/home/s376817/OpenFOAM/s376817-v2406/applications/utilities/waves2Foam/ThirdParty/OceanWave3D-Fortran90/../build/RAN1_b.o -I/gpfs/home/s376817/OpenFOAM/s376817-v2406/applications/utilities/waves2Foam/ThirdParty/OceanWave3D-Fortran90/../build
gfortran -O3 -fPIC -std=legacy -ffpe-trap=invalid,zero,overflow -ffree-line-length-none -fstack-protector-all -c src/utilities/build_coeff.f90 -o /gpfs/home/s376817/OpenFOAM/s376817-v2406/applications/utilities/waves2Foam/ThirdParty/OceanWave3D-Fortran90/../build/build_coeff.o -I/gpfs/home/s376817/OpenFOAM/s376817-v2406/applications/utilities/waves2Foam/ThirdParty/OceanWave3D-Fortran90/../build
gfortran -O3 -fPIC -std=legacy -ffpe-trap=invalid,zero,overflow -ffree-line-length-none -fstack-protector-all -c src/utilities/build_coeff_3D.f90 -o /gpfs/home/s376817/OpenFOAM/s376817-v2406/applications/utilities/waves2Foam/ThirdParty/OceanWave3D-Fortran90/../build/build_coeff_3D.o -I/gpfs/home/s376817/OpenFOAM/s376817-v2406/applications/utilities/waves2Foam/ThirdParty/OceanWave3D-Fortran90/../build
gfortran -O3 -fPIC -std=legacy -ffpe-trap=invalid,zero,overflow -ffree-line-length-none -fstack-protector-all -c src/utilities/build_coeff_3D_Cos.f90 -o /gpfs/home/s376817/OpenFOAM/s376817-v2406/applications/utilities/waves2Foam/ThirdParty/OceanWave3D-Fortran90/../build/build_coeff_3D_Cos.o -I/gpfs/home/s376817/OpenFOAM/s376817-v2406/applications/utilities/waves2Foam/ThirdParty/OceanWave3D-Fortran90/../build
gfortran -O3 -fPIC -std=legacy -ffpe-trap=invalid,zero,overflow -ffree-line-length-none -fstack-protector-all -c src/utilities/distdot.f90 -o /gpfs/home/s376817/OpenFOAM/s376817-v2406/applications/utilities/waves2Foam/ThirdParty/OceanWave3D-Fortran90/../build/distdot.o -I/gpfs/home/s376817/OpenFOAM/s376817-v2406/applications/utilities/waves2Foam/ThirdParty/OceanWave3D-Fortran90/../build
gfortran -O3 -fPIC -std=legacy -ffpe-trap=invalid,zero,overflow -ffree-line-length-none -fstack-protector-all -c src/utilities/eqns.f -o /gpfs/home/s376817/OpenFOAM/s376817-v2406/applications/utilities/waves2Foam/ThirdParty/OceanWave3D-Fortran90/../build/eqns.o -I/gpfs/home/s376817/OpenFOAM/s376817-v2406/applications/utilities/waves2Foam/ThirdParty/OceanWave3D-Fortran90/../build
gfortran -O3 -fPIC -std=legacy -ffpe-trap=invalid,zero,overflow -ffree-line-length-none -fstack-protector-all -c src/utilities/fdwvnum.f90 -o /gpfs/home/s376817/OpenFOAM/s376817-v2406/applications/utilities/waves2Foam/ThirdParty/OceanWave3D-Fortran90/../build/fdwvnum.o -I/gpfs/home/s376817/OpenFOAM/s376817-v2406/applications/utilities/waves2Foam/ThirdParty/OceanWave3D-Fortran90/../build
gfortran -O3 -fPIC -std=legacy -ffpe-trap=invalid,zero,overflow -ffree-line-length-none -fstack-protector-all -c src/utilities/init.f -o /gpfs/home/s376817/OpenFOAM/s376817-v2406/applications/utilities/waves2Foam/ThirdParty/OceanWave3D-Fortran90/../build/init.o -I/gpfs/home/s376817/OpenFOAM/s376817-v2406/applications/utilities/waves2Foam/ThirdParty/OceanWave3D-Fortran90/../build
gfortran -O3 -fPIC -std=legacy -ffpe-trap=invalid,zero,overflow -ffree-line-length-none -fstack-protector-all -c src/utilities/LocalSmoothing2D.f90 -o /gpfs/home/s376817/OpenFOAM/s376817-v2406/applications/utilities/waves2Foam/ThirdParty/OceanWave3D-Fortran90/../build/LocalSmoothing2D.o -I/gpfs/home/s376817/OpenFOAM/s376817-v2406/applications/utilities/waves2Foam/ThirdParty/OceanWave3D-Fortran90/../build
gfortran -O3 -fPIC -std=legacy -ffpe-trap=invalid,zero,overflow -ffree-line-length-none -fstack-protector-all -c src/utilities/LocalSmoothing3D.f90 -o /gpfs/home/s376817/OpenFOAM/s376817-v2406/applications/utilities/waves2Foam/ThirdParty/OceanWave3D-Fortran90/../build/LocalSmoothing3D.o -I/gpfs/home/s376817/OpenFOAM/s376817-v2406/applications/utilities/waves2Foam/ThirdParty/OceanWave3D-Fortran90/../build
gfortran -O3 -fPIC -std=legacy -ffpe-trap=invalid,zero,overflow -ffree-line-length-none -fstack-protector-all -c src/utilities/lubksb.f90 -o /gpfs/home/s376817/OpenFOAM/s376817-v2406/applications/utilities/waves2Foam/ThirdParty/OceanWave3D-Fortran90/../build/lubksb.o -I/gpfs/home/s376817/OpenFOAM/s376817-v2406/applications/utilities/waves2Foam/ThirdParty/OceanWave3D-Fortran90/../build
gfortran -O3 -fPIC -std=legacy -ffpe-trap=invalid,zero,overflow -ffree-line-length-none -fstack-protector-all -c src/utilities/ludcmp.f90 -o /gpfs/home/s376817/OpenFOAM/s376817-v2406/applications/utilities/waves2Foam/ThirdParty/OceanWave3D-Fortran90/../build/ludcmp.o -I/gpfs/home/s376817/OpenFOAM/s376817-v2406/applications/utilities/waves2Foam/ThirdParty/OceanWave3D-Fortran90/../build
gfortran -O3 -fPIC -std=legacy -ffpe-trap=invalid,zero,overflow -ffree-line-length-none -fstack-protector-all -c src/utilities/ran1.f90 -o /gpfs/home/s376817/OpenFOAM/s376817-v2406/applications/utilities/waves2Foam/ThirdParty/OceanWave3D-Fortran90/../build/ran1.o -I/gpfs/home/s376817/OpenFOAM/s376817-v2406/applications/utilities/waves2Foam/ThirdParty/OceanWave3D-Fortran90/../build
gfortran -O3 -fPIC -std=legacy -ffpe-trap=invalid,zero,overflow -ffree-line-length-none -fstack-protector-all -c src/utilities/random_wave_coefficients.f90 -o /gpfs/home/s376817/OpenFOAM/s376817-v2406/applications/utilities/waves2Foam/ThirdParty/OceanWave3D-Fortran90/../build/random_wave_coefficients.o -I/gpfs/home/s376817/OpenFOAM/s376817-v2406/applications/utilities/waves2Foam/ThirdParty/OceanWave3D-Fortran90/../build
src/utilities/random_wave_coefficients.f90:60:73:

   60 |      CALL build_coeff(eta0, nt, Hs, Tp, dt, seed, seed2, 1,gamma_jonswap)
      |                                                                         1
Warning: More actual than formal arguments in procedure call at (1)
gfortran -O3 -fPIC -std=legacy -ffpe-trap=invalid,zero,overflow -ffree-line-length-none -fstack-protector-all -c src/utilities/random_wave_signal.f90 -o /gpfs/home/s376817/OpenFOAM/s376817-v2406/applications/utilities/waves2Foam/ThirdParty/OceanWave3D-Fortran90/../build/random_wave_signal.o -I/gpfs/home/s376817/OpenFOAM/s376817-v2406/applications/utilities/waves2Foam/ThirdParty/OceanWave3D-Fortran90/../build
gfortran -O3 -fPIC -std=legacy -ffpe-trap=invalid,zero,overflow -ffree-line-length-none -fstack-protector-all -c src/utilities/random_wave_signal_3D.f90 -o /gpfs/home/s376817/OpenFOAM/s376817-v2406/applications/utilities/waves2Foam/ThirdParty/OceanWave3D-Fortran90/../build/random_wave_signal_3D.o -I/gpfs/home/s376817/OpenFOAM/s376817-v2406/applications/utilities/waves2Foam/ThirdParty/OceanWave3D-Fortran90/../build
gfortran -O3 -fPIC -std=legacy -ffpe-trap=invalid,zero,overflow -ffree-line-length-none -fstack-protector-all -c src/utilities/savgol.f90 -o /gpfs/home/s376817/OpenFOAM/s376817-v2406/applications/utilities/waves2Foam/ThirdParty/OceanWave3D-Fortran90/../build/savgol.o -I/gpfs/home/s376817/OpenFOAM/s376817-v2406/applications/utilities/waves2Foam/ThirdParty/OceanWave3D-Fortran90/../build
gfortran -O3 -fPIC -std=legacy -ffpe-trap=invalid,zero,overflow -ffree-line-length-none -fstack-protector-all -c src/utilities/stream_func_coeffs.f -o /gpfs/home/s376817/OpenFOAM/s376817-v2406/applications/utilities/waves2Foam/ThirdParty/OceanWave3D-Fortran90/../build/stream_func_coeffs.o -I/gpfs/home/s376817/OpenFOAM/s376817-v2406/applications/utilities/waves2Foam/ThirdParty/OceanWave3D-Fortran90/../build
gfortran -O3 -fPIC -std=legacy -ffpe-trap=invalid,zero,overflow -ffree-line-length-none -fstack-protector-all -c src/utilities/stream_func_set_up.f90 -o /gpfs/home/s376817/OpenFOAM/s376817-v2406/applications/utilities/waves2Foam/ThirdParty/OceanWave3D-Fortran90/../build/stream_func_set_up.o -I/gpfs/home/s376817/OpenFOAM/s376817-v2406/applications/utilities/waves2Foam/ThirdParty/OceanWave3D-Fortran90/../build
gfortran -O3 -fPIC -std=legacy -ffpe-trap=invalid,zero,overflow -ffree-line-length-none -fstack-protector-all -c src/utilities/stream_func_wave_finite.f -o /gpfs/home/s376817/OpenFOAM/s376817-v2406/applications/utilities/waves2Foam/ThirdParty/OceanWave3D-Fortran90/../build/stream_func_wave_finite.o -I/gpfs/home/s376817/OpenFOAM/s376817-v2406/applications/utilities/waves2Foam/ThirdParty/OceanWave3D-Fortran90/../build
gfortran -O3 -fPIC -std=legacy -ffpe-trap=invalid,zero,overflow -ffree-line-length-none -fstack-protector-all -c src/utilities/waveGenerationFromPaddleSignal.f90 -o /gpfs/home/s376817/OpenFOAM/s376817-v2406/applications/utilities/waves2Foam/ThirdParty/OceanWave3D-Fortran90/../build/waveGenerationFromPaddleSignal.o -I/gpfs/home/s376817/OpenFOAM/s376817-v2406/applications/utilities/waves2Foam/ThirdParty/OceanWave3D-Fortran90/../build
gfortran -O3 -fPIC -std=legacy -ffpe-trap=invalid,zero,overflow -ffree-line-length-none -fstack-protector-all -c src/utilities/spreading.f90 -o /gpfs/home/s376817/OpenFOAM/s376817-v2406/applications/utilities/waves2Foam/ThirdParty/OceanWave3D-Fortran90/../build/spreading.o -I/gpfs/home/s376817/OpenFOAM/s376817-v2406/applications/utilities/waves2Foam/ThirdParty/OceanWave3D-Fortran90/../build
gfortran -O3 -fPIC -std=legacy -ffpe-trap=invalid,zero,overflow -ffree-line-length-none -fstack-protector-all -c src/analyticalsolutions/beachgen2.f90 -o /gpfs/home/s376817/OpenFOAM/s376817-v2406/applications/utilities/waves2Foam/ThirdParty/OceanWave3D-Fortran90/../build/beachgen2.o -I/gpfs/home/s376817/OpenFOAM/s376817-v2406/applications/utilities/waves2Foam/ThirdParty/OceanWave3D-Fortran90/../build
gfortran -O3 -fPIC -std=legacy -ffpe-trap=invalid,zero,overflow -ffree-line-length-none -fstack-protector-all -c src/analyticalsolutions/beachgen3D.f90 -o /gpfs/home/s376817/OpenFOAM/s376817-v2406/applications/utilities/waves2Foam/ThirdParty/OceanWave3D-Fortran90/../build/beachgen3D.o -I/gpfs/home/s376817/OpenFOAM/s376817-v2406/applications/utilities/waves2Foam/ThirdParty/OceanWave3D-Fortran90/../build
gfortran -O3 -fPIC -std=legacy -ffpe-trap=invalid,zero,overflow -ffree-line-length-none -fstack-protector-all -c src/analyticalsolutions/bottomBerkoff.f90 -o /gpfs/home/s376817/OpenFOAM/s376817-v2406/applications/utilities/waves2Foam/ThirdParty/OceanWave3D-Fortran90/../build/bottomBerkoff.o -I/gpfs/home/s376817/OpenFOAM/s376817-v2406/applications/utilities/waves2Foam/ThirdParty/OceanWave3D-Fortran90/../build
gfortran -O3 -fPIC -std=legacy -ffpe-trap=invalid,zero,overflow -ffree-line-length-none -fstack-protector-all -c src/analyticalsolutions/bottomWhalin.f90 -o /gpfs/home/s376817/OpenFOAM/s376817-v2406/applications/utilities/waves2Foam/ThirdParty/OceanWave3D-Fortran90/../build/bottomWhalin.o -I/gpfs/home/s376817/OpenFOAM/s376817-v2406/applications/utilities/waves2Foam/ThirdParty/OceanWave3D-Fortran90/../build
gfortran -O3 -fPIC -std=legacy -ffpe-trap=invalid,zero,overflow -ffree-line-length-none -fstack-protector-all -c src/analyticalsolutions/bottomVincent.f90 -o /gpfs/home/s376817/OpenFOAM/s376817-v2406/applications/utilities/waves2Foam/ThirdParty/OceanWave3D-Fortran90/../build/bottomVincent.o -I/gpfs/home/s376817/OpenFOAM/s376817-v2406/applications/utilities/waves2Foam/ThirdParty/OceanWave3D-Fortran90/../build
gfortran -O3 -fPIC -std=legacy -ffpe-trap=invalid,zero,overflow -ffree-line-length-none -fstack-protector-all -c src/analyticalsolutions/disper.f90 -o /gpfs/home/s376817/OpenFOAM/s376817-v2406/applications/utilities/waves2Foam/ThirdParty/OceanWave3D-Fortran90/../build/disper.o -I/gpfs/home/s376817/OpenFOAM/s376817-v2406/applications/utilities/waves2Foam/ThirdParty/OceanWave3D-Fortran90/../build
gfortran -O3 -fPIC -std=legacy -ffpe-trap=invalid,zero,overflow -ffree-line-length-none -fstack-protector-all -c src/analyticalsolutions/linearstandingwave2D.f90 -o /gpfs/home/s376817/OpenFOAM/s376817-v2406/applications/utilities/waves2Foam/ThirdParty/OceanWave3D-Fortran90/../build/linearstandingwave2D.o -I/gpfs/home/s376817/OpenFOAM/s376817-v2406/applications/utilities/waves2Foam/ThirdParty/OceanWave3D-Fortran90/../build
gfortran -O3 -fPIC -std=legacy -ffpe-trap=invalid,zero,overflow -ffree-line-length-none -fstack-protector-all -c src/analyticalsolutions/submergedbar2D.f90 -o /gpfs/home/s376817/OpenFOAM/s376817-v2406/applications/utilities/waves2Foam/ThirdParty/OceanWave3D-Fortran90/../build/submergedbar2D.o -I/gpfs/home/s376817/OpenFOAM/s376817-v2406/applications/utilities/waves2Foam/ThirdParty/OceanWave3D-Fortran90/../build
gfortran -O3 -fPIC -std=legacy -ffpe-trap=invalid,zero,overflow -ffree-line-length-none -fstack-protector-all -c src/analyticalsolutions/nonlinearstandingwave1D.f90 -o /gpfs/home/s376817/OpenFOAM/s376817-v2406/applications/utilities/waves2Foam/ThirdParty/OceanWave3D-Fortran90/../build/nonlinearstandingwave1D.o -I/gpfs/home/s376817/OpenFOAM/s376817-v2406/applications/utilities/waves2Foam/ThirdParty/OceanWave3D-Fortran90/../build
gfortran -O3 -fPIC -std=legacy -ffpe-trap=invalid,zero,overflow -ffree-line-length-none -fstack-protector-all -c src/curvilinear/BuildLinearSystemTransformedCurvilinear.f90 -o /gpfs/home/s376817/OpenFOAM/s376817-v2406/applications/utilities/waves2Foam/ThirdParty/OceanWave3D-Fortran90/../build/BuildLinearSystemTransformedCurvilinear.o -I/gpfs/home/s376817/OpenFOAM/s376817-v2406/applications/utilities/waves2Foam/ThirdParty/OceanWave3D-Fortran90/../build
gfortran -O3 -fPIC -std=legacy -ffpe-trap=invalid,zero,overflow -ffree-line-length-none -fstack-protector-all -c src/curvilinear/BuildLinearSystemTransformedMatrixCurvilinear.f90 -o /gpfs/home/s376817/OpenFOAM/s376817-v2406/applications/utilities/waves2Foam/ThirdParty/OceanWave3D-Fortran90/../build/BuildLinearSystemTransformedMatrixCurvilinear.o -I/gpfs/home/s376817/OpenFOAM/s376817-v2406/applications/utilities/waves2Foam/ThirdParty/OceanWave3D-Fortran90/../build
gfortran -O3 -fPIC -std=legacy -ffpe-trap=invalid,zero,overflow -ffree-line-length-none -fstack-protector-all -c src/curvilinear/ComputeNormalVectors.f90 -o /gpfs/home/s376817/OpenFOAM/s376817-v2406/applications/utilities/waves2Foam/ThirdParty/OceanWave3D-Fortran90/../build/ComputeNormalVectors.o -I/gpfs/home/s376817/OpenFOAM/s376817-v2406/applications/utilities/waves2Foam/ThirdParty/OceanWave3D-Fortran90/../build
gfortran -O3 -fPIC -std=legacy -ffpe-trap=invalid,zero,overflow -ffree-line-length-none -fstack-protector-all -c src/curvilinear/DetermineCurvilinearTransform2D.f90 -o /gpfs/home/s376817/OpenFOAM/s376817-v2406/applications/utilities/waves2Foam/ThirdParty/OceanWave3D-Fortran90/../build/DetermineCurvilinearTransform2D.o -I/gpfs/home/s376817/OpenFOAM/s376817-v2406/applications/utilities/waves2Foam/ThirdParty/OceanWave3D-Fortran90/../build
gfortran -O3 -fPIC -std=legacy -ffpe-trap=invalid,zero,overflow -ffree-line-length-none -fstack-protector-all -c src/curvilinear/DetermineGenericStencils.f90 -o /gpfs/home/s376817/OpenFOAM/s376817-v2406/applications/utilities/waves2Foam/ThirdParty/OceanWave3D-Fortran90/../build/DetermineGenericStencils.o -I/gpfs/home/s376817/OpenFOAM/s376817-v2406/applications/utilities/waves2Foam/ThirdParty/OceanWave3D-Fortran90/../build
gfortran -O3 -fPIC -std=legacy -ffpe-trap=invalid,zero,overflow -ffree-line-length-none -fstack-protector-all -c src/curvilinear/DetermineGenericStencilsUniform.f90 -o /gpfs/home/s376817/OpenFOAM/s376817-v2406/applications/utilities/waves2Foam/ThirdParty/OceanWave3D-Fortran90/../build/DetermineGenericStencilsUniform.o -I/gpfs/home/s376817/OpenFOAM/s376817-v2406/applications/utilities/waves2Foam/ThirdParty/OceanWave3D-Fortran90/../build
gfortran -O3 -fPIC -std=legacy -ffpe-trap=invalid,zero,overflow -ffree-line-length-none -fstack-protector-all -c src/curvilinear/DiffXuniform2D.f90 -o /gpfs/home/s376817/OpenFOAM/s376817-v2406/applications/utilities/waves2Foam/ThirdParty/OceanWave3D-Fortran90/../build/DiffXuniform2D.o -I/gpfs/home/s376817/OpenFOAM/s376817-v2406/applications/utilities/waves2Foam/ThirdParty/OceanWave3D-Fortran90/../build
gfortran -O3 -fPIC -std=legacy -ffpe-trap=invalid,zero,overflow -ffree-line-length-none -fstack-protector-all -c src/curvilinear/DiffXuniform3D.f90 -o /gpfs/home/s376817/OpenFOAM/s376817-v2406/applications/utilities/waves2Foam/ThirdParty/OceanWave3D-Fortran90/../build/DiffXuniform3D.o -I/gpfs/home/s376817/OpenFOAM/s376817-v2406/applications/utilities/waves2Foam/ThirdParty/OceanWave3D-Fortran90/../build
gfortran -O3 -fPIC -std=legacy -ffpe-trap=invalid,zero,overflow -ffree-line-length-none -fstack-protector-all -c src/curvilinear/DiffYuniform2D.f90 -o /gpfs/home/s376817/OpenFOAM/s376817-v2406/applications/utilities/waves2Foam/ThirdParty/OceanWave3D-Fortran90/../build/DiffYuniform2D.o -I/gpfs/home/s376817/OpenFOAM/s376817-v2406/applications/utilities/waves2Foam/ThirdParty/OceanWave3D-Fortran90/../build
gfortran -O3 -fPIC -std=legacy -ffpe-trap=invalid,zero,overflow -ffree-line-length-none -fstack-protector-all -c src/curvilinear/DiffYuniform3D.f90 -o /gpfs/home/s376817/OpenFOAM/s376817-v2406/applications/utilities/waves2Foam/ThirdParty/OceanWave3D-Fortran90/../build/DiffYuniform3D.o -I/gpfs/home/s376817/OpenFOAM/s376817-v2406/applications/utilities/waves2Foam/ThirdParty/OceanWave3D-Fortran90/../build
gfortran -O3 -fPIC -std=legacy -ffpe-trap=invalid,zero,overflow -ffree-line-length-none -fstack-protector-all -c src/curvilinear/DiffZuniform3D.f90 -o /gpfs/home/s376817/OpenFOAM/s376817-v2406/applications/utilities/waves2Foam/ThirdParty/OceanWave3D-Fortran90/../build/DiffZuniform3D.o -I/gpfs/home/s376817/OpenFOAM/s376817-v2406/applications/utilities/waves2Foam/ThirdParty/OceanWave3D-Fortran90/../build
gfortran -O3 -fPIC -std=legacy -ffpe-trap=invalid,zero,overflow -ffree-line-length-none -fstack-protector-all -c src/fft/DCOSSINFT2D.f90 -o /gpfs/home/s376817/OpenFOAM/s376817-v2406/applications/utilities/waves2Foam/ThirdParty/OceanWave3D-Fortran90/../build/DCOSSINFT2D.o -I/gpfs/home/s376817/OpenFOAM/s376817-v2406/applications/utilities/waves2Foam/ThirdParty/OceanWave3D-Fortran90/../build
gfortran -O3 -fPIC -std=legacy -ffpe-trap=invalid,zero,overflow -ffree-line-length-none -fstack-protector-all -c src/fft/DREALFT.f90 -o /gpfs/home/s376817/OpenFOAM/s376817-v2406/applications/utilities/waves2Foam/ThirdParty/OceanWave3D-Fortran90/../build/DREALFT.o -I/gpfs/home/s376817/OpenFOAM/s376817-v2406/applications/utilities/waves2Foam/ThirdParty/OceanWave3D-Fortran90/../build
gfortran -O3 -fPIC -std=legacy -ffpe-trap=invalid,zero,overflow -ffree-line-length-none -fstack-protector-all -c src/fft/DSINCOSFT2D.f90 -o /gpfs/home/s376817/OpenFOAM/s376817-v2406/applications/utilities/waves2Foam/ThirdParty/OceanWave3D-Fortran90/../build/DSINCOSFT2D.o -I/gpfs/home/s376817/OpenFOAM/s376817-v2406/applications/utilities/waves2Foam/ThirdParty/OceanWave3D-Fortran90/../build
gfortran -O3 -fPIC -std=legacy -ffpe-trap=invalid,zero,overflow -ffree-line-length-none -fstack-protector-all -c src/fft/DSINFT.f90 -o /gpfs/home/s376817/OpenFOAM/s376817-v2406/applications/utilities/waves2Foam/ThirdParty/OceanWave3D-Fortran90/../build/DSINFT.o -I/gpfs/home/s376817/OpenFOAM/s376817-v2406/applications/utilities/waves2Foam/ThirdParty/OceanWave3D-Fortran90/../build
gfortran -O3 -fPIC -std=legacy -ffpe-trap=invalid,zero,overflow -ffree-line-length-none -fstack-protector-all -c src/fft/FOUR1.f90 -o /gpfs/home/s376817/OpenFOAM/s376817-v2406/applications/utilities/waves2Foam/ThirdParty/OceanWave3D-Fortran90/../build/FOUR1.o -I/gpfs/home/s376817/OpenFOAM/s376817-v2406/applications/utilities/waves2Foam/ThirdParty/OceanWave3D-Fortran90/../build
gfortran -O3 -fPIC -std=legacy -ffpe-trap=invalid,zero,overflow -ffree-line-length-none -fstack-protector-all -c src/fft/REALFT.f90 -o /gpfs/home/s376817/OpenFOAM/s376817-v2406/applications/utilities/waves2Foam/ThirdParty/OceanWave3D-Fortran90/../build/REALFT.o -I/gpfs/home/s376817/OpenFOAM/s376817-v2406/applications/utilities/waves2Foam/ThirdParty/OceanWave3D-Fortran90/../build
gfortran -O3 -fPIC -std=legacy -ffpe-trap=invalid,zero,overflow -ffree-line-length-none -fstack-protector-all -c src/fft/SINFT1.f90 -o /gpfs/home/s376817/OpenFOAM/s376817-v2406/applications/utilities/waves2Foam/ThirdParty/OceanWave3D-Fortran90/../build/SINFT1.o -I/gpfs/home/s376817/OpenFOAM/s376817-v2406/applications/utilities/waves2Foam/ThirdParty/OceanWave3D-Fortran90/../build
gfortran -O3 -fPIC -std=legacy -ffpe-trap=invalid,zero,overflow -ffree-line-length-none -fstack-protector-all -c src/fft/cosft1.f90 -o /gpfs/home/s376817/OpenFOAM/s376817-v2406/applications/utilities/waves2Foam/ThirdParty/OceanWave3D-Fortran90/../build/cosft1.o -I/gpfs/home/s376817/OpenFOAM/s376817-v2406/applications/utilities/waves2Foam/ThirdParty/OceanWave3D-Fortran90/../build
gfortran -O3 -fPIC -std=legacy -ffpe-trap=invalid,zero,overflow -ffree-line-length-none -fstack-protector-all -c src/fft/dFOUR1.f90 -o /gpfs/home/s376817/OpenFOAM/s376817-v2406/applications/utilities/waves2Foam/ThirdParty/OceanWave3D-Fortran90/../build/dFOUR1.o -I/gpfs/home/s376817/OpenFOAM/s376817-v2406/applications/utilities/waves2Foam/ThirdParty/OceanWave3D-Fortran90/../build
gfortran -O3 -fPIC -std=legacy -ffpe-trap=invalid,zero,overflow -ffree-line-length-none -fstack-protector-all -c src/fft/dcosft.f90 -o /gpfs/home/s376817/OpenFOAM/s376817-v2406/applications/utilities/waves2Foam/ThirdParty/OceanWave3D-Fortran90/../build/dcosft.o -I/gpfs/home/s376817/OpenFOAM/s376817-v2406/applications/utilities/waves2Foam/ThirdParty/OceanWave3D-Fortran90/../build
gfortran -O3 -fPIC -std=legacy -ffpe-trap=invalid,zero,overflow -ffree-line-length-none -fstack-protector-all -c src/fft/dcosft2d.f90 -o /gpfs/home/s376817/OpenFOAM/s376817-v2406/applications/utilities/waves2Foam/ThirdParty/OceanWave3D-Fortran90/../build/dcosft2d.o -I/gpfs/home/s376817/OpenFOAM/s376817-v2406/applications/utilities/waves2Foam/ThirdParty/OceanWave3D-Fortran90/../build
gfortran -O3 -fPIC -std=legacy -ffpe-trap=invalid,zero,overflow -ffree-line-length-none -fstack-protector-all -c src/functions/ALLOCATE_Wavefield_Type.f90 -o /gpfs/home/s376817/OpenFOAM/s376817-v2406/applications/utilities/waves2Foam/ThirdParty/OceanWave3D-Fortran90/../build/ALLOCATE_Wavefield_Type.o -I/gpfs/home/s376817/OpenFOAM/s376817-v2406/applications/utilities/waves2Foam/ThirdParty/OceanWave3D-Fortran90/../build
gfortran -O3 -fPIC -std=legacy -ffpe-trap=invalid,zero,overflow -ffree-line-length-none -fstack-protector-all -c src/functions/ASSIGN_IncidentWavefield.f90 -o /gpfs/home/s376817/OpenFOAM/s376817-v2406/applications/utilities/waves2Foam/ThirdParty/OceanWave3D-Fortran90/../build/ASSIGN_IncidentWavefield.o -I/gpfs/home/s376817/OpenFOAM/s376817-v2406/applications/utilities/waves2Foam/ThirdParty/OceanWave3D-Fortran90/../build
gfortran -O3 -fPIC -std=legacy -ffpe-trap=invalid,zero,overflow -ffree-line-length-none -fstack-protector-all -c src/functions/AnalyticWaveMaker2D.f90 -o /gpfs/home/s376817/OpenFOAM/s376817-v2406/applications/utilities/waves2Foam/ThirdParty/OceanWave3D-Fortran90/../build/AnalyticWaveMaker2D.o -I/gpfs/home/s376817/OpenFOAM/s376817-v2406/applications/utilities/waves2Foam/ThirdParty/OceanWave3D-Fortran90/../build
gfortran -O3 -fPIC -std=legacy -ffpe-trap=invalid,zero,overflow -ffree-line-length-none -fstack-protector-all -c src/functions/BESSH.f90 -o /gpfs/home/s376817/OpenFOAM/s376817-v2406/applications/utilities/waves2Foam/ThirdParty/OceanWave3D-Fortran90/../build/BESSH.o -I/gpfs/home/s376817/OpenFOAM/s376817-v2406/applications/utilities/waves2Foam/ThirdParty/OceanWave3D-Fortran90/../build
gfortran -O3 -fPIC -std=legacy -ffpe-trap=invalid,zero,overflow -ffree-line-length-none -fstack-protector-all -c src/functions/BESSHP.f90 -o /gpfs/home/s376817/OpenFOAM/s376817-v2406/applications/utilities/waves2Foam/ThirdParty/OceanWave3D-Fortran90/../build/BESSHP.o -I/gpfs/home/s376817/OpenFOAM/s376817-v2406/applications/utilities/waves2Foam/ThirdParty/OceanWave3D-Fortran90/../build
gfortran -O3 -fPIC -std=legacy -ffpe-trap=invalid,zero,overflow -ffree-line-length-none -fstack-protector-all -c src/functions/BESSJ0.f90 -o /gpfs/home/s376817/OpenFOAM/s376817-v2406/applications/utilities/waves2Foam/ThirdParty/OceanWave3D-Fortran90/../build/BESSJ0.o -I/gpfs/home/s376817/OpenFOAM/s376817-v2406/applications/utilities/waves2Foam/ThirdParty/OceanWave3D-Fortran90/../build
gfortran -O3 -fPIC -std=legacy -ffpe-trap=invalid,zero,overflow -ffree-line-length-none -fstack-protector-all -c src/functions/BESSJ1.f90 -o /gpfs/home/s376817/OpenFOAM/s376817-v2406/applications/utilities/waves2Foam/ThirdParty/OceanWave3D-Fortran90/../build/BESSJ1.o -I/gpfs/home/s376817/OpenFOAM/s376817-v2406/applications/utilities/waves2Foam/ThirdParty/OceanWave3D-Fortran90/../build
gfortran -O3 -fPIC -std=legacy -ffpe-trap=invalid,zero,overflow -ffree-line-length-none -fstack-protector-all -c src/functions/BESSJP.f90 -o /gpfs/home/s376817/OpenFOAM/s376817-v2406/applications/utilities/waves2Foam/ThirdParty/OceanWave3D-Fortran90/../build/BESSJP.o -I/gpfs/home/s376817/OpenFOAM/s376817-v2406/applications/utilities/waves2Foam/ThirdParty/OceanWave3D-Fortran90/../build
gfortran -O3 -fPIC -std=legacy -ffpe-trap=invalid,zero,overflow -ffree-line-length-none -fstack-protector-all -c src/functions/BESSY.f90 -o /gpfs/home/s376817/OpenFOAM/s376817-v2406/applications/utilities/waves2Foam/ThirdParty/OceanWave3D-Fortran90/../build/BESSY.o -I/gpfs/home/s376817/OpenFOAM/s376817-v2406/applications/utilities/waves2Foam/ThirdParty/OceanWave3D-Fortran90/../build
gfortran -O3 -fPIC -std=legacy -ffpe-trap=invalid,zero,overflow -ffree-line-length-none -fstack-protector-all -c src/functions/BESSY0.f90 -o /gpfs/home/s376817/OpenFOAM/s376817-v2406/applications/utilities/waves2Foam/ThirdParty/OceanWave3D-Fortran90/../build/BESSY0.o -I/gpfs/home/s376817/OpenFOAM/s376817-v2406/applications/utilities/waves2Foam/ThirdParty/OceanWave3D-Fortran90/../build
gfortran -O3 -fPIC -std=legacy -ffpe-trap=invalid,zero,overflow -ffree-line-length-none -fstack-protector-all -c src/functions/BESSY1.f90 -o /gpfs/home/s376817/OpenFOAM/s376817-v2406/applications/utilities/waves2Foam/ThirdParty/OceanWave3D-Fortran90/../build/BESSY1.o -I/gpfs/home/s376817/OpenFOAM/s376817-v2406/applications/utilities/waves2Foam/ThirdParty/OceanWave3D-Fortran90/../build
gfortran -O3 -fPIC -std=legacy -ffpe-trap=invalid,zero,overflow -ffree-line-length-none -fstack-protector-all -c src/functions/BESSYP.f90 -o /gpfs/home/s376817/OpenFOAM/s376817-v2406/applications/utilities/waves2Foam/ThirdParty/OceanWave3D-Fortran90/../build/BESSYP.o -I/gpfs/home/s376817/OpenFOAM/s376817-v2406/applications/utilities/waves2Foam/ThirdParty/OceanWave3D-Fortran90/../build
gfortran -O3 -fPIC -std=legacy -ffpe-trap=invalid,zero,overflow -ffree-line-length-none -fstack-protector-all -c src/functions/BuildStencil_1D_Uneven.f90 -o /gpfs/home/s376817/OpenFOAM/s376817-v2406/applications/utilities/waves2Foam/ThirdParty/OceanWave3D-Fortran90/../build/BuildStencil_1D_Uneven.o -I/gpfs/home/s376817/OpenFOAM/s376817-v2406/applications/utilities/waves2Foam/ThirdParty/OceanWave3D-Fortran90/../build
gfortran -O3 -fPIC -std=legacy -ffpe-trap=invalid,zero,overflow -ffree-line-length-none -fstack-protector-all -c src/functions/BuildLinearSystem.f90 -o /gpfs/home/s376817/OpenFOAM/s376817-v2406/applications/utilities/waves2Foam/ThirdParty/OceanWave3D-Fortran90/../build/BuildLinearSystem.o -I/gpfs/home/s376817/OpenFOAM/s376817-v2406/applications/utilities/waves2Foam/ThirdParty/OceanWave3D-Fortran90/../build
gfortran -O3 -fPIC -std=legacy -ffpe-trap=invalid,zero,overflow -ffree-line-length-none -fstack-protector-all -c src/functions/BuildPDampMatrices.f90 -o /gpfs/home/s376817/OpenFOAM/s376817-v2406/applications/utilities/waves2Foam/ThirdParty/OceanWave3D-Fortran90/../build/BuildPDampMatrices.o -I/gpfs/home/s376817/OpenFOAM/s376817-v2406/applications/utilities/waves2Foam/ThirdParty/OceanWave3D-Fortran90/../build
gfortran -O3 -fPIC -std=legacy -ffpe-trap=invalid,zero,overflow -ffree-line-length-none -fstack-protector-all -c src/functions/BuildLinearSystemMatrix.f90 -o /gpfs/home/s376817/OpenFOAM/s376817-v2406/applications/utilities/waves2Foam/ThirdParty/OceanWave3D-Fortran90/../build/BuildLinearSystemMatrix.o -I/gpfs/home/s376817/OpenFOAM/s376817-v2406/applications/utilities/waves2Foam/ThirdParty/OceanWave3D-Fortran90/../build
gfortran -O3 -fPIC -std=legacy -ffpe-trap=invalid,zero,overflow -ffree-line-length-none -fstack-protector-all -c src/functions/CSRdiaREORDER.f90 -o /gpfs/home/s376817/OpenFOAM/s376817-v2406/applications/utilities/waves2Foam/ThirdParty/OceanWave3D-Fortran90/../build/CSRdiaREORDER.o -I/gpfs/home/s376817/OpenFOAM/s376817-v2406/applications/utilities/waves2Foam/ThirdParty/OceanWave3D-Fortran90/../build
gfortran -O3 -fPIC -std=legacy -ffpe-trap=invalid,zero,overflow -ffree-line-length-none -fstack-protector-all -c src/functions/CleanSparseMatrixCOO.f90 -o /gpfs/home/s376817/OpenFOAM/s376817-v2406/applications/utilities/waves2Foam/ThirdParty/OceanWave3D-Fortran90/../build/CleanSparseMatrixCOO.o -I/gpfs/home/s376817/OpenFOAM/s376817-v2406/applications/utilities/waves2Foam/ThirdParty/OceanWave3D-Fortran90/../build
gfortran -O3 -fPIC -std=legacy -ffpe-trap=invalid,zero,overflow -ffree-line-length-none -fstack-protector-all -c src/functions/CleanSparseMatrixCSR.f90 -o /gpfs/home/s376817/OpenFOAM/s376817-v2406/applications/utilities/waves2Foam/ThirdParty/OceanWave3D-Fortran90/../build/CleanSparseMatrixCSR.o -I/gpfs/home/s376817/OpenFOAM/s376817-v2406/applications/utilities/waves2Foam/ThirdParty/OceanWave3D-Fortran90/../build
gfortran -O3 -fPIC -std=legacy -ffpe-trap=invalid,zero,overflow -ffree-line-length-none -fstack-protector-all -c src/functions/CleanSparseMatrixCOOold.f90 -o /gpfs/home/s376817/OpenFOAM/s376817-v2406/applications/utilities/waves2Foam/ThirdParty/OceanWave3D-Fortran90/../build/CleanSparseMatrixCOOold.o -I/gpfs/home/s376817/OpenFOAM/s376817-v2406/applications/utilities/waves2Foam/ThirdParty/OceanWave3D-Fortran90/../build
gfortran -O3 -fPIC -std=legacy -ffpe-trap=invalid,zero,overflow -ffree-line-length-none -fstack-protector-all -c src/functions/ConstructTableCrossDerivatives.f90 -o /gpfs/home/s376817/OpenFOAM/s376817-v2406/applications/utilities/waves2Foam/ThirdParty/OceanWave3D-Fortran90/../build/ConstructTableCrossDerivatives.o -I/gpfs/home/s376817/OpenFOAM/s376817-v2406/applications/utilities/waves2Foam/ThirdParty/OceanWave3D-Fortran90/../build
gfortran -O3 -fPIC -std=legacy -ffpe-trap=invalid,zero,overflow -ffree-line-length-none -fstack-protector-all -c src/functions/ConstructTableCrossDerivatives_Curvilinear.f90 -o /gpfs/home/s376817/OpenFOAM/s376817-v2406/applications/utilities/waves2Foam/ThirdParty/OceanWave3D-Fortran90/../build/ConstructTableCrossDerivatives_Curvilinear.o -I/gpfs/home/s376817/OpenFOAM/s376817-v2406/applications/utilities/waves2Foam/ThirdParty/OceanWave3D-Fortran90/../build
gfortran -O3 -fPIC -std=legacy -ffpe-trap=invalid,zero,overflow -ffree-line-length-none -fstack-protector-all -c src/functions/ConvertCOOtoCSR.f90 -o /gpfs/home/s376817/OpenFOAM/s376817-v2406/applications/utilities/waves2Foam/ThirdParty/OceanWave3D-Fortran90/../build/ConvertCOOtoCSR.o -I/gpfs/home/s376817/OpenFOAM/s376817-v2406/applications/utilities/waves2Foam/ThirdParty/OceanWave3D-Fortran90/../build
gfortran -O3 -fPIC -std=legacy -ffpe-trap=invalid,zero,overflow -ffree-line-length-none -fstack-protector-all -c src/functions/ConvertCSRtoCOO.f90 -o /gpfs/home/s376817/OpenFOAM/s376817-v2406/applications/utilities/waves2Foam/ThirdParty/OceanWave3D-Fortran90/../build/ConvertCSRtoCOO.o -I/gpfs/home/s376817/OpenFOAM/s376817-v2406/applications/utilities/waves2Foam/ThirdParty/OceanWave3D-Fortran90/../build
gfortran -O3 -fPIC -std=legacy -ffpe-trap=invalid,zero,overflow -ffree-line-length-none -fstack-protector-all -c src/functions/DEALLOCATE_Wavefield_Type.f90 -o /gpfs/home/s376817/OpenFOAM/s376817-v2406/applications/utilities/waves2Foam/ThirdParty/OceanWave3D-Fortran90/../build/DEALLOCATE_Wavefield_Type.o -I/gpfs/home/s376817/OpenFOAM/s376817-v2406/applications/utilities/waves2Foam/ThirdParty/OceanWave3D-Fortran90/../build
gfortran -O3 -fPIC -std=legacy -ffpe-trap=invalid,zero,overflow -ffree-line-length-none -fstack-protector-all -c src/functions/DetermineTransformationConstants.f90 -o /gpfs/home/s376817/OpenFOAM/s376817-v2406/applications/utilities/waves2Foam/ThirdParty/OceanWave3D-Fortran90/../build/DetermineTransformationConstants.o -I/gpfs/home/s376817/OpenFOAM/s376817-v2406/applications/utilities/waves2Foam/ThirdParty/OceanWave3D-Fortran90/../build
gfortran -O3 -fPIC -std=legacy -ffpe-trap=invalid,zero,overflow -ffree-line-length-none -fstack-protector-all -c src/functions/DetermineTransformationConstantsArray.f90 -o /gpfs/home/s376817/OpenFOAM/s376817-v2406/applications/utilities/waves2Foam/ThirdParty/OceanWave3D-Fortran90/../build/DetermineTransformationConstantsArray.o -I/gpfs/home/s376817/OpenFOAM/s376817-v2406/applications/utilities/waves2Foam/ThirdParty/OceanWave3D-Fortran90/../build
gfortran -O3 -fPIC -std=legacy -ffpe-trap=invalid,zero,overflow -ffree-line-length-none -fstack-protector-all -c src/functions/DfDx_1D_Uneven.f90 -o /gpfs/home/s376817/OpenFOAM/s376817-v2406/applications/utilities/waves2Foam/ThirdParty/OceanWave3D-Fortran90/../build/DfDx_1D_Uneven.o -I/gpfs/home/s376817/OpenFOAM/s376817-v2406/applications/utilities/waves2Foam/ThirdParty/OceanWave3D-Fortran90/../build
gfortran -O3 -fPIC -std=legacy -ffpe-trap=invalid,zero,overflow -ffree-line-length-none -fstack-protector-all -c src/functions/DiffStencilsZ_modif.f90 -o /gpfs/home/s376817/OpenFOAM/s376817-v2406/applications/utilities/waves2Foam/ThirdParty/OceanWave3D-Fortran90/../build/DiffStencilsZ_modif.o -I/gpfs/home/s376817/OpenFOAM/s376817-v2406/applications/utilities/waves2Foam/ThirdParty/OceanWave3D-Fortran90/../build
gfortran -O3 -fPIC -std=legacy -ffpe-trap=invalid,zero,overflow -ffree-line-length-none -fstack-protector-all -c src/functions/DiffXEven.f90 -o /gpfs/home/s376817/OpenFOAM/s376817-v2406/applications/utilities/waves2Foam/ThirdParty/OceanWave3D-Fortran90/../build/DiffXEven.o -I/gpfs/home/s376817/OpenFOAM/s376817-v2406/applications/utilities/waves2Foam/ThirdParty/OceanWave3D-Fortran90/../build
gfortran -O3 -fPIC -std=legacy -ffpe-trap=invalid,zero,overflow -ffree-line-length-none -fstack-protector-all -c src/functions/DiffXEvenCurvilinear.f90 -o /gpfs/home/s376817/OpenFOAM/s376817-v2406/applications/utilities/waves2Foam/ThirdParty/OceanWave3D-Fortran90/../build/DiffXEvenCurvilinear.o -I/gpfs/home/s376817/OpenFOAM/s376817-v2406/applications/utilities/waves2Foam/ThirdParty/OceanWave3D-Fortran90/../build
gfortran -O3 -fPIC -std=legacy -ffpe-trap=invalid,zero,overflow -ffree-line-length-none -fstack-protector-all -c src/functions/DiffXEven_CD.f90 -o /gpfs/home/s376817/OpenFOAM/s376817-v2406/applications/utilities/waves2Foam/ThirdParty/OceanWave3D-Fortran90/../build/DiffXEven_CD.o -I/gpfs/home/s376817/OpenFOAM/s376817-v2406/applications/utilities/waves2Foam/ThirdParty/OceanWave3D-Fortran90/../build
gfortran -O3 -fPIC -std=legacy -ffpe-trap=invalid,zero,overflow -ffree-line-length-none -fstack-protector-all -c src/functions/DiffXXEvenCurvilinear.f90 -o /gpfs/home/s376817/OpenFOAM/s376817-v2406/applications/utilities/waves2Foam/ThirdParty/OceanWave3D-Fortran90/../build/DiffXXEvenCurvilinear.o -I/gpfs/home/s376817/OpenFOAM/s376817-v2406/applications/utilities/waves2Foam/ThirdParty/OceanWave3D-Fortran90/../build
gfortran -O3 -fPIC -std=legacy -ffpe-trap=invalid,zero,overflow -ffree-line-length-none -fstack-protector-all -c src/functions/DiffXXEvenCurvilinear_CD.f90 -o /gpfs/home/s376817/OpenFOAM/s376817-v2406/applications/utilities/waves2Foam/ThirdParty/OceanWave3D-Fortran90/../build/DiffXXEvenCurvilinear_CD.o -I/gpfs/home/s376817/OpenFOAM/s376817-v2406/applications/utilities/waves2Foam/ThirdParty/OceanWave3D-Fortran90/../build
gfortran -O3 -fPIC -std=legacy -ffpe-trap=invalid,zero,overflow -ffree-line-length-none -fstack-protector-all -c src/functions/DiffXuniform3D_CD.f90 -o /gpfs/home/s376817/OpenFOAM/s376817-v2406/applications/utilities/waves2Foam/ThirdParty/OceanWave3D-Fortran90/../build/DiffXuniform3D_CD.o -I/gpfs/home/s376817/OpenFOAM/s376817-v2406/applications/utilities/waves2Foam/ThirdParty/OceanWave3D-Fortran90/../build
gfortran -O3 -fPIC -std=legacy -ffpe-trap=invalid,zero,overflow -ffree-line-length-none -fstack-protector-all -c src/functions/DiffYEven.f90 -o /gpfs/home/s376817/OpenFOAM/s376817-v2406/applications/utilities/waves2Foam/ThirdParty/OceanWave3D-Fortran90/../build/DiffYEven.o -I/gpfs/home/s376817/OpenFOAM/s376817-v2406/applications/utilities/waves2Foam/ThirdParty/OceanWave3D-Fortran90/../build
gfortran -O3 -fPIC -std=legacy -ffpe-trap=invalid,zero,overflow -ffree-line-length-none -fstack-protector-all -c src/functions/DiffYEvenCurvilinear.f90 -o /gpfs/home/s376817/OpenFOAM/s376817-v2406/applications/utilities/waves2Foam/ThirdParty/OceanWave3D-Fortran90/../build/DiffYEvenCurvilinear.o -I/gpfs/home/s376817/OpenFOAM/s376817-v2406/applications/utilities/waves2Foam/ThirdParty/OceanWave3D-Fortran90/../build
gfortran -O3 -fPIC -std=legacy -ffpe-trap=invalid,zero,overflow -ffree-line-length-none -fstack-protector-all -c src/functions/DiffYEven_CD.f90 -o /gpfs/home/s376817/OpenFOAM/s376817-v2406/applications/utilities/waves2Foam/ThirdParty/OceanWave3D-Fortran90/../build/DiffYEven_CD.o -I/gpfs/home/s376817/OpenFOAM/s376817-v2406/applications/utilities/waves2Foam/ThirdParty/OceanWave3D-Fortran90/../build
gfortran -O3 -fPIC -std=legacy -ffpe-trap=invalid,zero,overflow -ffree-line-length-none -fstack-protector-all -c src/functions/DiffYYEvenCurvilinear.f90 -o /gpfs/home/s376817/OpenFOAM/s376817-v2406/applications/utilities/waves2Foam/ThirdParty/OceanWave3D-Fortran90/../build/DiffYYEvenCurvilinear.o -I/gpfs/home/s376817/OpenFOAM/s376817-v2406/applications/utilities/waves2Foam/ThirdParty/OceanWave3D-Fortran90/../build
gfortran -O3 -fPIC -std=legacy -ffpe-trap=invalid,zero,overflow -ffree-line-length-none -fstack-protector-all -c src/functions/DiffYYEvenCurvilinear_CD.f90 -o /gpfs/home/s376817/OpenFOAM/s376817-v2406/applications/utilities/waves2Foam/ThirdParty/OceanWave3D-Fortran90/../build/DiffYYEvenCurvilinear_CD.o -I/gpfs/home/s376817/OpenFOAM/s376817-v2406/applications/utilities/waves2Foam/ThirdParty/OceanWave3D-Fortran90/../build
gfortran -O3 -fPIC -std=legacy -ffpe-trap=invalid,zero,overflow -ffree-line-length-none -fstack-protector-all -c src/functions/DiffYuniform3D_CD.f90 -o /gpfs/home/s376817/OpenFOAM/s376817-v2406/applications/utilities/waves2Foam/ThirdParty/OceanWave3D-Fortran90/../build/DiffYuniform3D_CD.o -I/gpfs/home/s376817/OpenFOAM/s376817-v2406/applications/utilities/waves2Foam/ThirdParty/OceanWave3D-Fortran90/../build
gfortran -O3 -fPIC -std=legacy -ffpe-trap=invalid,zero,overflow -ffree-line-length-none -fstack-protector-all -c src/functions/DiffZArbitrary.f90 -o /gpfs/home/s376817/OpenFOAM/s376817-v2406/applications/utilities/waves2Foam/ThirdParty/OceanWave3D-Fortran90/../build/DiffZArbitrary.o -I/gpfs/home/s376817/OpenFOAM/s376817-v2406/applications/utilities/waves2Foam/ThirdParty/OceanWave3D-Fortran90/../build
gfortran -O3 -fPIC -std=legacy -ffpe-trap=invalid,zero,overflow -ffree-line-length-none -fstack-protector-all -c src/functions/DiffZArbitrary_CD.f90 -o /gpfs/home/s376817/OpenFOAM/s376817-v2406/applications/utilities/waves2Foam/ThirdParty/OceanWave3D-Fortran90/../build/DiffZArbitrary_CD.o -I/gpfs/home/s376817/OpenFOAM/s376817-v2406/applications/utilities/waves2Foam/ThirdParty/OceanWave3D-Fortran90/../build
gfortran -O3 -fPIC -std=legacy -ffpe-trap=invalid,zero,overflow -ffree-line-length-none -fstack-protector-all -c src/functions/DiffZuniform3D_CD.f90 -o /gpfs/home/s376817/OpenFOAM/s376817-v2406/applications/utilities/waves2Foam/ThirdParty/OceanWave3D-Fortran90/../build/DiffZuniform3D_CD.o -I/gpfs/home/s376817/OpenFOAM/s376817-v2406/applications/utilities/waves2Foam/ThirdParty/OceanWave3D-Fortran90/../build
gfortran -O3 -fPIC -std=legacy -ffpe-trap=invalid,zero,overflow -ffree-line-length-none -fstack-protector-all -c src/functions/DiscardGhostLayer.f90 -o /gpfs/home/s376817/OpenFOAM/s376817-v2406/applications/utilities/waves2Foam/ThirdParty/OceanWave3D-Fortran90/../build/DiscardGhostLayer.o -I/gpfs/home/s376817/OpenFOAM/s376817-v2406/applications/utilities/waves2Foam/ThirdParty/OceanWave3D-Fortran90/../build
gfortran -O3 -fPIC -std=legacy -ffpe-trap=invalid,zero,overflow -ffree-line-length-none -fstack-protector-all -c src/functions/DiscardSpaces.f90 -o /gpfs/home/s376817/OpenFOAM/s376817-v2406/applications/utilities/waves2Foam/ThirdParty/OceanWave3D-Fortran90/../build/DiscardSpaces.o -I/gpfs/home/s376817/OpenFOAM/s376817-v2406/applications/utilities/waves2Foam/ThirdParty/OceanWave3D-Fortran90/../build
gfortran -O3 -fPIC -std=legacy -ffpe-trap=invalid,zero,overflow -ffree-line-length-none -fstack-protector-all -c src/functions/FILTERING.f90 -o /gpfs/home/s376817/OpenFOAM/s376817-v2406/applications/utilities/waves2Foam/ThirdParty/OceanWave3D-Fortran90/../build/FILTERING.o -I/gpfs/home/s376817/OpenFOAM/s376817-v2406/applications/utilities/waves2Foam/ThirdParty/OceanWave3D-Fortran90/../build
gfortran -O3 -fPIC -std=legacy -ffpe-trap=invalid,zero,overflow -ffree-line-length-none -fstack-protector-all -c src/functions/FILTERING_NEW.f90 -o /gpfs/home/s376817/OpenFOAM/s376817-v2406/applications/utilities/waves2Foam/ThirdParty/OceanWave3D-Fortran90/../build/FILTERING_NEW.o -I/gpfs/home/s376817/OpenFOAM/s376817-v2406/applications/utilities/waves2Foam/ThirdParty/OceanWave3D-Fortran90/../build
gfortran -O3 -fPIC -std=legacy -ffpe-trap=invalid,zero,overflow -ffree-line-length-none -fstack-protector-all -c src/functions/FILTERING_SWENSE.f90 -o /gpfs/home/s376817/OpenFOAM/s376817-v2406/applications/utilities/waves2Foam/ThirdParty/OceanWave3D-Fortran90/../build/FILTERING_SWENSE.o -I/gpfs/home/s376817/OpenFOAM/s376817-v2406/applications/utilities/waves2Foam/ThirdParty/OceanWave3D-Fortran90/../build
gfortran -O3 -fPIC -std=legacy -ffpe-trap=invalid,zero,overflow -ffree-line-length-none -fstack-protector-all -c src/functions/FactorPreconditioner.f90 -o /gpfs/home/s376817/OpenFOAM/s376817-v2406/applications/utilities/waves2Foam/ThirdParty/OceanWave3D-Fortran90/../build/FactorPreconditioner.o -I/gpfs/home/s376817/OpenFOAM/s376817-v2406/applications/utilities/waves2Foam/ThirdParty/OceanWave3D-Fortran90/../build
gfortran -O3 -fPIC -std=legacy -ffpe-trap=invalid,zero,overflow -ffree-line-length-none -fstack-protector-all -c src/functions/FilterInit.f90 -o /gpfs/home/s376817/OpenFOAM/s376817-v2406/applications/utilities/waves2Foam/ThirdParty/OceanWave3D-Fortran90/../build/FilterInit.o -I/gpfs/home/s376817/OpenFOAM/s376817-v2406/applications/utilities/waves2Foam/ThirdParty/OceanWave3D-Fortran90/../build
gfortran -O3 -fPIC -std=legacy -ffpe-trap=invalid,zero,overflow -ffree-line-length-none -fstack-protector-all -c src/functions/McCamyFuchs54LocalXY.f90 -o /gpfs/home/s376817/OpenFOAM/s376817-v2406/applications/utilities/waves2Foam/ThirdParty/OceanWave3D-Fortran90/../build/McCamyFuchs54LocalXY.o -I/gpfs/home/s376817/OpenFOAM/s376817-v2406/applications/utilities/waves2Foam/ThirdParty/OceanWave3D-Fortran90/../build
gfortran -O3 -fPIC -std=legacy -ffpe-trap=invalid,zero,overflow -ffree-line-length-none -fstack-protector-all -c src/functions/PreProcessDiffStencilsZ.f90 -o /gpfs/home/s376817/OpenFOAM/s376817-v2406/applications/utilities/waves2Foam/ThirdParty/OceanWave3D-Fortran90/../build/PreProcessDiffStencilsZ.o -I/gpfs/home/s376817/OpenFOAM/s376817-v2406/applications/utilities/waves2Foam/ThirdParty/OceanWave3D-Fortran90/../build
gfortran -O3 -fPIC -std=legacy -ffpe-trap=invalid,zero,overflow -ffree-line-length-none -fstack-protector-all -c src/functions/PrepareFullOperatorStencils.f90 -o /gpfs/home/s376817/OpenFOAM/s376817-v2406/applications/utilities/waves2Foam/ThirdParty/OceanWave3D-Fortran90/../build/PrepareFullOperatorStencils.o -I/gpfs/home/s376817/OpenFOAM/s376817-v2406/applications/utilities/waves2Foam/ThirdParty/OceanWave3D-Fortran90/../build
gfortran -O3 -fPIC -std=legacy -ffpe-trap=invalid,zero,overflow -ffree-line-length-none -fstack-protector-all -c src/functions/PrepareFullOperatorStencilsForGaussSeidel.f90 -o /gpfs/home/s376817/OpenFOAM/s376817-v2406/applications/utilities/waves2Foam/ThirdParty/OceanWave3D-Fortran90/../build/PrepareFullOperatorStencilsForGaussSeidel.o -I/gpfs/home/s376817/OpenFOAM/s376817-v2406/applications/utilities/waves2Foam/ThirdParty/OceanWave3D-Fortran90/../build
gfortran -O3 -fPIC -std=legacy -ffpe-trap=invalid,zero,overflow -ffree-line-length-none -fstack-protector-all -c src/functions/PrepareFullOperatorStencilsForGaussSeidelARRAY.f90 -o /gpfs/home/s376817/OpenFOAM/s376817-v2406/applications/utilities/waves2Foam/ThirdParty/OceanWave3D-Fortran90/../build/PrepareFullOperatorStencilsForGaussSeidelARRAY.o -I/gpfs/home/s376817/OpenFOAM/s376817-v2406/applications/utilities/waves2Foam/ThirdParty/OceanWave3D-Fortran90/../build
gfortran -O3 -fPIC -std=legacy -ffpe-trap=invalid,zero,overflow -ffree-line-length-none -fstack-protector-all -c src/functions/PreparePreconditioner.f90 -o /gpfs/home/s376817/OpenFOAM/s376817-v2406/applications/utilities/waves2Foam/ThirdParty/OceanWave3D-Fortran90/../build/PreparePreconditioner.o -I/gpfs/home/s376817/OpenFOAM/s376817-v2406/applications/utilities/waves2Foam/ThirdParty/OceanWave3D-Fortran90/../build
gfortran -O3 -fPIC -std=legacy -ffpe-trap=invalid,zero,overflow -ffree-line-length-none -fstack-protector-all -c src/functions/PreparePreconditionerOLD.f90 -o /gpfs/home/s376817/OpenFOAM/s376817-v2406/applications/utilities/waves2Foam/ThirdParty/OceanWave3D-Fortran90/../build/PreparePreconditionerOLD.o -I/gpfs/home/s376817/OpenFOAM/s376817-v2406/applications/utilities/waves2Foam/ThirdParty/OceanWave3D-Fortran90/../build
gfortran -O3 -fPIC -std=legacy -ffpe-trap=invalid,zero,overflow -ffree-line-length-none -fstack-protector-all -c src/functions/RelaxationModule.f90 -o /gpfs/home/s376817/OpenFOAM/s376817-v2406/applications/utilities/waves2Foam/ThirdParty/OceanWave3D-Fortran90/../build/RelaxationModule.o -I/gpfs/home/s376817/OpenFOAM/s376817-v2406/applications/utilities/waves2Foam/ThirdParty/OceanWave3D-Fortran90/../build
gfortran -O3 -fPIC -std=legacy -ffpe-trap=invalid,zero,overflow -ffree-line-length-none -fstack-protector-all -c src/functions/RelaxationModule_new.f90 -o /gpfs/home/s376817/OpenFOAM/s376817-v2406/applications/utilities/waves2Foam/ThirdParty/OceanWave3D-Fortran90/../build/RelaxationModule_new.o -I/gpfs/home/s376817/OpenFOAM/s376817-v2406/applications/utilities/waves2Foam/ThirdParty/OceanWave3D-Fortran90/../build
gfortran -O3 -fPIC -std=legacy -ffpe-trap=invalid,zero,overflow -ffree-line-length-none -fstack-protector-all -c src/functions/SetupCompDomain_test.f90 -o /gpfs/home/s376817/OpenFOAM/s376817-v2406/applications/utilities/waves2Foam/ThirdParty/OceanWave3D-Fortran90/../build/SetupCompDomain_test.o -I/gpfs/home/s376817/OpenFOAM/s376817-v2406/applications/utilities/waves2Foam/ThirdParty/OceanWave3D-Fortran90/../build
gfortran -O3 -fPIC -std=legacy -ffpe-trap=invalid,zero,overflow -ffree-line-length-none -fstack-protector-all -c src/functions/TaylorFDStencils1DArbitrary.f90 -o /gpfs/home/s376817/OpenFOAM/s376817-v2406/applications/utilities/waves2Foam/ThirdParty/OceanWave3D-Fortran90/../build/TaylorFDStencils1DArbitrary.o -I/gpfs/home/s376817/OpenFOAM/s376817-v2406/applications/utilities/waves2Foam/ThirdParty/OceanWave3D-Fortran90/../build
gfortran -O3 -fPIC -std=legacy -ffpe-trap=invalid,zero,overflow -ffree-line-length-none -fstack-protector-all -c src/functions/UpdateGhostLayerCurvilinear.f90 -o /gpfs/home/s376817/OpenFOAM/s376817-v2406/applications/utilities/waves2Foam/ThirdParty/OceanWave3D-Fortran90/../build/UpdateGhostLayerCurvilinear.o -I/gpfs/home/s376817/OpenFOAM/s376817-v2406/applications/utilities/waves2Foam/ThirdParty/OceanWave3D-Fortran90/../build
gfortran -O3 -fPIC -std=legacy -ffpe-trap=invalid,zero,overflow -ffree-line-length-none -fstack-protector-all -c src/functions/UpdateGhostLayerECurvilinear.f90 -o /gpfs/home/s376817/OpenFOAM/s376817-v2406/applications/utilities/waves2Foam/ThirdParty/OceanWave3D-Fortran90/../build/UpdateGhostLayerECurvilinear.o -I/gpfs/home/s376817/OpenFOAM/s376817-v2406/applications/utilities/waves2Foam/ThirdParty/OceanWave3D-Fortran90/../build
gfortran -O3 -fPIC -std=legacy -ffpe-trap=invalid,zero,overflow -ffree-line-length-none -fstack-protector-all -c src/functions/UpdateGhostLayerNCurvilinear.f90 -o /gpfs/home/s376817/OpenFOAM/s376817-v2406/applications/utilities/waves2Foam/ThirdParty/OceanWave3D-Fortran90/../build/UpdateGhostLayerNCurvilinear.o -I/gpfs/home/s376817/OpenFOAM/s376817-v2406/applications/utilities/waves2Foam/ThirdParty/OceanWave3D-Fortran90/../build
gfortran -O3 -fPIC -std=legacy -ffpe-trap=invalid,zero,overflow -ffree-line-length-none -fstack-protector-all -c src/functions/UpdateGhostLayerX.f90 -o /gpfs/home/s376817/OpenFOAM/s376817-v2406/applications/utilities/waves2Foam/ThirdParty/OceanWave3D-Fortran90/../build/UpdateGhostLayerX.o -I/gpfs/home/s376817/OpenFOAM/s376817-v2406/applications/utilities/waves2Foam/ThirdParty/OceanWave3D-Fortran90/../build
gfortran -O3 -fPIC -std=legacy -ffpe-trap=invalid,zero,overflow -ffree-line-length-none -fstack-protector-all -c src/functions/UpdateGhostLayerXCurvilinear.f90 -o /gpfs/home/s376817/OpenFOAM/s376817-v2406/applications/utilities/waves2Foam/ThirdParty/OceanWave3D-Fortran90/../build/UpdateGhostLayerXCurvilinear.o -I/gpfs/home/s376817/OpenFOAM/s376817-v2406/applications/utilities/waves2Foam/ThirdParty/OceanWave3D-Fortran90/../build
gfortran -O3 -fPIC -std=legacy -ffpe-trap=invalid,zero,overflow -ffree-line-length-none -fstack-protector-all -c src/functions/UpdateGhostLayerY.f90 -o /gpfs/home/s376817/OpenFOAM/s376817-v2406/applications/utilities/waves2Foam/ThirdParty/OceanWave3D-Fortran90/../build/UpdateGhostLayerY.o -I/gpfs/home/s376817/OpenFOAM/s376817-v2406/applications/utilities/waves2Foam/ThirdParty/OceanWave3D-Fortran90/../build
gfortran -O3 -fPIC -std=legacy -ffpe-trap=invalid,zero,overflow -ffree-line-length-none -fstack-protector-all -c src/functions/UpdateGhostLayerYCurvilinear.f90 -o /gpfs/home/s376817/OpenFOAM/s376817-v2406/applications/utilities/waves2Foam/ThirdParty/OceanWave3D-Fortran90/../build/UpdateGhostLayerYCurvilinear.o -I/gpfs/home/s376817/OpenFOAM/s376817-v2406/applications/utilities/waves2Foam/ThirdParty/OceanWave3D-Fortran90/../build
gfortran -O3 -fPIC -std=legacy -ffpe-trap=invalid,zero,overflow -ffree-line-length-none -fstack-protector-all -c src/functions/VerticalFreeSurfaceVelocity.f90 -o /gpfs/home/s376817/OpenFOAM/s376817-v2406/applications/utilities/waves2Foam/ThirdParty/OceanWave3D-Fortran90/../build/VerticalFreeSurfaceVelocity.o -I/gpfs/home/s376817/OpenFOAM/s376817-v2406/applications/utilities/waves2Foam/ThirdParty/OceanWave3D-Fortran90/../build
gfortran -O3 -fPIC -std=legacy -ffpe-trap=invalid,zero,overflow -ffree-line-length-none -fstack-protector-all -c src/functions/Zero_Corners.f90 -o /gpfs/home/s376817/OpenFOAM/s376817-v2406/applications/utilities/waves2Foam/ThirdParty/OceanWave3D-Fortran90/../build/Zero_Corners.o -I/gpfs/home/s376817/OpenFOAM/s376817-v2406/applications/utilities/waves2Foam/ThirdParty/OceanWave3D-Fortran90/../build
gfortran -O3 -fPIC -std=legacy -ffpe-trap=invalid,zero,overflow -ffree-line-length-none -fstack-protector-all -c src/functions/bessj.f90 -o /gpfs/home/s376817/OpenFOAM/s376817-v2406/applications/utilities/waves2Foam/ThirdParty/OceanWave3D-Fortran90/../build/bessj.o -I/gpfs/home/s376817/OpenFOAM/s376817-v2406/applications/utilities/waves2Foam/ThirdParty/OceanWave3D-Fortran90/../build
gfortran -O3 -fPIC -std=legacy -ffpe-trap=invalid,zero,overflow -ffree-line-length-none -fstack-protector-all -c src/functions/eta_linear.f90 -o /gpfs/home/s376817/OpenFOAM/s376817-v2406/applications/utilities/waves2Foam/ThirdParty/OceanWave3D-Fortran90/../build/eta_linear.o -I/gpfs/home/s376817/OpenFOAM/s376817-v2406/applications/utilities/waves2Foam/ThirdParty/OceanWave3D-Fortran90/../build
gfortran -O3 -fPIC -std=legacy -ffpe-trap=invalid,zero,overflow -ffree-line-length-none -fstack-protector-all -c src/functions/eta_linear_3D.f90 -o /gpfs/home/s376817/OpenFOAM/s376817-v2406/applications/utilities/waves2Foam/ThirdParty/OceanWave3D-Fortran90/../build/eta_linear_3D.o -I/gpfs/home/s376817/OpenFOAM/s376817-v2406/applications/utilities/waves2Foam/ThirdParty/OceanWave3D-Fortran90/../build
gfortran -O3 -fPIC -std=legacy -ffpe-trap=invalid,zero,overflow -ffree-line-length-none -fstack-protector-all -c src/functions/eta_linear_3D_bottom.f90 -o /gpfs/home/s376817/OpenFOAM/s376817-v2406/applications/utilities/waves2Foam/ThirdParty/OceanWave3D-Fortran90/../build/eta_linear_3D_bottom.o -I/gpfs/home/s376817/OpenFOAM/s376817-v2406/applications/utilities/waves2Foam/ThirdParty/OceanWave3D-Fortran90/../build
gfortran -O3 -fPIC -std=legacy -ffpe-trap=invalid,zero,overflow -ffree-line-length-none -fstack-protector-all -c src/functions/eta_linear_3D_standing.f90 -o /gpfs/home/s376817/OpenFOAM/s376817-v2406/applications/utilities/waves2Foam/ThirdParty/OceanWave3D-Fortran90/../build/eta_linear_3D_standing.o -I/gpfs/home/s376817/OpenFOAM/s376817-v2406/applications/utilities/waves2Foam/ThirdParty/OceanWave3D-Fortran90/../build
gfortran -O3 -fPIC -std=legacy -ffpe-trap=invalid,zero,overflow -ffree-line-length-none -fstack-protector-all -c src/functions/eta_linear_bottom.f90 -o /gpfs/home/s376817/OpenFOAM/s376817-v2406/applications/utilities/waves2Foam/ThirdParty/OceanWave3D-Fortran90/../build/eta_linear_bottom.o -I/gpfs/home/s376817/OpenFOAM/s376817-v2406/applications/utilities/waves2Foam/ThirdParty/OceanWave3D-Fortran90/../build
gfortran -O3 -fPIC -std=legacy -ffpe-trap=invalid,zero,overflow -ffree-line-length-none -fstack-protector-all -c src/functions/eta_linear_standing.f90 -o /gpfs/home/s376817/OpenFOAM/s376817-v2406/applications/utilities/waves2Foam/ThirdParty/OceanWave3D-Fortran90/../build/eta_linear_standing.o -I/gpfs/home/s376817/OpenFOAM/s376817-v2406/applications/utilities/waves2Foam/ThirdParty/OceanWave3D-Fortran90/../build
gfortran -O3 -fPIC -std=legacy -ffpe-trap=invalid,zero,overflow -ffree-line-length-none -fstack-protector-all -c src/functions/eta_nonlinear.f90 -o /gpfs/home/s376817/OpenFOAM/s376817-v2406/applications/utilities/waves2Foam/ThirdParty/OceanWave3D-Fortran90/../build/eta_nonlinear.o -I/gpfs/home/s376817/OpenFOAM/s376817-v2406/applications/utilities/waves2Foam/ThirdParty/OceanWave3D-Fortran90/../build
gfortran -O3 -fPIC -std=legacy -ffpe-trap=invalid,zero,overflow -ffree-line-length-none -fstack-protector-all -c src/functions/eta_nonlinear_3D.f90 -o /gpfs/home/s376817/OpenFOAM/s376817-v2406/applications/utilities/waves2Foam/ThirdParty/OceanWave3D-Fortran90/../build/eta_nonlinear_3D.o -I/gpfs/home/s376817/OpenFOAM/s376817-v2406/applications/utilities/waves2Foam/ThirdParty/OceanWave3D-Fortran90/../build
gfortran -O3 -fPIC -std=legacy -ffpe-trap=invalid,zero,overflow -ffree-line-length-none -fstack-protector-all -c src/functions/eta_nonlinear_3D_standing.f90 -o /gpfs/home/s376817/OpenFOAM/s376817-v2406/applications/utilities/waves2Foam/ThirdParty/OceanWave3D-Fortran90/../build/eta_nonlinear_3D_standing.o -I/gpfs/home/s376817/OpenFOAM/s376817-v2406/applications/utilities/waves2Foam/ThirdParty/OceanWave3D-Fortran90/../build
gfortran -O3 -fPIC -std=legacy -ffpe-trap=invalid,zero,overflow -ffree-line-length-none -fstack-protector-all -c src/functions/eta_nonlinear_standing.f90 -o /gpfs/home/s376817/OpenFOAM/s376817-v2406/applications/utilities/waves2Foam/ThirdParty/OceanWave3D-Fortran90/../build/eta_nonlinear_standing.o -I/gpfs/home/s376817/OpenFOAM/s376817-v2406/applications/utilities/waves2Foam/ThirdParty/OceanWave3D-Fortran90/../build
gfortran -O3 -fPIC -std=legacy -ffpe-trap=invalid,zero,overflow -ffree-line-length-none -fstack-protector-all -c src/functions/incident_linear_wf_finite.f90 -o /gpfs/home/s376817/OpenFOAM/s376817-v2406/applications/utilities/waves2Foam/ThirdParty/OceanWave3D-Fortran90/../build/incident_linear_wf_finite.o -I/gpfs/home/s376817/OpenFOAM/s376817-v2406/applications/utilities/waves2Foam/ThirdParty/OceanWave3D-Fortran90/../build
gfortran -O3 -fPIC -std=legacy -ffpe-trap=invalid,zero,overflow -ffree-line-length-none -fstack-protector-all -c src/functions/incident_linear_wf_finite_bottom.f90 -o /gpfs/home/s376817/OpenFOAM/s376817-v2406/applications/utilities/waves2Foam/ThirdParty/OceanWave3D-Fortran90/../build/incident_linear_wf_finite_bottom.o -I/gpfs/home/s376817/OpenFOAM/s376817-v2406/applications/utilities/waves2Foam/ThirdParty/OceanWave3D-Fortran90/../build
gfortran -O3 -fPIC -std=legacy -ffpe-trap=invalid,zero,overflow -ffree-line-length-none -fstack-protector-all -c src/functions/incident_linear_wf_finite_standing.f90 -o /gpfs/home/s376817/OpenFOAM/s376817-v2406/applications/utilities/waves2Foam/ThirdParty/OceanWave3D-Fortran90/../build/incident_linear_wf_finite_standing.o -I/gpfs/home/s376817/OpenFOAM/s376817-v2406/applications/utilities/waves2Foam/ThirdParty/OceanWave3D-Fortran90/../build
gfortran -O3 -fPIC -std=legacy -ffpe-trap=invalid,zero,overflow -ffree-line-length-none -fstack-protector-all -c src/functions/incident_nonlinear_wf_finite_standing.f90 -o /gpfs/home/s376817/OpenFOAM/s376817-v2406/applications/utilities/waves2Foam/ThirdParty/OceanWave3D-Fortran90/../build/incident_nonlinear_wf_finite_standing.o -I/gpfs/home/s376817/OpenFOAM/s376817-v2406/applications/utilities/waves2Foam/ThirdParty/OceanWave3D-Fortran90/../build
gfortran -O3 -fPIC -std=legacy -ffpe-trap=invalid,zero,overflow -ffree-line-length-none -fstack-protector-all -c src/functions/incident_wf_finite.f90 -o /gpfs/home/s376817/OpenFOAM/s376817-v2406/applications/utilities/waves2Foam/ThirdParty/OceanWave3D-Fortran90/../build/incident_wf_finite.o -I/gpfs/home/s376817/OpenFOAM/s376817-v2406/applications/utilities/waves2Foam/ThirdParty/OceanWave3D-Fortran90/../build
gfortran -O3 -fPIC -std=legacy -ffpe-trap=invalid,zero,overflow -ffree-line-length-none -fstack-protector-all -c src/functions/maxnorm.f90 -o /gpfs/home/s376817/OpenFOAM/s376817-v2406/applications/utilities/waves2Foam/ThirdParty/OceanWave3D-Fortran90/../build/maxnorm.o -I/gpfs/home/s376817/OpenFOAM/s376817-v2406/applications/utilities/waves2Foam/ThirdParty/OceanWave3D-Fortran90/../build
gfortran -O3 -fPIC -std=legacy -ffpe-trap=invalid,zero,overflow -ffree-line-length-none -fstack-protector-all -c src/functions/phi_linear.f90 -o /gpfs/home/s376817/OpenFOAM/s376817-v2406/applications/utilities/waves2Foam/ThirdParty/OceanWave3D-Fortran90/../build/phi_linear.o -I/gpfs/home/s376817/OpenFOAM/s376817-v2406/applications/utilities/waves2Foam/ThirdParty/OceanWave3D-Fortran90/../build
gfortran -O3 -fPIC -std=legacy -ffpe-trap=invalid,zero,overflow -ffree-line-length-none -fstack-protector-all -c src/functions/phi_linear_3D.f90 -o /gpfs/home/s376817/OpenFOAM/s376817-v2406/applications/utilities/waves2Foam/ThirdParty/OceanWave3D-Fortran90/../build/phi_linear_3D.o -I/gpfs/home/s376817/OpenFOAM/s376817-v2406/applications/utilities/waves2Foam/ThirdParty/OceanWave3D-Fortran90/../build
gfortran -O3 -fPIC -std=legacy -ffpe-trap=invalid,zero,overflow -ffree-line-length-none -fstack-protector-all -c src/functions/phi_linear_3D_bottom.f90 -o /gpfs/home/s376817/OpenFOAM/s376817-v2406/applications/utilities/waves2Foam/ThirdParty/OceanWave3D-Fortran90/../build/phi_linear_3D_bottom.o -I/gpfs/home/s376817/OpenFOAM/s376817-v2406/applications/utilities/waves2Foam/ThirdParty/OceanWave3D-Fortran90/../build
gfortran -O3 -fPIC -std=legacy -ffpe-trap=invalid,zero,overflow -ffree-line-length-none -fstack-protector-all -c src/functions/phi_linear_3D_standing.f90 -o /gpfs/home/s376817/OpenFOAM/s376817-v2406/applications/utilities/waves2Foam/ThirdParty/OceanWave3D-Fortran90/../build/phi_linear_3D_standing.o -I/gpfs/home/s376817/OpenFOAM/s376817-v2406/applications/utilities/waves2Foam/ThirdParty/OceanWave3D-Fortran90/../build
gfortran -O3 -fPIC -std=legacy -ffpe-trap=invalid,zero,overflow -ffree-line-length-none -fstack-protector-all -c src/functions/phi_linear_bottom.f90 -o /gpfs/home/s376817/OpenFOAM/s376817-v2406/applications/utilities/waves2Foam/ThirdParty/OceanWave3D-Fortran90/../build/phi_linear_bottom.o -I/gpfs/home/s376817/OpenFOAM/s376817-v2406/applications/utilities/waves2Foam/ThirdParty/OceanWave3D-Fortran90/../build
gfortran -O3 -fPIC -std=legacy -ffpe-trap=invalid,zero,overflow -ffree-line-length-none -fstack-protector-all -c src/functions/phi_linear_standing.f90 -o /gpfs/home/s376817/OpenFOAM/s376817-v2406/applications/utilities/waves2Foam/ThirdParty/OceanWave3D-Fortran90/../build/phi_linear_standing.o -I/gpfs/home/s376817/OpenFOAM/s376817-v2406/applications/utilities/waves2Foam/ThirdParty/OceanWave3D-Fortran90/../build
gfortran -O3 -fPIC -std=legacy -ffpe-trap=invalid,zero,overflow -ffree-line-length-none -fstack-protector-all -c src/functions/phi_nonlinear.f90 -o /gpfs/home/s376817/OpenFOAM/s376817-v2406/applications/utilities/waves2Foam/ThirdParty/OceanWave3D-Fortran90/../build/phi_nonlinear.o -I/gpfs/home/s376817/OpenFOAM/s376817-v2406/applications/utilities/waves2Foam/ThirdParty/OceanWave3D-Fortran90/../build
gfortran -O3 -fPIC -std=legacy -ffpe-trap=invalid,zero,overflow -ffree-line-length-none -fstack-protector-all -c src/functions/phi_nonlinear_3D.f90 -o /gpfs/home/s376817/OpenFOAM/s376817-v2406/applications/utilities/waves2Foam/ThirdParty/OceanWave3D-Fortran90/../build/phi_nonlinear_3D.o -I/gpfs/home/s376817/OpenFOAM/s376817-v2406/applications/utilities/waves2Foam/ThirdParty/OceanWave3D-Fortran90/../build
gfortran -O3 -fPIC -std=legacy -ffpe-trap=invalid,zero,overflow -ffree-line-length-none -fstack-protector-all -c src/functions/phi_nonlinear_3D_standing.f90 -o /gpfs/home/s376817/OpenFOAM/s376817-v2406/applications/utilities/waves2Foam/ThirdParty/OceanWave3D-Fortran90/../build/phi_nonlinear_3D_standing.o -I/gpfs/home/s376817/OpenFOAM/s376817-v2406/applications/utilities/waves2Foam/ThirdParty/OceanWave3D-Fortran90/../build
gfortran -O3 -fPIC -std=legacy -ffpe-trap=invalid,zero,overflow -ffree-line-length-none -fstack-protector-all -c src/functions/phi_nonlinear_standing.f90 -o /gpfs/home/s376817/OpenFOAM/s376817-v2406/applications/utilities/waves2Foam/ThirdParty/OceanWave3D-Fortran90/../build/phi_nonlinear_standing.o -I/gpfs/home/s376817/OpenFOAM/s376817-v2406/applications/utilities/waves2Foam/ThirdParty/OceanWave3D-Fortran90/../build
gfortran -O3 -fPIC -std=legacy -ffpe-trap=invalid,zero,overflow -ffree-line-length-none -fstack-protector-all -c src/functions/rhsFreeSurface3D_SWENSE.f90 -o /gpfs/home/s376817/OpenFOAM/s376817-v2406/applications/utilities/waves2Foam/ThirdParty/OceanWave3D-Fortran90/../build/rhsFreeSurface3D_SWENSE.o -I/gpfs/home/s376817/OpenFOAM/s376817-v2406/applications/utilities/waves2Foam/ThirdParty/OceanWave3D-Fortran90/../build
gfortran -O3 -fPIC -std=legacy -ffpe-trap=invalid,zero,overflow -ffree-line-length-none -fstack-protector-all -c src/functions/rhsLinearFreeSurface3D_SWENSE.f90 -o /gpfs/home/s376817/OpenFOAM/s376817-v2406/applications/utilities/waves2Foam/ThirdParty/OceanWave3D-Fortran90/../build/rhsLinearFreeSurface3D_SWENSE.o -I/gpfs/home/s376817/OpenFOAM/s376817-v2406/applications/utilities/waves2Foam/ThirdParty/OceanWave3D-Fortran90/../build
gfortran -O3 -fPIC -std=legacy -ffpe-trap=invalid,zero,overflow -ffree-line-length-none -fstack-protector-all -c src/functions/polint.f90 -o /gpfs/home/s376817/OpenFOAM/s376817-v2406/applications/utilities/waves2Foam/ThirdParty/OceanWave3D-Fortran90/../build/polint.o -I/gpfs/home/s376817/OpenFOAM/s376817-v2406/applications/utilities/waves2Foam/ThirdParty/OceanWave3D-Fortran90/../build
gfortran -O3 -fPIC -std=legacy -ffpe-trap=invalid,zero,overflow -ffree-line-length-none -fstack-protector-all -c src/multigrid/MGLevels.f90 -o /gpfs/home/s376817/OpenFOAM/s376817-v2406/applications/utilities/waves2Foam/ThirdParty/OceanWave3D-Fortran90/../build/MGLevels.o -I/gpfs/home/s376817/OpenFOAM/s376817-v2406/applications/utilities/waves2Foam/ThirdParty/OceanWave3D-Fortran90/../build
renamed 'mglevels.mod' -> '/gpfs/home/s376817/OpenFOAM/s376817-v2406/applications/utilities/waves2Foam/ThirdParty/OceanWave3D-Fortran90/../build/mglevels.mod'
'thirdpartylibs/LIB_VTK_IO/static/lib_vtk_io.mod' -> '/gpfs/home/s376817/OpenFOAM/s376817-v2406/applications/utilities/waves2Foam/ThirdParty/OceanWave3D-Fortran90/../build/lib_vtk_io.mod'
gfortran -O3 -fPIC -std=legacy -ffpe-trap=invalid,zero,overflow -ffree-line-length-none -fstack-protector-all -c src/multigrid/GaussSeidel.f90 -o /gpfs/home/s376817/OpenFOAM/s376817-v2406/applications/utilities/waves2Foam/ThirdParty/OceanWave3D-Fortran90/../build/GaussSeidel.o -I/gpfs/home/s376817/OpenFOAM/s376817-v2406/applications/utilities/waves2Foam/ThirdParty/OceanWave3D-Fortran90/../build
gfortran -O3 -fPIC -std=legacy -ffpe-trap=invalid,zero,overflow -ffree-line-length-none -fstack-protector-all -c src/multigrid/GaussSeidelARRAY.f90 -o /gpfs/home/s376817/OpenFOAM/s376817-v2406/applications/utilities/waves2Foam/ThirdParty/OceanWave3D-Fortran90/../build/GaussSeidelARRAY.o -I/gpfs/home/s376817/OpenFOAM/s376817-v2406/applications/utilities/waves2Foam/ThirdParty/OceanWave3D-Fortran90/../build
gfortran -O3 -fPIC -std=legacy -ffpe-trap=invalid,zero,overflow -ffree-line-length-none -fstack-protector-all -c src/multigrid/GaussSeidelARRAYback.f90 -o /gpfs/home/s376817/OpenFOAM/s376817-v2406/applications/utilities/waves2Foam/ThirdParty/OceanWave3D-Fortran90/../build/GaussSeidelARRAYback.o -I/gpfs/home/s376817/OpenFOAM/s376817-v2406/applications/utilities/waves2Foam/ThirdParty/OceanWave3D-Fortran90/../build
gfortran -O3 -fPIC -std=legacy -ffpe-trap=invalid,zero,overflow -ffree-line-length-none -fstack-protector-all -c src/multigrid/GaussSeidelReverse.f90 -o /gpfs/home/s376817/OpenFOAM/s376817-v2406/applications/utilities/waves2Foam/ThirdParty/OceanWave3D-Fortran90/../build/GaussSeidelReverse.o -I/gpfs/home/s376817/OpenFOAM/s376817-v2406/applications/utilities/waves2Foam/ThirdParty/OceanWave3D-Fortran90/../build
gfortran -O3 -fPIC -std=legacy -ffpe-trap=invalid,zero,overflow -ffree-line-length-none -fstack-protector-all -c src/multigrid/GaussSeidelSpecialPoints.f90 -o /gpfs/home/s376817/OpenFOAM/s376817-v2406/applications/utilities/waves2Foam/ThirdParty/OceanWave3D-Fortran90/../build/GaussSeidelSpecialPoints.o -I/gpfs/home/s376817/OpenFOAM/s376817-v2406/applications/utilities/waves2Foam/ThirdParty/OceanWave3D-Fortran90/../build
gfortran -O3 -fPIC -std=legacy -ffpe-trap=invalid,zero,overflow -ffree-line-length-none -fstack-protector-all -c src/multigrid/GetSparseLinearLaplaceMatrix.f90 -o /gpfs/home/s376817/OpenFOAM/s376817-v2406/applications/utilities/waves2Foam/ThirdParty/OceanWave3D-Fortran90/../build/GetSparseLinearLaplaceMatrix.o -I/gpfs/home/s376817/OpenFOAM/s376817-v2406/applications/utilities/waves2Foam/ThirdParty/OceanWave3D-Fortran90/../build
gfortran -O3 -fPIC -std=legacy -ffpe-trap=invalid,zero,overflow -ffree-line-length-none -fstack-protector-all -c src/multigrid/MGPreProcess.f90 -o /gpfs/home/s376817/OpenFOAM/s376817-v2406/applications/utilities/waves2Foam/ThirdParty/OceanWave3D-Fortran90/../build/MGPreProcess.o -I/gpfs/home/s376817/OpenFOAM/s376817-v2406/applications/utilities/waves2Foam/ThirdParty/OceanWave3D-Fortran90/../build
gfortran -O3 -fPIC -std=legacy -ffpe-trap=invalid,zero,overflow -ffree-line-length-none -fstack-protector-all -c src/multigrid/MGProlongation3DExplicit.f90 -o /gpfs/home/s376817/OpenFOAM/s376817-v2406/applications/utilities/waves2Foam/ThirdParty/OceanWave3D-Fortran90/../build/MGProlongation3DExplicit.o -I/gpfs/home/s376817/OpenFOAM/s376817-v2406/applications/utilities/waves2Foam/ThirdParty/OceanWave3D-Fortran90/../build
gfortran -O3 -fPIC -std=legacy -ffpe-trap=invalid,zero,overflow -ffree-line-length-none -fstack-protector-all -c src/multigrid/MGRestriction3DExplicit.f90 -o /gpfs/home/s376817/OpenFOAM/s376817-v2406/applications/utilities/waves2Foam/ThirdParty/OceanWave3D-Fortran90/../build/MGRestriction3DExplicit.o -I/gpfs/home/s376817/OpenFOAM/s376817-v2406/applications/utilities/waves2Foam/ThirdParty/OceanWave3D-Fortran90/../build
gfortran -O3 -fPIC -std=legacy -ffpe-trap=invalid,zero,overflow -ffree-line-length-none -fstack-protector-all -c src/multigrid/MultiGridSolveLinearSystem.f90 -o /gpfs/home/s376817/OpenFOAM/s376817-v2406/applications/utilities/waves2Foam/ThirdParty/OceanWave3D-Fortran90/../build/MultiGridSolveLinearSystem.o -I/gpfs/home/s376817/OpenFOAM/s376817-v2406/applications/utilities/waves2Foam/ThirdParty/OceanWave3D-Fortran90/../build
gfortran -O3 -fPIC -std=legacy -ffpe-trap=invalid,zero,overflow -ffree-line-length-none -fstack-protector-all -c src/multigrid/MultiGridSolver.f90 -o /gpfs/home/s376817/OpenFOAM/s376817-v2406/applications/utilities/waves2Foam/ThirdParty/OceanWave3D-Fortran90/../build/MultiGridSolver.o -I/gpfs/home/s376817/OpenFOAM/s376817-v2406/applications/utilities/waves2Foam/ThirdParty/OceanWave3D-Fortran90/../build
gfortran -O3 -fPIC -std=legacy -ffpe-trap=invalid,zero,overflow -ffree-line-length-none -fstack-protector-all -c src/pressure/funPressureTerm.f90 -o /gpfs/home/s376817/OpenFOAM/s376817-v2406/applications/utilities/waves2Foam/ThirdParty/OceanWave3D-Fortran90/../build/funPressureTerm.o -I/gpfs/home/s376817/OpenFOAM/s376817-v2406/applications/utilities/waves2Foam/ThirdParty/OceanWave3D-Fortran90/../build
gfortran -O3 -fPIC -std=legacy -ffpe-trap=invalid,zero,overflow -ffree-line-length-none -fstack-protector-all -c src/timeintegration/DifferentiationsFreeSurfacePlane.f90 -o /gpfs/home/s376817/OpenFOAM/s376817-v2406/applications/utilities/waves2Foam/ThirdParty/OceanWave3D-Fortran90/../build/DifferentiationsFreeSurfacePlane.o -I/gpfs/home/s376817/OpenFOAM/s376817-v2406/applications/utilities/waves2Foam/ThirdParty/OceanWave3D-Fortran90/../build
gfortran -O3 -fPIC -std=legacy -ffpe-trap=invalid,zero,overflow -ffree-line-length-none -fstack-protector-all -c src/timeintegration/Runge_Kutta_4.f90 -o /gpfs/home/s376817/OpenFOAM/s376817-v2406/applications/utilities/waves2Foam/ThirdParty/OceanWave3D-Fortran90/../build/Runge_Kutta_4.o -I/gpfs/home/s376817/OpenFOAM/s376817-v2406/applications/utilities/waves2Foam/ThirdParty/OceanWave3D-Fortran90/../build
gfortran -O3 -fPIC -std=legacy -ffpe-trap=invalid,zero,overflow -ffree-line-length-none -fstack-protector-all -c src/timeintegration/Runge_Kutta_45.f90 -o /gpfs/home/s376817/OpenFOAM/s376817-v2406/applications/utilities/waves2Foam/ThirdParty/OceanWave3D-Fortran90/../build/Runge_Kutta_45.o -I/gpfs/home/s376817/OpenFOAM/s376817-v2406/applications/utilities/waves2Foam/ThirdParty/OceanWave3D-Fortran90/../build
gfortran -O3 -fPIC -std=legacy -ffpe-trap=invalid,zero,overflow -ffree-line-length-none -fstack-protector-all -c src/timeintegration/timeintegration_fsbc.f90 -o /gpfs/home/s376817/OpenFOAM/s376817-v2406/applications/utilities/waves2Foam/ThirdParty/OceanWave3D-Fortran90/../build/timeintegration_fsbc.o -I/gpfs/home/s376817/OpenFOAM/s376817-v2406/applications/utilities/waves2Foam/ThirdParty/OceanWave3D-Fortran90/../build
gfortran -O3 -fPIC -std=legacy -ffpe-trap=invalid,zero,overflow -ffree-line-length-none -fstack-protector-all -c src/wrappers/InvertMatrix.f90 -o /gpfs/home/s376817/OpenFOAM/s376817-v2406/applications/utilities/waves2Foam/ThirdParty/OceanWave3D-Fortran90/../build/InvertMatrix.o -I/gpfs/home/s376817/OpenFOAM/s376817-v2406/applications/utilities/waves2Foam/ThirdParty/OceanWave3D-Fortran90/../build
gfortran -O3 -fPIC -std=legacy -ffpe-trap=invalid,zero,overflow -ffree-line-length-none -fstack-protector-all -c src/wrappers/iterative_solution.f90 -o /gpfs/home/s376817/OpenFOAM/s376817-v2406/applications/utilities/waves2Foam/ThirdParty/OceanWave3D-Fortran90/../build/iterative_solution.o -I/gpfs/home/s376817/OpenFOAM/s376817-v2406/applications/utilities/waves2Foam/ThirdParty/OceanWave3D-Fortran90/../build
gfortran -O3 -fPIC -std=legacy -ffpe-trap=invalid,zero,overflow -ffree-line-length-none -fstack-protector-all -c src/wrappers/LUfactor.f90 -o /gpfs/home/s376817/OpenFOAM/s376817-v2406/applications/utilities/waves2Foam/ThirdParty/OceanWave3D-Fortran90/../build/LUfactor.o -I/gpfs/home/s376817/OpenFOAM/s376817-v2406/applications/utilities/waves2Foam/ThirdParty/OceanWave3D-Fortran90/../build
gfortran -O3 -fPIC -std=legacy -ffpe-trap=invalid,zero,overflow -ffree-line-length-none -fstack-protector-all -c src/initialization/BuildStencilsGridX.f90 -o /gpfs/home/s376817/OpenFOAM/s376817-v2406/applications/utilities/waves2Foam/ThirdParty/OceanWave3D-Fortran90/../build/BuildStencilsGridX.o -I/gpfs/home/s376817/OpenFOAM/s376817-v2406/applications/utilities/waves2Foam/ThirdParty/OceanWave3D-Fortran90/../build
gfortran -O3 -fPIC -std=legacy -ffpe-trap=invalid,zero,overflow -ffree-line-length-none -fstack-protector-all -c src/initialization/BuildStencilsGridY.f90 -o /gpfs/home/s376817/OpenFOAM/s376817-v2406/applications/utilities/waves2Foam/ThirdParty/OceanWave3D-Fortran90/../build/BuildStencilsGridY.o -I/gpfs/home/s376817/OpenFOAM/s376817-v2406/applications/utilities/waves2Foam/ThirdParty/OceanWave3D-Fortran90/../build
gfortran -O3 -fPIC -std=legacy -ffpe-trap=invalid,zero,overflow -ffree-line-length-none -fstack-protector-all -c src/initialization/CloseVariables.f90 -o /gpfs/home/s376817/OpenFOAM/s376817-v2406/applications/utilities/waves2Foam/ThirdParty/OceanWave3D-Fortran90/../build/CloseVariables.o -I/gpfs/home/s376817/OpenFOAM/s376817-v2406/applications/utilities/waves2Foam/ThirdParty/OceanWave3D-Fortran90/../build
gfortran -O3 -fPIC -std=legacy -ffpe-trap=invalid,zero,overflow -ffree-line-length-none -fstack-protector-all -c src/initialization/GammaFunctions.f90 -o /gpfs/home/s376817/OpenFOAM/s376817-v2406/applications/utilities/waves2Foam/ThirdParty/OceanWave3D-Fortran90/../build/GammaFunctions.o -I/gpfs/home/s376817/OpenFOAM/s376817-v2406/applications/utilities/waves2Foam/ThirdParty/OceanWave3D-Fortran90/../build
gfortran -O3 -fPIC -std=legacy -ffpe-trap=invalid,zero,overflow -ffree-line-length-none -fstack-protector-all -c src/initialization/Initialize.f90 -o /gpfs/home/s376817/OpenFOAM/s376817-v2406/applications/utilities/waves2Foam/ThirdParty/OceanWave3D-Fortran90/../build/Initialize.o -I/gpfs/home/s376817/OpenFOAM/s376817-v2406/applications/utilities/waves2Foam/ThirdParty/OceanWave3D-Fortran90/../build
gfortran -O3 -fPIC -std=legacy -ffpe-trap=invalid,zero,overflow -ffree-line-length-none -fstack-protector-all -c src/initialization/InitializeVariables.f90 -o /gpfs/home/s376817/OpenFOAM/s376817-v2406/applications/utilities/waves2Foam/ThirdParty/OceanWave3D-Fortran90/../build/InitializeVariables.o -I/gpfs/home/s376817/OpenFOAM/s376817-v2406/applications/utilities/waves2Foam/ThirdParty/OceanWave3D-Fortran90/../build
gfortran -O3 -fPIC -std=legacy -ffpe-trap=invalid,zero,overflow -ffree-line-length-none -fstack-protector-all -c src/initialization/PreProcessDiffStencils.f90 -o /gpfs/home/s376817/OpenFOAM/s376817-v2406/applications/utilities/waves2Foam/ThirdParty/OceanWave3D-Fortran90/../build/PreProcessDiffStencils.o -I/gpfs/home/s376817/OpenFOAM/s376817-v2406/applications/utilities/waves2Foam/ThirdParty/OceanWave3D-Fortran90/../build
gfortran -O3 -fPIC -std=legacy -ffpe-trap=invalid,zero,overflow -ffree-line-length-none -fstack-protector-all -c src/initialization/PreprocessRelaxationZones.f90 -o /gpfs/home/s376817/OpenFOAM/s376817-v2406/applications/utilities/waves2Foam/ThirdParty/OceanWave3D-Fortran90/../build/PreprocessRelaxationZones.o -I/gpfs/home/s376817/OpenFOAM/s376817-v2406/applications/utilities/waves2Foam/ThirdParty/OceanWave3D-Fortran90/../build
gfortran -O3 -fPIC -std=legacy -ffpe-trap=invalid,zero,overflow -ffree-line-length-none -fstack-protector-all -c src/initialization/PreprocessPDampingZones.f90 -o /gpfs/home/s376817/OpenFOAM/s376817-v2406/applications/utilities/waves2Foam/ThirdParty/OceanWave3D-Fortran90/../build/PreprocessPDampingZones.o -I/gpfs/home/s376817/OpenFOAM/s376817-v2406/applications/utilities/waves2Foam/ThirdParty/OceanWave3D-Fortran90/../build
gfortran -O3 -fPIC -std=legacy -ffpe-trap=invalid,zero,overflow -ffree-line-length-none -fstack-protector-all -c src/initialization/SetupCompDomain.f90 -o /gpfs/home/s376817/OpenFOAM/s376817-v2406/applications/utilities/waves2Foam/ThirdParty/OceanWave3D-Fortran90/../build/SetupCompDomain.o -I/gpfs/home/s376817/OpenFOAM/s376817-v2406/applications/utilities/waves2Foam/ThirdParty/OceanWave3D-Fortran90/../build
gfortran -O3 -fPIC -std=legacy -ffpe-trap=invalid,zero,overflow -ffree-line-length-none -fstack-protector-all -c src/initialization/SetupInitialConditions.f90 -o /gpfs/home/s376817/OpenFOAM/s376817-v2406/applications/utilities/waves2Foam/ThirdParty/OceanWave3D-Fortran90/../build/SetupInitialConditions.o -I/gpfs/home/s376817/OpenFOAM/s376817-v2406/applications/utilities/waves2Foam/ThirdParty/OceanWave3D-Fortran90/../build
gfortran -O3 -fPIC -std=legacy -ffpe-trap=invalid,zero,overflow -ffree-line-length-none -fstack-protector-all -c src/initialization/setupWavePaddle.f90 -o /gpfs/home/s376817/OpenFOAM/s376817-v2406/applications/utilities/waves2Foam/ThirdParty/OceanWave3D-Fortran90/../build/setupWavePaddle.o -I/gpfs/home/s376817/OpenFOAM/s376817-v2406/applications/utilities/waves2Foam/ThirdParty/OceanWave3D-Fortran90/../build
gfortran -O3 -fPIC -std=legacy -ffpe-trap=invalid,zero,overflow -ffree-line-length-none -fstack-protector-all -c src/IO/CheckError.f90 -o /gpfs/home/s376817/OpenFOAM/s376817-v2406/applications/utilities/waves2Foam/ThirdParty/OceanWave3D-Fortran90/../build/CheckError.o -I/gpfs/home/s376817/OpenFOAM/s376817-v2406/applications/utilities/waves2Foam/ThirdParty/OceanWave3D-Fortran90/../build
gfortran -O3 -fPIC -std=legacy -ffpe-trap=invalid,zero,overflow -ffree-line-length-none -fstack-protector-all -c src/IO/StoreData.f90 -o /gpfs/home/s376817/OpenFOAM/s376817-v2406/applications/utilities/waves2Foam/ThirdParty/OceanWave3D-Fortran90/../build/StoreData.o -I/gpfs/home/s376817/OpenFOAM/s376817-v2406/applications/utilities/waves2Foam/ThirdParty/OceanWave3D-Fortran90/../build
gfortran -O3 -fPIC -std=legacy -ffpe-trap=invalid,zero,overflow -ffree-line-length-none -fstack-protector-all -c src/IO/StoreRealArray3D.f90 -o /gpfs/home/s376817/OpenFOAM/s376817-v2406/applications/utilities/waves2Foam/ThirdParty/OceanWave3D-Fortran90/../build/StoreRealArray3D.o -I/gpfs/home/s376817/OpenFOAM/s376817-v2406/applications/utilities/waves2Foam/ThirdParty/OceanWave3D-Fortran90/../build
gfortran -O3 -fPIC -std=legacy -ffpe-trap=invalid,zero,overflow -ffree-line-length-none -fstack-protector-all -c src/IO/CloseIOFiles.f90 -o /gpfs/home/s376817/OpenFOAM/s376817-v2406/applications/utilities/waves2Foam/ThirdParty/OceanWave3D-Fortran90/../build/CloseIOFiles.o -I/gpfs/home/s376817/OpenFOAM/s376817-v2406/applications/utilities/waves2Foam/ThirdParty/OceanWave3D-Fortran90/../build
gfortran -O3 -fPIC -std=legacy -ffpe-trap=invalid,zero,overflow -ffree-line-length-none -fstack-protector-all -c src/IO/StoreDataAscii.f90 -o /gpfs/home/s376817/OpenFOAM/s376817-v2406/applications/utilities/waves2Foam/ThirdParty/OceanWave3D-Fortran90/../build/StoreDataAscii.o -I/gpfs/home/s376817/OpenFOAM/s376817-v2406/applications/utilities/waves2Foam/ThirdParty/OceanWave3D-Fortran90/../build
gfortran -O3 -fPIC -std=legacy -ffpe-trap=invalid,zero,overflow -ffree-line-length-none -fstack-protector-all -c src/IO/StoreSparseMatrix.f90 -o /gpfs/home/s376817/OpenFOAM/s376817-v2406/applications/utilities/waves2Foam/ThirdParty/OceanWave3D-Fortran90/../build/StoreSparseMatrix.o -I/gpfs/home/s376817/OpenFOAM/s376817-v2406/applications/utilities/waves2Foam/ThirdParty/OceanWave3D-Fortran90/../build
gfortran -O3 -fPIC -std=legacy -ffpe-trap=invalid,zero,overflow -ffree-line-length-none -fstack-protector-all -c src/IO/GatherData.f90 -o /gpfs/home/s376817/OpenFOAM/s376817-v2406/applications/utilities/waves2Foam/ThirdParty/OceanWave3D-Fortran90/../build/GatherData.o -I/gpfs/home/s376817/OpenFOAM/s376817-v2406/applications/utilities/waves2Foam/ThirdParty/OceanWave3D-Fortran90/../build
gfortran -O3 -fPIC -std=legacy -ffpe-trap=invalid,zero,overflow -ffree-line-length-none -fstack-protector-all -c src/IO/StoreKinematicData.f90 -o /gpfs/home/s376817/OpenFOAM/s376817-v2406/applications/utilities/waves2Foam/ThirdParty/OceanWave3D-Fortran90/../build/StoreKinematicData.o -I/gpfs/home/s376817/OpenFOAM/s376817-v2406/applications/utilities/waves2Foam/ThirdParty/OceanWave3D-Fortran90/../build
gfortran -O3 -fPIC -std=legacy -ffpe-trap=invalid,zero,overflow -ffree-line-length-none -fstack-protector-all -c src/IO/ReadInputFileParameters.f90 -o /gpfs/home/s376817/OpenFOAM/s376817-v2406/applications/utilities/waves2Foam/ThirdParty/OceanWave3D-Fortran90/../build/ReadInputFileParameters.o -I/gpfs/home/s376817/OpenFOAM/s376817-v2406/applications/utilities/waves2Foam/ThirdParty/OceanWave3D-Fortran90/../build
gfortran -O3 -fPIC -std=legacy -ffpe-trap=invalid,zero,overflow -ffree-line-length-none -fstack-protector-all -c src/IO/StoreRealArray.f90 -o /gpfs/home/s376817/OpenFOAM/s376817-v2406/applications/utilities/waves2Foam/ThirdParty/OceanWave3D-Fortran90/../build/StoreRealArray.o -I/gpfs/home/s376817/OpenFOAM/s376817-v2406/applications/utilities/waves2Foam/ThirdParty/OceanWave3D-Fortran90/../build
gfortran -O3 -fPIC -std=legacy -ffpe-trap=invalid,zero,overflow -ffree-line-length-none -fstack-protector-all -c src/IO/StoreWaveGauges.f90 -o /gpfs/home/s376817/OpenFOAM/s376817-v2406/applications/utilities/waves2Foam/ThirdParty/OceanWave3D-Fortran90/../build/StoreWaveGauges.o -I/gpfs/home/s376817/OpenFOAM/s376817-v2406/applications/utilities/waves2Foam/ThirdParty/OceanWave3D-Fortran90/../build
gfortran -O3 -fPIC -std=legacy -ffpe-trap=invalid,zero,overflow -ffree-line-length-none -fstack-protector-all -c src/main/OceanWave3D.f90 -o /gpfs/home/s376817/OpenFOAM/s376817-v2406/applications/utilities/waves2Foam/ThirdParty/OceanWave3D-Fortran90/../build/OceanWave3D.o -I/gpfs/home/s376817/OpenFOAM/s376817-v2406/applications/utilities/waves2Foam/ThirdParty/OceanWave3D-Fortran90/../build
gfortran -O3 -fPIC -std=legacy -ffpe-trap=invalid,zero,overflow -ffree-line-length-none -fstack-protector-all -c src/main/OceanWave3DT0Setup.f90 -o /gpfs/home/s376817/OpenFOAM/s376817-v2406/applications/utilities/waves2Foam/ThirdParty/OceanWave3D-Fortran90/../build/OceanWave3DT0Setup.o -I/gpfs/home/s376817/OpenFOAM/s376817-v2406/applications/utilities/waves2Foam/ThirdParty/OceanWave3D-Fortran90/../build
gfortran -O3 -fPIC -std=legacy -ffpe-trap=invalid,zero,overflow -ffree-line-length-none -fstack-protector-all -c src/main/OceanWave3DTakeATimeStep.f90 -o /gpfs/home/s376817/OpenFOAM/s376817-v2406/applications/utilities/waves2Foam/ThirdParty/OceanWave3D-Fortran90/../build/OceanWave3DTakeATimeStep.o -I/gpfs/home/s376817/OpenFOAM/s376817-v2406/applications/utilities/waves2Foam/ThirdParty/OceanWave3D-Fortran90/../build
gfortran -O3 -fPIC -std=legacy -ffpe-trap=invalid,zero,overflow -ffree-line-length-none -fstack-protector-all -c src/main/rhsFreeSurface3D.f90 -o /gpfs/home/s376817/OpenFOAM/s376817-v2406/applications/utilities/waves2Foam/ThirdParty/OceanWave3D-Fortran90/../build/rhsFreeSurface3D.o -I/gpfs/home/s376817/OpenFOAM/s376817-v2406/applications/utilities/waves2Foam/ThirdParty/OceanWave3D-Fortran90/../build
gfortran -O3 -fPIC -std=legacy -ffpe-trap=invalid,zero,overflow -ffree-line-length-none -fstack-protector-all -c src/main/rhsLinearFreeSurface3D.f90 -o /gpfs/home/s376817/OpenFOAM/s376817-v2406/applications/utilities/waves2Foam/ThirdParty/OceanWave3D-Fortran90/../build/rhsLinearFreeSurface3D.o -I/gpfs/home/s376817/OpenFOAM/s376817-v2406/applications/utilities/waves2Foam/ThirdParty/OceanWave3D-Fortran90/../build
gfortran -O3 -fPIC -std=legacy -ffpe-trap=invalid,zero,overflow -ffree-line-length-none -fstack-protector-all -c src/main/TestCodeDucrozet1.f90 -o /gpfs/home/s376817/OpenFOAM/s376817-v2406/applications/utilities/waves2Foam/ThirdParty/OceanWave3D-Fortran90/../build/TestCodeDucrozet1.o -I/gpfs/home/s376817/OpenFOAM/s376817-v2406/applications/utilities/waves2Foam/ThirdParty/OceanWave3D-Fortran90/../build
gfortran -O3 -fPIC -std=legacy -ffpe-trap=invalid,zero,overflow -ffree-line-length-none -fstack-protector-all -c src/main/TestCodeDucrozet2.f90 -o /gpfs/home/s376817/OpenFOAM/s376817-v2406/applications/utilities/waves2Foam/ThirdParty/OceanWave3D-Fortran90/../build/TestCodeDucrozet2.o -I/gpfs/home/s376817/OpenFOAM/s376817-v2406/applications/utilities/waves2Foam/ThirdParty/OceanWave3D-Fortran90/../build
gfortran -O3 -fPIC -std=legacy -ffpe-trap=invalid,zero,overflow -ffree-line-length-none -fstack-protector-all -c src/iterative/dc.f -o /gpfs/home/s376817/OpenFOAM/s376817-v2406/applications/utilities/waves2Foam/ThirdParty/OceanWave3D-Fortran90/../build/dc.o -I/gpfs/home/s376817/OpenFOAM/s376817-v2406/applications/utilities/waves2Foam/ThirdParty/OceanWave3D-Fortran90/../build
gfortran -O3 -fPIC -std=legacy -ffpe-trap=invalid,zero,overflow -ffree-line-length-none -fstack-protector-all -c src/OpenFoam/OpenFoam/calculateKinematics.f90 -o /gpfs/home/s376817/OpenFOAM/s376817-v2406/applications/utilities/waves2Foam/ThirdParty/OceanWave3D-Fortran90/../build/calculateKinematics.o -I/gpfs/home/s376817/OpenFOAM/s376817-v2406/applications/utilities/waves2Foam/ThirdParty/OceanWave3D-Fortran90/../build
gfortran -O3 -fPIC -std=legacy -ffpe-trap=invalid,zero,overflow -ffree-line-length-none -fstack-protector-all -c src/OpenFoam/OpenFoam/interpolationInitialize.f90 -o /gpfs/home/s376817/OpenFOAM/s376817-v2406/applications/utilities/waves2Foam/ThirdParty/OceanWave3D-Fortran90/../build/interpolationInitialize.o -I/gpfs/home/s376817/OpenFOAM/s376817-v2406/applications/utilities/waves2Foam/ThirdParty/OceanWave3D-Fortran90/../build
gfortran -O3 -fPIC -std=legacy -ffpe-trap=invalid,zero,overflow -ffree-line-length-none -fstack-protector-all -c src/OpenFoam/OpenFoam/makeStencils.f90 -o /gpfs/home/s376817/OpenFOAM/s376817-v2406/applications/utilities/waves2Foam/ThirdParty/OceanWave3D-Fortran90/../build/makeStencils.o -I/gpfs/home/s376817/OpenFOAM/s376817-v2406/applications/utilities/waves2Foam/ThirdParty/OceanWave3D-Fortran90/../build
gfortran -O3 -fPIC -std=legacy -ffpe-trap=invalid,zero,overflow -ffree-line-length-none -fstack-protector-all -c src/OpenFoam/OpenFoam/openFoamNearestNeighbour.f90 -o /gpfs/home/s376817/OpenFOAM/s376817-v2406/applications/utilities/waves2Foam/ThirdParty/OceanWave3D-Fortran90/../build/openFoamNearestNeighbour.o -I/gpfs/home/s376817/OpenFOAM/s376817-v2406/applications/utilities/waves2Foam/ThirdParty/OceanWave3D-Fortran90/../build
gfortran -O3 -fPIC -std=legacy -ffpe-trap=invalid,zero,overflow -ffree-line-length-none -fstack-protector-all -c src/OpenFoam/OpenFoam/setDeltaT.f90 -o /gpfs/home/s376817/OpenFOAM/s376817-v2406/applications/utilities/waves2Foam/ThirdParty/OceanWave3D-Fortran90/../build/setDeltaT.o -I/gpfs/home/s376817/OpenFOAM/s376817-v2406/applications/utilities/waves2Foam/ThirdParty/OceanWave3D-Fortran90/../build
gfortran -O3 -fPIC -std=legacy -ffpe-trap=invalid,zero,overflow -ffree-line-length-none -fstack-protector-all -c src/OpenFoam/interpolation_functions.f90 -o /gpfs/home/s376817/OpenFOAM/s376817-v2406/applications/utilities/waves2Foam/ThirdParty/OceanWave3D-Fortran90/../build/interpolation_functions.o -I/gpfs/home/s376817/OpenFOAM/s376817-v2406/applications/utilities/waves2Foam/ThirdParty/OceanWave3D-Fortran90/../build
renamed 'interpolation_functions.mod' -> '/gpfs/home/s376817/OpenFOAM/s376817-v2406/applications/utilities/waves2Foam/ThirdParty/OceanWave3D-Fortran90/../build/interpolation_functions.mod'
'thirdpartylibs/LIB_VTK_IO/static/lib_vtk_io.mod' -> '/gpfs/home/s376817/OpenFOAM/s376817-v2406/applications/utilities/waves2Foam/ThirdParty/OceanWave3D-Fortran90/../build/lib_vtk_io.mod'
gfortran -O3 -fPIC -std=legacy -ffpe-trap=invalid,zero,overflow -ffree-line-length-none -fstack-protector-all -c src/OpenFoam/interpolation.f90 -o /gpfs/home/s376817/OpenFOAM/s376817-v2406/applications/utilities/waves2Foam/ThirdParty/OceanWave3D-Fortran90/../build/interpolation.o -I/gpfs/home/s376817/OpenFOAM/s376817-v2406/applications/utilities/waves2Foam/ThirdParty/OceanWave3D-Fortran90/../build
gfortran -O3 -fPIC -std=legacy -ffpe-trap=invalid,zero,overflow -ffree-line-length-none -fstack-protector-all -c src/OpenFoam/IO/openFoamInterfaceEta.f90 -o /gpfs/home/s376817/OpenFOAM/s376817-v2406/applications/utilities/waves2Foam/ThirdParty/OceanWave3D-Fortran90/../build/openFoamInterfaceEta.o -I/gpfs/home/s376817/OpenFOAM/s376817-v2406/applications/utilities/waves2Foam/ThirdParty/OceanWave3D-Fortran90/../build
gfortran -O3 -fPIC -std=legacy -ffpe-trap=invalid,zero,overflow -ffree-line-length-none -fstack-protector-all -c src/OpenFoam/IO/openFoamInterfaceU.f90 -o /gpfs/home/s376817/OpenFOAM/s376817-v2406/applications/utilities/waves2Foam/ThirdParty/OceanWave3D-Fortran90/../build/openFoamInterfaceU.o -I/gpfs/home/s376817/OpenFOAM/s376817-v2406/applications/utilities/waves2Foam/ThirdParty/OceanWave3D-Fortran90/../build
gfortran -O3 -fPIC -std=legacy -ffpe-trap=invalid,zero,overflow -ffree-line-length-none -fstack-protector-all -c src/OpenFoam/IO/writeOceanwave3D.f90 -o /gpfs/home/s376817/OpenFOAM/s376817-v2406/applications/utilities/waves2Foam/ThirdParty/OceanWave3D-Fortran90/../build/writeOceanwave3D.o -I/gpfs/home/s376817/OpenFOAM/s376817-v2406/applications/utilities/waves2Foam/ThirdParty/OceanWave3D-Fortran90/../build
*** Starting linking of files for OceanWave3D (Release)... ***
ar -cr /gpfs/home/s376817/OpenFOAM/s376817-v2406/platforms/linux64GccDPInt32Opt/lib/libOceanWave3DBuild.a /gpfs/home/s376817/OpenFOAM/s376817-v2406/applications/utilities/waves2Foam/ThirdParty/OceanWave3D-Fortran90/../build/*.o
OceanWave3D has been built successfully.
*** Starting linking of files for OceanWave3D shared library (Release)... ***
Shared library for OceanWave3D has been built successfully.
/gpfs/home/s376817/OpenFOAM/s376817-v2406/applications/utilities/waves2Foam/ThirdParty
=====================================
    COMPILE FENTON4FOAM
=====================================

fenton4Foam has already been compiled

=====================================
    COMPILE LIBRARY
=====================================
v2406
wmake libso (waves2Foam)
    ln: ./lnInclude
Making dependencies: crossVersionCompatibility.C
Making dependencies: setWaveField.C
Making dependencies: relaxationZone.C
Making dependencies: numericalBeachEmpty.C
Making dependencies: newNumericalBeach.C
Making dependencies: numericalBeach.C
Making dependencies: relaxationSchemeSpatialInterpolation.C
Making dependencies: relaxationSchemeSpatial.C
Making dependencies: relaxationSchemeEmpty.C
Making dependencies: newRelaxationScheme.C
Making dependencies: relaxationScheme.C
Making dependencies: relaxationWeightThirdOrderPolynomial.C
Making dependencies: relaxationWeightFreePolynomial.C
Making dependencies: relaxationWeightExponential.C
Making dependencies: relaxationWeightCourantCorrection.C
Making dependencies: relaxationWeight.C
Making dependencies: relaxationShapeLine.C
Making dependencies: relaxationShapeSemiCylindrical.C
Making dependencies: relaxationShapeCylindrical.C
Making dependencies: relaxationShapeRectangular.C
Making dependencies: relaxationShapeFrozen.C
Making dependencies: newRelaxationShape.C
Making dependencies: relaxationShape.C
Making dependencies: waveVelocityFvPatchVectorField.C
wmkdepend: could not open 'foamTime.H' for source file 'fvPatchFields/waveVelocity/waveVelocityFvPatchVectorField.C': No such file or directory
Making dependencies: waveAlphaFvPatchScalarField.C
wmkdepend: could not open 'foamTime.H' for source file 'fvPatchFields/waveAlpha/waveAlphaFvPatchScalarField.C': No such file or directory
Making dependencies: irregularFast.C
Making dependencies: oceanWave3D.C
Making dependencies: emptyExternal.C
Making dependencies: externalWaveForcing.C
Making dependencies: externalSource.C
Making dependencies: combinedWaves.C
Making dependencies: bichromaticSecond.C
Making dependencies: bichromaticFirst.C
Making dependencies: irregular.C
Making dependencies: streamFunction.C
Making dependencies: cnoidalFirst.C
wmkdepend: could not open 'gsl/gsl_sf_ellint.h' for source file 'waveTheories/regular/cnoidalFirst/cnoidalFirst.C': No such file or directory
wmkdepend: could not open 'gsl/gsl_sf_elljac.h' for source file 'waveTheories/regular/cnoidalFirst/cnoidalFirst.C': No such file or directory
Making dependencies: stokesFifth.C
Making dependencies: stokesSecondModulation.C
Making dependencies: stokesSecond.C
Making dependencies: stokesFirstStanding.C
Making dependencies: stokesFirst.C
Making dependencies: chappelear1962.C
Making dependencies: solitaryFirst.C
Making dependencies: potentialCurrent.C
Making dependencies: newWaveTheory.C
Making dependencies: waveTheory.C
Making dependencies: localCellNeg.C
Making dependencies: localCell.C
Making dependencies: localFace.C
Making dependencies: convexPolyhedral.C
OMPI_CXX="g++" mpicxx -m64 -pthread -DOPENFOAM=2406 -DWM_DP -DWM_LABEL_SIZE=32 -Wall -Wextra -Wold-style-cast -Wnon-virtual-dtor -Wno-unused-parameter -Wno-invalid-offsetof -Wno-attributes -Wno-unknown-pragmas -O2 -fno-tree-vectorize -march=native -fno-math-errno -std=c++14 -fuse-ld=bfd  -DNoRepository -ftemplate-depth-100  -DOFVERSION=2406 -DEXTBRANCH=0 -DXVERSION=0 -DOFPLUSBRANCH=1 -I/apps/software/OpenFOAM/v2406-foss-2023a/OpenFOAM-v2406/src/finiteVolume/lnInclude -I/apps/software/OpenFOAM/v2406-foss-2023a/OpenFOAM-v2406/src/meshTools/lnInclude -I/apps/software/OpenFOAM/v2406-foss-2023a/OpenFOAM-v2406/src/sampling/lnInclude -I/apps/software/OpenFOAM/v2406-foss-2023a/OpenFOAM-v2406/src/lagrangian/basic/lnInclude -I/apps/software/OpenFOAM/v2406-foss-2023a/OpenFOAM-v2406/src/fileFormats/lnInclude -I/usr/include -iquote. -IlnInclude -I/apps/software/OpenFOAM/v2406-foss-2023a/OpenFOAM-v2406/src/OpenFOAM/lnInclude -I/apps/software/OpenFOAM/v2406-foss-2023a/OpenFOAM-v2406/src/OSspecific/POSIX/lnInclude   -fPIC -c convexPolyhedral/convexPolyhedral.C -o Make/linux64GccDPInt32Opt/convexPolyhedral/convexPolyhedral.o
In file included from convexPolyhedral/convexPolyhedral.H:56,
                 from convexPolyhedral/convexPolyhedral.C:36:
convexPolyhedral/localCell.H: In member function ‘Foam::vector Foam::localCell::fnormal(Foam::label) const’:
convexPolyhedral/localCell.H:207:37: warning: ‘Foam::vector Foam::face::normal(const Foam::UList<Foam::Vector<double> >&) const’ is deprecated: Since 2018-12; use "areaNormal() or unitNormal()" [-Wdeprecated-declarations]
  207 |             return fL_[faceI].normal(pp_);
      |                    ~~~~~~~~~~~~~~~~~^~~~~
In file included from /apps/software/OpenFOAM/v2406-foss-2023a/OpenFOAM-v2406/src/OpenFOAM/lnInclude/faceList.H:31,
                 from /apps/software/OpenFOAM/v2406-foss-2023a/OpenFOAM-v2406/src/OpenFOAM/lnInclude/primitiveMesh.H:59,
                 from /apps/software/OpenFOAM/v2406-foss-2023a/OpenFOAM-v2406/src/OpenFOAM/lnInclude/polyMesh.H:48,
                 from /apps/software/OpenFOAM/v2406-foss-2023a/OpenFOAM-v2406/src/finiteVolume/lnInclude/fvMesh.H:53,
                 from convexPolyhedral/convexPolyhedral.H:51:
/apps/software/OpenFOAM/v2406-foss-2023a/OpenFOAM-v2406/src/OpenFOAM/lnInclude/face.H:202:16: note: declared here
  202 |         vector normal(const UList<point>& p) const
      |                ^~~~~~
convexPolyhedral/convexPolyhedral.C: In member function ‘void Foam::convexPolyhedral::faceCut(const Foam::labelList&, const Foam::edgeList&, const Foam::labelList&, Foam::localCell&)’:
convexPolyhedral/convexPolyhedral.C:217:37: warning: ‘Foam::vector Foam::face::normal(const Foam::UList<Foam::Vector<double> >&) const’ is deprecated: Since 2018-12; use "areaNormal() or unitNormal()" [-Wdeprecated-declarations]
  217 |             if (Foam::sign( f.normal( lc.points()) & normalToPlane_ ) == 1)
      |                             ~~~~~~~~^~~~~~~~~~~~~~
/apps/software/OpenFOAM/v2406-foss-2023a/OpenFOAM-v2406/src/OpenFOAM/lnInclude/face.H:202:16: note: declared here
  202 |         vector normal(const UList<point>& p) const
      |                ^~~~~~
convexPolyhedral/convexPolyhedral.C: In member function ‘void Foam::convexPolyhedral::faceCut(const Foam::labelList&, const Foam::edgeList&, const Foam::labelList&, Foam::localCellNeg&)’:
convexPolyhedral/convexPolyhedral.C:323:37: warning: ‘Foam::vector Foam::face::normal(const Foam::UList<Foam::Vector<double> >&) const’ is deprecated: Since 2018-12; use "areaNormal() or unitNormal()" [-Wdeprecated-declarations]
  323 |             if (Foam::sign( f.normal( lc.points()) & normalToPlane_ ) == 1)
      |                             ~~~~~~~~^~~~~~~~~~~~~~
/apps/software/OpenFOAM/v2406-foss-2023a/OpenFOAM-v2406/src/OpenFOAM/lnInclude/face.H:202:16: note: declared here
  202 |         vector normal(const UList<point>& p) const
      |                ^~~~~~
convexPolyhedral/convexPolyhedral.C: In member function ‘void Foam::convexPolyhedral::unionSet(const Foam::localCell&, Foam::localCell&)’:
convexPolyhedral/convexPolyhedral.C:746:44: warning: ‘Foam::vector Foam::face::normal(const Foam::UList<Foam::Vector<double> >&) const’ is deprecated: Since 2018-12; use "areaNormal() or unitNormal()" [-Wdeprecated-declarations]
  746 |         const vector n( fL[c[facei]].normal(pp) );
      |                         ~~~~~~~~~~~~~~~~~~~^~~~
/apps/software/OpenFOAM/v2406-foss-2023a/OpenFOAM-v2406/src/OpenFOAM/lnInclude/face.H:202:16: note: declared here
  202 |         vector normal(const UList<point>& p) const
      |                ^~~~~~
convexPolyhedral/convexPolyhedral.C: In member function ‘void Foam::convexPolyhedral::unionSet(const Foam::localCellNeg&, Foam::localCellNeg&)’:
convexPolyhedral/convexPolyhedral.C:777:44: warning: ‘Foam::vector Foam::face::normal(const Foam::UList<Foam::Vector<double> >&) const’ is deprecated: Since 2018-12; use "areaNormal() or unitNormal()" [-Wdeprecated-declarations]
  777 |         const vector n( fL[c[facei]].normal(pp) );
      |                         ~~~~~~~~~~~~~~~~~~~^~~~
/apps/software/OpenFOAM/v2406-foss-2023a/OpenFOAM-v2406/src/OpenFOAM/lnInclude/face.H:202:16: note: declared here
  202 |         vector normal(const UList<point>& p) const
      |                ^~~~~~
OMPI_CXX="g++" mpicxx -m64 -pthread -DOPENFOAM=2406 -DWM_DP -DWM_LABEL_SIZE=32 -Wall -Wextra -Wold-style-cast -Wnon-virtual-dtor -Wno-unused-parameter -Wno-invalid-offsetof -Wno-attributes -Wno-unknown-pragmas -O2 -fno-tree-vectorize -march=native -fno-math-errno -std=c++14 -fuse-ld=bfd  -DNoRepository -ftemplate-depth-100  -DOFVERSION=2406 -DEXTBRANCH=0 -DXVERSION=0 -DOFPLUSBRANCH=1 -I/apps/software/OpenFOAM/v2406-foss-2023a/OpenFOAM-v2406/src/finiteVolume/lnInclude -I/apps/software/OpenFOAM/v2406-foss-2023a/OpenFOAM-v2406/src/meshTools/lnInclude -I/apps/software/OpenFOAM/v2406-foss-2023a/OpenFOAM-v2406/src/sampling/lnInclude -I/apps/software/OpenFOAM/v2406-foss-2023a/OpenFOAM-v2406/src/lagrangian/basic/lnInclude -I/apps/software/OpenFOAM/v2406-foss-2023a/OpenFOAM-v2406/src/fileFormats/lnInclude -I/usr/include -iquote. -IlnInclude -I/apps/software/OpenFOAM/v2406-foss-2023a/OpenFOAM-v2406/src/OpenFOAM/lnInclude -I/apps/software/OpenFOAM/v2406-foss-2023a/OpenFOAM-v2406/src/OSspecific/POSIX/lnInclude   -fPIC -c convexPolyhedral/localFace.C -o Make/linux64GccDPInt32Opt/convexPolyhedral/localFace.o
OMPI_CXX="g++" mpicxx -m64 -pthread -DOPENFOAM=2406 -DWM_DP -DWM_LABEL_SIZE=32 -Wall -Wextra -Wold-style-cast -Wnon-virtual-dtor -Wno-unused-parameter -Wno-invalid-offsetof -Wno-attributes -Wno-unknown-pragmas -O2 -fno-tree-vectorize -march=native -fno-math-errno -std=c++14 -fuse-ld=bfd  -DNoRepository -ftemplate-depth-100  -DOFVERSION=2406 -DEXTBRANCH=0 -DXVERSION=0 -DOFPLUSBRANCH=1 -I/apps/software/OpenFOAM/v2406-foss-2023a/OpenFOAM-v2406/src/finiteVolume/lnInclude -I/apps/software/OpenFOAM/v2406-foss-2023a/OpenFOAM-v2406/src/meshTools/lnInclude -I/apps/software/OpenFOAM/v2406-foss-2023a/OpenFOAM-v2406/src/sampling/lnInclude -I/apps/software/OpenFOAM/v2406-foss-2023a/OpenFOAM-v2406/src/lagrangian/basic/lnInclude -I/apps/software/OpenFOAM/v2406-foss-2023a/OpenFOAM-v2406/src/fileFormats/lnInclude -I/usr/include -iquote. -IlnInclude -I/apps/software/OpenFOAM/v2406-foss-2023a/OpenFOAM-v2406/src/OpenFOAM/lnInclude -I/apps/software/OpenFOAM/v2406-foss-2023a/OpenFOAM-v2406/src/OSspecific/POSIX/lnInclude   -fPIC -c convexPolyhedral/localCell.C -o Make/linux64GccDPInt32Opt/convexPolyhedral/localCell.o
In file included from convexPolyhedral/localCell.C:36:
convexPolyhedral/localCell.H: In member function ‘Foam::vector Foam::localCell::fnormal(Foam::label) const’:
convexPolyhedral/localCell.H:207:37: warning: ‘Foam::vector Foam::face::normal(const Foam::UList<Foam::Vector<double> >&) const’ is deprecated: Since 2018-12; use "areaNormal() or unitNormal()" [-Wdeprecated-declarations]
  207 |             return fL_[faceI].normal(pp_);
      |                    ~~~~~~~~~~~~~~~~~^~~~~
In file included from /apps/software/OpenFOAM/v2406-foss-2023a/OpenFOAM-v2406/src/OpenFOAM/lnInclude/faceList.H:31,
                 from /apps/software/OpenFOAM/v2406-foss-2023a/OpenFOAM-v2406/src/OpenFOAM/lnInclude/primitiveMesh.H:59,
                 from /apps/software/OpenFOAM/v2406-foss-2023a/OpenFOAM-v2406/src/OpenFOAM/lnInclude/polyMesh.H:48,
                 from /apps/software/OpenFOAM/v2406-foss-2023a/OpenFOAM-v2406/src/finiteVolume/lnInclude/fvMesh.H:53,
                 from convexPolyhedral/localCell.H:41:
/apps/software/OpenFOAM/v2406-foss-2023a/OpenFOAM-v2406/src/OpenFOAM/lnInclude/face.H:202:16: note: declared here
  202 |         vector normal(const UList<point>& p) const
      |                ^~~~~~
OMPI_CXX="g++" mpicxx -m64 -pthread -DOPENFOAM=2406 -DWM_DP -DWM_LABEL_SIZE=32 -Wall -Wextra -Wold-style-cast -Wnon-virtual-dtor -Wno-unused-parameter -Wno-invalid-offsetof -Wno-attributes -Wno-unknown-pragmas -O2 -fno-tree-vectorize -march=native -fno-math-errno -std=c++14 -fuse-ld=bfd  -DNoRepository -ftemplate-depth-100  -DOFVERSION=2406 -DEXTBRANCH=0 -DXVERSION=0 -DOFPLUSBRANCH=1 -I/apps/software/OpenFOAM/v2406-foss-2023a/OpenFOAM-v2406/src/finiteVolume/lnInclude -I/apps/software/OpenFOAM/v2406-foss-2023a/OpenFOAM-v2406/src/meshTools/lnInclude -I/apps/software/OpenFOAM/v2406-foss-2023a/OpenFOAM-v2406/src/sampling/lnInclude -I/apps/software/OpenFOAM/v2406-foss-2023a/OpenFOAM-v2406/src/lagrangian/basic/lnInclude -I/apps/software/OpenFOAM/v2406-foss-2023a/OpenFOAM-v2406/src/fileFormats/lnInclude -I/usr/include -iquote. -IlnInclude -I/apps/software/OpenFOAM/v2406-foss-2023a/OpenFOAM-v2406/src/OpenFOAM/lnInclude -I/apps/software/OpenFOAM/v2406-foss-2023a/OpenFOAM-v2406/src/OSspecific/POSIX/lnInclude   -fPIC -c convexPolyhedral/localCellNeg.C -o Make/linux64GccDPInt32Opt/convexPolyhedral/localCellNeg.o
OMPI_CXX="g++" mpicxx -m64 -pthread -DOPENFOAM=2406 -DWM_DP -DWM_LABEL_SIZE=32 -Wall -Wextra -Wold-style-cast -Wnon-virtual-dtor -Wno-unused-parameter -Wno-invalid-offsetof -Wno-attributes -Wno-unknown-pragmas -O2 -fno-tree-vectorize -march=native -fno-math-errno -std=c++14 -fuse-ld=bfd  -DNoRepository -ftemplate-depth-100  -DOFVERSION=2406 -DEXTBRANCH=0 -DXVERSION=0 -DOFPLUSBRANCH=1 -I/apps/software/OpenFOAM/v2406-foss-2023a/OpenFOAM-v2406/src/finiteVolume/lnInclude -I/apps/software/OpenFOAM/v2406-foss-2023a/OpenFOAM-v2406/src/meshTools/lnInclude -I/apps/software/OpenFOAM/v2406-foss-2023a/OpenFOAM-v2406/src/sampling/lnInclude -I/apps/software/OpenFOAM/v2406-foss-2023a/OpenFOAM-v2406/src/lagrangian/basic/lnInclude -I/apps/software/OpenFOAM/v2406-foss-2023a/OpenFOAM-v2406/src/fileFormats/lnInclude -I/usr/include -iquote. -IlnInclude -I/apps/software/OpenFOAM/v2406-foss-2023a/OpenFOAM-v2406/src/OpenFOAM/lnInclude -I/apps/software/OpenFOAM/v2406-foss-2023a/OpenFOAM-v2406/src/OSspecific/POSIX/lnInclude   -fPIC -c waveTheories/waveTheory/waveTheory.C -o Make/linux64GccDPInt32Opt/waveTheories/waveTheory/waveTheory.o
waveTheories/waveTheory/waveTheory.C: In constructor ‘Foam::waveTheories::waveTheory::waveTheory(const Foam::word&, const Foam::fvMesh&)’:
waveTheories/waveTheory/waveTheory.C:95:55: warning: ‘Foam::dimensioned<Type>::dimensioned(Foam::Istream&) [with Type = double]’ is deprecated: Since 2018-11; use "construct from dictionary or entry" [-Wdeprecated-declarations]
   95 |         rhoAir_ = (dimensionedScalar(sDA.lookup("rho"))).value();
      |                                                       ^
In file included from /apps/software/OpenFOAM/v2406-foss-2023a/OpenFOAM-v2406/src/OpenFOAM/lnInclude/dimensionedType.H:577,
                 from /apps/software/OpenFOAM/v2406-foss-2023a/OpenFOAM-v2406/src/OpenFOAM/lnInclude/dimensionedScalar.H:41,
                 from /apps/software/OpenFOAM/v2406-foss-2023a/OpenFOAM-v2406/src/OpenFOAM/lnInclude/TimeState.H:41,
                 from /apps/software/OpenFOAM/v2406-foss-2023a/OpenFOAM-v2406/src/OpenFOAM/lnInclude/Time.H:50,
                 from /apps/software/OpenFOAM/v2406-foss-2023a/OpenFOAM-v2406/src/OpenFOAM/lnInclude/meshStateTemplates.C:28,
                 from /apps/software/OpenFOAM/v2406-foss-2023a/OpenFOAM-v2406/src/OpenFOAM/lnInclude/meshState.H:194,
                 from /apps/software/OpenFOAM/v2406-foss-2023a/OpenFOAM-v2406/src/OpenFOAM/lnInclude/polyMesh.H:62,
                 from /apps/software/OpenFOAM/v2406-foss-2023a/OpenFOAM-v2406/src/finiteVolume/lnInclude/fvMesh.H:53,
                 from waveTheories/waveTheory/waveTheory.H:56,
                 from waveTheories/waveTheory/waveTheory.C:27:
/apps/software/OpenFOAM/v2406-foss-2023a/OpenFOAM-v2406/src/OpenFOAM/lnInclude/dimensionedType.C:309:1: note: declared here
  309 | Foam::dimensioned<Type>::dimensioned(Istream& is)
      | ^~~~
waveTheories/waveTheory/waveTheory.C:98:57: warning: ‘Foam::dimensioned<Type>::dimensioned(Foam::Istream&) [with Type = double]’ is deprecated: Since 2018-11; use "construct from dictionary or entry" [-Wdeprecated-declarations]
   98 |         rhoWater_ = (dimensionedScalar(sDW.lookup("rho"))).value();
      |                                                         ^
/apps/software/OpenFOAM/v2406-foss-2023a/OpenFOAM-v2406/src/OpenFOAM/lnInclude/dimensionedType.C:309:1: note: declared here
  309 | Foam::dimensioned<Type>::dimensioned(Istream& is)
      | ^~~~
OMPI_CXX="g++" mpicxx -m64 -pthread -DOPENFOAM=2406 -DWM_DP -DWM_LABEL_SIZE=32 -Wall -Wextra -Wold-style-cast -Wnon-virtual-dtor -Wno-unused-parameter -Wno-invalid-offsetof -Wno-attributes -Wno-unknown-pragmas -O2 -fno-tree-vectorize -march=native -fno-math-errno -std=c++14 -fuse-ld=bfd  -DNoRepository -ftemplate-depth-100  -DOFVERSION=2406 -DEXTBRANCH=0 -DXVERSION=0 -DOFPLUSBRANCH=1 -I/apps/software/OpenFOAM/v2406-foss-2023a/OpenFOAM-v2406/src/finiteVolume/lnInclude -I/apps/software/OpenFOAM/v2406-foss-2023a/OpenFOAM-v2406/src/meshTools/lnInclude -I/apps/software/OpenFOAM/v2406-foss-2023a/OpenFOAM-v2406/src/sampling/lnInclude -I/apps/software/OpenFOAM/v2406-foss-2023a/OpenFOAM-v2406/src/lagrangian/basic/lnInclude -I/apps/software/OpenFOAM/v2406-foss-2023a/OpenFOAM-v2406/src/fileFormats/lnInclude -I/usr/include -iquote. -IlnInclude -I/apps/software/OpenFOAM/v2406-foss-2023a/OpenFOAM-v2406/src/OpenFOAM/lnInclude -I/apps/software/OpenFOAM/v2406-foss-2023a/OpenFOAM-v2406/src/OSspecific/POSIX/lnInclude   -fPIC -c waveTheories/waveTheory/newWaveTheory.C -o Make/linux64GccDPInt32Opt/waveTheories/waveTheory/newWaveTheory.o
OMPI_CXX="g++" mpicxx -m64 -pthread -DOPENFOAM=2406 -DWM_DP -DWM_LABEL_SIZE=32 -Wall -Wextra -Wold-style-cast -Wnon-virtual-dtor -Wno-unused-parameter -Wno-invalid-offsetof -Wno-attributes -Wno-unknown-pragmas -O2 -fno-tree-vectorize -march=native -fno-math-errno -std=c++14 -fuse-ld=bfd  -DNoRepository -ftemplate-depth-100  -DOFVERSION=2406 -DEXTBRANCH=0 -DXVERSION=0 -DOFPLUSBRANCH=1 -I/apps/software/OpenFOAM/v2406-foss-2023a/OpenFOAM-v2406/src/finiteVolume/lnInclude -I/apps/software/OpenFOAM/v2406-foss-2023a/OpenFOAM-v2406/src/meshTools/lnInclude -I/apps/software/OpenFOAM/v2406-foss-2023a/OpenFOAM-v2406/src/sampling/lnInclude -I/apps/software/OpenFOAM/v2406-foss-2023a/OpenFOAM-v2406/src/lagrangian/basic/lnInclude -I/apps/software/OpenFOAM/v2406-foss-2023a/OpenFOAM-v2406/src/fileFormats/lnInclude -I/usr/include -iquote. -IlnInclude -I/apps/software/OpenFOAM/v2406-foss-2023a/OpenFOAM-v2406/src/OpenFOAM/lnInclude -I/apps/software/OpenFOAM/v2406-foss-2023a/OpenFOAM-v2406/src/OSspecific/POSIX/lnInclude   -fPIC -c waveTheories/current/potentialCurrent/potentialCurrent.C -o Make/linux64GccDPInt32Opt/waveTheories/current/potentialCurrent/potentialCurrent.o
OMPI_CXX="g++" mpicxx -m64 -pthread -DOPENFOAM=2406 -DWM_DP -DWM_LABEL_SIZE=32 -Wall -Wextra -Wold-style-cast -Wnon-virtual-dtor -Wno-unused-parameter -Wno-invalid-offsetof -Wno-attributes -Wno-unknown-pragmas -O2 -fno-tree-vectorize -march=native -fno-math-errno -std=c++14 -fuse-ld=bfd  -DNoRepository -ftemplate-depth-100  -DOFVERSION=2406 -DEXTBRANCH=0 -DXVERSION=0 -DOFPLUSBRANCH=1 -I/apps/software/OpenFOAM/v2406-foss-2023a/OpenFOAM-v2406/src/finiteVolume/lnInclude -I/apps/software/OpenFOAM/v2406-foss-2023a/OpenFOAM-v2406/src/meshTools/lnInclude -I/apps/software/OpenFOAM/v2406-foss-2023a/OpenFOAM-v2406/src/sampling/lnInclude -I/apps/software/OpenFOAM/v2406-foss-2023a/OpenFOAM-v2406/src/lagrangian/basic/lnInclude -I/apps/software/OpenFOAM/v2406-foss-2023a/OpenFOAM-v2406/src/fileFormats/lnInclude -I/usr/include -iquote. -IlnInclude -I/apps/software/OpenFOAM/v2406-foss-2023a/OpenFOAM-v2406/src/OpenFOAM/lnInclude -I/apps/software/OpenFOAM/v2406-foss-2023a/OpenFOAM-v2406/src/OSspecific/POSIX/lnInclude   -fPIC -c waveTheories/solitary/solitaryFirst/solitaryFirst.C -o Make/linux64GccDPInt32Opt/waveTheories/solitary/solitaryFirst/solitaryFirst.o
OMPI_CXX="g++" mpicxx -m64 -pthread -DOPENFOAM=2406 -DWM_DP -DWM_LABEL_SIZE=32 -Wall -Wextra -Wold-style-cast -Wnon-virtual-dtor -Wno-unused-parameter -Wno-invalid-offsetof -Wno-attributes -Wno-unknown-pragmas -O2 -fno-tree-vectorize -march=native -fno-math-errno -std=c++14 -fuse-ld=bfd  -DNoRepository -ftemplate-depth-100  -DOFVERSION=2406 -DEXTBRANCH=0 -DXVERSION=0 -DOFPLUSBRANCH=1 -I/apps/software/OpenFOAM/v2406-foss-2023a/OpenFOAM-v2406/src/finiteVolume/lnInclude -I/apps/software/OpenFOAM/v2406-foss-2023a/OpenFOAM-v2406/src/meshTools/lnInclude -I/apps/software/OpenFOAM/v2406-foss-2023a/OpenFOAM-v2406/src/sampling/lnInclude -I/apps/software/OpenFOAM/v2406-foss-2023a/OpenFOAM-v2406/src/lagrangian/basic/lnInclude -I/apps/software/OpenFOAM/v2406-foss-2023a/OpenFOAM-v2406/src/fileFormats/lnInclude -I/usr/include -iquote. -IlnInclude -I/apps/software/OpenFOAM/v2406-foss-2023a/OpenFOAM-v2406/src/OpenFOAM/lnInclude -I/apps/software/OpenFOAM/v2406-foss-2023a/OpenFOAM-v2406/src/OSspecific/POSIX/lnInclude   -fPIC -c waveTheories/solitary/chappelear1962/chappelear1962.C -o Make/linux64GccDPInt32Opt/waveTheories/solitary/chappelear1962/chappelear1962.o
OMPI_CXX="g++" mpicxx -m64 -pthread -DOPENFOAM=2406 -DWM_DP -DWM_LABEL_SIZE=32 -Wall -Wextra -Wold-style-cast -Wnon-virtual-dtor -Wno-unused-parameter -Wno-invalid-offsetof -Wno-attributes -Wno-unknown-pragmas -O2 -fno-tree-vectorize -march=native -fno-math-errno -std=c++14 -fuse-ld=bfd  -DNoRepository -ftemplate-depth-100  -DOFVERSION=2406 -DEXTBRANCH=0 -DXVERSION=0 -DOFPLUSBRANCH=1 -I/apps/software/OpenFOAM/v2406-foss-2023a/OpenFOAM-v2406/src/finiteVolume/lnInclude -I/apps/software/OpenFOAM/v2406-foss-2023a/OpenFOAM-v2406/src/meshTools/lnInclude -I/apps/software/OpenFOAM/v2406-foss-2023a/OpenFOAM-v2406/src/sampling/lnInclude -I/apps/software/OpenFOAM/v2406-foss-2023a/OpenFOAM-v2406/src/lagrangian/basic/lnInclude -I/apps/software/OpenFOAM/v2406-foss-2023a/OpenFOAM-v2406/src/fileFormats/lnInclude -I/usr/include -iquote. -IlnInclude -I/apps/software/OpenFOAM/v2406-foss-2023a/OpenFOAM-v2406/src/OpenFOAM/lnInclude -I/apps/software/OpenFOAM/v2406-foss-2023a/OpenFOAM-v2406/src/OSspecific/POSIX/lnInclude   -fPIC -c waveTheories/regular/stokesFirst/stokesFirst.C -o Make/linux64GccDPInt32Opt/waveTheories/regular/stokesFirst/stokesFirst.o
OMPI_CXX="g++" mpicxx -m64 -pthread -DOPENFOAM=2406 -DWM_DP -DWM_LABEL_SIZE=32 -Wall -Wextra -Wold-style-cast -Wnon-virtual-dtor -Wno-unused-parameter -Wno-invalid-offsetof -Wno-attributes -Wno-unknown-pragmas -O2 -fno-tree-vectorize -march=native -fno-math-errno -std=c++14 -fuse-ld=bfd  -DNoRepository -ftemplate-depth-100  -DOFVERSION=2406 -DEXTBRANCH=0 -DXVERSION=0 -DOFPLUSBRANCH=1 -I/apps/software/OpenFOAM/v2406-foss-2023a/OpenFOAM-v2406/src/finiteVolume/lnInclude -I/apps/software/OpenFOAM/v2406-foss-2023a/OpenFOAM-v2406/src/meshTools/lnInclude -I/apps/software/OpenFOAM/v2406-foss-2023a/OpenFOAM-v2406/src/sampling/lnInclude -I/apps/software/OpenFOAM/v2406-foss-2023a/OpenFOAM-v2406/src/lagrangian/basic/lnInclude -I/apps/software/OpenFOAM/v2406-foss-2023a/OpenFOAM-v2406/src/fileFormats/lnInclude -I/usr/include -iquote. -IlnInclude -I/apps/software/OpenFOAM/v2406-foss-2023a/OpenFOAM-v2406/src/OpenFOAM/lnInclude -I/apps/software/OpenFOAM/v2406-foss-2023a/OpenFOAM-v2406/src/OSspecific/POSIX/lnInclude   -fPIC -c waveTheories/regular/stokesFirstStanding/stokesFirstStanding.C -o Make/linux64GccDPInt32Opt/waveTheories/regular/stokesFirstStanding/stokesFirstStanding.o
OMPI_CXX="g++" mpicxx -m64 -pthread -DOPENFOAM=2406 -DWM_DP -DWM_LABEL_SIZE=32 -Wall -Wextra -Wold-style-cast -Wnon-virtual-dtor -Wno-unused-parameter -Wno-invalid-offsetof -Wno-attributes -Wno-unknown-pragmas -O2 -fno-tree-vectorize -march=native -fno-math-errno -std=c++14 -fuse-ld=bfd  -DNoRepository -ftemplate-depth-100  -DOFVERSION=2406 -DEXTBRANCH=0 -DXVERSION=0 -DOFPLUSBRANCH=1 -I/apps/software/OpenFOAM/v2406-foss-2023a/OpenFOAM-v2406/src/finiteVolume/lnInclude -I/apps/software/OpenFOAM/v2406-foss-2023a/OpenFOAM-v2406/src/meshTools/lnInclude -I/apps/software/OpenFOAM/v2406-foss-2023a/OpenFOAM-v2406/src/sampling/lnInclude -I/apps/software/OpenFOAM/v2406-foss-2023a/OpenFOAM-v2406/src/lagrangian/basic/lnInclude -I/apps/software/OpenFOAM/v2406-foss-2023a/OpenFOAM-v2406/src/fileFormats/lnInclude -I/usr/include -iquote. -IlnInclude -I/apps/software/OpenFOAM/v2406-foss-2023a/OpenFOAM-v2406/src/OpenFOAM/lnInclude -I/apps/software/OpenFOAM/v2406-foss-2023a/OpenFOAM-v2406/src/OSspecific/POSIX/lnInclude   -fPIC -c waveTheories/regular/stokesSecond/stokesSecond.C -o Make/linux64GccDPInt32Opt/waveTheories/regular/stokesSecond/stokesSecond.o
OMPI_CXX="g++" mpicxx -m64 -pthread -DOPENFOAM=2406 -DWM_DP -DWM_LABEL_SIZE=32 -Wall -Wextra -Wold-style-cast -Wnon-virtual-dtor -Wno-unused-parameter -Wno-invalid-offsetof -Wno-attributes -Wno-unknown-pragmas -O2 -fno-tree-vectorize -march=native -fno-math-errno -std=c++14 -fuse-ld=bfd  -DNoRepository -ftemplate-depth-100  -DOFVERSION=2406 -DEXTBRANCH=0 -DXVERSION=0 -DOFPLUSBRANCH=1 -I/apps/software/OpenFOAM/v2406-foss-2023a/OpenFOAM-v2406/src/finiteVolume/lnInclude -I/apps/software/OpenFOAM/v2406-foss-2023a/OpenFOAM-v2406/src/meshTools/lnInclude -I/apps/software/OpenFOAM/v2406-foss-2023a/OpenFOAM-v2406/src/sampling/lnInclude -I/apps/software/OpenFOAM/v2406-foss-2023a/OpenFOAM-v2406/src/lagrangian/basic/lnInclude -I/apps/software/OpenFOAM/v2406-foss-2023a/OpenFOAM-v2406/src/fileFormats/lnInclude -I/usr/include -iquote. -IlnInclude -I/apps/software/OpenFOAM/v2406-foss-2023a/OpenFOAM-v2406/src/OpenFOAM/lnInclude -I/apps/software/OpenFOAM/v2406-foss-2023a/OpenFOAM-v2406/src/OSspecific/POSIX/lnInclude   -fPIC -c waveTheories/regular/stokesSecondModulation/stokesSecondModulation.C -o Make/linux64GccDPInt32Opt/waveTheories/regular/stokesSecondModulation/stokesSecondModulation.o
OMPI_CXX="g++" mpicxx -m64 -pthread -DOPENFOAM=2406 -DWM_DP -DWM_LABEL_SIZE=32 -Wall -Wextra -Wold-style-cast -Wnon-virtual-dtor -Wno-unused-parameter -Wno-invalid-offsetof -Wno-attributes -Wno-unknown-pragmas -O2 -fno-tree-vectorize -march=native -fno-math-errno -std=c++14 -fuse-ld=bfd  -DNoRepository -ftemplate-depth-100  -DOFVERSION=2406 -DEXTBRANCH=0 -DXVERSION=0 -DOFPLUSBRANCH=1 -I/apps/software/OpenFOAM/v2406-foss-2023a/OpenFOAM-v2406/src/finiteVolume/lnInclude -I/apps/software/OpenFOAM/v2406-foss-2023a/OpenFOAM-v2406/src/meshTools/lnInclude -I/apps/software/OpenFOAM/v2406-foss-2023a/OpenFOAM-v2406/src/sampling/lnInclude -I/apps/software/OpenFOAM/v2406-foss-2023a/OpenFOAM-v2406/src/lagrangian/basic/lnInclude -I/apps/software/OpenFOAM/v2406-foss-2023a/OpenFOAM-v2406/src/fileFormats/lnInclude -I/usr/include -iquote. -IlnInclude -I/apps/software/OpenFOAM/v2406-foss-2023a/OpenFOAM-v2406/src/OpenFOAM/lnInclude -I/apps/software/OpenFOAM/v2406-foss-2023a/OpenFOAM-v2406/src/OSspecific/POSIX/lnInclude   -fPIC -c waveTheories/regular/stokesFifth/stokesFifth.C -o Make/linux64GccDPInt32Opt/waveTheories/regular/stokesFifth/stokesFifth.o
OMPI_CXX="g++" mpicxx -m64 -pthread -DOPENFOAM=2406 -DWM_DP -DWM_LABEL_SIZE=32 -Wall -Wextra -Wold-style-cast -Wnon-virtual-dtor -Wno-unused-parameter -Wno-invalid-offsetof -Wno-attributes -Wno-unknown-pragmas -O2 -fno-tree-vectorize -march=native -fno-math-errno -std=c++14 -fuse-ld=bfd  -DNoRepository -ftemplate-depth-100  -DOFVERSION=2406 -DEXTBRANCH=0 -DXVERSION=0 -DOFPLUSBRANCH=1 -I/apps/software/OpenFOAM/v2406-foss-2023a/OpenFOAM-v2406/src/finiteVolume/lnInclude -I/apps/software/OpenFOAM/v2406-foss-2023a/OpenFOAM-v2406/src/meshTools/lnInclude -I/apps/software/OpenFOAM/v2406-foss-2023a/OpenFOAM-v2406/src/sampling/lnInclude -I/apps/software/OpenFOAM/v2406-foss-2023a/OpenFOAM-v2406/src/lagrangian/basic/lnInclude -I/apps/software/OpenFOAM/v2406-foss-2023a/OpenFOAM-v2406/src/fileFormats/lnInclude -I/usr/include -iquote. -IlnInclude -I/apps/software/OpenFOAM/v2406-foss-2023a/OpenFOAM-v2406/src/OpenFOAM/lnInclude -I/apps/software/OpenFOAM/v2406-foss-2023a/OpenFOAM-v2406/src/OSspecific/POSIX/lnInclude   -fPIC -c waveTheories/regular/cnoidalFirst/cnoidalFirst.C -o Make/linux64GccDPInt32Opt/waveTheories/regular/cnoidalFirst/cnoidalFirst.o
OMPI_CXX="g++" mpicxx -m64 -pthread -DOPENFOAM=2406 -DWM_DP -DWM_LABEL_SIZE=32 -Wall -Wextra -Wold-style-cast -Wnon-virtual-dtor -Wno-unused-parameter -Wno-invalid-offsetof -Wno-attributes -Wno-unknown-pragmas -O2 -fno-tree-vectorize -march=native -fno-math-errno -std=c++14 -fuse-ld=bfd  -DNoRepository -ftemplate-depth-100  -DOFVERSION=2406 -DEXTBRANCH=0 -DXVERSION=0 -DOFPLUSBRANCH=1 -I/apps/software/OpenFOAM/v2406-foss-2023a/OpenFOAM-v2406/src/finiteVolume/lnInclude -I/apps/software/OpenFOAM/v2406-foss-2023a/OpenFOAM-v2406/src/meshTools/lnInclude -I/apps/software/OpenFOAM/v2406-foss-2023a/OpenFOAM-v2406/src/sampling/lnInclude -I/apps/software/OpenFOAM/v2406-foss-2023a/OpenFOAM-v2406/src/lagrangian/basic/lnInclude -I/apps/software/OpenFOAM/v2406-foss-2023a/OpenFOAM-v2406/src/fileFormats/lnInclude -I/usr/include -iquote. -IlnInclude -I/apps/software/OpenFOAM/v2406-foss-2023a/OpenFOAM-v2406/src/OpenFOAM/lnInclude -I/apps/software/OpenFOAM/v2406-foss-2023a/OpenFOAM-v2406/src/OSspecific/POSIX/lnInclude   -fPIC -c waveTheories/regular/streamFunction/streamFunction.C -o Make/linux64GccDPInt32Opt/waveTheories/regular/streamFunction/streamFunction.o
OMPI_CXX="g++" mpicxx -m64 -pthread -DOPENFOAM=2406 -DWM_DP -DWM_LABEL_SIZE=32 -Wall -Wextra -Wold-style-cast -Wnon-virtual-dtor -Wno-unused-parameter -Wno-invalid-offsetof -Wno-attributes -Wno-unknown-pragmas -O2 -fno-tree-vectorize -march=native -fno-math-errno -std=c++14 -fuse-ld=bfd  -DNoRepository -ftemplate-depth-100  -DOFVERSION=2406 -DEXTBRANCH=0 -DXVERSION=0 -DOFPLUSBRANCH=1 -I/apps/software/OpenFOAM/v2406-foss-2023a/OpenFOAM-v2406/src/finiteVolume/lnInclude -I/apps/software/OpenFOAM/v2406-foss-2023a/OpenFOAM-v2406/src/meshTools/lnInclude -I/apps/software/OpenFOAM/v2406-foss-2023a/OpenFOAM-v2406/src/sampling/lnInclude -I/apps/software/OpenFOAM/v2406-foss-2023a/OpenFOAM-v2406/src/lagrangian/basic/lnInclude -I/apps/software/OpenFOAM/v2406-foss-2023a/OpenFOAM-v2406/src/fileFormats/lnInclude -I/usr/include -iquote. -IlnInclude -I/apps/software/OpenFOAM/v2406-foss-2023a/OpenFOAM-v2406/src/OpenFOAM/lnInclude -I/apps/software/OpenFOAM/v2406-foss-2023a/OpenFOAM-v2406/src/OSspecific/POSIX/lnInclude   -fPIC -c waveTheories/irregular/irregular/irregular.C -o Make/linux64GccDPInt32Opt/waveTheories/irregular/irregular/irregular.o
OMPI_CXX="g++" mpicxx -m64 -pthread -DOPENFOAM=2406 -DWM_DP -DWM_LABEL_SIZE=32 -Wall -Wextra -Wold-style-cast -Wnon-virtual-dtor -Wno-unused-parameter -Wno-invalid-offsetof -Wno-attributes -Wno-unknown-pragmas -O2 -fno-tree-vectorize -march=native -fno-math-errno -std=c++14 -fuse-ld=bfd  -DNoRepository -ftemplate-depth-100  -DOFVERSION=2406 -DEXTBRANCH=0 -DXVERSION=0 -DOFPLUSBRANCH=1 -I/apps/software/OpenFOAM/v2406-foss-2023a/OpenFOAM-v2406/src/finiteVolume/lnInclude -I/apps/software/OpenFOAM/v2406-foss-2023a/OpenFOAM-v2406/src/meshTools/lnInclude -I/apps/software/OpenFOAM/v2406-foss-2023a/OpenFOAM-v2406/src/sampling/lnInclude -I/apps/software/OpenFOAM/v2406-foss-2023a/OpenFOAM-v2406/src/lagrangian/basic/lnInclude -I/apps/software/OpenFOAM/v2406-foss-2023a/OpenFOAM-v2406/src/fileFormats/lnInclude -I/usr/include -iquote. -IlnInclude -I/apps/software/OpenFOAM/v2406-foss-2023a/OpenFOAM-v2406/src/OpenFOAM/lnInclude -I/apps/software/OpenFOAM/v2406-foss-2023a/OpenFOAM-v2406/src/OSspecific/POSIX/lnInclude   -fPIC -c waveTheories/irregular/bichromaticFirst/bichromaticFirst.C -o Make/linux64GccDPInt32Opt/waveTheories/irregular/bichromaticFirst/bichromaticFirst.o
OMPI_CXX="g++" mpicxx -m64 -pthread -DOPENFOAM=2406 -DWM_DP -DWM_LABEL_SIZE=32 -Wall -Wextra -Wold-style-cast -Wnon-virtual-dtor -Wno-unused-parameter -Wno-invalid-offsetof -Wno-attributes -Wno-unknown-pragmas -O2 -fno-tree-vectorize -march=native -fno-math-errno -std=c++14 -fuse-ld=bfd  -DNoRepository -ftemplate-depth-100  -DOFVERSION=2406 -DEXTBRANCH=0 -DXVERSION=0 -DOFPLUSBRANCH=1 -I/apps/software/OpenFOAM/v2406-foss-2023a/OpenFOAM-v2406/src/finiteVolume/lnInclude -I/apps/software/OpenFOAM/v2406-foss-2023a/OpenFOAM-v2406/src/meshTools/lnInclude -I/apps/software/OpenFOAM/v2406-foss-2023a/OpenFOAM-v2406/src/sampling/lnInclude -I/apps/software/OpenFOAM/v2406-foss-2023a/OpenFOAM-v2406/src/lagrangian/basic/lnInclude -I/apps/software/OpenFOAM/v2406-foss-2023a/OpenFOAM-v2406/src/fileFormats/lnInclude -I/usr/include -iquote. -IlnInclude -I/apps/software/OpenFOAM/v2406-foss-2023a/OpenFOAM-v2406/src/OpenFOAM/lnInclude -I/apps/software/OpenFOAM/v2406-foss-2023a/OpenFOAM-v2406/src/OSspecific/POSIX/lnInclude   -fPIC -c waveTheories/irregular/bichromaticSecond/bichromaticSecond.C -o Make/linux64GccDPInt32Opt/waveTheories/irregular/bichromaticSecond/bichromaticSecond.o
OMPI_CXX="g++" mpicxx -m64 -pthread -DOPENFOAM=2406 -DWM_DP -DWM_LABEL_SIZE=32 -Wall -Wextra -Wold-style-cast -Wnon-virtual-dtor -Wno-unused-parameter -Wno-invalid-offsetof -Wno-attributes -Wno-unknown-pragmas -O2 -fno-tree-vectorize -march=native -fno-math-errno -std=c++14 -fuse-ld=bfd  -DNoRepository -ftemplate-depth-100  -DOFVERSION=2406 -DEXTBRANCH=0 -DXVERSION=0 -DOFPLUSBRANCH=1 -I/apps/software/OpenFOAM/v2406-foss-2023a/OpenFOAM-v2406/src/finiteVolume/lnInclude -I/apps/software/OpenFOAM/v2406-foss-2023a/OpenFOAM-v2406/src/meshTools/lnInclude -I/apps/software/OpenFOAM/v2406-foss-2023a/OpenFOAM-v2406/src/sampling/lnInclude -I/apps/software/OpenFOAM/v2406-foss-2023a/OpenFOAM-v2406/src/lagrangian/basic/lnInclude -I/apps/software/OpenFOAM/v2406-foss-2023a/OpenFOAM-v2406/src/fileFormats/lnInclude -I/usr/include -iquote. -IlnInclude -I/apps/software/OpenFOAM/v2406-foss-2023a/OpenFOAM-v2406/src/OpenFOAM/lnInclude -I/apps/software/OpenFOAM/v2406-foss-2023a/OpenFOAM-v2406/src/OSspecific/POSIX/lnInclude   -fPIC -c waveTheories/mixedType/combinedWaves/combinedWaves.C -o Make/linux64GccDPInt32Opt/waveTheories/mixedType/combinedWaves/combinedWaves.o
OMPI_CXX="g++" mpicxx -m64 -pthread -DOPENFOAM=2406 -DWM_DP -DWM_LABEL_SIZE=32 -Wall -Wextra -Wold-style-cast -Wnon-virtual-dtor -Wno-unused-parameter -Wno-invalid-offsetof -Wno-attributes -Wno-unknown-pragmas -O2 -fno-tree-vectorize -march=native -fno-math-errno -std=c++14 -fuse-ld=bfd  -DNoRepository -ftemplate-depth-100  -DOFVERSION=2406 -DEXTBRANCH=0 -DXVERSION=0 -DOFPLUSBRANCH=1 -I/apps/software/OpenFOAM/v2406-foss-2023a/OpenFOAM-v2406/src/finiteVolume/lnInclude -I/apps/software/OpenFOAM/v2406-foss-2023a/OpenFOAM-v2406/src/meshTools/lnInclude -I/apps/software/OpenFOAM/v2406-foss-2023a/OpenFOAM-v2406/src/sampling/lnInclude -I/apps/software/OpenFOAM/v2406-foss-2023a/OpenFOAM-v2406/src/lagrangian/basic/lnInclude -I/apps/software/OpenFOAM/v2406-foss-2023a/OpenFOAM-v2406/src/fileFormats/lnInclude -I/usr/include -iquote. -IlnInclude -I/apps/software/OpenFOAM/v2406-foss-2023a/OpenFOAM-v2406/src/OpenFOAM/lnInclude -I/apps/software/OpenFOAM/v2406-foss-2023a/OpenFOAM-v2406/src/OSspecific/POSIX/lnInclude   -fPIC -c waveTheories/externalWaveForcing/externalSource.C -o Make/linux64GccDPInt32Opt/waveTheories/externalWaveForcing/externalSource.o
OMPI_CXX="g++" mpicxx -m64 -pthread -DOPENFOAM=2406 -DWM_DP -DWM_LABEL_SIZE=32 -Wall -Wextra -Wold-style-cast -Wnon-virtual-dtor -Wno-unused-parameter -Wno-invalid-offsetof -Wno-attributes -Wno-unknown-pragmas -O2 -fno-tree-vectorize -march=native -fno-math-errno -std=c++14 -fuse-ld=bfd  -DNoRepository -ftemplate-depth-100  -DOFVERSION=2406 -DEXTBRANCH=0 -DXVERSION=0 -DOFPLUSBRANCH=1 -I/apps/software/OpenFOAM/v2406-foss-2023a/OpenFOAM-v2406/src/finiteVolume/lnInclude -I/apps/software/OpenFOAM/v2406-foss-2023a/OpenFOAM-v2406/src/meshTools/lnInclude -I/apps/software/OpenFOAM/v2406-foss-2023a/OpenFOAM-v2406/src/sampling/lnInclude -I/apps/software/OpenFOAM/v2406-foss-2023a/OpenFOAM-v2406/src/lagrangian/basic/lnInclude -I/apps/software/OpenFOAM/v2406-foss-2023a/OpenFOAM-v2406/src/fileFormats/lnInclude -I/usr/include -iquote. -IlnInclude -I/apps/software/OpenFOAM/v2406-foss-2023a/OpenFOAM-v2406/src/OpenFOAM/lnInclude -I/apps/software/OpenFOAM/v2406-foss-2023a/OpenFOAM-v2406/src/OSspecific/POSIX/lnInclude   -fPIC -c waveTheories/externalWaveForcing/externalWaveForcing.C -o Make/linux64GccDPInt32Opt/waveTheories/externalWaveForcing/externalWaveForcing.o
OMPI_CXX="g++" mpicxx -m64 -pthread -DOPENFOAM=2406 -DWM_DP -DWM_LABEL_SIZE=32 -Wall -Wextra -Wold-style-cast -Wnon-virtual-dtor -Wno-unused-parameter -Wno-invalid-offsetof -Wno-attributes -Wno-unknown-pragmas -O2 -fno-tree-vectorize -march=native -fno-math-errno -std=c++14 -fuse-ld=bfd  -DNoRepository -ftemplate-depth-100  -DOFVERSION=2406 -DEXTBRANCH=0 -DXVERSION=0 -DOFPLUSBRANCH=1 -I/apps/software/OpenFOAM/v2406-foss-2023a/OpenFOAM-v2406/src/finiteVolume/lnInclude -I/apps/software/OpenFOAM/v2406-foss-2023a/OpenFOAM-v2406/src/meshTools/lnInclude -I/apps/software/OpenFOAM/v2406-foss-2023a/OpenFOAM-v2406/src/sampling/lnInclude -I/apps/software/OpenFOAM/v2406-foss-2023a/OpenFOAM-v2406/src/lagrangian/basic/lnInclude -I/apps/software/OpenFOAM/v2406-foss-2023a/OpenFOAM-v2406/src/fileFormats/lnInclude -I/usr/include -iquote. -IlnInclude -I/apps/software/OpenFOAM/v2406-foss-2023a/OpenFOAM-v2406/src/OpenFOAM/lnInclude -I/apps/software/OpenFOAM/v2406-foss-2023a/OpenFOAM-v2406/src/OSspecific/POSIX/lnInclude   -fPIC -c waveTheories/externalWaveForcing/emptyExternal/emptyExternal.C -o Make/linux64GccDPInt32Opt/waveTheories/externalWaveForcing/emptyExternal/emptyExternal.o
OMPI_CXX="g++" mpicxx -m64 -pthread -DOPENFOAM=2406 -DWM_DP -DWM_LABEL_SIZE=32 -Wall -Wextra -Wold-style-cast -Wnon-virtual-dtor -Wno-unused-parameter -Wno-invalid-offsetof -Wno-attributes -Wno-unknown-pragmas -O2 -fno-tree-vectorize -march=native -fno-math-errno -std=c++14 -fuse-ld=bfd  -DNoRepository -ftemplate-depth-100  -DOFVERSION=2406 -DEXTBRANCH=0 -DXVERSION=0 -DOFPLUSBRANCH=1 -I/apps/software/OpenFOAM/v2406-foss-2023a/OpenFOAM-v2406/src/finiteVolume/lnInclude -I/apps/software/OpenFOAM/v2406-foss-2023a/OpenFOAM-v2406/src/meshTools/lnInclude -I/apps/software/OpenFOAM/v2406-foss-2023a/OpenFOAM-v2406/src/sampling/lnInclude -I/apps/software/OpenFOAM/v2406-foss-2023a/OpenFOAM-v2406/src/lagrangian/basic/lnInclude -I/apps/software/OpenFOAM/v2406-foss-2023a/OpenFOAM-v2406/src/fileFormats/lnInclude -I/usr/include -iquote. -IlnInclude -I/apps/software/OpenFOAM/v2406-foss-2023a/OpenFOAM-v2406/src/OpenFOAM/lnInclude -I/apps/software/OpenFOAM/v2406-foss-2023a/OpenFOAM-v2406/src/OSspecific/POSIX/lnInclude   -fPIC -c waveTheories/externalWaveForcing/oceanWave3D/oceanWave3D.C -o Make/linux64GccDPInt32Opt/waveTheories/externalWaveForcing/oceanWave3D/oceanWave3D.o
In file included from lnInclude/convexPolyhedral.H:56,
                 from lnInclude/setWaveField.H:60,
                 from waveTheories/externalWaveForcing/oceanWave3D/oceanWave3D.H:47,
                 from waveTheories/externalWaveForcing/oceanWave3D/oceanWave3D.C:27:
lnInclude/localCell.H: In member function ‘Foam::vector Foam::localCell::fnormal(Foam::label) const’:
lnInclude/localCell.H:207:37: warning: ‘Foam::vector Foam::face::normal(const Foam::UList<Foam::Vector<double> >&) const’ is deprecated: Since 2018-12; use "areaNormal() or unitNormal()" [-Wdeprecated-declarations]
  207 |             return fL_[faceI].normal(pp_);
      |                    ~~~~~~~~~~~~~~~~~^~~~~
In file included from /apps/software/OpenFOAM/v2406-foss-2023a/OpenFOAM-v2406/src/OpenFOAM/lnInclude/faceList.H:31,
                 from /apps/software/OpenFOAM/v2406-foss-2023a/OpenFOAM-v2406/src/OpenFOAM/lnInclude/primitiveMesh.H:59,
                 from /apps/software/OpenFOAM/v2406-foss-2023a/OpenFOAM-v2406/src/OpenFOAM/lnInclude/polyMesh.H:48,
                 from /apps/software/OpenFOAM/v2406-foss-2023a/OpenFOAM-v2406/src/finiteVolume/lnInclude/fvMesh.H:53,
                 from lnInclude/externalWaveForcing.H:44,
                 from waveTheories/externalWaveForcing/oceanWave3D/oceanWave3D.H:43:
/apps/software/OpenFOAM/v2406-foss-2023a/OpenFOAM-v2406/src/OpenFOAM/lnInclude/face.H:202:16: note: declared here
  202 |         vector normal(const UList<point>& p) const
      |                ^~~~~~
waveTheories/externalWaveForcing/oceanWave3D/oceanWave3D.C: In member function ‘void Foam::waveTheories::oceanWave3D::mapSolution()’:
waveTheories/externalWaveForcing/oceanWave3D/oceanWave3D.C:455:78: warning: ‘Foam::dimensioned<Type>::dimensioned(Foam::Istream&) [with Type = double]’ is deprecated: Since 2018-11; use "construct from dictionary or entry" [-Wdeprecated-declarations]
  455 |     dimensionedScalar rho0(dict.subDict(waves2Foam::airPhase()).lookup("rho"));
      |                                                                              ^
In file included from /apps/software/OpenFOAM/v2406-foss-2023a/OpenFOAM-v2406/src/OpenFOAM/lnInclude/dimensionedType.H:577,
                 from /apps/software/OpenFOAM/v2406-foss-2023a/OpenFOAM-v2406/src/OpenFOAM/lnInclude/dimensionedScalar.H:41,
                 from /apps/software/OpenFOAM/v2406-foss-2023a/OpenFOAM-v2406/src/OpenFOAM/lnInclude/TimeState.H:41,
                 from /apps/software/OpenFOAM/v2406-foss-2023a/OpenFOAM-v2406/src/OpenFOAM/lnInclude/Time.H:50,
                 from /apps/software/OpenFOAM/v2406-foss-2023a/OpenFOAM-v2406/src/OpenFOAM/lnInclude/meshStateTemplates.C:28,
                 from /apps/software/OpenFOAM/v2406-foss-2023a/OpenFOAM-v2406/src/OpenFOAM/lnInclude/meshState.H:194,
                 from /apps/software/OpenFOAM/v2406-foss-2023a/OpenFOAM-v2406/src/OpenFOAM/lnInclude/polyMesh.H:62:
/apps/software/OpenFOAM/v2406-foss-2023a/OpenFOAM-v2406/src/OpenFOAM/lnInclude/dimensionedType.C:309:1: note: declared here
  309 | Foam::dimensioned<Type>::dimensioned(Istream& is)
      | ^~~~
waveTheories/externalWaveForcing/oceanWave3D/oceanWave3D.C:456:80: warning: ‘Foam::dimensioned<Type>::dimensioned(Foam::Istream&) [with Type = double]’ is deprecated: Since 2018-11; use "construct from dictionary or entry" [-Wdeprecated-declarations]
  456 |     dimensionedScalar rho1(dict.subDict(waves2Foam::waterPhase()).lookup("rho"));
      |                                                                                ^
/apps/software/OpenFOAM/v2406-foss-2023a/OpenFOAM-v2406/src/OpenFOAM/lnInclude/dimensionedType.C:309:1: note: declared here
  309 | Foam::dimensioned<Type>::dimensioned(Istream& is)
      | ^~~~
OMPI_CXX="g++" mpicxx -m64 -pthread -DOPENFOAM=2406 -DWM_DP -DWM_LABEL_SIZE=32 -Wall -Wextra -Wold-style-cast -Wnon-virtual-dtor -Wno-unused-parameter -Wno-invalid-offsetof -Wno-attributes -Wno-unknown-pragmas -O2 -fno-tree-vectorize -march=native -fno-math-errno -std=c++14 -fuse-ld=bfd  -DNoRepository -ftemplate-depth-100  -DOFVERSION=2406 -DEXTBRANCH=0 -DXVERSION=0 -DOFPLUSBRANCH=1 -I/apps/software/OpenFOAM/v2406-foss-2023a/OpenFOAM-v2406/src/finiteVolume/lnInclude -I/apps/software/OpenFOAM/v2406-foss-2023a/OpenFOAM-v2406/src/meshTools/lnInclude -I/apps/software/OpenFOAM/v2406-foss-2023a/OpenFOAM-v2406/src/sampling/lnInclude -I/apps/software/OpenFOAM/v2406-foss-2023a/OpenFOAM-v2406/src/lagrangian/basic/lnInclude -I/apps/software/OpenFOAM/v2406-foss-2023a/OpenFOAM-v2406/src/fileFormats/lnInclude -I/usr/include -iquote. -IlnInclude -I/apps/software/OpenFOAM/v2406-foss-2023a/OpenFOAM-v2406/src/OpenFOAM/lnInclude -I/apps/software/OpenFOAM/v2406-foss-2023a/OpenFOAM-v2406/src/OSspecific/POSIX/lnInclude   -fPIC -c waveTheories/externalWaveForcing/irregularFast/irregularFast.C -o Make/linux64GccDPInt32Opt/waveTheories/externalWaveForcing/irregularFast/irregularFast.o
waveTheories/externalWaveForcing/irregularFast/irregularFast.C: In member function ‘Foam::scalar Foam::waveTheories::irregularFast::interpolateSurfaceElevation(const Foam::point&, const Foam::scalar&, const Foam::label&, const Foam::label&) const’:
waveTheories/externalWaveForcing/irregularFast/irregularFast.C:620:16: warning: unused variable ‘y’ [-Wunused-variable]
  620 |         scalar y = (p & eY_);
      |                ^
OMPI_CXX="g++" mpicxx -m64 -pthread -DOPENFOAM=2406 -DWM_DP -DWM_LABEL_SIZE=32 -Wall -Wextra -Wold-style-cast -Wnon-virtual-dtor -Wno-unused-parameter -Wno-invalid-offsetof -Wno-attributes -Wno-unknown-pragmas -O2 -fno-tree-vectorize -march=native -fno-math-errno -std=c++14 -fuse-ld=bfd  -DNoRepository -ftemplate-depth-100  -DOFVERSION=2406 -DEXTBRANCH=0 -DXVERSION=0 -DOFPLUSBRANCH=1 -I/apps/software/OpenFOAM/v2406-foss-2023a/OpenFOAM-v2406/src/finiteVolume/lnInclude -I/apps/software/OpenFOAM/v2406-foss-2023a/OpenFOAM-v2406/src/meshTools/lnInclude -I/apps/software/OpenFOAM/v2406-foss-2023a/OpenFOAM-v2406/src/sampling/lnInclude -I/apps/software/OpenFOAM/v2406-foss-2023a/OpenFOAM-v2406/src/lagrangian/basic/lnInclude -I/apps/software/OpenFOAM/v2406-foss-2023a/OpenFOAM-v2406/src/fileFormats/lnInclude -I/usr/include -iquote. -IlnInclude -I/apps/software/OpenFOAM/v2406-foss-2023a/OpenFOAM-v2406/src/OpenFOAM/lnInclude -I/apps/software/OpenFOAM/v2406-foss-2023a/OpenFOAM-v2406/src/OSspecific/POSIX/lnInclude   -fPIC -c fvPatchFields/waveAlpha/waveAlphaFvPatchScalarField.C -o Make/linux64GccDPInt32Opt/fvPatchFields/waveAlpha/waveAlphaFvPatchScalarField.o
In file included from lnInclude/convexPolyhedral.H:56,
                 from fvPatchFields/waveAlpha/waveAlphaFvPatchScalarField.H:59,
                 from fvPatchFields/waveAlpha/waveAlphaFvPatchScalarField.C:27:
lnInclude/localCell.H: In member function ‘Foam::vector Foam::localCell::fnormal(Foam::label) const’:
lnInclude/localCell.H:207:37: warning: ‘Foam::vector Foam::face::normal(const Foam::UList<Foam::Vector<double> >&) const’ is deprecated: Since 2018-12; use "areaNormal() or unitNormal()" [-Wdeprecated-declarations]
  207 |             return fL_[faceI].normal(pp_);
      |                    ~~~~~~~~~~~~~~~~~^~~~~
In file included from /apps/software/OpenFOAM/v2406-foss-2023a/OpenFOAM-v2406/src/OpenFOAM/lnInclude/PrimitivePatch.H:60,
                 from /apps/software/OpenFOAM/v2406-foss-2023a/OpenFOAM-v2406/src/OpenFOAM/lnInclude/primitivePatch.H:50,
                 from /apps/software/OpenFOAM/v2406-foss-2023a/OpenFOAM-v2406/src/OpenFOAM/lnInclude/polyPatch.H:46,
                 from /apps/software/OpenFOAM/v2406-foss-2023a/OpenFOAM-v2406/src/finiteVolume/lnInclude/fvPatch.H:44,
                 from /apps/software/OpenFOAM/v2406-foss-2023a/OpenFOAM-v2406/src/finiteVolume/lnInclude/fvPatchField.H:51,
                 from /apps/software/OpenFOAM/v2406-foss-2023a/OpenFOAM-v2406/src/finiteVolume/lnInclude/mixedFvPatchField.H:76,
                 from fvPatchFields/waveAlpha/waveAlphaFvPatchScalarField.H:58:
/apps/software/OpenFOAM/v2406-foss-2023a/OpenFOAM-v2406/src/OpenFOAM/lnInclude/face.H:202:16: note: declared here
  202 |         vector normal(const UList<point>& p) const
      |                ^~~~~~
OMPI_CXX="g++" mpicxx -m64 -pthread -DOPENFOAM=2406 -DWM_DP -DWM_LABEL_SIZE=32 -Wall -Wextra -Wold-style-cast -Wnon-virtual-dtor -Wno-unused-parameter -Wno-invalid-offsetof -Wno-attributes -Wno-unknown-pragmas -O2 -fno-tree-vectorize -march=native -fno-math-errno -std=c++14 -fuse-ld=bfd  -DNoRepository -ftemplate-depth-100  -DOFVERSION=2406 -DEXTBRANCH=0 -DXVERSION=0 -DOFPLUSBRANCH=1 -I/apps/software/OpenFOAM/v2406-foss-2023a/OpenFOAM-v2406/src/finiteVolume/lnInclude -I/apps/software/OpenFOAM/v2406-foss-2023a/OpenFOAM-v2406/src/meshTools/lnInclude -I/apps/software/OpenFOAM/v2406-foss-2023a/OpenFOAM-v2406/src/sampling/lnInclude -I/apps/software/OpenFOAM/v2406-foss-2023a/OpenFOAM-v2406/src/lagrangian/basic/lnInclude -I/apps/software/OpenFOAM/v2406-foss-2023a/OpenFOAM-v2406/src/fileFormats/lnInclude -I/usr/include -iquote. -IlnInclude -I/apps/software/OpenFOAM/v2406-foss-2023a/OpenFOAM-v2406/src/OpenFOAM/lnInclude -I/apps/software/OpenFOAM/v2406-foss-2023a/OpenFOAM-v2406/src/OSspecific/POSIX/lnInclude   -fPIC -c fvPatchFields/waveVelocity/waveVelocityFvPatchVectorField.C -o Make/linux64GccDPInt32Opt/fvPatchFields/waveVelocity/waveVelocityFvPatchVectorField.o
In file included from lnInclude/convexPolyhedral.H:56,
                 from fvPatchFields/waveVelocity/waveVelocityFvPatchVectorField.H:59,
                 from fvPatchFields/waveVelocity/waveVelocityFvPatchVectorField.C:27:
lnInclude/localCell.H: In member function ‘Foam::vector Foam::localCell::fnormal(Foam::label) const’:
lnInclude/localCell.H:207:37: warning: ‘Foam::vector Foam::face::normal(const Foam::UList<Foam::Vector<double> >&) const’ is deprecated: Since 2018-12; use "areaNormal() or unitNormal()" [-Wdeprecated-declarations]
  207 |             return fL_[faceI].normal(pp_);
      |                    ~~~~~~~~~~~~~~~~~^~~~~
In file included from /apps/software/OpenFOAM/v2406-foss-2023a/OpenFOAM-v2406/src/OpenFOAM/lnInclude/PrimitivePatch.H:60,
                 from /apps/software/OpenFOAM/v2406-foss-2023a/OpenFOAM-v2406/src/OpenFOAM/lnInclude/primitivePatch.H:50,
                 from /apps/software/OpenFOAM/v2406-foss-2023a/OpenFOAM-v2406/src/OpenFOAM/lnInclude/polyPatch.H:46,
                 from /apps/software/OpenFOAM/v2406-foss-2023a/OpenFOAM-v2406/src/finiteVolume/lnInclude/fvPatch.H:44,
                 from /apps/software/OpenFOAM/v2406-foss-2023a/OpenFOAM-v2406/src/finiteVolume/lnInclude/fvPatchField.H:51,
                 from /apps/software/OpenFOAM/v2406-foss-2023a/OpenFOAM-v2406/src/finiteVolume/lnInclude/mixedFvPatchField.H:76,
                 from fvPatchFields/waveVelocity/waveVelocityFvPatchVectorField.H:58:
/apps/software/OpenFOAM/v2406-foss-2023a/OpenFOAM-v2406/src/OpenFOAM/lnInclude/face.H:202:16: note: declared here
  202 |         vector normal(const UList<point>& p) const
      |                ^~~~~~
OMPI_CXX="g++" mpicxx -m64 -pthread -DOPENFOAM=2406 -DWM_DP -DWM_LABEL_SIZE=32 -Wall -Wextra -Wold-style-cast -Wnon-virtual-dtor -Wno-unused-parameter -Wno-invalid-offsetof -Wno-attributes -Wno-unknown-pragmas -O2 -fno-tree-vectorize -march=native -fno-math-errno -std=c++14 -fuse-ld=bfd  -DNoRepository -ftemplate-depth-100  -DOFVERSION=2406 -DEXTBRANCH=0 -DXVERSION=0 -DOFPLUSBRANCH=1 -I/apps/software/OpenFOAM/v2406-foss-2023a/OpenFOAM-v2406/src/finiteVolume/lnInclude -I/apps/software/OpenFOAM/v2406-foss-2023a/OpenFOAM-v2406/src/meshTools/lnInclude -I/apps/software/OpenFOAM/v2406-foss-2023a/OpenFOAM-v2406/src/sampling/lnInclude -I/apps/software/OpenFOAM/v2406-foss-2023a/OpenFOAM-v2406/src/lagrangian/basic/lnInclude -I/apps/software/OpenFOAM/v2406-foss-2023a/OpenFOAM-v2406/src/fileFormats/lnInclude -I/usr/include -iquote. -IlnInclude -I/apps/software/OpenFOAM/v2406-foss-2023a/OpenFOAM-v2406/src/OpenFOAM/lnInclude -I/apps/software/OpenFOAM/v2406-foss-2023a/OpenFOAM-v2406/src/OSspecific/POSIX/lnInclude   -fPIC -c relaxationZone/relaxationShape/relaxationShape.C -o Make/linux64GccDPInt32Opt/relaxationZone/relaxationShape/relaxationShape.o
OMPI_CXX="g++" mpicxx -m64 -pthread -DOPENFOAM=2406 -DWM_DP -DWM_LABEL_SIZE=32 -Wall -Wextra -Wold-style-cast -Wnon-virtual-dtor -Wno-unused-parameter -Wno-invalid-offsetof -Wno-attributes -Wno-unknown-pragmas -O2 -fno-tree-vectorize -march=native -fno-math-errno -std=c++14 -fuse-ld=bfd  -DNoRepository -ftemplate-depth-100  -DOFVERSION=2406 -DEXTBRANCH=0 -DXVERSION=0 -DOFPLUSBRANCH=1 -I/apps/software/OpenFOAM/v2406-foss-2023a/OpenFOAM-v2406/src/finiteVolume/lnInclude -I/apps/software/OpenFOAM/v2406-foss-2023a/OpenFOAM-v2406/src/meshTools/lnInclude -I/apps/software/OpenFOAM/v2406-foss-2023a/OpenFOAM-v2406/src/sampling/lnInclude -I/apps/software/OpenFOAM/v2406-foss-2023a/OpenFOAM-v2406/src/lagrangian/basic/lnInclude -I/apps/software/OpenFOAM/v2406-foss-2023a/OpenFOAM-v2406/src/fileFormats/lnInclude -I/usr/include -iquote. -IlnInclude -I/apps/software/OpenFOAM/v2406-foss-2023a/OpenFOAM-v2406/src/OpenFOAM/lnInclude -I/apps/software/OpenFOAM/v2406-foss-2023a/OpenFOAM-v2406/src/OSspecific/POSIX/lnInclude   -fPIC -c relaxationZone/relaxationShape/newRelaxationShape.C -o Make/linux64GccDPInt32Opt/relaxationZone/relaxationShape/newRelaxationShape.o
OMPI_CXX="g++" mpicxx -m64 -pthread -DOPENFOAM=2406 -DWM_DP -DWM_LABEL_SIZE=32 -Wall -Wextra -Wold-style-cast -Wnon-virtual-dtor -Wno-unused-parameter -Wno-invalid-offsetof -Wno-attributes -Wno-unknown-pragmas -O2 -fno-tree-vectorize -march=native -fno-math-errno -std=c++14 -fuse-ld=bfd  -DNoRepository -ftemplate-depth-100  -DOFVERSION=2406 -DEXTBRANCH=0 -DXVERSION=0 -DOFPLUSBRANCH=1 -I/apps/software/OpenFOAM/v2406-foss-2023a/OpenFOAM-v2406/src/finiteVolume/lnInclude -I/apps/software/OpenFOAM/v2406-foss-2023a/OpenFOAM-v2406/src/meshTools/lnInclude -I/apps/software/OpenFOAM/v2406-foss-2023a/OpenFOAM-v2406/src/sampling/lnInclude -I/apps/software/OpenFOAM/v2406-foss-2023a/OpenFOAM-v2406/src/lagrangian/basic/lnInclude -I/apps/software/OpenFOAM/v2406-foss-2023a/OpenFOAM-v2406/src/fileFormats/lnInclude -I/usr/include -iquote. -IlnInclude -I/apps/software/OpenFOAM/v2406-foss-2023a/OpenFOAM-v2406/src/OpenFOAM/lnInclude -I/apps/software/OpenFOAM/v2406-foss-2023a/OpenFOAM-v2406/src/OSspecific/POSIX/lnInclude   -fPIC -c relaxationZone/relaxationShape/frozen/relaxationShapeFrozen.C -o Make/linux64GccDPInt32Opt/relaxationZone/relaxationShape/frozen/relaxationShapeFrozen.o
relaxationZone/relaxationShape/frozen/relaxationShapeFrozen.C: In member function ‘virtual const Foam::pointField& Foam::relaxationShapes::relaxationShapeFrozen::pointSet()’:
relaxationZone/relaxationShape/frozen/relaxationShapeFrozen.C:178:1: warning: no return statement in function returning non-void [-Wreturn-type]
  178 | }
      | ^
relaxationZone/relaxationShape/frozen/relaxationShapeFrozen.C: In member function ‘virtual Foam::scalar Foam::relaxationShapes::relaxationShapeFrozen::interpolation(const Foam::scalarField&, const Foam::point&) const’:
relaxationZone/relaxationShape/frozen/relaxationShapeFrozen.C:188:1: warning: no return statement in function returning non-void [-Wreturn-type]
  188 | }
      | ^
OMPI_CXX="g++" mpicxx -m64 -pthread -DOPENFOAM=2406 -DWM_DP -DWM_LABEL_SIZE=32 -Wall -Wextra -Wold-style-cast -Wnon-virtual-dtor -Wno-unused-parameter -Wno-invalid-offsetof -Wno-attributes -Wno-unknown-pragmas -O2 -fno-tree-vectorize -march=native -fno-math-errno -std=c++14 -fuse-ld=bfd  -DNoRepository -ftemplate-depth-100  -DOFVERSION=2406 -DEXTBRANCH=0 -DXVERSION=0 -DOFPLUSBRANCH=1 -I/apps/software/OpenFOAM/v2406-foss-2023a/OpenFOAM-v2406/src/finiteVolume/lnInclude -I/apps/software/OpenFOAM/v2406-foss-2023a/OpenFOAM-v2406/src/meshTools/lnInclude -I/apps/software/OpenFOAM/v2406-foss-2023a/OpenFOAM-v2406/src/sampling/lnInclude -I/apps/software/OpenFOAM/v2406-foss-2023a/OpenFOAM-v2406/src/lagrangian/basic/lnInclude -I/apps/software/OpenFOAM/v2406-foss-2023a/OpenFOAM-v2406/src/fileFormats/lnInclude -I/usr/include -iquote. -IlnInclude -I/apps/software/OpenFOAM/v2406-foss-2023a/OpenFOAM-v2406/src/OpenFOAM/lnInclude -I/apps/software/OpenFOAM/v2406-foss-2023a/OpenFOAM-v2406/src/OSspecific/POSIX/lnInclude   -fPIC -c relaxationZone/relaxationShape/rectangular/relaxationShapeRectangular.C -o Make/linux64GccDPInt32Opt/relaxationZone/relaxationShape/rectangular/relaxationShapeRectangular.o
relaxationZone/relaxationShape/rectangular/relaxationShapeRectangular.C: In member function ‘virtual const Foam::pointField& Foam::relaxationShapes::relaxationShapeRectangular::pointSet()’:
relaxationZone/relaxationShape/rectangular/relaxationShapeRectangular.C:183:1: warning: no return statement in function returning non-void [-Wreturn-type]
  183 | }
      | ^
relaxationZone/relaxationShape/rectangular/relaxationShapeRectangular.C: In member function ‘virtual Foam::scalar Foam::relaxationShapes::relaxationShapeRectangular::interpolation(const Foam::scalarField&, const Foam::point&) const’:
relaxationZone/relaxationShape/rectangular/relaxationShapeRectangular.C:193:1: warning: no return statement in function returning non-void [-Wreturn-type]
  193 | }
      | ^
OMPI_CXX="g++" mpicxx -m64 -pthread -DOPENFOAM=2406 -DWM_DP -DWM_LABEL_SIZE=32 -Wall -Wextra -Wold-style-cast -Wnon-virtual-dtor -Wno-unused-parameter -Wno-invalid-offsetof -Wno-attributes -Wno-unknown-pragmas -O2 -fno-tree-vectorize -march=native -fno-math-errno -std=c++14 -fuse-ld=bfd  -DNoRepository -ftemplate-depth-100  -DOFVERSION=2406 -DEXTBRANCH=0 -DXVERSION=0 -DOFPLUSBRANCH=1 -I/apps/software/OpenFOAM/v2406-foss-2023a/OpenFOAM-v2406/src/finiteVolume/lnInclude -I/apps/software/OpenFOAM/v2406-foss-2023a/OpenFOAM-v2406/src/meshTools/lnInclude -I/apps/software/OpenFOAM/v2406-foss-2023a/OpenFOAM-v2406/src/sampling/lnInclude -I/apps/software/OpenFOAM/v2406-foss-2023a/OpenFOAM-v2406/src/lagrangian/basic/lnInclude -I/apps/software/OpenFOAM/v2406-foss-2023a/OpenFOAM-v2406/src/fileFormats/lnInclude -I/usr/include -iquote. -IlnInclude -I/apps/software/OpenFOAM/v2406-foss-2023a/OpenFOAM-v2406/src/OpenFOAM/lnInclude -I/apps/software/OpenFOAM/v2406-foss-2023a/OpenFOAM-v2406/src/OSspecific/POSIX/lnInclude   -fPIC -c relaxationZone/relaxationShape/cylindrical/relaxationShapeCylindrical.C -o Make/linux64GccDPInt32Opt/relaxationZone/relaxationShape/cylindrical/relaxationShapeCylindrical.o
relaxationZone/relaxationShape/cylindrical/relaxationShapeCylindrical.C: In member function ‘virtual const Foam::pointField& Foam::relaxationShapes::relaxationShapeCylindrical::pointSet()’:
relaxationZone/relaxationShape/cylindrical/relaxationShapeCylindrical.C:139:1: warning: no return statement in function returning non-void [-Wreturn-type]
  139 | }
      | ^
relaxationZone/relaxationShape/cylindrical/relaxationShapeCylindrical.C: In member function ‘virtual Foam::scalar Foam::relaxationShapes::relaxationShapeCylindrical::interpolation(const Foam::scalarField&, const Foam::point&) const’:
relaxationZone/relaxationShape/cylindrical/relaxationShapeCylindrical.C:149:1: warning: no return statement in function returning non-void [-Wreturn-type]
  149 | }
      | ^
OMPI_CXX="g++" mpicxx -m64 -pthread -DOPENFOAM=2406 -DWM_DP -DWM_LABEL_SIZE=32 -Wall -Wextra -Wold-style-cast -Wnon-virtual-dtor -Wno-unused-parameter -Wno-invalid-offsetof -Wno-attributes -Wno-unknown-pragmas -O2 -fno-tree-vectorize -march=native -fno-math-errno -std=c++14 -fuse-ld=bfd  -DNoRepository -ftemplate-depth-100  -DOFVERSION=2406 -DEXTBRANCH=0 -DXVERSION=0 -DOFPLUSBRANCH=1 -I/apps/software/OpenFOAM/v2406-foss-2023a/OpenFOAM-v2406/src/finiteVolume/lnInclude -I/apps/software/OpenFOAM/v2406-foss-2023a/OpenFOAM-v2406/src/meshTools/lnInclude -I/apps/software/OpenFOAM/v2406-foss-2023a/OpenFOAM-v2406/src/sampling/lnInclude -I/apps/software/OpenFOAM/v2406-foss-2023a/OpenFOAM-v2406/src/lagrangian/basic/lnInclude -I/apps/software/OpenFOAM/v2406-foss-2023a/OpenFOAM-v2406/src/fileFormats/lnInclude -I/usr/include -iquote. -IlnInclude -I/apps/software/OpenFOAM/v2406-foss-2023a/OpenFOAM-v2406/src/OpenFOAM/lnInclude -I/apps/software/OpenFOAM/v2406-foss-2023a/OpenFOAM-v2406/src/OSspecific/POSIX/lnInclude   -fPIC -c relaxationZone/relaxationShape/semiCylindrical/relaxationShapeSemiCylindrical.C -o Make/linux64GccDPInt32Opt/relaxationZone/relaxationShape/semiCylindrical/relaxationShapeSemiCylindrical.o
relaxationZone/relaxationShape/semiCylindrical/relaxationShapeSemiCylindrical.C: In member function ‘virtual const Foam::pointField& Foam::relaxationShapes::relaxationShapeSemiCylindrical::pointSet()’:
relaxationZone/relaxationShape/semiCylindrical/relaxationShapeSemiCylindrical.C:182:1: warning: no return statement in function returning non-void [-Wreturn-type]
  182 | }
      | ^
relaxationZone/relaxationShape/semiCylindrical/relaxationShapeSemiCylindrical.C: In member function ‘virtual Foam::scalar Foam::relaxationShapes::relaxationShapeSemiCylindrical::interpolation(const Foam::scalarField&, const Foam::point&) const’:
relaxationZone/relaxationShape/semiCylindrical/relaxationShapeSemiCylindrical.C:192:1: warning: no return statement in function returning non-void [-Wreturn-type]
  192 | }
      | ^
OMPI_CXX="g++" mpicxx -m64 -pthread -DOPENFOAM=2406 -DWM_DP -DWM_LABEL_SIZE=32 -Wall -Wextra -Wold-style-cast -Wnon-virtual-dtor -Wno-unused-parameter -Wno-invalid-offsetof -Wno-attributes -Wno-unknown-pragmas -O2 -fno-tree-vectorize -march=native -fno-math-errno -std=c++14 -fuse-ld=bfd  -DNoRepository -ftemplate-depth-100  -DOFVERSION=2406 -DEXTBRANCH=0 -DXVERSION=0 -DOFPLUSBRANCH=1 -I/apps/software/OpenFOAM/v2406-foss-2023a/OpenFOAM-v2406/src/finiteVolume/lnInclude -I/apps/software/OpenFOAM/v2406-foss-2023a/OpenFOAM-v2406/src/meshTools/lnInclude -I/apps/software/OpenFOAM/v2406-foss-2023a/OpenFOAM-v2406/src/sampling/lnInclude -I/apps/software/OpenFOAM/v2406-foss-2023a/OpenFOAM-v2406/src/lagrangian/basic/lnInclude -I/apps/software/OpenFOAM/v2406-foss-2023a/OpenFOAM-v2406/src/fileFormats/lnInclude -I/usr/include -iquote. -IlnInclude -I/apps/software/OpenFOAM/v2406-foss-2023a/OpenFOAM-v2406/src/OpenFOAM/lnInclude -I/apps/software/OpenFOAM/v2406-foss-2023a/OpenFOAM-v2406/src/OSspecific/POSIX/lnInclude   -fPIC -c relaxationZone/relaxationShape/line/relaxationShapeLine.C -o Make/linux64GccDPInt32Opt/relaxationZone/relaxationShape/line/relaxationShapeLine.o
OMPI_CXX="g++" mpicxx -m64 -pthread -DOPENFOAM=2406 -DWM_DP -DWM_LABEL_SIZE=32 -Wall -Wextra -Wold-style-cast -Wnon-virtual-dtor -Wno-unused-parameter -Wno-invalid-offsetof -Wno-attributes -Wno-unknown-pragmas -O2 -fno-tree-vectorize -march=native -fno-math-errno -std=c++14 -fuse-ld=bfd  -DNoRepository -ftemplate-depth-100  -DOFVERSION=2406 -DEXTBRANCH=0 -DXVERSION=0 -DOFPLUSBRANCH=1 -I/apps/software/OpenFOAM/v2406-foss-2023a/OpenFOAM-v2406/src/finiteVolume/lnInclude -I/apps/software/OpenFOAM/v2406-foss-2023a/OpenFOAM-v2406/src/meshTools/lnInclude -I/apps/software/OpenFOAM/v2406-foss-2023a/OpenFOAM-v2406/src/sampling/lnInclude -I/apps/software/OpenFOAM/v2406-foss-2023a/OpenFOAM-v2406/src/lagrangian/basic/lnInclude -I/apps/software/OpenFOAM/v2406-foss-2023a/OpenFOAM-v2406/src/fileFormats/lnInclude -I/usr/include -iquote. -IlnInclude -I/apps/software/OpenFOAM/v2406-foss-2023a/OpenFOAM-v2406/src/OpenFOAM/lnInclude -I/apps/software/OpenFOAM/v2406-foss-2023a/OpenFOAM-v2406/src/OSspecific/POSIX/lnInclude   -fPIC -c relaxationZone/relaxationWeight/relaxationWeight.C -o Make/linux64GccDPInt32Opt/relaxationZone/relaxationWeight/relaxationWeight.o
OMPI_CXX="g++" mpicxx -m64 -pthread -DOPENFOAM=2406 -DWM_DP -DWM_LABEL_SIZE=32 -Wall -Wextra -Wold-style-cast -Wnon-virtual-dtor -Wno-unused-parameter -Wno-invalid-offsetof -Wno-attributes -Wno-unknown-pragmas -O2 -fno-tree-vectorize -march=native -fno-math-errno -std=c++14 -fuse-ld=bfd  -DNoRepository -ftemplate-depth-100  -DOFVERSION=2406 -DEXTBRANCH=0 -DXVERSION=0 -DOFPLUSBRANCH=1 -I/apps/software/OpenFOAM/v2406-foss-2023a/OpenFOAM-v2406/src/finiteVolume/lnInclude -I/apps/software/OpenFOAM/v2406-foss-2023a/OpenFOAM-v2406/src/meshTools/lnInclude -I/apps/software/OpenFOAM/v2406-foss-2023a/OpenFOAM-v2406/src/sampling/lnInclude -I/apps/software/OpenFOAM/v2406-foss-2023a/OpenFOAM-v2406/src/lagrangian/basic/lnInclude -I/apps/software/OpenFOAM/v2406-foss-2023a/OpenFOAM-v2406/src/fileFormats/lnInclude -I/usr/include -iquote. -IlnInclude -I/apps/software/OpenFOAM/v2406-foss-2023a/OpenFOAM-v2406/src/OpenFOAM/lnInclude -I/apps/software/OpenFOAM/v2406-foss-2023a/OpenFOAM-v2406/src/OSspecific/POSIX/lnInclude   -fPIC -c relaxationZone/relaxationWeight/relaxationWeightCourantCorrection.C -o Make/linux64GccDPInt32Opt/relaxationZone/relaxationWeight/relaxationWeightCourantCorrection.o
OMPI_CXX="g++" mpicxx -m64 -pthread -DOPENFOAM=2406 -DWM_DP -DWM_LABEL_SIZE=32 -Wall -Wextra -Wold-style-cast -Wnon-virtual-dtor -Wno-unused-parameter -Wno-invalid-offsetof -Wno-attributes -Wno-unknown-pragmas -O2 -fno-tree-vectorize -march=native -fno-math-errno -std=c++14 -fuse-ld=bfd  -DNoRepository -ftemplate-depth-100  -DOFVERSION=2406 -DEXTBRANCH=0 -DXVERSION=0 -DOFPLUSBRANCH=1 -I/apps/software/OpenFOAM/v2406-foss-2023a/OpenFOAM-v2406/src/finiteVolume/lnInclude -I/apps/software/OpenFOAM/v2406-foss-2023a/OpenFOAM-v2406/src/meshTools/lnInclude -I/apps/software/OpenFOAM/v2406-foss-2023a/OpenFOAM-v2406/src/sampling/lnInclude -I/apps/software/OpenFOAM/v2406-foss-2023a/OpenFOAM-v2406/src/lagrangian/basic/lnInclude -I/apps/software/OpenFOAM/v2406-foss-2023a/OpenFOAM-v2406/src/fileFormats/lnInclude -I/usr/include -iquote. -IlnInclude -I/apps/software/OpenFOAM/v2406-foss-2023a/OpenFOAM-v2406/src/OpenFOAM/lnInclude -I/apps/software/OpenFOAM/v2406-foss-2023a/OpenFOAM-v2406/src/OSspecific/POSIX/lnInclude   -fPIC -c relaxationZone/relaxationWeight/exponential/relaxationWeightExponential.C -o Make/linux64GccDPInt32Opt/relaxationZone/relaxationWeight/exponential/relaxationWeightExponential.o
OMPI_CXX="g++" mpicxx -m64 -pthread -DOPENFOAM=2406 -DWM_DP -DWM_LABEL_SIZE=32 -Wall -Wextra -Wold-style-cast -Wnon-virtual-dtor -Wno-unused-parameter -Wno-invalid-offsetof -Wno-attributes -Wno-unknown-pragmas -O2 -fno-tree-vectorize -march=native -fno-math-errno -std=c++14 -fuse-ld=bfd  -DNoRepository -ftemplate-depth-100  -DOFVERSION=2406 -DEXTBRANCH=0 -DXVERSION=0 -DOFPLUSBRANCH=1 -I/apps/software/OpenFOAM/v2406-foss-2023a/OpenFOAM-v2406/src/finiteVolume/lnInclude -I/apps/software/OpenFOAM/v2406-foss-2023a/OpenFOAM-v2406/src/meshTools/lnInclude -I/apps/software/OpenFOAM/v2406-foss-2023a/OpenFOAM-v2406/src/sampling/lnInclude -I/apps/software/OpenFOAM/v2406-foss-2023a/OpenFOAM-v2406/src/lagrangian/basic/lnInclude -I/apps/software/OpenFOAM/v2406-foss-2023a/OpenFOAM-v2406/src/fileFormats/lnInclude -I/usr/include -iquote. -IlnInclude -I/apps/software/OpenFOAM/v2406-foss-2023a/OpenFOAM-v2406/src/OpenFOAM/lnInclude -I/apps/software/OpenFOAM/v2406-foss-2023a/OpenFOAM-v2406/src/OSspecific/POSIX/lnInclude   -fPIC -c relaxationZone/relaxationWeight/freePolynomial/relaxationWeightFreePolynomial.C -o Make/linux64GccDPInt32Opt/relaxationZone/relaxationWeight/freePolynomial/relaxationWeightFreePolynomial.o
OMPI_CXX="g++" mpicxx -m64 -pthread -DOPENFOAM=2406 -DWM_DP -DWM_LABEL_SIZE=32 -Wall -Wextra -Wold-style-cast -Wnon-virtual-dtor -Wno-unused-parameter -Wno-invalid-offsetof -Wno-attributes -Wno-unknown-pragmas -O2 -fno-tree-vectorize -march=native -fno-math-errno -std=c++14 -fuse-ld=bfd  -DNoRepository -ftemplate-depth-100  -DOFVERSION=2406 -DEXTBRANCH=0 -DXVERSION=0 -DOFPLUSBRANCH=1 -I/apps/software/OpenFOAM/v2406-foss-2023a/OpenFOAM-v2406/src/finiteVolume/lnInclude -I/apps/software/OpenFOAM/v2406-foss-2023a/OpenFOAM-v2406/src/meshTools/lnInclude -I/apps/software/OpenFOAM/v2406-foss-2023a/OpenFOAM-v2406/src/sampling/lnInclude -I/apps/software/OpenFOAM/v2406-foss-2023a/OpenFOAM-v2406/src/lagrangian/basic/lnInclude -I/apps/software/OpenFOAM/v2406-foss-2023a/OpenFOAM-v2406/src/fileFormats/lnInclude -I/usr/include -iquote. -IlnInclude -I/apps/software/OpenFOAM/v2406-foss-2023a/OpenFOAM-v2406/src/OpenFOAM/lnInclude -I/apps/software/OpenFOAM/v2406-foss-2023a/OpenFOAM-v2406/src/OSspecific/POSIX/lnInclude   -fPIC -c relaxationZone/relaxationWeight/thirdOrderPolynomial/relaxationWeightThirdOrderPolynomial.C -o Make/linux64GccDPInt32Opt/relaxationZone/relaxationWeight/thirdOrderPolynomial/relaxationWeightThirdOrderPolynomial.o
OMPI_CXX="g++" mpicxx -m64 -pthread -DOPENFOAM=2406 -DWM_DP -DWM_LABEL_SIZE=32 -Wall -Wextra -Wold-style-cast -Wnon-virtual-dtor -Wno-unused-parameter -Wno-invalid-offsetof -Wno-attributes -Wno-unknown-pragmas -O2 -fno-tree-vectorize -march=native -fno-math-errno -std=c++14 -fuse-ld=bfd  -DNoRepository -ftemplate-depth-100  -DOFVERSION=2406 -DEXTBRANCH=0 -DXVERSION=0 -DOFPLUSBRANCH=1 -I/apps/software/OpenFOAM/v2406-foss-2023a/OpenFOAM-v2406/src/finiteVolume/lnInclude -I/apps/software/OpenFOAM/v2406-foss-2023a/OpenFOAM-v2406/src/meshTools/lnInclude -I/apps/software/OpenFOAM/v2406-foss-2023a/OpenFOAM-v2406/src/sampling/lnInclude -I/apps/software/OpenFOAM/v2406-foss-2023a/OpenFOAM-v2406/src/lagrangian/basic/lnInclude -I/apps/software/OpenFOAM/v2406-foss-2023a/OpenFOAM-v2406/src/fileFormats/lnInclude -I/usr/include -iquote. -IlnInclude -I/apps/software/OpenFOAM/v2406-foss-2023a/OpenFOAM-v2406/src/OpenFOAM/lnInclude -I/apps/software/OpenFOAM/v2406-foss-2023a/OpenFOAM-v2406/src/OSspecific/POSIX/lnInclude   -fPIC -c relaxationZone/relaxationScheme/relaxationScheme.C -o Make/linux64GccDPInt32Opt/relaxationZone/relaxationScheme/relaxationScheme.o
In file included from lnInclude/convexPolyhedral.H:56,
                 from relaxationZone/relaxationScheme/relaxationScheme.H:63,
                 from relaxationZone/relaxationScheme/relaxationScheme.C:27:
lnInclude/localCell.H: In member function ‘Foam::vector Foam::localCell::fnormal(Foam::label) const’:
lnInclude/localCell.H:207:37: warning: ‘Foam::vector Foam::face::normal(const Foam::UList<Foam::Vector<double> >&) const’ is deprecated: Since 2018-12; use "areaNormal() or unitNormal()" [-Wdeprecated-declarations]
  207 |             return fL_[faceI].normal(pp_);
      |                    ~~~~~~~~~~~~~~~~~^~~~~
In file included from /apps/software/OpenFOAM/v2406-foss-2023a/OpenFOAM-v2406/src/OpenFOAM/lnInclude/PrimitivePatch.H:60,
                 from /apps/software/OpenFOAM/v2406-foss-2023a/OpenFOAM-v2406/src/OpenFOAM/lnInclude/primitivePatch.H:50,
                 from /apps/software/OpenFOAM/v2406-foss-2023a/OpenFOAM-v2406/src/OpenFOAM/lnInclude/indirectPrimitivePatch.H:46,
                 from /apps/software/OpenFOAM/v2406-foss-2023a/OpenFOAM-v2406/src/OpenFOAM/lnInclude/globalMeshData.H:90,
                 from /apps/software/OpenFOAM/v2406-foss-2023a/OpenFOAM-v2406/src/OpenFOAM/lnInclude/GeometricBoundaryField.C:30,
                 from /apps/software/OpenFOAM/v2406-foss-2023a/OpenFOAM-v2406/src/OpenFOAM/lnInclude/GeometricBoundaryField.H:286,
                 from /apps/software/OpenFOAM/v2406-foss-2023a/OpenFOAM-v2406/src/OpenFOAM/lnInclude/GeometricField.H:44,
                 from /apps/software/OpenFOAM/v2406-foss-2023a/OpenFOAM-v2406/src/OpenFOAM/lnInclude/GeometricScalarField.H:40,
                 from /apps/software/OpenFOAM/v2406-foss-2023a/OpenFOAM-v2406/src/OpenFOAM/lnInclude/GeometricFields.H:40,
                 from /apps/software/OpenFOAM/v2406-foss-2023a/OpenFOAM-v2406/src/finiteVolume/lnInclude/volFields.H:39,
                 from relaxationZone/relaxationScheme/relaxationScheme.H:56:
/apps/software/OpenFOAM/v2406-foss-2023a/OpenFOAM-v2406/src/OpenFOAM/lnInclude/face.H:202:16: note: declared here
  202 |         vector normal(const UList<point>& p) const
      |                ^~~~~~
OMPI_CXX="g++" mpicxx -m64 -pthread -DOPENFOAM=2406 -DWM_DP -DWM_LABEL_SIZE=32 -Wall -Wextra -Wold-style-cast -Wnon-virtual-dtor -Wno-unused-parameter -Wno-invalid-offsetof -Wno-attributes -Wno-unknown-pragmas -O2 -fno-tree-vectorize -march=native -fno-math-errno -std=c++14 -fuse-ld=bfd  -DNoRepository -ftemplate-depth-100  -DOFVERSION=2406 -DEXTBRANCH=0 -DXVERSION=0 -DOFPLUSBRANCH=1 -I/apps/software/OpenFOAM/v2406-foss-2023a/OpenFOAM-v2406/src/finiteVolume/lnInclude -I/apps/software/OpenFOAM/v2406-foss-2023a/OpenFOAM-v2406/src/meshTools/lnInclude -I/apps/software/OpenFOAM/v2406-foss-2023a/OpenFOAM-v2406/src/sampling/lnInclude -I/apps/software/OpenFOAM/v2406-foss-2023a/OpenFOAM-v2406/src/lagrangian/basic/lnInclude -I/apps/software/OpenFOAM/v2406-foss-2023a/OpenFOAM-v2406/src/fileFormats/lnInclude -I/usr/include -iquote. -IlnInclude -I/apps/software/OpenFOAM/v2406-foss-2023a/OpenFOAM-v2406/src/OpenFOAM/lnInclude -I/apps/software/OpenFOAM/v2406-foss-2023a/OpenFOAM-v2406/src/OSspecific/POSIX/lnInclude   -fPIC -c relaxationZone/relaxationScheme/newRelaxationScheme.C -o Make/linux64GccDPInt32Opt/relaxationZone/relaxationScheme/newRelaxationScheme.o
In file included from lnInclude/convexPolyhedral.H:56,
                 from relaxationZone/relaxationScheme/relaxationScheme.H:63,
                 from relaxationZone/relaxationScheme/newRelaxationScheme.C:28:
lnInclude/localCell.H: In member function ‘Foam::vector Foam::localCell::fnormal(Foam::label) const’:
lnInclude/localCell.H:207:37: warning: ‘Foam::vector Foam::face::normal(const Foam::UList<Foam::Vector<double> >&) const’ is deprecated: Since 2018-12; use "areaNormal() or unitNormal()" [-Wdeprecated-declarations]
  207 |             return fL_[faceI].normal(pp_);
      |                    ~~~~~~~~~~~~~~~~~^~~~~
In file included from /apps/software/OpenFOAM/v2406-foss-2023a/OpenFOAM-v2406/src/OpenFOAM/lnInclude/PrimitivePatch.H:60,
                 from /apps/software/OpenFOAM/v2406-foss-2023a/OpenFOAM-v2406/src/OpenFOAM/lnInclude/primitivePatch.H:50,
                 from /apps/software/OpenFOAM/v2406-foss-2023a/OpenFOAM-v2406/src/OpenFOAM/lnInclude/indirectPrimitivePatch.H:46,
                 from /apps/software/OpenFOAM/v2406-foss-2023a/OpenFOAM-v2406/src/OpenFOAM/lnInclude/globalMeshData.H:90,
                 from /apps/software/OpenFOAM/v2406-foss-2023a/OpenFOAM-v2406/src/OpenFOAM/lnInclude/GeometricBoundaryField.C:30,
                 from /apps/software/OpenFOAM/v2406-foss-2023a/OpenFOAM-v2406/src/OpenFOAM/lnInclude/GeometricBoundaryField.H:286,
                 from /apps/software/OpenFOAM/v2406-foss-2023a/OpenFOAM-v2406/src/OpenFOAM/lnInclude/GeometricField.H:44,
                 from /apps/software/OpenFOAM/v2406-foss-2023a/OpenFOAM-v2406/src/OpenFOAM/lnInclude/GeometricScalarField.H:40,
                 from /apps/software/OpenFOAM/v2406-foss-2023a/OpenFOAM-v2406/src/OpenFOAM/lnInclude/GeometricFields.H:40,
                 from /apps/software/OpenFOAM/v2406-foss-2023a/OpenFOAM-v2406/src/finiteVolume/lnInclude/volFields.H:39,
                 from relaxationZone/relaxationScheme/relaxationScheme.H:56:
/apps/software/OpenFOAM/v2406-foss-2023a/OpenFOAM-v2406/src/OpenFOAM/lnInclude/face.H:202:16: note: declared here
  202 |         vector normal(const UList<point>& p) const
      |                ^~~~~~
OMPI_CXX="g++" mpicxx -m64 -pthread -DOPENFOAM=2406 -DWM_DP -DWM_LABEL_SIZE=32 -Wall -Wextra -Wold-style-cast -Wnon-virtual-dtor -Wno-unused-parameter -Wno-invalid-offsetof -Wno-attributes -Wno-unknown-pragmas -O2 -fno-tree-vectorize -march=native -fno-math-errno -std=c++14 -fuse-ld=bfd  -DNoRepository -ftemplate-depth-100  -DOFVERSION=2406 -DEXTBRANCH=0 -DXVERSION=0 -DOFPLUSBRANCH=1 -I/apps/software/OpenFOAM/v2406-foss-2023a/OpenFOAM-v2406/src/finiteVolume/lnInclude -I/apps/software/OpenFOAM/v2406-foss-2023a/OpenFOAM-v2406/src/meshTools/lnInclude -I/apps/software/OpenFOAM/v2406-foss-2023a/OpenFOAM-v2406/src/sampling/lnInclude -I/apps/software/OpenFOAM/v2406-foss-2023a/OpenFOAM-v2406/src/lagrangian/basic/lnInclude -I/apps/software/OpenFOAM/v2406-foss-2023a/OpenFOAM-v2406/src/fileFormats/lnInclude -I/usr/include -iquote. -IlnInclude -I/apps/software/OpenFOAM/v2406-foss-2023a/OpenFOAM-v2406/src/OpenFOAM/lnInclude -I/apps/software/OpenFOAM/v2406-foss-2023a/OpenFOAM-v2406/src/OSspecific/POSIX/lnInclude   -fPIC -c relaxationZone/relaxationScheme/empty/relaxationSchemeEmpty.C -o Make/linux64GccDPInt32Opt/relaxationZone/relaxationScheme/empty/relaxationSchemeEmpty.o
In file included from lnInclude/convexPolyhedral.H:56,
                 from lnInclude/relaxationScheme.H:63,
                 from relaxationZone/relaxationScheme/empty/relaxationSchemeEmpty.H:47,
                 from relaxationZone/relaxationScheme/empty/relaxationSchemeEmpty.C:27:
lnInclude/localCell.H: In member function ‘Foam::vector Foam::localCell::fnormal(Foam::label) const’:
lnInclude/localCell.H:207:37: warning: ‘Foam::vector Foam::face::normal(const Foam::UList<Foam::Vector<double> >&) const’ is deprecated: Since 2018-12; use "areaNormal() or unitNormal()" [-Wdeprecated-declarations]
  207 |             return fL_[faceI].normal(pp_);
      |                    ~~~~~~~~~~~~~~~~~^~~~~
In file included from /apps/software/OpenFOAM/v2406-foss-2023a/OpenFOAM-v2406/src/OpenFOAM/lnInclude/PrimitivePatch.H:60,
                 from /apps/software/OpenFOAM/v2406-foss-2023a/OpenFOAM-v2406/src/OpenFOAM/lnInclude/primitivePatch.H:50,
                 from /apps/software/OpenFOAM/v2406-foss-2023a/OpenFOAM-v2406/src/OpenFOAM/lnInclude/indirectPrimitivePatch.H:46,
                 from /apps/software/OpenFOAM/v2406-foss-2023a/OpenFOAM-v2406/src/OpenFOAM/lnInclude/globalMeshData.H:90,
                 from /apps/software/OpenFOAM/v2406-foss-2023a/OpenFOAM-v2406/src/OpenFOAM/lnInclude/GeometricBoundaryField.C:30,
                 from /apps/software/OpenFOAM/v2406-foss-2023a/OpenFOAM-v2406/src/OpenFOAM/lnInclude/GeometricBoundaryField.H:286,
                 from /apps/software/OpenFOAM/v2406-foss-2023a/OpenFOAM-v2406/src/OpenFOAM/lnInclude/GeometricField.H:44,
                 from /apps/software/OpenFOAM/v2406-foss-2023a/OpenFOAM-v2406/src/OpenFOAM/lnInclude/GeometricScalarField.H:40,
                 from /apps/software/OpenFOAM/v2406-foss-2023a/OpenFOAM-v2406/src/OpenFOAM/lnInclude/GeometricFields.H:40,
                 from /apps/software/OpenFOAM/v2406-foss-2023a/OpenFOAM-v2406/src/finiteVolume/lnInclude/volFields.H:39,
                 from lnInclude/relaxationScheme.H:56:
/apps/software/OpenFOAM/v2406-foss-2023a/OpenFOAM-v2406/src/OpenFOAM/lnInclude/face.H:202:16: note: declared here
  202 |         vector normal(const UList<point>& p) const
      |                ^~~~~~
OMPI_CXX="g++" mpicxx -m64 -pthread -DOPENFOAM=2406 -DWM_DP -DWM_LABEL_SIZE=32 -Wall -Wextra -Wold-style-cast -Wnon-virtual-dtor -Wno-unused-parameter -Wno-invalid-offsetof -Wno-attributes -Wno-unknown-pragmas -O2 -fno-tree-vectorize -march=native -fno-math-errno -std=c++14 -fuse-ld=bfd  -DNoRepository -ftemplate-depth-100  -DOFVERSION=2406 -DEXTBRANCH=0 -DXVERSION=0 -DOFPLUSBRANCH=1 -I/apps/software/OpenFOAM/v2406-foss-2023a/OpenFOAM-v2406/src/finiteVolume/lnInclude -I/apps/software/OpenFOAM/v2406-foss-2023a/OpenFOAM-v2406/src/meshTools/lnInclude -I/apps/software/OpenFOAM/v2406-foss-2023a/OpenFOAM-v2406/src/sampling/lnInclude -I/apps/software/OpenFOAM/v2406-foss-2023a/OpenFOAM-v2406/src/lagrangian/basic/lnInclude -I/apps/software/OpenFOAM/v2406-foss-2023a/OpenFOAM-v2406/src/fileFormats/lnInclude -I/usr/include -iquote. -IlnInclude -I/apps/software/OpenFOAM/v2406-foss-2023a/OpenFOAM-v2406/src/OpenFOAM/lnInclude -I/apps/software/OpenFOAM/v2406-foss-2023a/OpenFOAM-v2406/src/OSspecific/POSIX/lnInclude   -fPIC -c relaxationZone/relaxationScheme/spatial/relaxationSchemeSpatial.C -o Make/linux64GccDPInt32Opt/relaxationZone/relaxationScheme/spatial/relaxationSchemeSpatial.o
In file included from lnInclude/convexPolyhedral.H:56,
                 from lnInclude/relaxationScheme.H:63,
                 from relaxationZone/relaxationScheme/spatial/relaxationSchemeSpatial.H:43,
                 from relaxationZone/relaxationScheme/spatial/relaxationSchemeSpatial.C:27:
lnInclude/localCell.H: In member function ‘Foam::vector Foam::localCell::fnormal(Foam::label) const’:
lnInclude/localCell.H:207:37: warning: ‘Foam::vector Foam::face::normal(const Foam::UList<Foam::Vector<double> >&) const’ is deprecated: Since 2018-12; use "areaNormal() or unitNormal()" [-Wdeprecated-declarations]
  207 |             return fL_[faceI].normal(pp_);
      |                    ~~~~~~~~~~~~~~~~~^~~~~
In file included from /apps/software/OpenFOAM/v2406-foss-2023a/OpenFOAM-v2406/src/OpenFOAM/lnInclude/PrimitivePatch.H:60,
                 from /apps/software/OpenFOAM/v2406-foss-2023a/OpenFOAM-v2406/src/OpenFOAM/lnInclude/primitivePatch.H:50,
                 from /apps/software/OpenFOAM/v2406-foss-2023a/OpenFOAM-v2406/src/OpenFOAM/lnInclude/indirectPrimitivePatch.H:46,
                 from /apps/software/OpenFOAM/v2406-foss-2023a/OpenFOAM-v2406/src/OpenFOAM/lnInclude/globalMeshData.H:90,
                 from /apps/software/OpenFOAM/v2406-foss-2023a/OpenFOAM-v2406/src/OpenFOAM/lnInclude/GeometricBoundaryField.C:30,
                 from /apps/software/OpenFOAM/v2406-foss-2023a/OpenFOAM-v2406/src/OpenFOAM/lnInclude/GeometricBoundaryField.H:286,
                 from /apps/software/OpenFOAM/v2406-foss-2023a/OpenFOAM-v2406/src/OpenFOAM/lnInclude/GeometricField.H:44,
                 from /apps/software/OpenFOAM/v2406-foss-2023a/OpenFOAM-v2406/src/OpenFOAM/lnInclude/GeometricScalarField.H:40,
                 from /apps/software/OpenFOAM/v2406-foss-2023a/OpenFOAM-v2406/src/OpenFOAM/lnInclude/GeometricFields.H:40,
                 from /apps/software/OpenFOAM/v2406-foss-2023a/OpenFOAM-v2406/src/finiteVolume/lnInclude/volFields.H:39,
                 from lnInclude/relaxationScheme.H:56:
/apps/software/OpenFOAM/v2406-foss-2023a/OpenFOAM-v2406/src/OpenFOAM/lnInclude/face.H:202:16: note: declared here
  202 |         vector normal(const UList<point>& p) const
      |                ^~~~~~
OMPI_CXX="g++" mpicxx -m64 -pthread -DOPENFOAM=2406 -DWM_DP -DWM_LABEL_SIZE=32 -Wall -Wextra -Wold-style-cast -Wnon-virtual-dtor -Wno-unused-parameter -Wno-invalid-offsetof -Wno-attributes -Wno-unknown-pragmas -O2 -fno-tree-vectorize -march=native -fno-math-errno -std=c++14 -fuse-ld=bfd  -DNoRepository -ftemplate-depth-100  -DOFVERSION=2406 -DEXTBRANCH=0 -DXVERSION=0 -DOFPLUSBRANCH=1 -I/apps/software/OpenFOAM/v2406-foss-2023a/OpenFOAM-v2406/src/finiteVolume/lnInclude -I/apps/software/OpenFOAM/v2406-foss-2023a/OpenFOAM-v2406/src/meshTools/lnInclude -I/apps/software/OpenFOAM/v2406-foss-2023a/OpenFOAM-v2406/src/sampling/lnInclude -I/apps/software/OpenFOAM/v2406-foss-2023a/OpenFOAM-v2406/src/lagrangian/basic/lnInclude -I/apps/software/OpenFOAM/v2406-foss-2023a/OpenFOAM-v2406/src/fileFormats/lnInclude -I/usr/include -iquote. -IlnInclude -I/apps/software/OpenFOAM/v2406-foss-2023a/OpenFOAM-v2406/src/OpenFOAM/lnInclude -I/apps/software/OpenFOAM/v2406-foss-2023a/OpenFOAM-v2406/src/OSspecific/POSIX/lnInclude   -fPIC -c relaxationZone/relaxationScheme/spatialInterpolation/relaxationSchemeSpatialInterpolation.C -o Make/linux64GccDPInt32Opt/relaxationZone/relaxationScheme/spatialInterpolation/relaxationSchemeSpatialInterpolation.o
In file included from lnInclude/convexPolyhedral.H:56,
                 from lnInclude/relaxationScheme.H:63,
                 from relaxationZone/relaxationScheme/spatialInterpolation/relaxationSchemeSpatialInterpolation.H:47,
                 from relaxationZone/relaxationScheme/spatialInterpolation/relaxationSchemeSpatialInterpolation.C:27:
lnInclude/localCell.H: In member function ‘Foam::vector Foam::localCell::fnormal(Foam::label) const’:
lnInclude/localCell.H:207:37: warning: ‘Foam::vector Foam::face::normal(const Foam::UList<Foam::Vector<double> >&) const’ is deprecated: Since 2018-12; use "areaNormal() or unitNormal()" [-Wdeprecated-declarations]
  207 |             return fL_[faceI].normal(pp_);
      |                    ~~~~~~~~~~~~~~~~~^~~~~
In file included from /apps/software/OpenFOAM/v2406-foss-2023a/OpenFOAM-v2406/src/OpenFOAM/lnInclude/PrimitivePatch.H:60,
                 from /apps/software/OpenFOAM/v2406-foss-2023a/OpenFOAM-v2406/src/OpenFOAM/lnInclude/primitivePatch.H:50,
                 from /apps/software/OpenFOAM/v2406-foss-2023a/OpenFOAM-v2406/src/OpenFOAM/lnInclude/indirectPrimitivePatch.H:46,
                 from /apps/software/OpenFOAM/v2406-foss-2023a/OpenFOAM-v2406/src/OpenFOAM/lnInclude/globalMeshData.H:90,
                 from /apps/software/OpenFOAM/v2406-foss-2023a/OpenFOAM-v2406/src/OpenFOAM/lnInclude/GeometricBoundaryField.C:30,
                 from /apps/software/OpenFOAM/v2406-foss-2023a/OpenFOAM-v2406/src/OpenFOAM/lnInclude/GeometricBoundaryField.H:286,
                 from /apps/software/OpenFOAM/v2406-foss-2023a/OpenFOAM-v2406/src/OpenFOAM/lnInclude/GeometricField.H:44,
                 from /apps/software/OpenFOAM/v2406-foss-2023a/OpenFOAM-v2406/src/OpenFOAM/lnInclude/GeometricScalarField.H:40,
                 from /apps/software/OpenFOAM/v2406-foss-2023a/OpenFOAM-v2406/src/OpenFOAM/lnInclude/GeometricFields.H:40,
                 from /apps/software/OpenFOAM/v2406-foss-2023a/OpenFOAM-v2406/src/finiteVolume/lnInclude/volFields.H:39,
                 from lnInclude/relaxationScheme.H:56:
/apps/software/OpenFOAM/v2406-foss-2023a/OpenFOAM-v2406/src/OpenFOAM/lnInclude/face.H:202:16: note: declared here
  202 |         vector normal(const UList<point>& p) const
      |                ^~~~~~
OMPI_CXX="g++" mpicxx -m64 -pthread -DOPENFOAM=2406 -DWM_DP -DWM_LABEL_SIZE=32 -Wall -Wextra -Wold-style-cast -Wnon-virtual-dtor -Wno-unused-parameter -Wno-invalid-offsetof -Wno-attributes -Wno-unknown-pragmas -O2 -fno-tree-vectorize -march=native -fno-math-errno -std=c++14 -fuse-ld=bfd  -DNoRepository -ftemplate-depth-100  -DOFVERSION=2406 -DEXTBRANCH=0 -DXVERSION=0 -DOFPLUSBRANCH=1 -I/apps/software/OpenFOAM/v2406-foss-2023a/OpenFOAM-v2406/src/finiteVolume/lnInclude -I/apps/software/OpenFOAM/v2406-foss-2023a/OpenFOAM-v2406/src/meshTools/lnInclude -I/apps/software/OpenFOAM/v2406-foss-2023a/OpenFOAM-v2406/src/sampling/lnInclude -I/apps/software/OpenFOAM/v2406-foss-2023a/OpenFOAM-v2406/src/lagrangian/basic/lnInclude -I/apps/software/OpenFOAM/v2406-foss-2023a/OpenFOAM-v2406/src/fileFormats/lnInclude -I/usr/include -iquote. -IlnInclude -I/apps/software/OpenFOAM/v2406-foss-2023a/OpenFOAM-v2406/src/OpenFOAM/lnInclude -I/apps/software/OpenFOAM/v2406-foss-2023a/OpenFOAM-v2406/src/OSspecific/POSIX/lnInclude   -fPIC -c relaxationZone/numericalBeach/numericalBeach.C -o Make/linux64GccDPInt32Opt/relaxationZone/numericalBeach/numericalBeach.o
OMPI_CXX="g++" mpicxx -m64 -pthread -DOPENFOAM=2406 -DWM_DP -DWM_LABEL_SIZE=32 -Wall -Wextra -Wold-style-cast -Wnon-virtual-dtor -Wno-unused-parameter -Wno-invalid-offsetof -Wno-attributes -Wno-unknown-pragmas -O2 -fno-tree-vectorize -march=native -fno-math-errno -std=c++14 -fuse-ld=bfd  -DNoRepository -ftemplate-depth-100  -DOFVERSION=2406 -DEXTBRANCH=0 -DXVERSION=0 -DOFPLUSBRANCH=1 -I/apps/software/OpenFOAM/v2406-foss-2023a/OpenFOAM-v2406/src/finiteVolume/lnInclude -I/apps/software/OpenFOAM/v2406-foss-2023a/OpenFOAM-v2406/src/meshTools/lnInclude -I/apps/software/OpenFOAM/v2406-foss-2023a/OpenFOAM-v2406/src/sampling/lnInclude -I/apps/software/OpenFOAM/v2406-foss-2023a/OpenFOAM-v2406/src/lagrangian/basic/lnInclude -I/apps/software/OpenFOAM/v2406-foss-2023a/OpenFOAM-v2406/src/fileFormats/lnInclude -I/usr/include -iquote. -IlnInclude -I/apps/software/OpenFOAM/v2406-foss-2023a/OpenFOAM-v2406/src/OpenFOAM/lnInclude -I/apps/software/OpenFOAM/v2406-foss-2023a/OpenFOAM-v2406/src/OSspecific/POSIX/lnInclude   -fPIC -c relaxationZone/numericalBeach/newNumericalBeach.C -o Make/linux64GccDPInt32Opt/relaxationZone/numericalBeach/newNumericalBeach.o
OMPI_CXX="g++" mpicxx -m64 -pthread -DOPENFOAM=2406 -DWM_DP -DWM_LABEL_SIZE=32 -Wall -Wextra -Wold-style-cast -Wnon-virtual-dtor -Wno-unused-parameter -Wno-invalid-offsetof -Wno-attributes -Wno-unknown-pragmas -O2 -fno-tree-vectorize -march=native -fno-math-errno -std=c++14 -fuse-ld=bfd  -DNoRepository -ftemplate-depth-100  -DOFVERSION=2406 -DEXTBRANCH=0 -DXVERSION=0 -DOFPLUSBRANCH=1 -I/apps/software/OpenFOAM/v2406-foss-2023a/OpenFOAM-v2406/src/finiteVolume/lnInclude -I/apps/software/OpenFOAM/v2406-foss-2023a/OpenFOAM-v2406/src/meshTools/lnInclude -I/apps/software/OpenFOAM/v2406-foss-2023a/OpenFOAM-v2406/src/sampling/lnInclude -I/apps/software/OpenFOAM/v2406-foss-2023a/OpenFOAM-v2406/src/lagrangian/basic/lnInclude -I/apps/software/OpenFOAM/v2406-foss-2023a/OpenFOAM-v2406/src/fileFormats/lnInclude -I/usr/include -iquote. -IlnInclude -I/apps/software/OpenFOAM/v2406-foss-2023a/OpenFOAM-v2406/src/OpenFOAM/lnInclude -I/apps/software/OpenFOAM/v2406-foss-2023a/OpenFOAM-v2406/src/OSspecific/POSIX/lnInclude   -fPIC -c relaxationZone/numericalBeach/empty/numericalBeachEmpty.C -o Make/linux64GccDPInt32Opt/relaxationZone/numericalBeach/empty/numericalBeachEmpty.o
OMPI_CXX="g++" mpicxx -m64 -pthread -DOPENFOAM=2406 -DWM_DP -DWM_LABEL_SIZE=32 -Wall -Wextra -Wold-style-cast -Wnon-virtual-dtor -Wno-unused-parameter -Wno-invalid-offsetof -Wno-attributes -Wno-unknown-pragmas -O2 -fno-tree-vectorize -march=native -fno-math-errno -std=c++14 -fuse-ld=bfd  -DNoRepository -ftemplate-depth-100  -DOFVERSION=2406 -DEXTBRANCH=0 -DXVERSION=0 -DOFPLUSBRANCH=1 -I/apps/software/OpenFOAM/v2406-foss-2023a/OpenFOAM-v2406/src/finiteVolume/lnInclude -I/apps/software/OpenFOAM/v2406-foss-2023a/OpenFOAM-v2406/src/meshTools/lnInclude -I/apps/software/OpenFOAM/v2406-foss-2023a/OpenFOAM-v2406/src/sampling/lnInclude -I/apps/software/OpenFOAM/v2406-foss-2023a/OpenFOAM-v2406/src/lagrangian/basic/lnInclude -I/apps/software/OpenFOAM/v2406-foss-2023a/OpenFOAM-v2406/src/fileFormats/lnInclude -I/usr/include -iquote. -IlnInclude -I/apps/software/OpenFOAM/v2406-foss-2023a/OpenFOAM-v2406/src/OpenFOAM/lnInclude -I/apps/software/OpenFOAM/v2406-foss-2023a/OpenFOAM-v2406/src/OSspecific/POSIX/lnInclude   -fPIC -c relaxationZone/relaxationZone.C -o Make/linux64GccDPInt32Opt/relaxationZone/relaxationZone.o
In file included from lnInclude/convexPolyhedral.H:56,
                 from lnInclude/relaxationScheme.H:63,
                 from relaxationZone/relaxationZone.H:44,
                 from relaxationZone/relaxationZone.C:27:
lnInclude/localCell.H: In member function ‘Foam::vector Foam::localCell::fnormal(Foam::label) const’:
lnInclude/localCell.H:207:37: warning: ‘Foam::vector Foam::face::normal(const Foam::UList<Foam::Vector<double> >&) const’ is deprecated: Since 2018-12; use "areaNormal() or unitNormal()" [-Wdeprecated-declarations]
  207 |             return fL_[faceI].normal(pp_);
      |                    ~~~~~~~~~~~~~~~~~^~~~~
In file included from /apps/software/OpenFOAM/v2406-foss-2023a/OpenFOAM-v2406/src/OpenFOAM/lnInclude/PrimitivePatch.H:60,
                 from /apps/software/OpenFOAM/v2406-foss-2023a/OpenFOAM-v2406/src/OpenFOAM/lnInclude/primitivePatch.H:50,
                 from /apps/software/OpenFOAM/v2406-foss-2023a/OpenFOAM-v2406/src/OpenFOAM/lnInclude/indirectPrimitivePatch.H:46,
                 from /apps/software/OpenFOAM/v2406-foss-2023a/OpenFOAM-v2406/src/OpenFOAM/lnInclude/globalMeshData.H:90,
                 from /apps/software/OpenFOAM/v2406-foss-2023a/OpenFOAM-v2406/src/OpenFOAM/lnInclude/GeometricBoundaryField.C:30,
                 from /apps/software/OpenFOAM/v2406-foss-2023a/OpenFOAM-v2406/src/OpenFOAM/lnInclude/GeometricBoundaryField.H:286,
                 from /apps/software/OpenFOAM/v2406-foss-2023a/OpenFOAM-v2406/src/OpenFOAM/lnInclude/GeometricField.H:44,
                 from /apps/software/OpenFOAM/v2406-foss-2023a/OpenFOAM-v2406/src/OpenFOAM/lnInclude/GeometricScalarField.H:40,
                 from /apps/software/OpenFOAM/v2406-foss-2023a/OpenFOAM-v2406/src/OpenFOAM/lnInclude/GeometricFields.H:40,
                 from /apps/software/OpenFOAM/v2406-foss-2023a/OpenFOAM-v2406/src/finiteVolume/lnInclude/volFields.H:39,
                 from lnInclude/relaxationScheme.H:56:
/apps/software/OpenFOAM/v2406-foss-2023a/OpenFOAM-v2406/src/OpenFOAM/lnInclude/face.H:202:16: note: declared here
  202 |         vector normal(const UList<point>& p) const
      |                ^~~~~~
relaxationZone/relaxationZone.H: In constructor ‘Foam::relaxationZone::relaxationZone(const Foam::fvMesh&, Foam::volVectorField&, Foam::volScalarField&)’:
relaxationZone/relaxationZone.H:79:29: warning: ‘Foam::relaxationZone::targetVelocity_’ will be initialized after [-Wreorder]
   79 |     mutable volVectorField* targetVelocity_;
      |                             ^~~~~~~~~~~~~~~
relaxationZone/relaxationZone.H:63:14: warning:   ‘Foam::wordList Foam::relaxationZone::relaxNames_’ [-Wreorder]
   63 |     wordList relaxNames_;
      |              ^~~~~~~~~~~
relaxationZone/relaxationZone.C:41:1: warning:   when initialized here [-Wreorder]
   41 | relaxationZone::relaxationZone
      | ^~~~~~~~~~~~~~
OMPI_CXX="g++" mpicxx -m64 -pthread -DOPENFOAM=2406 -DWM_DP -DWM_LABEL_SIZE=32 -Wall -Wextra -Wold-style-cast -Wnon-virtual-dtor -Wno-unused-parameter -Wno-invalid-offsetof -Wno-attributes -Wno-unknown-pragmas -O2 -fno-tree-vectorize -march=native -fno-math-errno -std=c++14 -fuse-ld=bfd  -DNoRepository -ftemplate-depth-100  -DOFVERSION=2406 -DEXTBRANCH=0 -DXVERSION=0 -DOFPLUSBRANCH=1 -I/apps/software/OpenFOAM/v2406-foss-2023a/OpenFOAM-v2406/src/finiteVolume/lnInclude -I/apps/software/OpenFOAM/v2406-foss-2023a/OpenFOAM-v2406/src/meshTools/lnInclude -I/apps/software/OpenFOAM/v2406-foss-2023a/OpenFOAM-v2406/src/sampling/lnInclude -I/apps/software/OpenFOAM/v2406-foss-2023a/OpenFOAM-v2406/src/lagrangian/basic/lnInclude -I/apps/software/OpenFOAM/v2406-foss-2023a/OpenFOAM-v2406/src/fileFormats/lnInclude -I/usr/include -iquote. -IlnInclude -I/apps/software/OpenFOAM/v2406-foss-2023a/OpenFOAM-v2406/src/OpenFOAM/lnInclude -I/apps/software/OpenFOAM/v2406-foss-2023a/OpenFOAM-v2406/src/OSspecific/POSIX/lnInclude   -fPIC -c setWaveField/setWaveField.C -o Make/linux64GccDPInt32Opt/setWaveField/setWaveField.o
In file included from lnInclude/convexPolyhedral.H:56,
                 from setWaveField/setWaveField.H:60,
                 from setWaveField/setWaveField.C:27:
lnInclude/localCell.H: In member function ‘Foam::vector Foam::localCell::fnormal(Foam::label) const’:
lnInclude/localCell.H:207:37: warning: ‘Foam::vector Foam::face::normal(const Foam::UList<Foam::Vector<double> >&) const’ is deprecated: Since 2018-12; use "areaNormal() or unitNormal()" [-Wdeprecated-declarations]
  207 |             return fL_[faceI].normal(pp_);
      |                    ~~~~~~~~~~~~~~~~~^~~~~
In file included from /apps/software/OpenFOAM/v2406-foss-2023a/OpenFOAM-v2406/src/OpenFOAM/lnInclude/faceList.H:31,
                 from /apps/software/OpenFOAM/v2406-foss-2023a/OpenFOAM-v2406/src/OpenFOAM/lnInclude/primitiveMesh.H:59,
                 from /apps/software/OpenFOAM/v2406-foss-2023a/OpenFOAM-v2406/src/OpenFOAM/lnInclude/polyMesh.H:48,
                 from /apps/software/OpenFOAM/v2406-foss-2023a/OpenFOAM-v2406/src/finiteVolume/lnInclude/fvMesh.H:53,
                 from lnInclude/convexPolyhedral.H:51:
/apps/software/OpenFOAM/v2406-foss-2023a/OpenFOAM-v2406/src/OpenFOAM/lnInclude/face.H:202:16: note: declared here
  202 |         vector normal(const UList<point>& p) const
      |                ^~~~~~
OMPI_CXX="g++" mpicxx -m64 -pthread -DOPENFOAM=2406 -DWM_DP -DWM_LABEL_SIZE=32 -Wall -Wextra -Wold-style-cast -Wnon-virtual-dtor -Wno-unused-parameter -Wno-invalid-offsetof -Wno-attributes -Wno-unknown-pragmas -O2 -fno-tree-vectorize -march=native -fno-math-errno -std=c++14 -fuse-ld=bfd  -DNoRepository -ftemplate-depth-100  -DOFVERSION=2406 -DEXTBRANCH=0 -DXVERSION=0 -DOFPLUSBRANCH=1 -I/apps/software/OpenFOAM/v2406-foss-2023a/OpenFOAM-v2406/src/finiteVolume/lnInclude -I/apps/software/OpenFOAM/v2406-foss-2023a/OpenFOAM-v2406/src/meshTools/lnInclude -I/apps/software/OpenFOAM/v2406-foss-2023a/OpenFOAM-v2406/src/sampling/lnInclude -I/apps/software/OpenFOAM/v2406-foss-2023a/OpenFOAM-v2406/src/lagrangian/basic/lnInclude -I/apps/software/OpenFOAM/v2406-foss-2023a/OpenFOAM-v2406/src/fileFormats/lnInclude -I/usr/include -iquote. -IlnInclude -I/apps/software/OpenFOAM/v2406-foss-2023a/OpenFOAM-v2406/src/OpenFOAM/lnInclude -I/apps/software/OpenFOAM/v2406-foss-2023a/OpenFOAM-v2406/src/OSspecific/POSIX/lnInclude   -fPIC -c include/crossVersionCompatibility.C -o Make/linux64GccDPInt32Opt/include/crossVersionCompatibility.o
OMPI_CXX="g++" mpicxx -m64 -pthread -DOPENFOAM=2406 -DWM_DP -DWM_LABEL_SIZE=32 -Wall -Wextra -Wold-style-cast -Wnon-virtual-dtor -Wno-unused-parameter -Wno-invalid-offsetof -Wno-attributes -Wno-unknown-pragmas -O2 -fno-tree-vectorize -march=native -fno-math-errno -std=c++14 -fuse-ld=bfd  -DNoRepository -ftemplate-depth-100  -DOFVERSION=2406 -DEXTBRANCH=0 -DXVERSION=0 -DOFPLUSBRANCH=1 -I/apps/software/OpenFOAM/v2406-foss-2023a/OpenFOAM-v2406/src/finiteVolume/lnInclude -I/apps/software/OpenFOAM/v2406-foss-2023a/OpenFOAM-v2406/src/meshTools/lnInclude -I/apps/software/OpenFOAM/v2406-foss-2023a/OpenFOAM-v2406/src/sampling/lnInclude -I/apps/software/OpenFOAM/v2406-foss-2023a/OpenFOAM-v2406/src/lagrangian/basic/lnInclude -I/apps/software/OpenFOAM/v2406-foss-2023a/OpenFOAM-v2406/src/fileFormats/lnInclude -I/usr/include -iquote. -IlnInclude -I/apps/software/OpenFOAM/v2406-foss-2023a/OpenFOAM-v2406/src/OpenFOAM/lnInclude -I/apps/software/OpenFOAM/v2406-foss-2023a/OpenFOAM-v2406/src/OSspecific/POSIX/lnInclude   -fPIC -shared -Xlinker --add-needed -Xlinker --no-as-needed  Make/linux64GccDPInt32Opt/convexPolyhedral/convexPolyhedral.o Make/linux64GccDPInt32Opt/convexPolyhedral/localFace.o Make/linux64GccDPInt32Opt/convexPolyhedral/localCell.o Make/linux64GccDPInt32Opt/convexPolyhedral/localCellNeg.o Make/linux64GccDPInt32Opt/waveTheories/waveTheory/waveTheory.o Make/linux64GccDPInt32Opt/waveTheories/waveTheory/newWaveTheory.o Make/linux64GccDPInt32Opt/waveTheories/current/potentialCurrent/potentialCurrent.o Make/linux64GccDPInt32Opt/waveTheories/solitary/solitaryFirst/solitaryFirst.o Make/linux64GccDPInt32Opt/waveTheories/solitary/chappelear1962/chappelear1962.o Make/linux64GccDPInt32Opt/waveTheories/regular/stokesFirst/stokesFirst.o Make/linux64GccDPInt32Opt/waveTheories/regular/stokesFirstStanding/stokesFirstStanding.o Make/linux64GccDPInt32Opt/waveTheories/regular/stokesSecond/stokesSecond.o Make/linux64GccDPInt32Opt/waveTheories/regular/stokesSecondModulation/stokesSecondModulation.o Make/linux64GccDPInt32Opt/waveTheories/regular/stokesFifth/stokesFifth.o Make/linux64GccDPInt32Opt/waveTheories/regular/cnoidalFirst/cnoidalFirst.o Make/linux64GccDPInt32Opt/waveTheories/regular/streamFunction/streamFunction.o Make/linux64GccDPInt32Opt/waveTheories/irregular/irregular/irregular.o Make/linux64GccDPInt32Opt/waveTheories/irregular/bichromaticFirst/bichromaticFirst.o Make/linux64GccDPInt32Opt/waveTheories/irregular/bichromaticSecond/bichromaticSecond.o Make/linux64GccDPInt32Opt/waveTheories/mixedType/combinedWaves/combinedWaves.o Make/linux64GccDPInt32Opt/waveTheories/externalWaveForcing/externalSource.o Make/linux64GccDPInt32Opt/waveTheories/externalWaveForcing/externalWaveForcing.o Make/linux64GccDPInt32Opt/waveTheories/externalWaveForcing/emptyExternal/emptyExternal.o Make/linux64GccDPInt32Opt/waveTheories/externalWaveForcing/oceanWave3D/oceanWave3D.o Make/linux64GccDPInt32Opt/waveTheories/externalWaveForcing/irregularFast/irregularFast.o Make/linux64GccDPInt32Opt/fvPatchFields/waveAlpha/waveAlphaFvPatchScalarField.o Make/linux64GccDPInt32Opt/fvPatchFields/waveVelocity/waveVelocityFvPatchVectorField.o Make/linux64GccDPInt32Opt/relaxationZone/relaxationShape/relaxationShape.o Make/linux64GccDPInt32Opt/relaxationZone/relaxationShape/newRelaxationShape.o Make/linux64GccDPInt32Opt/relaxationZone/relaxationShape/frozen/relaxationShapeFrozen.o Make/linux64GccDPInt32Opt/relaxationZone/relaxationShape/rectangular/relaxationShapeRectangular.o Make/linux64GccDPInt32Opt/relaxationZone/relaxationShape/cylindrical/relaxationShapeCylindrical.o Make/linux64GccDPInt32Opt/relaxationZone/relaxationShape/semiCylindrical/relaxationShapeSemiCylindrical.o Make/linux64GccDPInt32Opt/relaxationZone/relaxationShape/line/relaxationShapeLine.o Make/linux64GccDPInt32Opt/relaxationZone/relaxationWeight/relaxationWeight.o Make/linux64GccDPInt32Opt/relaxationZone/relaxationWeight/relaxationWeightCourantCorrection.o Make/linux64GccDPInt32Opt/relaxationZone/relaxationWeight/exponential/relaxationWeightExponential.o Make/linux64GccDPInt32Opt/relaxationZone/relaxationWeight/freePolynomial/relaxationWeightFreePolynomial.o Make/linux64GccDPInt32Opt/relaxationZone/relaxationWeight/thirdOrderPolynomial/relaxationWeightThirdOrderPolynomial.o Make/linux64GccDPInt32Opt/relaxationZone/relaxationScheme/relaxationScheme.o Make/linux64GccDPInt32Opt/relaxationZone/relaxationScheme/newRelaxationScheme.o Make/linux64GccDPInt32Opt/relaxationZone/relaxationScheme/empty/relaxationSchemeEmpty.o Make/linux64GccDPInt32Opt/relaxationZone/relaxationScheme/spatial/relaxationSchemeSpatial.o Make/linux64GccDPInt32Opt/relaxationZone/relaxationScheme/spatialInterpolation/relaxationSchemeSpatialInterpolation.o Make/linux64GccDPInt32Opt/relaxationZone/numericalBeach/numericalBeach.o Make/linux64GccDPInt32Opt/relaxationZone/numericalBeach/newNumericalBeach.o Make/linux64GccDPInt32Opt/relaxationZone/numericalBeach/empty/numericalBeachEmpty.o Make/linux64GccDPInt32Opt/relaxationZone/relaxationZone.o Make/linux64GccDPInt32Opt/setWaveField/setWaveField.o Make/linux64GccDPInt32Opt/include/crossVersionCompatibility.o -L/apps/software/OpenFOAM/v2406-foss-2023a/OpenFOAM-v2406/platforms/linux64GccDPInt32Opt/lib \
    -lfiniteVolume -lmeshTools -lsampling -lfileFormats -lstdc++ -lgfortran -L/gpfs/home/s376817/OpenFOAM/s376817-v2406/platforms/linux64GccDPInt32Opt/lib -lOceanWave3D -L/usr/lib64 -lgsl -lgslcblas  -o /gpfs/home/s376817/OpenFOAM/s376817-v2406/platforms/linux64GccDPInt32Opt/lib/libwaves2Foam.so
wmake libso (waves2FoamGABC)
    ln: ./lnInclude
Making dependencies: gabcVelocityFvPatchVectorField.C
Making dependencies: gabcPressureRobinVFvPatchScalarField.C
Making dependencies: robinVFvPatchFields.C
Making dependencies: gabcHelperFunctions.C
Making dependencies: rationalCelerity.C
Making dependencies: P03Celerity.C
Making dependencies: constantTheoryCelerity.C
Making dependencies: constantDepthCelerity.C
Making dependencies: celerityShapeFunctions.C
OMPI_CXX="g++" mpicxx -m64 -pthread -DOPENFOAM=2406 -DWM_DP -DWM_LABEL_SIZE=32 -Wall -Wextra -Wold-style-cast -Wnon-virtual-dtor -Wno-unused-parameter -Wno-invalid-offsetof -Wno-attributes -Wno-unknown-pragmas -O2 -fno-tree-vectorize -march=native -fno-math-errno -std=c++14 -fuse-ld=bfd  -DNoRepository -ftemplate-depth-100  -DOFVERSION=2406 -DEXTBRANCH=0 -DXVERSION=0 -DOFPLUSBRANCH=1 -I/apps/software/OpenFOAM/v2406-foss-2023a/OpenFOAM-v2406/src/finiteVolume/lnInclude -I/apps/software/OpenFOAM/v2406-foss-2023a/OpenFOAM-v2406/src/meshTools/lnInclude -I/apps/software/OpenFOAM/v2406-foss-2023a/OpenFOAM-v2406/src/sampling/lnInclude -I/apps/software/OpenFOAM/v2406-foss-2023a/OpenFOAM-v2406/src/lagrangian/basic/lnInclude -I/usr/include -I/gpfs/home/s376817/OpenFOAM/s376817-v2406/applications/utilities/waves2Foam/src/waves2Foam/lnInclude  -iquote. -IlnInclude -I/apps/software/OpenFOAM/v2406-foss-2023a/OpenFOAM-v2406/src/OpenFOAM/lnInclude -I/apps/software/OpenFOAM/v2406-foss-2023a/OpenFOAM-v2406/src/OSspecific/POSIX/lnInclude   -fPIC -c shapeFunctions/celerityShapeFunctions.C -o Make/linux64GccDPInt32Opt/shapeFunctions/celerityShapeFunctions.o
OMPI_CXX="g++" mpicxx -m64 -pthread -DOPENFOAM=2406 -DWM_DP -DWM_LABEL_SIZE=32 -Wall -Wextra -Wold-style-cast -Wnon-virtual-dtor -Wno-unused-parameter -Wno-invalid-offsetof -Wno-attributes -Wno-unknown-pragmas -O2 -fno-tree-vectorize -march=native -fno-math-errno -std=c++14 -fuse-ld=bfd  -DNoRepository -ftemplate-depth-100  -DOFVERSION=2406 -DEXTBRANCH=0 -DXVERSION=0 -DOFPLUSBRANCH=1 -I/apps/software/OpenFOAM/v2406-foss-2023a/OpenFOAM-v2406/src/finiteVolume/lnInclude -I/apps/software/OpenFOAM/v2406-foss-2023a/OpenFOAM-v2406/src/meshTools/lnInclude -I/apps/software/OpenFOAM/v2406-foss-2023a/OpenFOAM-v2406/src/sampling/lnInclude -I/apps/software/OpenFOAM/v2406-foss-2023a/OpenFOAM-v2406/src/lagrangian/basic/lnInclude -I/usr/include -I/gpfs/home/s376817/OpenFOAM/s376817-v2406/applications/utilities/waves2Foam/src/waves2Foam/lnInclude  -iquote. -IlnInclude -I/apps/software/OpenFOAM/v2406-foss-2023a/OpenFOAM-v2406/src/OpenFOAM/lnInclude -I/apps/software/OpenFOAM/v2406-foss-2023a/OpenFOAM-v2406/src/OSspecific/POSIX/lnInclude   -fPIC -c shapeFunctions/constantDepthCelerity/constantDepthCelerity.C -o Make/linux64GccDPInt32Opt/shapeFunctions/constantDepthCelerity/constantDepthCelerity.o
OMPI_CXX="g++" mpicxx -m64 -pthread -DOPENFOAM=2406 -DWM_DP -DWM_LABEL_SIZE=32 -Wall -Wextra -Wold-style-cast -Wnon-virtual-dtor -Wno-unused-parameter -Wno-invalid-offsetof -Wno-attributes -Wno-unknown-pragmas -O2 -fno-tree-vectorize -march=native -fno-math-errno -std=c++14 -fuse-ld=bfd  -DNoRepository -ftemplate-depth-100  -DOFVERSION=2406 -DEXTBRANCH=0 -DXVERSION=0 -DOFPLUSBRANCH=1 -I/apps/software/OpenFOAM/v2406-foss-2023a/OpenFOAM-v2406/src/finiteVolume/lnInclude -I/apps/software/OpenFOAM/v2406-foss-2023a/OpenFOAM-v2406/src/meshTools/lnInclude -I/apps/software/OpenFOAM/v2406-foss-2023a/OpenFOAM-v2406/src/sampling/lnInclude -I/apps/software/OpenFOAM/v2406-foss-2023a/OpenFOAM-v2406/src/lagrangian/basic/lnInclude -I/usr/include -I/gpfs/home/s376817/OpenFOAM/s376817-v2406/applications/utilities/waves2Foam/src/waves2Foam/lnInclude  -iquote. -IlnInclude -I/apps/software/OpenFOAM/v2406-foss-2023a/OpenFOAM-v2406/src/OpenFOAM/lnInclude -I/apps/software/OpenFOAM/v2406-foss-2023a/OpenFOAM-v2406/src/OSspecific/POSIX/lnInclude   -fPIC -c shapeFunctions/constantTheoryCelerity/constantTheoryCelerity.C -o Make/linux64GccDPInt32Opt/shapeFunctions/constantTheoryCelerity/constantTheoryCelerity.o
OMPI_CXX="g++" mpicxx -m64 -pthread -DOPENFOAM=2406 -DWM_DP -DWM_LABEL_SIZE=32 -Wall -Wextra -Wold-style-cast -Wnon-virtual-dtor -Wno-unused-parameter -Wno-invalid-offsetof -Wno-attributes -Wno-unknown-pragmas -O2 -fno-tree-vectorize -march=native -fno-math-errno -std=c++14 -fuse-ld=bfd  -DNoRepository -ftemplate-depth-100  -DOFVERSION=2406 -DEXTBRANCH=0 -DXVERSION=0 -DOFPLUSBRANCH=1 -I/apps/software/OpenFOAM/v2406-foss-2023a/OpenFOAM-v2406/src/finiteVolume/lnInclude -I/apps/software/OpenFOAM/v2406-foss-2023a/OpenFOAM-v2406/src/meshTools/lnInclude -I/apps/software/OpenFOAM/v2406-foss-2023a/OpenFOAM-v2406/src/sampling/lnInclude -I/apps/software/OpenFOAM/v2406-foss-2023a/OpenFOAM-v2406/src/lagrangian/basic/lnInclude -I/usr/include -I/gpfs/home/s376817/OpenFOAM/s376817-v2406/applications/utilities/waves2Foam/src/waves2Foam/lnInclude  -iquote. -IlnInclude -I/apps/software/OpenFOAM/v2406-foss-2023a/OpenFOAM-v2406/src/OpenFOAM/lnInclude -I/apps/software/OpenFOAM/v2406-foss-2023a/OpenFOAM-v2406/src/OSspecific/POSIX/lnInclude   -fPIC -c shapeFunctions/P03Celerity/P03Celerity.C -o Make/linux64GccDPInt32Opt/shapeFunctions/P03Celerity/P03Celerity.o
OMPI_CXX="g++" mpicxx -m64 -pthread -DOPENFOAM=2406 -DWM_DP -DWM_LABEL_SIZE=32 -Wall -Wextra -Wold-style-cast -Wnon-virtual-dtor -Wno-unused-parameter -Wno-invalid-offsetof -Wno-attributes -Wno-unknown-pragmas -O2 -fno-tree-vectorize -march=native -fno-math-errno -std=c++14 -fuse-ld=bfd  -DNoRepository -ftemplate-depth-100  -DOFVERSION=2406 -DEXTBRANCH=0 -DXVERSION=0 -DOFPLUSBRANCH=1 -I/apps/software/OpenFOAM/v2406-foss-2023a/OpenFOAM-v2406/src/finiteVolume/lnInclude -I/apps/software/OpenFOAM/v2406-foss-2023a/OpenFOAM-v2406/src/meshTools/lnInclude -I/apps/software/OpenFOAM/v2406-foss-2023a/OpenFOAM-v2406/src/sampling/lnInclude -I/apps/software/OpenFOAM/v2406-foss-2023a/OpenFOAM-v2406/src/lagrangian/basic/lnInclude -I/usr/include -I/gpfs/home/s376817/OpenFOAM/s376817-v2406/applications/utilities/waves2Foam/src/waves2Foam/lnInclude  -iquote. -IlnInclude -I/apps/software/OpenFOAM/v2406-foss-2023a/OpenFOAM-v2406/src/OpenFOAM/lnInclude -I/apps/software/OpenFOAM/v2406-foss-2023a/OpenFOAM-v2406/src/OSspecific/POSIX/lnInclude   -fPIC -c shapeFunctions/rationalCelerity/rationalCelerity.C -o Make/linux64GccDPInt32Opt/shapeFunctions/rationalCelerity/rationalCelerity.o
OMPI_CXX="g++" mpicxx -m64 -pthread -DOPENFOAM=2406 -DWM_DP -DWM_LABEL_SIZE=32 -Wall -Wextra -Wold-style-cast -Wnon-virtual-dtor -Wno-unused-parameter -Wno-invalid-offsetof -Wno-attributes -Wno-unknown-pragmas -O2 -fno-tree-vectorize -march=native -fno-math-errno -std=c++14 -fuse-ld=bfd  -DNoRepository -ftemplate-depth-100  -DOFVERSION=2406 -DEXTBRANCH=0 -DXVERSION=0 -DOFPLUSBRANCH=1 -I/apps/software/OpenFOAM/v2406-foss-2023a/OpenFOAM-v2406/src/finiteVolume/lnInclude -I/apps/software/OpenFOAM/v2406-foss-2023a/OpenFOAM-v2406/src/meshTools/lnInclude -I/apps/software/OpenFOAM/v2406-foss-2023a/OpenFOAM-v2406/src/sampling/lnInclude -I/apps/software/OpenFOAM/v2406-foss-2023a/OpenFOAM-v2406/src/lagrangian/basic/lnInclude -I/usr/include -I/gpfs/home/s376817/OpenFOAM/s376817-v2406/applications/utilities/waves2Foam/src/waves2Foam/lnInclude  -iquote. -IlnInclude -I/apps/software/OpenFOAM/v2406-foss-2023a/OpenFOAM-v2406/src/OpenFOAM/lnInclude -I/apps/software/OpenFOAM/v2406-foss-2023a/OpenFOAM-v2406/src/OSspecific/POSIX/lnInclude   -fPIC -c gabcHelperFunctions/gabcHelperFunctions.C -o Make/linux64GccDPInt32Opt/gabcHelperFunctions/gabcHelperFunctions.o
gabcHelperFunctions/gabcHelperFunctions.C: In member function ‘void Foam::gabcHelperFunctions::makeNeighbourList() const’:
gabcHelperFunctions/gabcHelperFunctions.C:90:11: warning: unused variable ‘index’ [-Wunused-variable]
   90 |     label index = patch.index();
      |           ^~~~~
gabcHelperFunctions/gabcHelperFunctions.C: In member function ‘Foam::label Foam::gabcHelperFunctions::findPatchID(const Foam::label&) const’:
gabcHelperFunctions/gabcHelperFunctions.C:180:1: warning: control reaches end of non-void function [-Wreturn-type]
  180 | }
      | ^
OMPI_CXX="g++" mpicxx -m64 -pthread -DOPENFOAM=2406 -DWM_DP -DWM_LABEL_SIZE=32 -Wall -Wextra -Wold-style-cast -Wnon-virtual-dtor -Wno-unused-parameter -Wno-invalid-offsetof -Wno-attributes -Wno-unknown-pragmas -O2 -fno-tree-vectorize -march=native -fno-math-errno -std=c++14 -fuse-ld=bfd  -DNoRepository -ftemplate-depth-100  -DOFVERSION=2406 -DEXTBRANCH=0 -DXVERSION=0 -DOFPLUSBRANCH=1 -I/apps/software/OpenFOAM/v2406-foss-2023a/OpenFOAM-v2406/src/finiteVolume/lnInclude -I/apps/software/OpenFOAM/v2406-foss-2023a/OpenFOAM-v2406/src/meshTools/lnInclude -I/apps/software/OpenFOAM/v2406-foss-2023a/OpenFOAM-v2406/src/sampling/lnInclude -I/apps/software/OpenFOAM/v2406-foss-2023a/OpenFOAM-v2406/src/lagrangian/basic/lnInclude -I/usr/include -I/gpfs/home/s376817/OpenFOAM/s376817-v2406/applications/utilities/waves2Foam/src/waves2Foam/lnInclude  -iquote. -IlnInclude -I/apps/software/OpenFOAM/v2406-foss-2023a/OpenFOAM-v2406/src/OpenFOAM/lnInclude -I/apps/software/OpenFOAM/v2406-foss-2023a/OpenFOAM-v2406/src/OSspecific/POSIX/lnInclude   -fPIC -c fvPatchFields/basic/robinV/robinVFvPatchFields.C -o Make/linux64GccDPInt32Opt/fvPatchFields/basic/robinV/robinVFvPatchFields.o
OMPI_CXX="g++" mpicxx -m64 -pthread -DOPENFOAM=2406 -DWM_DP -DWM_LABEL_SIZE=32 -Wall -Wextra -Wold-style-cast -Wnon-virtual-dtor -Wno-unused-parameter -Wno-invalid-offsetof -Wno-attributes -Wno-unknown-pragmas -O2 -fno-tree-vectorize -march=native -fno-math-errno -std=c++14 -fuse-ld=bfd  -DNoRepository -ftemplate-depth-100  -DOFVERSION=2406 -DEXTBRANCH=0 -DXVERSION=0 -DOFPLUSBRANCH=1 -I/apps/software/OpenFOAM/v2406-foss-2023a/OpenFOAM-v2406/src/finiteVolume/lnInclude -I/apps/software/OpenFOAM/v2406-foss-2023a/OpenFOAM-v2406/src/meshTools/lnInclude -I/apps/software/OpenFOAM/v2406-foss-2023a/OpenFOAM-v2406/src/sampling/lnInclude -I/apps/software/OpenFOAM/v2406-foss-2023a/OpenFOAM-v2406/src/lagrangian/basic/lnInclude -I/usr/include -I/gpfs/home/s376817/OpenFOAM/s376817-v2406/applications/utilities/waves2Foam/src/waves2Foam/lnInclude  -iquote. -IlnInclude -I/apps/software/OpenFOAM/v2406-foss-2023a/OpenFOAM-v2406/src/OpenFOAM/lnInclude -I/apps/software/OpenFOAM/v2406-foss-2023a/OpenFOAM-v2406/src/OSspecific/POSIX/lnInclude   -fPIC -c fvPatchFields/derived/gabcPressureRobinV/gabcPressureRobinVFvPatchScalarField.C -o Make/linux64GccDPInt32Opt/fvPatchFields/derived/gabcPressureRobinV/gabcPressureRobinVFvPatchScalarField.o
fvPatchFields/derived/gabcPressureRobinV/gabcPressureRobinVFvPatchScalarField.C: In member function ‘virtual void Foam::gabcPressureRobinVFvPatchScalarField::rmap(const Foam::fvPatchField<double>&, const Foam::labelList&)’:
fvPatchFields/derived/gabcPressureRobinV/gabcPressureRobinVFvPatchScalarField.C:249:49: warning: unused variable ‘mptf’ [-Wunused-variable]
  249 |     const gabcPressureRobinVFvPatchScalarField& mptf =
      |                                                 ^~~~
OMPI_CXX="g++" mpicxx -m64 -pthread -DOPENFOAM=2406 -DWM_DP -DWM_LABEL_SIZE=32 -Wall -Wextra -Wold-style-cast -Wnon-virtual-dtor -Wno-unused-parameter -Wno-invalid-offsetof -Wno-attributes -Wno-unknown-pragmas -O2 -fno-tree-vectorize -march=native -fno-math-errno -std=c++14 -fuse-ld=bfd  -DNoRepository -ftemplate-depth-100  -DOFVERSION=2406 -DEXTBRANCH=0 -DXVERSION=0 -DOFPLUSBRANCH=1 -I/apps/software/OpenFOAM/v2406-foss-2023a/OpenFOAM-v2406/src/finiteVolume/lnInclude -I/apps/software/OpenFOAM/v2406-foss-2023a/OpenFOAM-v2406/src/meshTools/lnInclude -I/apps/software/OpenFOAM/v2406-foss-2023a/OpenFOAM-v2406/src/sampling/lnInclude -I/apps/software/OpenFOAM/v2406-foss-2023a/OpenFOAM-v2406/src/lagrangian/basic/lnInclude -I/usr/include -I/gpfs/home/s376817/OpenFOAM/s376817-v2406/applications/utilities/waves2Foam/src/waves2Foam/lnInclude  -iquote. -IlnInclude -I/apps/software/OpenFOAM/v2406-foss-2023a/OpenFOAM-v2406/src/OpenFOAM/lnInclude -I/apps/software/OpenFOAM/v2406-foss-2023a/OpenFOAM-v2406/src/OSspecific/POSIX/lnInclude   -fPIC -c fvPatchFields/derived/gabcVelocity/gabcVelocityFvPatchVectorField.C -o Make/linux64GccDPInt32Opt/fvPatchFields/derived/gabcVelocity/gabcVelocityFvPatchVectorField.o
OMPI_CXX="g++" mpicxx -m64 -pthread -DOPENFOAM=2406 -DWM_DP -DWM_LABEL_SIZE=32 -Wall -Wextra -Wold-style-cast -Wnon-virtual-dtor -Wno-unused-parameter -Wno-invalid-offsetof -Wno-attributes -Wno-unknown-pragmas -O2 -fno-tree-vectorize -march=native -fno-math-errno -std=c++14 -fuse-ld=bfd  -DNoRepository -ftemplate-depth-100  -DOFVERSION=2406 -DEXTBRANCH=0 -DXVERSION=0 -DOFPLUSBRANCH=1 -I/apps/software/OpenFOAM/v2406-foss-2023a/OpenFOAM-v2406/src/finiteVolume/lnInclude -I/apps/software/OpenFOAM/v2406-foss-2023a/OpenFOAM-v2406/src/meshTools/lnInclude -I/apps/software/OpenFOAM/v2406-foss-2023a/OpenFOAM-v2406/src/sampling/lnInclude -I/apps/software/OpenFOAM/v2406-foss-2023a/OpenFOAM-v2406/src/lagrangian/basic/lnInclude -I/usr/include -I/gpfs/home/s376817/OpenFOAM/s376817-v2406/applications/utilities/waves2Foam/src/waves2Foam/lnInclude  -iquote. -IlnInclude -I/apps/software/OpenFOAM/v2406-foss-2023a/OpenFOAM-v2406/src/OpenFOAM/lnInclude -I/apps/software/OpenFOAM/v2406-foss-2023a/OpenFOAM-v2406/src/OSspecific/POSIX/lnInclude   -fPIC -shared -Xlinker --add-needed -Xlinker --no-as-needed  Make/linux64GccDPInt32Opt/shapeFunctions/celerityShapeFunctions.o Make/linux64GccDPInt32Opt/shapeFunctions/constantDepthCelerity/constantDepthCelerity.o Make/linux64GccDPInt32Opt/shapeFunctions/constantTheoryCelerity/constantTheoryCelerity.o Make/linux64GccDPInt32Opt/shapeFunctions/P03Celerity/P03Celerity.o Make/linux64GccDPInt32Opt/shapeFunctions/rationalCelerity/rationalCelerity.o Make/linux64GccDPInt32Opt/gabcHelperFunctions/gabcHelperFunctions.o Make/linux64GccDPInt32Opt/fvPatchFields/basic/robinV/robinVFvPatchFields.o Make/linux64GccDPInt32Opt/fvPatchFields/derived/gabcPressureRobinV/gabcPressureRobinVFvPatchScalarField.o Make/linux64GccDPInt32Opt/fvPatchFields/derived/gabcVelocity/gabcVelocityFvPatchVectorField.o -L/apps/software/OpenFOAM/v2406-foss-2023a/OpenFOAM-v2406/platforms/linux64GccDPInt32Opt/lib \
    -lfiniteVolume -lmeshTools -lsampling -lstdc++ -lgfortran -L/gpfs/home/s376817/OpenFOAM/s376817-v2406/platforms/linux64GccDPInt32Opt/lib -lwaves2Foam -L/usr/lib64 -lgsl -lgslcblas -lOceanWave3D  -o /gpfs/home/s376817/OpenFOAM/s376817-v2406/platforms/linux64GccDPInt32Opt/lib/libwaves2FoamGABC.so
wmake libso (waves2FoamProcessing)
    ln: ./lnInclude
Making dependencies: concatenatedDistribution.C
Making dependencies: quadrilateralDistribution.C
Making dependencies: circularDistribution.C
Making dependencies: lineDistribution.C
Making dependencies: userDefinedDistribution.C
Making dependencies: pointDistributions.C
Making dependencies: probeGauges.C
Making dependencies: waveGauges.C
Making dependencies: constantDepth.C
Making dependencies: constantTheory.C
Making dependencies: rationalManual.C
Making dependencies: rationalDefault.C
Making dependencies: polynomialManual.C
Making dependencies: polynomialDefault.C
Making dependencies: gabcSettings.C
Making dependencies: oceanWave3DProperties.C
Making dependencies: externalSourceProperties.C
Making dependencies: writeManualIHFoamProperties.C
Making dependencies: combinedWavesProperties.C
Making dependencies: irregularProperties.C
Making dependencies: focusingPhase.C
Making dependencies: randomPhase.C
Making dependencies: phases.C
Making dependencies: PiersonMoskowitz.C
Making dependencies: newWaveJONSWAP.C
Making dependencies: JONSWAP.C
Making dependencies: cosineStretchedFrequencyAxis.C
Making dependencies: equidistantFrequencyAxis.C
Making dependencies: frequencyAxis.C
Making dependencies: waveSpectra.C
Making dependencies: bichromaticSecondProperties.C
Making dependencies: bichromaticFirstProperties.C
Making dependencies: streamFunctionProperties.C
Making dependencies: cnoidalFirstProperties.C
wmkdepend: could not open 'gsl/gsl_sf_ellint.h' for source file 'preProcessing/setWaveProperties/regular/cnoidalFirstProperties/cnoidalFirstProperties.C': No such file or directory
Making dependencies: stokesFifthProperties.C
Making dependencies: stokesSecondModulationProperties.C
Making dependencies: stokesSecondProperties.C
Making dependencies: stokesFirstStandingProperties.C
Making dependencies: stokesFirstProperties.C
Making dependencies: chappelear1962Properties.C
Making dependencies: solitaryFirstProperties.C
Making dependencies: potentialCurrentProperties.C
Making dependencies: setWaveProperties.C
OMPI_CXX="g++" mpicxx -m64 -pthread -DOPENFOAM=2406 -DWM_DP -DWM_LABEL_SIZE=32 -Wall -Wextra -Wold-style-cast -Wnon-virtual-dtor -Wno-unused-parameter -Wno-invalid-offsetof -Wno-attributes -Wno-unknown-pragmas -O2 -fno-tree-vectorize -march=native -fno-math-errno -std=c++14 -fuse-ld=bfd  -DNoRepository -ftemplate-depth-100  -DOFVERSION=2406 -DEXTBRANCH=0 -DXVERSION=0 -DOFPLUSBRANCH=1 -I/apps/software/OpenFOAM/v2406-foss-2023a/OpenFOAM-v2406/src/finiteVolume/lnInclude -I/apps/software/OpenFOAM/v2406-foss-2023a/OpenFOAM-v2406/src/meshTools/lnInclude -I/apps/software/OpenFOAM/v2406-foss-2023a/OpenFOAM-v2406/src/sampling/lnInclude -I/apps/software/OpenFOAM/v2406-foss-2023a/OpenFOAM-v2406/src/lagrangian/basic/lnInclude -I/apps/software/OpenFOAM/v2406-foss-2023a/OpenFOAM-v2406/src/fileFormats/lnInclude -I/gpfs/home/s376817/OpenFOAM/s376817-v2406/applications/utilities/waves2Foam/src/waves2Foam/lnInclude -I/usr/include -iquote. -IlnInclude -I/apps/software/OpenFOAM/v2406-foss-2023a/OpenFOAM-v2406/src/OpenFOAM/lnInclude -I/apps/software/OpenFOAM/v2406-foss-2023a/OpenFOAM-v2406/src/OSspecific/POSIX/lnInclude   -fPIC -c preProcessing/setWaveProperties/setWaveProperties.C -o Make/linux64GccDPInt32Opt/preProcessing/setWaveProperties/setWaveProperties.o
OMPI_CXX="g++" mpicxx -m64 -pthread -DOPENFOAM=2406 -DWM_DP -DWM_LABEL_SIZE=32 -Wall -Wextra -Wold-style-cast -Wnon-virtual-dtor -Wno-unused-parameter -Wno-invalid-offsetof -Wno-attributes -Wno-unknown-pragmas -O2 -fno-tree-vectorize -march=native -fno-math-errno -std=c++14 -fuse-ld=bfd  -DNoRepository -ftemplate-depth-100  -DOFVERSION=2406 -DEXTBRANCH=0 -DXVERSION=0 -DOFPLUSBRANCH=1 -I/apps/software/OpenFOAM/v2406-foss-2023a/OpenFOAM-v2406/src/finiteVolume/lnInclude -I/apps/software/OpenFOAM/v2406-foss-2023a/OpenFOAM-v2406/src/meshTools/lnInclude -I/apps/software/OpenFOAM/v2406-foss-2023a/OpenFOAM-v2406/src/sampling/lnInclude -I/apps/software/OpenFOAM/v2406-foss-2023a/OpenFOAM-v2406/src/lagrangian/basic/lnInclude -I/apps/software/OpenFOAM/v2406-foss-2023a/OpenFOAM-v2406/src/fileFormats/lnInclude -I/gpfs/home/s376817/OpenFOAM/s376817-v2406/applications/utilities/waves2Foam/src/waves2Foam/lnInclude -I/usr/include -iquote. -IlnInclude -I/apps/software/OpenFOAM/v2406-foss-2023a/OpenFOAM-v2406/src/OpenFOAM/lnInclude -I/apps/software/OpenFOAM/v2406-foss-2023a/OpenFOAM-v2406/src/OSspecific/POSIX/lnInclude   -fPIC -c preProcessing/setWaveProperties/current/potentialCurrentProperties/potentialCurrentProperties.C -o Make/linux64GccDPInt32Opt/preProcessing/setWaveProperties/current/potentialCurrentProperties/potentialCurrentProperties.o
OMPI_CXX="g++" mpicxx -m64 -pthread -DOPENFOAM=2406 -DWM_DP -DWM_LABEL_SIZE=32 -Wall -Wextra -Wold-style-cast -Wnon-virtual-dtor -Wno-unused-parameter -Wno-invalid-offsetof -Wno-attributes -Wno-unknown-pragmas -O2 -fno-tree-vectorize -march=native -fno-math-errno -std=c++14 -fuse-ld=bfd  -DNoRepository -ftemplate-depth-100  -DOFVERSION=2406 -DEXTBRANCH=0 -DXVERSION=0 -DOFPLUSBRANCH=1 -I/apps/software/OpenFOAM/v2406-foss-2023a/OpenFOAM-v2406/src/finiteVolume/lnInclude -I/apps/software/OpenFOAM/v2406-foss-2023a/OpenFOAM-v2406/src/meshTools/lnInclude -I/apps/software/OpenFOAM/v2406-foss-2023a/OpenFOAM-v2406/src/sampling/lnInclude -I/apps/software/OpenFOAM/v2406-foss-2023a/OpenFOAM-v2406/src/lagrangian/basic/lnInclude -I/apps/software/OpenFOAM/v2406-foss-2023a/OpenFOAM-v2406/src/fileFormats/lnInclude -I/gpfs/home/s376817/OpenFOAM/s376817-v2406/applications/utilities/waves2Foam/src/waves2Foam/lnInclude -I/usr/include -iquote. -IlnInclude -I/apps/software/OpenFOAM/v2406-foss-2023a/OpenFOAM-v2406/src/OpenFOAM/lnInclude -I/apps/software/OpenFOAM/v2406-foss-2023a/OpenFOAM-v2406/src/OSspecific/POSIX/lnInclude   -fPIC -c preProcessing/setWaveProperties/solitary/solitaryFirstProperties/solitaryFirstProperties.C -o Make/linux64GccDPInt32Opt/preProcessing/setWaveProperties/solitary/solitaryFirstProperties/solitaryFirstProperties.o
OMPI_CXX="g++" mpicxx -m64 -pthread -DOPENFOAM=2406 -DWM_DP -DWM_LABEL_SIZE=32 -Wall -Wextra -Wold-style-cast -Wnon-virtual-dtor -Wno-unused-parameter -Wno-invalid-offsetof -Wno-attributes -Wno-unknown-pragmas -O2 -fno-tree-vectorize -march=native -fno-math-errno -std=c++14 -fuse-ld=bfd  -DNoRepository -ftemplate-depth-100  -DOFVERSION=2406 -DEXTBRANCH=0 -DXVERSION=0 -DOFPLUSBRANCH=1 -I/apps/software/OpenFOAM/v2406-foss-2023a/OpenFOAM-v2406/src/finiteVolume/lnInclude -I/apps/software/OpenFOAM/v2406-foss-2023a/OpenFOAM-v2406/src/meshTools/lnInclude -I/apps/software/OpenFOAM/v2406-foss-2023a/OpenFOAM-v2406/src/sampling/lnInclude -I/apps/software/OpenFOAM/v2406-foss-2023a/OpenFOAM-v2406/src/lagrangian/basic/lnInclude -I/apps/software/OpenFOAM/v2406-foss-2023a/OpenFOAM-v2406/src/fileFormats/lnInclude -I/gpfs/home/s376817/OpenFOAM/s376817-v2406/applications/utilities/waves2Foam/src/waves2Foam/lnInclude -I/usr/include -iquote. -IlnInclude -I/apps/software/OpenFOAM/v2406-foss-2023a/OpenFOAM-v2406/src/OpenFOAM/lnInclude -I/apps/software/OpenFOAM/v2406-foss-2023a/OpenFOAM-v2406/src/OSspecific/POSIX/lnInclude   -fPIC -c preProcessing/setWaveProperties/solitary/chappelear1962Properties/chappelear1962Properties.C -o Make/linux64GccDPInt32Opt/preProcessing/setWaveProperties/solitary/chappelear1962Properties/chappelear1962Properties.o
OMPI_CXX="g++" mpicxx -m64 -pthread -DOPENFOAM=2406 -DWM_DP -DWM_LABEL_SIZE=32 -Wall -Wextra -Wold-style-cast -Wnon-virtual-dtor -Wno-unused-parameter -Wno-invalid-offsetof -Wno-attributes -Wno-unknown-pragmas -O2 -fno-tree-vectorize -march=native -fno-math-errno -std=c++14 -fuse-ld=bfd  -DNoRepository -ftemplate-depth-100  -DOFVERSION=2406 -DEXTBRANCH=0 -DXVERSION=0 -DOFPLUSBRANCH=1 -I/apps/software/OpenFOAM/v2406-foss-2023a/OpenFOAM-v2406/src/finiteVolume/lnInclude -I/apps/software/OpenFOAM/v2406-foss-2023a/OpenFOAM-v2406/src/meshTools/lnInclude -I/apps/software/OpenFOAM/v2406-foss-2023a/OpenFOAM-v2406/src/sampling/lnInclude -I/apps/software/OpenFOAM/v2406-foss-2023a/OpenFOAM-v2406/src/lagrangian/basic/lnInclude -I/apps/software/OpenFOAM/v2406-foss-2023a/OpenFOAM-v2406/src/fileFormats/lnInclude -I/gpfs/home/s376817/OpenFOAM/s376817-v2406/applications/utilities/waves2Foam/src/waves2Foam/lnInclude -I/usr/include -iquote. -IlnInclude -I/apps/software/OpenFOAM/v2406-foss-2023a/OpenFOAM-v2406/src/OpenFOAM/lnInclude -I/apps/software/OpenFOAM/v2406-foss-2023a/OpenFOAM-v2406/src/OSspecific/POSIX/lnInclude   -fPIC -c preProcessing/setWaveProperties/regular/stokesFirstProperties/stokesFirstProperties.C -o Make/linux64GccDPInt32Opt/preProcessing/setWaveProperties/regular/stokesFirstProperties/stokesFirstProperties.o
OMPI_CXX="g++" mpicxx -m64 -pthread -DOPENFOAM=2406 -DWM_DP -DWM_LABEL_SIZE=32 -Wall -Wextra -Wold-style-cast -Wnon-virtual-dtor -Wno-unused-parameter -Wno-invalid-offsetof -Wno-attributes -Wno-unknown-pragmas -O2 -fno-tree-vectorize -march=native -fno-math-errno -std=c++14 -fuse-ld=bfd  -DNoRepository -ftemplate-depth-100  -DOFVERSION=2406 -DEXTBRANCH=0 -DXVERSION=0 -DOFPLUSBRANCH=1 -I/apps/software/OpenFOAM/v2406-foss-2023a/OpenFOAM-v2406/src/finiteVolume/lnInclude -I/apps/software/OpenFOAM/v2406-foss-2023a/OpenFOAM-v2406/src/meshTools/lnInclude -I/apps/software/OpenFOAM/v2406-foss-2023a/OpenFOAM-v2406/src/sampling/lnInclude -I/apps/software/OpenFOAM/v2406-foss-2023a/OpenFOAM-v2406/src/lagrangian/basic/lnInclude -I/apps/software/OpenFOAM/v2406-foss-2023a/OpenFOAM-v2406/src/fileFormats/lnInclude -I/gpfs/home/s376817/OpenFOAM/s376817-v2406/applications/utilities/waves2Foam/src/waves2Foam/lnInclude -I/usr/include -iquote. -IlnInclude -I/apps/software/OpenFOAM/v2406-foss-2023a/OpenFOAM-v2406/src/OpenFOAM/lnInclude -I/apps/software/OpenFOAM/v2406-foss-2023a/OpenFOAM-v2406/src/OSspecific/POSIX/lnInclude   -fPIC -c preProcessing/setWaveProperties/regular/stokesFirstStandingProperties/stokesFirstStandingProperties.C -o Make/linux64GccDPInt32Opt/preProcessing/setWaveProperties/regular/stokesFirstStandingProperties/stokesFirstStandingProperties.o
OMPI_CXX="g++" mpicxx -m64 -pthread -DOPENFOAM=2406 -DWM_DP -DWM_LABEL_SIZE=32 -Wall -Wextra -Wold-style-cast -Wnon-virtual-dtor -Wno-unused-parameter -Wno-invalid-offsetof -Wno-attributes -Wno-unknown-pragmas -O2 -fno-tree-vectorize -march=native -fno-math-errno -std=c++14 -fuse-ld=bfd  -DNoRepository -ftemplate-depth-100  -DOFVERSION=2406 -DEXTBRANCH=0 -DXVERSION=0 -DOFPLUSBRANCH=1 -I/apps/software/OpenFOAM/v2406-foss-2023a/OpenFOAM-v2406/src/finiteVolume/lnInclude -I/apps/software/OpenFOAM/v2406-foss-2023a/OpenFOAM-v2406/src/meshTools/lnInclude -I/apps/software/OpenFOAM/v2406-foss-2023a/OpenFOAM-v2406/src/sampling/lnInclude -I/apps/software/OpenFOAM/v2406-foss-2023a/OpenFOAM-v2406/src/lagrangian/basic/lnInclude -I/apps/software/OpenFOAM/v2406-foss-2023a/OpenFOAM-v2406/src/fileFormats/lnInclude -I/gpfs/home/s376817/OpenFOAM/s376817-v2406/applications/utilities/waves2Foam/src/waves2Foam/lnInclude -I/usr/include -iquote. -IlnInclude -I/apps/software/OpenFOAM/v2406-foss-2023a/OpenFOAM-v2406/src/OpenFOAM/lnInclude -I/apps/software/OpenFOAM/v2406-foss-2023a/OpenFOAM-v2406/src/OSspecific/POSIX/lnInclude   -fPIC -c preProcessing/setWaveProperties/regular/stokesSecondProperties/stokesSecondProperties.C -o Make/linux64GccDPInt32Opt/preProcessing/setWaveProperties/regular/stokesSecondProperties/stokesSecondProperties.o
OMPI_CXX="g++" mpicxx -m64 -pthread -DOPENFOAM=2406 -DWM_DP -DWM_LABEL_SIZE=32 -Wall -Wextra -Wold-style-cast -Wnon-virtual-dtor -Wno-unused-parameter -Wno-invalid-offsetof -Wno-attributes -Wno-unknown-pragmas -O2 -fno-tree-vectorize -march=native -fno-math-errno -std=c++14 -fuse-ld=bfd  -DNoRepository -ftemplate-depth-100  -DOFVERSION=2406 -DEXTBRANCH=0 -DXVERSION=0 -DOFPLUSBRANCH=1 -I/apps/software/OpenFOAM/v2406-foss-2023a/OpenFOAM-v2406/src/finiteVolume/lnInclude -I/apps/software/OpenFOAM/v2406-foss-2023a/OpenFOAM-v2406/src/meshTools/lnInclude -I/apps/software/OpenFOAM/v2406-foss-2023a/OpenFOAM-v2406/src/sampling/lnInclude -I/apps/software/OpenFOAM/v2406-foss-2023a/OpenFOAM-v2406/src/lagrangian/basic/lnInclude -I/apps/software/OpenFOAM/v2406-foss-2023a/OpenFOAM-v2406/src/fileFormats/lnInclude -I/gpfs/home/s376817/OpenFOAM/s376817-v2406/applications/utilities/waves2Foam/src/waves2Foam/lnInclude -I/usr/include -iquote. -IlnInclude -I/apps/software/OpenFOAM/v2406-foss-2023a/OpenFOAM-v2406/src/OpenFOAM/lnInclude -I/apps/software/OpenFOAM/v2406-foss-2023a/OpenFOAM-v2406/src/OSspecific/POSIX/lnInclude   -fPIC -c preProcessing/setWaveProperties/regular/stokesSecondModulationProperties/stokesSecondModulationProperties.C -o Make/linux64GccDPInt32Opt/preProcessing/setWaveProperties/regular/stokesSecondModulationProperties/stokesSecondModulationProperties.o
OMPI_CXX="g++" mpicxx -m64 -pthread -DOPENFOAM=2406 -DWM_DP -DWM_LABEL_SIZE=32 -Wall -Wextra -Wold-style-cast -Wnon-virtual-dtor -Wno-unused-parameter -Wno-invalid-offsetof -Wno-attributes -Wno-unknown-pragmas -O2 -fno-tree-vectorize -march=native -fno-math-errno -std=c++14 -fuse-ld=bfd  -DNoRepository -ftemplate-depth-100  -DOFVERSION=2406 -DEXTBRANCH=0 -DXVERSION=0 -DOFPLUSBRANCH=1 -I/apps/software/OpenFOAM/v2406-foss-2023a/OpenFOAM-v2406/src/finiteVolume/lnInclude -I/apps/software/OpenFOAM/v2406-foss-2023a/OpenFOAM-v2406/src/meshTools/lnInclude -I/apps/software/OpenFOAM/v2406-foss-2023a/OpenFOAM-v2406/src/sampling/lnInclude -I/apps/software/OpenFOAM/v2406-foss-2023a/OpenFOAM-v2406/src/lagrangian/basic/lnInclude -I/apps/software/OpenFOAM/v2406-foss-2023a/OpenFOAM-v2406/src/fileFormats/lnInclude -I/gpfs/home/s376817/OpenFOAM/s376817-v2406/applications/utilities/waves2Foam/src/waves2Foam/lnInclude -I/usr/include -iquote. -IlnInclude -I/apps/software/OpenFOAM/v2406-foss-2023a/OpenFOAM-v2406/src/OpenFOAM/lnInclude -I/apps/software/OpenFOAM/v2406-foss-2023a/OpenFOAM-v2406/src/OSspecific/POSIX/lnInclude   -fPIC -c preProcessing/setWaveProperties/regular/stokesFifthProperties/stokesFifthProperties.C -o Make/linux64GccDPInt32Opt/preProcessing/setWaveProperties/regular/stokesFifthProperties/stokesFifthProperties.o
preProcessing/setWaveProperties/regular/stokesFifthProperties/stokesFifthProperties.C: In member function ‘Foam::scalar Foam::stokesFifthProperties::waveNumber()’:
preProcessing/setWaveProperties/regular/stokesFifthProperties/stokesFifthProperties.C:82:12: warning: variable ‘valUpper’ set but not used [-Wunused-but-set-variable]
   82 |            valUpper( eval( upper ) ),
      |            ^~~~~~~~
OMPI_CXX="g++" mpicxx -m64 -pthread -DOPENFOAM=2406 -DWM_DP -DWM_LABEL_SIZE=32 -Wall -Wextra -Wold-style-cast -Wnon-virtual-dtor -Wno-unused-parameter -Wno-invalid-offsetof -Wno-attributes -Wno-unknown-pragmas -O2 -fno-tree-vectorize -march=native -fno-math-errno -std=c++14 -fuse-ld=bfd  -DNoRepository -ftemplate-depth-100  -DOFVERSION=2406 -DEXTBRANCH=0 -DXVERSION=0 -DOFPLUSBRANCH=1 -I/apps/software/OpenFOAM/v2406-foss-2023a/OpenFOAM-v2406/src/finiteVolume/lnInclude -I/apps/software/OpenFOAM/v2406-foss-2023a/OpenFOAM-v2406/src/meshTools/lnInclude -I/apps/software/OpenFOAM/v2406-foss-2023a/OpenFOAM-v2406/src/sampling/lnInclude -I/apps/software/OpenFOAM/v2406-foss-2023a/OpenFOAM-v2406/src/lagrangian/basic/lnInclude -I/apps/software/OpenFOAM/v2406-foss-2023a/OpenFOAM-v2406/src/fileFormats/lnInclude -I/gpfs/home/s376817/OpenFOAM/s376817-v2406/applications/utilities/waves2Foam/src/waves2Foam/lnInclude -I/usr/include -iquote. -IlnInclude -I/apps/software/OpenFOAM/v2406-foss-2023a/OpenFOAM-v2406/src/OpenFOAM/lnInclude -I/apps/software/OpenFOAM/v2406-foss-2023a/OpenFOAM-v2406/src/OSspecific/POSIX/lnInclude   -fPIC -c preProcessing/setWaveProperties/regular/cnoidalFirstProperties/cnoidalFirstProperties.C -o Make/linux64GccDPInt32Opt/preProcessing/setWaveProperties/regular/cnoidalFirstProperties/cnoidalFirstProperties.o
preProcessing/setWaveProperties/regular/cnoidalFirstProperties/cnoidalFirstProperties.C: In function ‘double Foam::lowerMBound_f(double, void*)’:
preProcessing/setWaveProperties/regular/cnoidalFirstProperties/cnoidalFirstProperties.C:57:67: warning: use of old-style cast to ‘struct Foam::cnoidalFirstParams*’ [-Wold-style-cast]
   57 |     struct cnoidalFirstParams *p = (struct cnoidalFirstParams * ) params;
      |                                                                   ^~~~~~
      |                                    -
      |                                    static_cast<                 -
      |                                                                 > (     )
preProcessing/setWaveProperties/regular/cnoidalFirstProperties/cnoidalFirstProperties.C: In function ‘double Foam::cnoidalFirst_f(double, void*)’:
preProcessing/setWaveProperties/regular/cnoidalFirstProperties/cnoidalFirstProperties.C:74:67: warning: use of old-style cast to ‘struct Foam::cnoidalFirstParams*’ [-Wold-style-cast]
   74 |     struct cnoidalFirstParams *p = (struct cnoidalFirstParams * ) params;
      |                                                                   ^~~~~~
      |                                    -
      |                                    static_cast<                 -
      |                                                                 > (     )
OMPI_CXX="g++" mpicxx -m64 -pthread -DOPENFOAM=2406 -DWM_DP -DWM_LABEL_SIZE=32 -Wall -Wextra -Wold-style-cast -Wnon-virtual-dtor -Wno-unused-parameter -Wno-invalid-offsetof -Wno-attributes -Wno-unknown-pragmas -O2 -fno-tree-vectorize -march=native -fno-math-errno -std=c++14 -fuse-ld=bfd  -DNoRepository -ftemplate-depth-100  -DOFVERSION=2406 -DEXTBRANCH=0 -DXVERSION=0 -DOFPLUSBRANCH=1 -I/apps/software/OpenFOAM/v2406-foss-2023a/OpenFOAM-v2406/src/finiteVolume/lnInclude -I/apps/software/OpenFOAM/v2406-foss-2023a/OpenFOAM-v2406/src/meshTools/lnInclude -I/apps/software/OpenFOAM/v2406-foss-2023a/OpenFOAM-v2406/src/sampling/lnInclude -I/apps/software/OpenFOAM/v2406-foss-2023a/OpenFOAM-v2406/src/lagrangian/basic/lnInclude -I/apps/software/OpenFOAM/v2406-foss-2023a/OpenFOAM-v2406/src/fileFormats/lnInclude -I/gpfs/home/s376817/OpenFOAM/s376817-v2406/applications/utilities/waves2Foam/src/waves2Foam/lnInclude -I/usr/include -iquote. -IlnInclude -I/apps/software/OpenFOAM/v2406-foss-2023a/OpenFOAM-v2406/src/OpenFOAM/lnInclude -I/apps/software/OpenFOAM/v2406-foss-2023a/OpenFOAM-v2406/src/OSspecific/POSIX/lnInclude   -fPIC -c preProcessing/setWaveProperties/regular/streamFunctionProperties/streamFunctionProperties.C -o Make/linux64GccDPInt32Opt/preProcessing/setWaveProperties/regular/streamFunctionProperties/streamFunctionProperties.o
preProcessing/setWaveProperties/regular/streamFunctionProperties/streamFunctionProperties.C: In member function ‘virtual void Foam::streamFunctionProperties::set(Foam::Ostream&)’:
preProcessing/setWaveProperties/regular/streamFunctionProperties/streamFunctionProperties.C:145:63: warning: ‘Foam::dimensioned<Type>::dimensioned(Foam::Istream&) [with Type = double]’ is deprecated: Since 2018-11; use "construct from dictionary or entry" [-Wdeprecated-declarations]
  145 |     dimensionedScalar depthNonDim(fentonCoeffs.lookup("depth"));
      |                                                               ^
In file included from /apps/software/OpenFOAM/v2406-foss-2023a/OpenFOAM-v2406/src/OpenFOAM/lnInclude/dimensionedType.H:577,
                 from /apps/software/OpenFOAM/v2406-foss-2023a/OpenFOAM-v2406/src/OpenFOAM/lnInclude/dimensionedScalar.H:41,
                 from /apps/software/OpenFOAM/v2406-foss-2023a/OpenFOAM-v2406/src/OpenFOAM/lnInclude/TimeState.H:41,
                 from /apps/software/OpenFOAM/v2406-foss-2023a/OpenFOAM-v2406/src/OpenFOAM/lnInclude/Time.H:50,
                 from /apps/software/OpenFOAM/v2406-foss-2023a/OpenFOAM-v2406/src/OpenFOAM/lnInclude/meshStateTemplates.C:28,
                 from /apps/software/OpenFOAM/v2406-foss-2023a/OpenFOAM-v2406/src/OpenFOAM/lnInclude/meshState.H:194,
                 from /apps/software/OpenFOAM/v2406-foss-2023a/OpenFOAM-v2406/src/OpenFOAM/lnInclude/polyMesh.H:62,
                 from /apps/software/OpenFOAM/v2406-foss-2023a/OpenFOAM-v2406/src/finiteVolume/lnInclude/fvMesh.H:53,
                 from lnInclude/setWaveProperties.H:57,
                 from preProcessing/setWaveProperties/regular/streamFunctionProperties/streamFunctionProperties.H:55,
                 from preProcessing/setWaveProperties/regular/streamFunctionProperties/streamFunctionProperties.C:27:
/apps/software/OpenFOAM/v2406-foss-2023a/OpenFOAM-v2406/src/OpenFOAM/lnInclude/dimensionedType.C:309:1: note: declared here
  309 | Foam::dimensioned<Type>::dimensioned(Istream& is)
      | ^~~~
preProcessing/setWaveProperties/regular/streamFunctionProperties/streamFunctionProperties.C:146:65: warning: ‘Foam::dimensioned<Type>::dimensioned(Foam::Istream&) [with Type = double]’ is deprecated: Since 2018-11; use "construct from dictionary or entry" [-Wdeprecated-declarations]
  146 |     dimensionedScalar periodNonDim(fentonCoeffs.lookup("period"));
      |                                                                 ^
/apps/software/OpenFOAM/v2406-foss-2023a/OpenFOAM-v2406/src/OpenFOAM/lnInclude/dimensionedType.C:309:1: note: declared here
  309 | Foam::dimensioned<Type>::dimensioned(Istream& is)
      | ^~~~
preProcessing/setWaveProperties/regular/streamFunctionProperties/streamFunctionProperties.C:147:61: warning: ‘Foam::dimensioned<Type>::dimensioned(Foam::Istream&) [with Type = double]’ is deprecated: Since 2018-11; use "construct from dictionary or entry" [-Wdeprecated-declarations]
  147 |     dimensionedScalar uBarNonDim(fentonCoeffs.lookup("uBar"));
      |                                                             ^
/apps/software/OpenFOAM/v2406-foss-2023a/OpenFOAM-v2406/src/OpenFOAM/lnInclude/dimensionedType.C:309:1: note: declared here
  309 | Foam::dimensioned<Type>::dimensioned(Istream& is)
      | ^~~~
OMPI_CXX="g++" mpicxx -m64 -pthread -DOPENFOAM=2406 -DWM_DP -DWM_LABEL_SIZE=32 -Wall -Wextra -Wold-style-cast -Wnon-virtual-dtor -Wno-unused-parameter -Wno-invalid-offsetof -Wno-attributes -Wno-unknown-pragmas -O2 -fno-tree-vectorize -march=native -fno-math-errno -std=c++14 -fuse-ld=bfd  -DNoRepository -ftemplate-depth-100  -DOFVERSION=2406 -DEXTBRANCH=0 -DXVERSION=0 -DOFPLUSBRANCH=1 -I/apps/software/OpenFOAM/v2406-foss-2023a/OpenFOAM-v2406/src/finiteVolume/lnInclude -I/apps/software/OpenFOAM/v2406-foss-2023a/OpenFOAM-v2406/src/meshTools/lnInclude -I/apps/software/OpenFOAM/v2406-foss-2023a/OpenFOAM-v2406/src/sampling/lnInclude -I/apps/software/OpenFOAM/v2406-foss-2023a/OpenFOAM-v2406/src/lagrangian/basic/lnInclude -I/apps/software/OpenFOAM/v2406-foss-2023a/OpenFOAM-v2406/src/fileFormats/lnInclude -I/gpfs/home/s376817/OpenFOAM/s376817-v2406/applications/utilities/waves2Foam/src/waves2Foam/lnInclude -I/usr/include -iquote. -IlnInclude -I/apps/software/OpenFOAM/v2406-foss-2023a/OpenFOAM-v2406/src/OpenFOAM/lnInclude -I/apps/software/OpenFOAM/v2406-foss-2023a/OpenFOAM-v2406/src/OSspecific/POSIX/lnInclude   -fPIC -c preProcessing/setWaveProperties/irregular/bichromaticFirstProperties/bichromaticFirstProperties.C -o Make/linux64GccDPInt32Opt/preProcessing/setWaveProperties/irregular/bichromaticFirstProperties/bichromaticFirstProperties.o
OMPI_CXX="g++" mpicxx -m64 -pthread -DOPENFOAM=2406 -DWM_DP -DWM_LABEL_SIZE=32 -Wall -Wextra -Wold-style-cast -Wnon-virtual-dtor -Wno-unused-parameter -Wno-invalid-offsetof -Wno-attributes -Wno-unknown-pragmas -O2 -fno-tree-vectorize -march=native -fno-math-errno -std=c++14 -fuse-ld=bfd  -DNoRepository -ftemplate-depth-100  -DOFVERSION=2406 -DEXTBRANCH=0 -DXVERSION=0 -DOFPLUSBRANCH=1 -I/apps/software/OpenFOAM/v2406-foss-2023a/OpenFOAM-v2406/src/finiteVolume/lnInclude -I/apps/software/OpenFOAM/v2406-foss-2023a/OpenFOAM-v2406/src/meshTools/lnInclude -I/apps/software/OpenFOAM/v2406-foss-2023a/OpenFOAM-v2406/src/sampling/lnInclude -I/apps/software/OpenFOAM/v2406-foss-2023a/OpenFOAM-v2406/src/lagrangian/basic/lnInclude -I/apps/software/OpenFOAM/v2406-foss-2023a/OpenFOAM-v2406/src/fileFormats/lnInclude -I/gpfs/home/s376817/OpenFOAM/s376817-v2406/applications/utilities/waves2Foam/src/waves2Foam/lnInclude -I/usr/include -iquote. -IlnInclude -I/apps/software/OpenFOAM/v2406-foss-2023a/OpenFOAM-v2406/src/OpenFOAM/lnInclude -I/apps/software/OpenFOAM/v2406-foss-2023a/OpenFOAM-v2406/src/OSspecific/POSIX/lnInclude   -fPIC -c preProcessing/setWaveProperties/irregular/bichromaticSecondProperties/bichromaticSecondProperties.C -o Make/linux64GccDPInt32Opt/preProcessing/setWaveProperties/irregular/bichromaticSecondProperties/bichromaticSecondProperties.o
OMPI_CXX="g++" mpicxx -m64 -pthread -DOPENFOAM=2406 -DWM_DP -DWM_LABEL_SIZE=32 -Wall -Wextra -Wold-style-cast -Wnon-virtual-dtor -Wno-unused-parameter -Wno-invalid-offsetof -Wno-attributes -Wno-unknown-pragmas -O2 -fno-tree-vectorize -march=native -fno-math-errno -std=c++14 -fuse-ld=bfd  -DNoRepository -ftemplate-depth-100  -DOFVERSION=2406 -DEXTBRANCH=0 -DXVERSION=0 -DOFPLUSBRANCH=1 -I/apps/software/OpenFOAM/v2406-foss-2023a/OpenFOAM-v2406/src/finiteVolume/lnInclude -I/apps/software/OpenFOAM/v2406-foss-2023a/OpenFOAM-v2406/src/meshTools/lnInclude -I/apps/software/OpenFOAM/v2406-foss-2023a/OpenFOAM-v2406/src/sampling/lnInclude -I/apps/software/OpenFOAM/v2406-foss-2023a/OpenFOAM-v2406/src/lagrangian/basic/lnInclude -I/apps/software/OpenFOAM/v2406-foss-2023a/OpenFOAM-v2406/src/fileFormats/lnInclude -I/gpfs/home/s376817/OpenFOAM/s376817-v2406/applications/utilities/waves2Foam/src/waves2Foam/lnInclude -I/usr/include -iquote. -IlnInclude -I/apps/software/OpenFOAM/v2406-foss-2023a/OpenFOAM-v2406/src/OpenFOAM/lnInclude -I/apps/software/OpenFOAM/v2406-foss-2023a/OpenFOAM-v2406/src/OSspecific/POSIX/lnInclude   -fPIC -c preProcessing/setWaveProperties/irregular/waveSpectra/waveSpectra.C -o Make/linux64GccDPInt32Opt/preProcessing/setWaveProperties/irregular/waveSpectra/waveSpectra.o
OMPI_CXX="g++" mpicxx -m64 -pthread -DOPENFOAM=2406 -DWM_DP -DWM_LABEL_SIZE=32 -Wall -Wextra -Wold-style-cast -Wnon-virtual-dtor -Wno-unused-parameter -Wno-invalid-offsetof -Wno-attributes -Wno-unknown-pragmas -O2 -fno-tree-vectorize -march=native -fno-math-errno -std=c++14 -fuse-ld=bfd  -DNoRepository -ftemplate-depth-100  -DOFVERSION=2406 -DEXTBRANCH=0 -DXVERSION=0 -DOFPLUSBRANCH=1 -I/apps/software/OpenFOAM/v2406-foss-2023a/OpenFOAM-v2406/src/finiteVolume/lnInclude -I/apps/software/OpenFOAM/v2406-foss-2023a/OpenFOAM-v2406/src/meshTools/lnInclude -I/apps/software/OpenFOAM/v2406-foss-2023a/OpenFOAM-v2406/src/sampling/lnInclude -I/apps/software/OpenFOAM/v2406-foss-2023a/OpenFOAM-v2406/src/lagrangian/basic/lnInclude -I/apps/software/OpenFOAM/v2406-foss-2023a/OpenFOAM-v2406/src/fileFormats/lnInclude -I/gpfs/home/s376817/OpenFOAM/s376817-v2406/applications/utilities/waves2Foam/src/waves2Foam/lnInclude -I/usr/include -iquote. -IlnInclude -I/apps/software/OpenFOAM/v2406-foss-2023a/OpenFOAM-v2406/src/OpenFOAM/lnInclude -I/apps/software/OpenFOAM/v2406-foss-2023a/OpenFOAM-v2406/src/OSspecific/POSIX/lnInclude   -fPIC -c preProcessing/setWaveProperties/irregular/waveSpectra/frequencyAxis/frequencyAxis.C -o Make/linux64GccDPInt32Opt/preProcessing/setWaveProperties/irregular/waveSpectra/frequencyAxis/frequencyAxis.o
OMPI_CXX="g++" mpicxx -m64 -pthread -DOPENFOAM=2406 -DWM_DP -DWM_LABEL_SIZE=32 -Wall -Wextra -Wold-style-cast -Wnon-virtual-dtor -Wno-unused-parameter -Wno-invalid-offsetof -Wno-attributes -Wno-unknown-pragmas -O2 -fno-tree-vectorize -march=native -fno-math-errno -std=c++14 -fuse-ld=bfd  -DNoRepository -ftemplate-depth-100  -DOFVERSION=2406 -DEXTBRANCH=0 -DXVERSION=0 -DOFPLUSBRANCH=1 -I/apps/software/OpenFOAM/v2406-foss-2023a/OpenFOAM-v2406/src/finiteVolume/lnInclude -I/apps/software/OpenFOAM/v2406-foss-2023a/OpenFOAM-v2406/src/meshTools/lnInclude -I/apps/software/OpenFOAM/v2406-foss-2023a/OpenFOAM-v2406/src/sampling/lnInclude -I/apps/software/OpenFOAM/v2406-foss-2023a/OpenFOAM-v2406/src/lagrangian/basic/lnInclude -I/apps/software/OpenFOAM/v2406-foss-2023a/OpenFOAM-v2406/src/fileFormats/lnInclude -I/gpfs/home/s376817/OpenFOAM/s376817-v2406/applications/utilities/waves2Foam/src/waves2Foam/lnInclude -I/usr/include -iquote. -IlnInclude -I/apps/software/OpenFOAM/v2406-foss-2023a/OpenFOAM-v2406/src/OpenFOAM/lnInclude -I/apps/software/OpenFOAM/v2406-foss-2023a/OpenFOAM-v2406/src/OSspecific/POSIX/lnInclude   -fPIC -c preProcessing/setWaveProperties/irregular/waveSpectra/frequencyAxis/equidistantFrequencyAxis/equidistantFrequencyAxis.C -o Make/linux64GccDPInt32Opt/preProcessing/setWaveProperties/irregular/waveSpectra/frequencyAxis/equidistantFrequencyAxis/equidistantFrequencyAxis.o
OMPI_CXX="g++" mpicxx -m64 -pthread -DOPENFOAM=2406 -DWM_DP -DWM_LABEL_SIZE=32 -Wall -Wextra -Wold-style-cast -Wnon-virtual-dtor -Wno-unused-parameter -Wno-invalid-offsetof -Wno-attributes -Wno-unknown-pragmas -O2 -fno-tree-vectorize -march=native -fno-math-errno -std=c++14 -fuse-ld=bfd  -DNoRepository -ftemplate-depth-100  -DOFVERSION=2406 -DEXTBRANCH=0 -DXVERSION=0 -DOFPLUSBRANCH=1 -I/apps/software/OpenFOAM/v2406-foss-2023a/OpenFOAM-v2406/src/finiteVolume/lnInclude -I/apps/software/OpenFOAM/v2406-foss-2023a/OpenFOAM-v2406/src/meshTools/lnInclude -I/apps/software/OpenFOAM/v2406-foss-2023a/OpenFOAM-v2406/src/sampling/lnInclude -I/apps/software/OpenFOAM/v2406-foss-2023a/OpenFOAM-v2406/src/lagrangian/basic/lnInclude -I/apps/software/OpenFOAM/v2406-foss-2023a/OpenFOAM-v2406/src/fileFormats/lnInclude -I/gpfs/home/s376817/OpenFOAM/s376817-v2406/applications/utilities/waves2Foam/src/waves2Foam/lnInclude -I/usr/include -iquote. -IlnInclude -I/apps/software/OpenFOAM/v2406-foss-2023a/OpenFOAM-v2406/src/OpenFOAM/lnInclude -I/apps/software/OpenFOAM/v2406-foss-2023a/OpenFOAM-v2406/src/OSspecific/POSIX/lnInclude   -fPIC -c preProcessing/setWaveProperties/irregular/waveSpectra/frequencyAxis/cosineStretchedFrequencyAxis/cosineStretchedFrequencyAxis.C -o Make/linux64GccDPInt32Opt/preProcessing/setWaveProperties/irregular/waveSpectra/frequencyAxis/cosineStretchedFrequencyAxis/cosineStretchedFrequencyAxis.o
OMPI_CXX="g++" mpicxx -m64 -pthread -DOPENFOAM=2406 -DWM_DP -DWM_LABEL_SIZE=32 -Wall -Wextra -Wold-style-cast -Wnon-virtual-dtor -Wno-unused-parameter -Wno-invalid-offsetof -Wno-attributes -Wno-unknown-pragmas -O2 -fno-tree-vectorize -march=native -fno-math-errno -std=c++14 -fuse-ld=bfd  -DNoRepository -ftemplate-depth-100  -DOFVERSION=2406 -DEXTBRANCH=0 -DXVERSION=0 -DOFPLUSBRANCH=1 -I/apps/software/OpenFOAM/v2406-foss-2023a/OpenFOAM-v2406/src/finiteVolume/lnInclude -I/apps/software/OpenFOAM/v2406-foss-2023a/OpenFOAM-v2406/src/meshTools/lnInclude -I/apps/software/OpenFOAM/v2406-foss-2023a/OpenFOAM-v2406/src/sampling/lnInclude -I/apps/software/OpenFOAM/v2406-foss-2023a/OpenFOAM-v2406/src/lagrangian/basic/lnInclude -I/apps/software/OpenFOAM/v2406-foss-2023a/OpenFOAM-v2406/src/fileFormats/lnInclude -I/gpfs/home/s376817/OpenFOAM/s376817-v2406/applications/utilities/waves2Foam/src/waves2Foam/lnInclude -I/usr/include -iquote. -IlnInclude -I/apps/software/OpenFOAM/v2406-foss-2023a/OpenFOAM-v2406/src/OpenFOAM/lnInclude -I/apps/software/OpenFOAM/v2406-foss-2023a/OpenFOAM-v2406/src/OSspecific/POSIX/lnInclude   -fPIC -c preProcessing/setWaveProperties/irregular/waveSpectra/spectra/JONSWAP/JONSWAP.C -o Make/linux64GccDPInt32Opt/preProcessing/setWaveProperties/irregular/waveSpectra/spectra/JONSWAP/JONSWAP.o
OMPI_CXX="g++" mpicxx -m64 -pthread -DOPENFOAM=2406 -DWM_DP -DWM_LABEL_SIZE=32 -Wall -Wextra -Wold-style-cast -Wnon-virtual-dtor -Wno-unused-parameter -Wno-invalid-offsetof -Wno-attributes -Wno-unknown-pragmas -O2 -fno-tree-vectorize -march=native -fno-math-errno -std=c++14 -fuse-ld=bfd  -DNoRepository -ftemplate-depth-100  -DOFVERSION=2406 -DEXTBRANCH=0 -DXVERSION=0 -DOFPLUSBRANCH=1 -I/apps/software/OpenFOAM/v2406-foss-2023a/OpenFOAM-v2406/src/finiteVolume/lnInclude -I/apps/software/OpenFOAM/v2406-foss-2023a/OpenFOAM-v2406/src/meshTools/lnInclude -I/apps/software/OpenFOAM/v2406-foss-2023a/OpenFOAM-v2406/src/sampling/lnInclude -I/apps/software/OpenFOAM/v2406-foss-2023a/OpenFOAM-v2406/src/lagrangian/basic/lnInclude -I/apps/software/OpenFOAM/v2406-foss-2023a/OpenFOAM-v2406/src/fileFormats/lnInclude -I/gpfs/home/s376817/OpenFOAM/s376817-v2406/applications/utilities/waves2Foam/src/waves2Foam/lnInclude -I/usr/include -iquote. -IlnInclude -I/apps/software/OpenFOAM/v2406-foss-2023a/OpenFOAM-v2406/src/OpenFOAM/lnInclude -I/apps/software/OpenFOAM/v2406-foss-2023a/OpenFOAM-v2406/src/OSspecific/POSIX/lnInclude   -fPIC -c preProcessing/setWaveProperties/irregular/waveSpectra/spectra/newWaveJONSWAP/newWaveJONSWAP.C -o Make/linux64GccDPInt32Opt/preProcessing/setWaveProperties/irregular/waveSpectra/spectra/newWaveJONSWAP/newWaveJONSWAP.o
OMPI_CXX="g++" mpicxx -m64 -pthread -DOPENFOAM=2406 -DWM_DP -DWM_LABEL_SIZE=32 -Wall -Wextra -Wold-style-cast -Wnon-virtual-dtor -Wno-unused-parameter -Wno-invalid-offsetof -Wno-attributes -Wno-unknown-pragmas -O2 -fno-tree-vectorize -march=native -fno-math-errno -std=c++14 -fuse-ld=bfd  -DNoRepository -ftemplate-depth-100  -DOFVERSION=2406 -DEXTBRANCH=0 -DXVERSION=0 -DOFPLUSBRANCH=1 -I/apps/software/OpenFOAM/v2406-foss-2023a/OpenFOAM-v2406/src/finiteVolume/lnInclude -I/apps/software/OpenFOAM/v2406-foss-2023a/OpenFOAM-v2406/src/meshTools/lnInclude -I/apps/software/OpenFOAM/v2406-foss-2023a/OpenFOAM-v2406/src/sampling/lnInclude -I/apps/software/OpenFOAM/v2406-foss-2023a/OpenFOAM-v2406/src/lagrangian/basic/lnInclude -I/apps/software/OpenFOAM/v2406-foss-2023a/OpenFOAM-v2406/src/fileFormats/lnInclude -I/gpfs/home/s376817/OpenFOAM/s376817-v2406/applications/utilities/waves2Foam/src/waves2Foam/lnInclude -I/usr/include -iquote. -IlnInclude -I/apps/software/OpenFOAM/v2406-foss-2023a/OpenFOAM-v2406/src/OpenFOAM/lnInclude -I/apps/software/OpenFOAM/v2406-foss-2023a/OpenFOAM-v2406/src/OSspecific/POSIX/lnInclude   -fPIC -c preProcessing/setWaveProperties/irregular/waveSpectra/spectra/PiersonMoskowitz/PiersonMoskowitz.C -o Make/linux64GccDPInt32Opt/preProcessing/setWaveProperties/irregular/waveSpectra/spectra/PiersonMoskowitz/PiersonMoskowitz.o
OMPI_CXX="g++" mpicxx -m64 -pthread -DOPENFOAM=2406 -DWM_DP -DWM_LABEL_SIZE=32 -Wall -Wextra -Wold-style-cast -Wnon-virtual-dtor -Wno-unused-parameter -Wno-invalid-offsetof -Wno-attributes -Wno-unknown-pragmas -O2 -fno-tree-vectorize -march=native -fno-math-errno -std=c++14 -fuse-ld=bfd  -DNoRepository -ftemplate-depth-100  -DOFVERSION=2406 -DEXTBRANCH=0 -DXVERSION=0 -DOFPLUSBRANCH=1 -I/apps/software/OpenFOAM/v2406-foss-2023a/OpenFOAM-v2406/src/finiteVolume/lnInclude -I/apps/software/OpenFOAM/v2406-foss-2023a/OpenFOAM-v2406/src/meshTools/lnInclude -I/apps/software/OpenFOAM/v2406-foss-2023a/OpenFOAM-v2406/src/sampling/lnInclude -I/apps/software/OpenFOAM/v2406-foss-2023a/OpenFOAM-v2406/src/lagrangian/basic/lnInclude -I/apps/software/OpenFOAM/v2406-foss-2023a/OpenFOAM-v2406/src/fileFormats/lnInclude -I/gpfs/home/s376817/OpenFOAM/s376817-v2406/applications/utilities/waves2Foam/src/waves2Foam/lnInclude -I/usr/include -iquote. -IlnInclude -I/apps/software/OpenFOAM/v2406-foss-2023a/OpenFOAM-v2406/src/OpenFOAM/lnInclude -I/apps/software/OpenFOAM/v2406-foss-2023a/OpenFOAM-v2406/src/OSspecific/POSIX/lnInclude   -fPIC -c preProcessing/setWaveProperties/irregular/waveSpectra/phases/phases.C -o Make/linux64GccDPInt32Opt/preProcessing/setWaveProperties/irregular/waveSpectra/phases/phases.o
OMPI_CXX="g++" mpicxx -m64 -pthread -DOPENFOAM=2406 -DWM_DP -DWM_LABEL_SIZE=32 -Wall -Wextra -Wold-style-cast -Wnon-virtual-dtor -Wno-unused-parameter -Wno-invalid-offsetof -Wno-attributes -Wno-unknown-pragmas -O2 -fno-tree-vectorize -march=native -fno-math-errno -std=c++14 -fuse-ld=bfd  -DNoRepository -ftemplate-depth-100  -DOFVERSION=2406 -DEXTBRANCH=0 -DXVERSION=0 -DOFPLUSBRANCH=1 -I/apps/software/OpenFOAM/v2406-foss-2023a/OpenFOAM-v2406/src/finiteVolume/lnInclude -I/apps/software/OpenFOAM/v2406-foss-2023a/OpenFOAM-v2406/src/meshTools/lnInclude -I/apps/software/OpenFOAM/v2406-foss-2023a/OpenFOAM-v2406/src/sampling/lnInclude -I/apps/software/OpenFOAM/v2406-foss-2023a/OpenFOAM-v2406/src/lagrangian/basic/lnInclude -I/apps/software/OpenFOAM/v2406-foss-2023a/OpenFOAM-v2406/src/fileFormats/lnInclude -I/gpfs/home/s376817/OpenFOAM/s376817-v2406/applications/utilities/waves2Foam/src/waves2Foam/lnInclude -I/usr/include -iquote. -IlnInclude -I/apps/software/OpenFOAM/v2406-foss-2023a/OpenFOAM-v2406/src/OpenFOAM/lnInclude -I/apps/software/OpenFOAM/v2406-foss-2023a/OpenFOAM-v2406/src/OSspecific/POSIX/lnInclude   -fPIC -c preProcessing/setWaveProperties/irregular/waveSpectra/phases/randomPhase/randomPhase.C -o Make/linux64GccDPInt32Opt/preProcessing/setWaveProperties/irregular/waveSpectra/phases/randomPhase/randomPhase.o
OMPI_CXX="g++" mpicxx -m64 -pthread -DOPENFOAM=2406 -DWM_DP -DWM_LABEL_SIZE=32 -Wall -Wextra -Wold-style-cast -Wnon-virtual-dtor -Wno-unused-parameter -Wno-invalid-offsetof -Wno-attributes -Wno-unknown-pragmas -O2 -fno-tree-vectorize -march=native -fno-math-errno -std=c++14 -fuse-ld=bfd  -DNoRepository -ftemplate-depth-100  -DOFVERSION=2406 -DEXTBRANCH=0 -DXVERSION=0 -DOFPLUSBRANCH=1 -I/apps/software/OpenFOAM/v2406-foss-2023a/OpenFOAM-v2406/src/finiteVolume/lnInclude -I/apps/software/OpenFOAM/v2406-foss-2023a/OpenFOAM-v2406/src/meshTools/lnInclude -I/apps/software/OpenFOAM/v2406-foss-2023a/OpenFOAM-v2406/src/sampling/lnInclude -I/apps/software/OpenFOAM/v2406-foss-2023a/OpenFOAM-v2406/src/lagrangian/basic/lnInclude -I/apps/software/OpenFOAM/v2406-foss-2023a/OpenFOAM-v2406/src/fileFormats/lnInclude -I/gpfs/home/s376817/OpenFOAM/s376817-v2406/applications/utilities/waves2Foam/src/waves2Foam/lnInclude -I/usr/include -iquote. -IlnInclude -I/apps/software/OpenFOAM/v2406-foss-2023a/OpenFOAM-v2406/src/OpenFOAM/lnInclude -I/apps/software/OpenFOAM/v2406-foss-2023a/OpenFOAM-v2406/src/OSspecific/POSIX/lnInclude   -fPIC -c preProcessing/setWaveProperties/irregular/waveSpectra/phases/focusingPhase/focusingPhase.C -o Make/linux64GccDPInt32Opt/preProcessing/setWaveProperties/irregular/waveSpectra/phases/focusingPhase/focusingPhase.o
OMPI_CXX="g++" mpicxx -m64 -pthread -DOPENFOAM=2406 -DWM_DP -DWM_LABEL_SIZE=32 -Wall -Wextra -Wold-style-cast -Wnon-virtual-dtor -Wno-unused-parameter -Wno-invalid-offsetof -Wno-attributes -Wno-unknown-pragmas -O2 -fno-tree-vectorize -march=native -fno-math-errno -std=c++14 -fuse-ld=bfd  -DNoRepository -ftemplate-depth-100  -DOFVERSION=2406 -DEXTBRANCH=0 -DXVERSION=0 -DOFPLUSBRANCH=1 -I/apps/software/OpenFOAM/v2406-foss-2023a/OpenFOAM-v2406/src/finiteVolume/lnInclude -I/apps/software/OpenFOAM/v2406-foss-2023a/OpenFOAM-v2406/src/meshTools/lnInclude -I/apps/software/OpenFOAM/v2406-foss-2023a/OpenFOAM-v2406/src/sampling/lnInclude -I/apps/software/OpenFOAM/v2406-foss-2023a/OpenFOAM-v2406/src/lagrangian/basic/lnInclude -I/apps/software/OpenFOAM/v2406-foss-2023a/OpenFOAM-v2406/src/fileFormats/lnInclude -I/gpfs/home/s376817/OpenFOAM/s376817-v2406/applications/utilities/waves2Foam/src/waves2Foam/lnInclude -I/usr/include -iquote. -IlnInclude -I/apps/software/OpenFOAM/v2406-foss-2023a/OpenFOAM-v2406/src/OpenFOAM/lnInclude -I/apps/software/OpenFOAM/v2406-foss-2023a/OpenFOAM-v2406/src/OSspecific/POSIX/lnInclude   -fPIC -c preProcessing/setWaveProperties/irregular/irregularProperties/irregularProperties.C -o Make/linux64GccDPInt32Opt/preProcessing/setWaveProperties/irregular/irregularProperties/irregularProperties.o
OMPI_CXX="g++" mpicxx -m64 -pthread -DOPENFOAM=2406 -DWM_DP -DWM_LABEL_SIZE=32 -Wall -Wextra -Wold-style-cast -Wnon-virtual-dtor -Wno-unused-parameter -Wno-invalid-offsetof -Wno-attributes -Wno-unknown-pragmas -O2 -fno-tree-vectorize -march=native -fno-math-errno -std=c++14 -fuse-ld=bfd  -DNoRepository -ftemplate-depth-100  -DOFVERSION=2406 -DEXTBRANCH=0 -DXVERSION=0 -DOFPLUSBRANCH=1 -I/apps/software/OpenFOAM/v2406-foss-2023a/OpenFOAM-v2406/src/finiteVolume/lnInclude -I/apps/software/OpenFOAM/v2406-foss-2023a/OpenFOAM-v2406/src/meshTools/lnInclude -I/apps/software/OpenFOAM/v2406-foss-2023a/OpenFOAM-v2406/src/sampling/lnInclude -I/apps/software/OpenFOAM/v2406-foss-2023a/OpenFOAM-v2406/src/lagrangian/basic/lnInclude -I/apps/software/OpenFOAM/v2406-foss-2023a/OpenFOAM-v2406/src/fileFormats/lnInclude -I/gpfs/home/s376817/OpenFOAM/s376817-v2406/applications/utilities/waves2Foam/src/waves2Foam/lnInclude -I/usr/include -iquote. -IlnInclude -I/apps/software/OpenFOAM/v2406-foss-2023a/OpenFOAM-v2406/src/OpenFOAM/lnInclude -I/apps/software/OpenFOAM/v2406-foss-2023a/OpenFOAM-v2406/src/OSspecific/POSIX/lnInclude   -fPIC -c preProcessing/setWaveProperties/mixedType/combinedWavesProperties/combinedWavesProperties.C -o Make/linux64GccDPInt32Opt/preProcessing/setWaveProperties/mixedType/combinedWavesProperties/combinedWavesProperties.o
OMPI_CXX="g++" mpicxx -m64 -pthread -DOPENFOAM=2406 -DWM_DP -DWM_LABEL_SIZE=32 -Wall -Wextra -Wold-style-cast -Wnon-virtual-dtor -Wno-unused-parameter -Wno-invalid-offsetof -Wno-attributes -Wno-unknown-pragmas -O2 -fno-tree-vectorize -march=native -fno-math-errno -std=c++14 -fuse-ld=bfd  -DNoRepository -ftemplate-depth-100  -DOFVERSION=2406 -DEXTBRANCH=0 -DXVERSION=0 -DOFPLUSBRANCH=1 -I/apps/software/OpenFOAM/v2406-foss-2023a/OpenFOAM-v2406/src/finiteVolume/lnInclude -I/apps/software/OpenFOAM/v2406-foss-2023a/OpenFOAM-v2406/src/meshTools/lnInclude -I/apps/software/OpenFOAM/v2406-foss-2023a/OpenFOAM-v2406/src/sampling/lnInclude -I/apps/software/OpenFOAM/v2406-foss-2023a/OpenFOAM-v2406/src/lagrangian/basic/lnInclude -I/apps/software/OpenFOAM/v2406-foss-2023a/OpenFOAM-v2406/src/fileFormats/lnInclude -I/gpfs/home/s376817/OpenFOAM/s376817-v2406/applications/utilities/waves2Foam/src/waves2Foam/lnInclude -I/usr/include -iquote. -IlnInclude -I/apps/software/OpenFOAM/v2406-foss-2023a/OpenFOAM-v2406/src/OpenFOAM/lnInclude -I/apps/software/OpenFOAM/v2406-foss-2023a/OpenFOAM-v2406/src/OSspecific/POSIX/lnInclude   -fPIC -c preProcessing/setWaveProperties/mixedType/writeManualIHFoam/writeManualIHFoamProperties.C -o Make/linux64GccDPInt32Opt/preProcessing/setWaveProperties/mixedType/writeManualIHFoam/writeManualIHFoamProperties.o
OMPI_CXX="g++" mpicxx -m64 -pthread -DOPENFOAM=2406 -DWM_DP -DWM_LABEL_SIZE=32 -Wall -Wextra -Wold-style-cast -Wnon-virtual-dtor -Wno-unused-parameter -Wno-invalid-offsetof -Wno-attributes -Wno-unknown-pragmas -O2 -fno-tree-vectorize -march=native -fno-math-errno -std=c++14 -fuse-ld=bfd  -DNoRepository -ftemplate-depth-100  -DOFVERSION=2406 -DEXTBRANCH=0 -DXVERSION=0 -DOFPLUSBRANCH=1 -I/apps/software/OpenFOAM/v2406-foss-2023a/OpenFOAM-v2406/src/finiteVolume/lnInclude -I/apps/software/OpenFOAM/v2406-foss-2023a/OpenFOAM-v2406/src/meshTools/lnInclude -I/apps/software/OpenFOAM/v2406-foss-2023a/OpenFOAM-v2406/src/sampling/lnInclude -I/apps/software/OpenFOAM/v2406-foss-2023a/OpenFOAM-v2406/src/lagrangian/basic/lnInclude -I/apps/software/OpenFOAM/v2406-foss-2023a/OpenFOAM-v2406/src/fileFormats/lnInclude -I/gpfs/home/s376817/OpenFOAM/s376817-v2406/applications/utilities/waves2Foam/src/waves2Foam/lnInclude -I/usr/include -iquote. -IlnInclude -I/apps/software/OpenFOAM/v2406-foss-2023a/OpenFOAM-v2406/src/OpenFOAM/lnInclude -I/apps/software/OpenFOAM/v2406-foss-2023a/OpenFOAM-v2406/src/OSspecific/POSIX/lnInclude   -fPIC -c preProcessing/setWaveProperties/externalWaveForcing/externalSourceProperties/externalSourceProperties.C -o Make/linux64GccDPInt32Opt/preProcessing/setWaveProperties/externalWaveForcing/externalSourceProperties/externalSourceProperties.o
OMPI_CXX="g++" mpicxx -m64 -pthread -DOPENFOAM=2406 -DWM_DP -DWM_LABEL_SIZE=32 -Wall -Wextra -Wold-style-cast -Wnon-virtual-dtor -Wno-unused-parameter -Wno-invalid-offsetof -Wno-attributes -Wno-unknown-pragmas -O2 -fno-tree-vectorize -march=native -fno-math-errno -std=c++14 -fuse-ld=bfd  -DNoRepository -ftemplate-depth-100  -DOFVERSION=2406 -DEXTBRANCH=0 -DXVERSION=0 -DOFPLUSBRANCH=1 -I/apps/software/OpenFOAM/v2406-foss-2023a/OpenFOAM-v2406/src/finiteVolume/lnInclude -I/apps/software/OpenFOAM/v2406-foss-2023a/OpenFOAM-v2406/src/meshTools/lnInclude -I/apps/software/OpenFOAM/v2406-foss-2023a/OpenFOAM-v2406/src/sampling/lnInclude -I/apps/software/OpenFOAM/v2406-foss-2023a/OpenFOAM-v2406/src/lagrangian/basic/lnInclude -I/apps/software/OpenFOAM/v2406-foss-2023a/OpenFOAM-v2406/src/fileFormats/lnInclude -I/gpfs/home/s376817/OpenFOAM/s376817-v2406/applications/utilities/waves2Foam/src/waves2Foam/lnInclude -I/usr/include -iquote. -IlnInclude -I/apps/software/OpenFOAM/v2406-foss-2023a/OpenFOAM-v2406/src/OpenFOAM/lnInclude -I/apps/software/OpenFOAM/v2406-foss-2023a/OpenFOAM-v2406/src/OSspecific/POSIX/lnInclude   -fPIC -c preProcessing/setWaveProperties/externalWaveForcing/oceanWave3DProperties/oceanWave3DProperties.C -o Make/linux64GccDPInt32Opt/preProcessing/setWaveProperties/externalWaveForcing/oceanWave3DProperties/oceanWave3DProperties.o
OMPI_CXX="g++" mpicxx -m64 -pthread -DOPENFOAM=2406 -DWM_DP -DWM_LABEL_SIZE=32 -Wall -Wextra -Wold-style-cast -Wnon-virtual-dtor -Wno-unused-parameter -Wno-invalid-offsetof -Wno-attributes -Wno-unknown-pragmas -O2 -fno-tree-vectorize -march=native -fno-math-errno -std=c++14 -fuse-ld=bfd  -DNoRepository -ftemplate-depth-100  -DOFVERSION=2406 -DEXTBRANCH=0 -DXVERSION=0 -DOFPLUSBRANCH=1 -I/apps/software/OpenFOAM/v2406-foss-2023a/OpenFOAM-v2406/src/finiteVolume/lnInclude -I/apps/software/OpenFOAM/v2406-foss-2023a/OpenFOAM-v2406/src/meshTools/lnInclude -I/apps/software/OpenFOAM/v2406-foss-2023a/OpenFOAM-v2406/src/sampling/lnInclude -I/apps/software/OpenFOAM/v2406-foss-2023a/OpenFOAM-v2406/src/lagrangian/basic/lnInclude -I/apps/software/OpenFOAM/v2406-foss-2023a/OpenFOAM-v2406/src/fileFormats/lnInclude -I/gpfs/home/s376817/OpenFOAM/s376817-v2406/applications/utilities/waves2Foam/src/waves2Foam/lnInclude -I/usr/include -iquote. -IlnInclude -I/apps/software/OpenFOAM/v2406-foss-2023a/OpenFOAM-v2406/src/OpenFOAM/lnInclude -I/apps/software/OpenFOAM/v2406-foss-2023a/OpenFOAM-v2406/src/OSspecific/POSIX/lnInclude   -fPIC -c preProcessing/setWaveProperties/gabcSettings/gabcSettings.C -o Make/linux64GccDPInt32Opt/preProcessing/setWaveProperties/gabcSettings/gabcSettings.o
OMPI_CXX="g++" mpicxx -m64 -pthread -DOPENFOAM=2406 -DWM_DP -DWM_LABEL_SIZE=32 -Wall -Wextra -Wold-style-cast -Wnon-virtual-dtor -Wno-unused-parameter -Wno-invalid-offsetof -Wno-attributes -Wno-unknown-pragmas -O2 -fno-tree-vectorize -march=native -fno-math-errno -std=c++14 -fuse-ld=bfd  -DNoRepository -ftemplate-depth-100  -DOFVERSION=2406 -DEXTBRANCH=0 -DXVERSION=0 -DOFPLUSBRANCH=1 -I/apps/software/OpenFOAM/v2406-foss-2023a/OpenFOAM-v2406/src/finiteVolume/lnInclude -I/apps/software/OpenFOAM/v2406-foss-2023a/OpenFOAM-v2406/src/meshTools/lnInclude -I/apps/software/OpenFOAM/v2406-foss-2023a/OpenFOAM-v2406/src/sampling/lnInclude -I/apps/software/OpenFOAM/v2406-foss-2023a/OpenFOAM-v2406/src/lagrangian/basic/lnInclude -I/apps/software/OpenFOAM/v2406-foss-2023a/OpenFOAM-v2406/src/fileFormats/lnInclude -I/gpfs/home/s376817/OpenFOAM/s376817-v2406/applications/utilities/waves2Foam/src/waves2Foam/lnInclude -I/usr/include -iquote. -IlnInclude -I/apps/software/OpenFOAM/v2406-foss-2023a/OpenFOAM-v2406/src/OpenFOAM/lnInclude -I/apps/software/OpenFOAM/v2406-foss-2023a/OpenFOAM-v2406/src/OSspecific/POSIX/lnInclude   -fPIC -c preProcessing/setWaveProperties/gabcSettings/polynomialDefault/polynomialDefault.C -o Make/linux64GccDPInt32Opt/preProcessing/setWaveProperties/gabcSettings/polynomialDefault/polynomialDefault.o
OMPI_CXX="g++" mpicxx -m64 -pthread -DOPENFOAM=2406 -DWM_DP -DWM_LABEL_SIZE=32 -Wall -Wextra -Wold-style-cast -Wnon-virtual-dtor -Wno-unused-parameter -Wno-invalid-offsetof -Wno-attributes -Wno-unknown-pragmas -O2 -fno-tree-vectorize -march=native -fno-math-errno -std=c++14 -fuse-ld=bfd  -DNoRepository -ftemplate-depth-100  -DOFVERSION=2406 -DEXTBRANCH=0 -DXVERSION=0 -DOFPLUSBRANCH=1 -I/apps/software/OpenFOAM/v2406-foss-2023a/OpenFOAM-v2406/src/finiteVolume/lnInclude -I/apps/software/OpenFOAM/v2406-foss-2023a/OpenFOAM-v2406/src/meshTools/lnInclude -I/apps/software/OpenFOAM/v2406-foss-2023a/OpenFOAM-v2406/src/sampling/lnInclude -I/apps/software/OpenFOAM/v2406-foss-2023a/OpenFOAM-v2406/src/lagrangian/basic/lnInclude -I/apps/software/OpenFOAM/v2406-foss-2023a/OpenFOAM-v2406/src/fileFormats/lnInclude -I/gpfs/home/s376817/OpenFOAM/s376817-v2406/applications/utilities/waves2Foam/src/waves2Foam/lnInclude -I/usr/include -iquote. -IlnInclude -I/apps/software/OpenFOAM/v2406-foss-2023a/OpenFOAM-v2406/src/OpenFOAM/lnInclude -I/apps/software/OpenFOAM/v2406-foss-2023a/OpenFOAM-v2406/src/OSspecific/POSIX/lnInclude   -fPIC -c preProcessing/setWaveProperties/gabcSettings/polynomialManual/polynomialManual.C -o Make/linux64GccDPInt32Opt/preProcessing/setWaveProperties/gabcSettings/polynomialManual/polynomialManual.o
OMPI_CXX="g++" mpicxx -m64 -pthread -DOPENFOAM=2406 -DWM_DP -DWM_LABEL_SIZE=32 -Wall -Wextra -Wold-style-cast -Wnon-virtual-dtor -Wno-unused-parameter -Wno-invalid-offsetof -Wno-attributes -Wno-unknown-pragmas -O2 -fno-tree-vectorize -march=native -fno-math-errno -std=c++14 -fuse-ld=bfd  -DNoRepository -ftemplate-depth-100  -DOFVERSION=2406 -DEXTBRANCH=0 -DXVERSION=0 -DOFPLUSBRANCH=1 -I/apps/software/OpenFOAM/v2406-foss-2023a/OpenFOAM-v2406/src/finiteVolume/lnInclude -I/apps/software/OpenFOAM/v2406-foss-2023a/OpenFOAM-v2406/src/meshTools/lnInclude -I/apps/software/OpenFOAM/v2406-foss-2023a/OpenFOAM-v2406/src/sampling/lnInclude -I/apps/software/OpenFOAM/v2406-foss-2023a/OpenFOAM-v2406/src/lagrangian/basic/lnInclude -I/apps/software/OpenFOAM/v2406-foss-2023a/OpenFOAM-v2406/src/fileFormats/lnInclude -I/gpfs/home/s376817/OpenFOAM/s376817-v2406/applications/utilities/waves2Foam/src/waves2Foam/lnInclude -I/usr/include -iquote. -IlnInclude -I/apps/software/OpenFOAM/v2406-foss-2023a/OpenFOAM-v2406/src/OpenFOAM/lnInclude -I/apps/software/OpenFOAM/v2406-foss-2023a/OpenFOAM-v2406/src/OSspecific/POSIX/lnInclude   -fPIC -c preProcessing/setWaveProperties/gabcSettings/rationalDefault/rationalDefault.C -o Make/linux64GccDPInt32Opt/preProcessing/setWaveProperties/gabcSettings/rationalDefault/rationalDefault.o
OMPI_CXX="g++" mpicxx -m64 -pthread -DOPENFOAM=2406 -DWM_DP -DWM_LABEL_SIZE=32 -Wall -Wextra -Wold-style-cast -Wnon-virtual-dtor -Wno-unused-parameter -Wno-invalid-offsetof -Wno-attributes -Wno-unknown-pragmas -O2 -fno-tree-vectorize -march=native -fno-math-errno -std=c++14 -fuse-ld=bfd  -DNoRepository -ftemplate-depth-100  -DOFVERSION=2406 -DEXTBRANCH=0 -DXVERSION=0 -DOFPLUSBRANCH=1 -I/apps/software/OpenFOAM/v2406-foss-2023a/OpenFOAM-v2406/src/finiteVolume/lnInclude -I/apps/software/OpenFOAM/v2406-foss-2023a/OpenFOAM-v2406/src/meshTools/lnInclude -I/apps/software/OpenFOAM/v2406-foss-2023a/OpenFOAM-v2406/src/sampling/lnInclude -I/apps/software/OpenFOAM/v2406-foss-2023a/OpenFOAM-v2406/src/lagrangian/basic/lnInclude -I/apps/software/OpenFOAM/v2406-foss-2023a/OpenFOAM-v2406/src/fileFormats/lnInclude -I/gpfs/home/s376817/OpenFOAM/s376817-v2406/applications/utilities/waves2Foam/src/waves2Foam/lnInclude -I/usr/include -iquote. -IlnInclude -I/apps/software/OpenFOAM/v2406-foss-2023a/OpenFOAM-v2406/src/OpenFOAM/lnInclude -I/apps/software/OpenFOAM/v2406-foss-2023a/OpenFOAM-v2406/src/OSspecific/POSIX/lnInclude   -fPIC -c preProcessing/setWaveProperties/gabcSettings/rationalManual/rationalManual.C -o Make/linux64GccDPInt32Opt/preProcessing/setWaveProperties/gabcSettings/rationalManual/rationalManual.o
OMPI_CXX="g++" mpicxx -m64 -pthread -DOPENFOAM=2406 -DWM_DP -DWM_LABEL_SIZE=32 -Wall -Wextra -Wold-style-cast -Wnon-virtual-dtor -Wno-unused-parameter -Wno-invalid-offsetof -Wno-attributes -Wno-unknown-pragmas -O2 -fno-tree-vectorize -march=native -fno-math-errno -std=c++14 -fuse-ld=bfd  -DNoRepository -ftemplate-depth-100  -DOFVERSION=2406 -DEXTBRANCH=0 -DXVERSION=0 -DOFPLUSBRANCH=1 -I/apps/software/OpenFOAM/v2406-foss-2023a/OpenFOAM-v2406/src/finiteVolume/lnInclude -I/apps/software/OpenFOAM/v2406-foss-2023a/OpenFOAM-v2406/src/meshTools/lnInclude -I/apps/software/OpenFOAM/v2406-foss-2023a/OpenFOAM-v2406/src/sampling/lnInclude -I/apps/software/OpenFOAM/v2406-foss-2023a/OpenFOAM-v2406/src/lagrangian/basic/lnInclude -I/apps/software/OpenFOAM/v2406-foss-2023a/OpenFOAM-v2406/src/fileFormats/lnInclude -I/gpfs/home/s376817/OpenFOAM/s376817-v2406/applications/utilities/waves2Foam/src/waves2Foam/lnInclude -I/usr/include -iquote. -IlnInclude -I/apps/software/OpenFOAM/v2406-foss-2023a/OpenFOAM-v2406/src/OpenFOAM/lnInclude -I/apps/software/OpenFOAM/v2406-foss-2023a/OpenFOAM-v2406/src/OSspecific/POSIX/lnInclude   -fPIC -c preProcessing/setWaveProperties/gabcSettings/constantTheory/constantTheory.C -o Make/linux64GccDPInt32Opt/preProcessing/setWaveProperties/gabcSettings/constantTheory/constantTheory.o
OMPI_CXX="g++" mpicxx -m64 -pthread -DOPENFOAM=2406 -DWM_DP -DWM_LABEL_SIZE=32 -Wall -Wextra -Wold-style-cast -Wnon-virtual-dtor -Wno-unused-parameter -Wno-invalid-offsetof -Wno-attributes -Wno-unknown-pragmas -O2 -fno-tree-vectorize -march=native -fno-math-errno -std=c++14 -fuse-ld=bfd  -DNoRepository -ftemplate-depth-100  -DOFVERSION=2406 -DEXTBRANCH=0 -DXVERSION=0 -DOFPLUSBRANCH=1 -I/apps/software/OpenFOAM/v2406-foss-2023a/OpenFOAM-v2406/src/finiteVolume/lnInclude -I/apps/software/OpenFOAM/v2406-foss-2023a/OpenFOAM-v2406/src/meshTools/lnInclude -I/apps/software/OpenFOAM/v2406-foss-2023a/OpenFOAM-v2406/src/sampling/lnInclude -I/apps/software/OpenFOAM/v2406-foss-2023a/OpenFOAM-v2406/src/lagrangian/basic/lnInclude -I/apps/software/OpenFOAM/v2406-foss-2023a/OpenFOAM-v2406/src/fileFormats/lnInclude -I/gpfs/home/s376817/OpenFOAM/s376817-v2406/applications/utilities/waves2Foam/src/waves2Foam/lnInclude -I/usr/include -iquote. -IlnInclude -I/apps/software/OpenFOAM/v2406-foss-2023a/OpenFOAM-v2406/src/OpenFOAM/lnInclude -I/apps/software/OpenFOAM/v2406-foss-2023a/OpenFOAM-v2406/src/OSspecific/POSIX/lnInclude   -fPIC -c preProcessing/setWaveProperties/gabcSettings/constantDepth/constantDepth.C -o Make/linux64GccDPInt32Opt/preProcessing/setWaveProperties/gabcSettings/constantDepth/constantDepth.o
OMPI_CXX="g++" mpicxx -m64 -pthread -DOPENFOAM=2406 -DWM_DP -DWM_LABEL_SIZE=32 -Wall -Wextra -Wold-style-cast -Wnon-virtual-dtor -Wno-unused-parameter -Wno-invalid-offsetof -Wno-attributes -Wno-unknown-pragmas -O2 -fno-tree-vectorize -march=native -fno-math-errno -std=c++14 -fuse-ld=bfd  -DNoRepository -ftemplate-depth-100  -DOFVERSION=2406 -DEXTBRANCH=0 -DXVERSION=0 -DOFPLUSBRANCH=1 -I/apps/software/OpenFOAM/v2406-foss-2023a/OpenFOAM-v2406/src/finiteVolume/lnInclude -I/apps/software/OpenFOAM/v2406-foss-2023a/OpenFOAM-v2406/src/meshTools/lnInclude -I/apps/software/OpenFOAM/v2406-foss-2023a/OpenFOAM-v2406/src/sampling/lnInclude -I/apps/software/OpenFOAM/v2406-foss-2023a/OpenFOAM-v2406/src/lagrangian/basic/lnInclude -I/apps/software/OpenFOAM/v2406-foss-2023a/OpenFOAM-v2406/src/fileFormats/lnInclude -I/gpfs/home/s376817/OpenFOAM/s376817-v2406/applications/utilities/waves2Foam/src/waves2Foam/lnInclude -I/usr/include -iquote. -IlnInclude -I/apps/software/OpenFOAM/v2406-foss-2023a/OpenFOAM-v2406/src/OpenFOAM/lnInclude -I/apps/software/OpenFOAM/v2406-foss-2023a/OpenFOAM-v2406/src/OSspecific/POSIX/lnInclude   -fPIC -c preProcessing/probes/waveGauges/waveGauges.C -o Make/linux64GccDPInt32Opt/preProcessing/probes/waveGauges/waveGauges.o
OMPI_CXX="g++" mpicxx -m64 -pthread -DOPENFOAM=2406 -DWM_DP -DWM_LABEL_SIZE=32 -Wall -Wextra -Wold-style-cast -Wnon-virtual-dtor -Wno-unused-parameter -Wno-invalid-offsetof -Wno-attributes -Wno-unknown-pragmas -O2 -fno-tree-vectorize -march=native -fno-math-errno -std=c++14 -fuse-ld=bfd  -DNoRepository -ftemplate-depth-100  -DOFVERSION=2406 -DEXTBRANCH=0 -DXVERSION=0 -DOFPLUSBRANCH=1 -I/apps/software/OpenFOAM/v2406-foss-2023a/OpenFOAM-v2406/src/finiteVolume/lnInclude -I/apps/software/OpenFOAM/v2406-foss-2023a/OpenFOAM-v2406/src/meshTools/lnInclude -I/apps/software/OpenFOAM/v2406-foss-2023a/OpenFOAM-v2406/src/sampling/lnInclude -I/apps/software/OpenFOAM/v2406-foss-2023a/OpenFOAM-v2406/src/lagrangian/basic/lnInclude -I/apps/software/OpenFOAM/v2406-foss-2023a/OpenFOAM-v2406/src/fileFormats/lnInclude -I/gpfs/home/s376817/OpenFOAM/s376817-v2406/applications/utilities/waves2Foam/src/waves2Foam/lnInclude -I/usr/include -iquote. -IlnInclude -I/apps/software/OpenFOAM/v2406-foss-2023a/OpenFOAM-v2406/src/OpenFOAM/lnInclude -I/apps/software/OpenFOAM/v2406-foss-2023a/OpenFOAM-v2406/src/OSspecific/POSIX/lnInclude   -fPIC -c preProcessing/probes/probeGauges/probeGauges.C -o Make/linux64GccDPInt32Opt/preProcessing/probes/probeGauges/probeGauges.o
preProcessing/probes/probeGauges/probeGauges.C: In member function ‘void Foam::probeGauges::evaluate(const Foam::word&)’:
preProcessing/probes/probeGauges/probeGauges.C:97:15: warning: unused variable ‘interval’ [-Wunused-variable]
   97 |         label interval(readLabel(gaugeDict_.lookup("outputInterval")));
      |               ^~~~~~~~
OMPI_CXX="g++" mpicxx -m64 -pthread -DOPENFOAM=2406 -DWM_DP -DWM_LABEL_SIZE=32 -Wall -Wextra -Wold-style-cast -Wnon-virtual-dtor -Wno-unused-parameter -Wno-invalid-offsetof -Wno-attributes -Wno-unknown-pragmas -O2 -fno-tree-vectorize -march=native -fno-math-errno -std=c++14 -fuse-ld=bfd  -DNoRepository -ftemplate-depth-100  -DOFVERSION=2406 -DEXTBRANCH=0 -DXVERSION=0 -DOFPLUSBRANCH=1 -I/apps/software/OpenFOAM/v2406-foss-2023a/OpenFOAM-v2406/src/finiteVolume/lnInclude -I/apps/software/OpenFOAM/v2406-foss-2023a/OpenFOAM-v2406/src/meshTools/lnInclude -I/apps/software/OpenFOAM/v2406-foss-2023a/OpenFOAM-v2406/src/sampling/lnInclude -I/apps/software/OpenFOAM/v2406-foss-2023a/OpenFOAM-v2406/src/lagrangian/basic/lnInclude -I/apps/software/OpenFOAM/v2406-foss-2023a/OpenFOAM-v2406/src/fileFormats/lnInclude -I/gpfs/home/s376817/OpenFOAM/s376817-v2406/applications/utilities/waves2Foam/src/waves2Foam/lnInclude -I/usr/include -iquote. -IlnInclude -I/apps/software/OpenFOAM/v2406-foss-2023a/OpenFOAM-v2406/src/OpenFOAM/lnInclude -I/apps/software/OpenFOAM/v2406-foss-2023a/OpenFOAM-v2406/src/OSspecific/POSIX/lnInclude   -fPIC -c preProcessing/probes/pointDistributions/pointDistributions.C -o Make/linux64GccDPInt32Opt/preProcessing/probes/pointDistributions/pointDistributions.o
OMPI_CXX="g++" mpicxx -m64 -pthread -DOPENFOAM=2406 -DWM_DP -DWM_LABEL_SIZE=32 -Wall -Wextra -Wold-style-cast -Wnon-virtual-dtor -Wno-unused-parameter -Wno-invalid-offsetof -Wno-attributes -Wno-unknown-pragmas -O2 -fno-tree-vectorize -march=native -fno-math-errno -std=c++14 -fuse-ld=bfd  -DNoRepository -ftemplate-depth-100  -DOFVERSION=2406 -DEXTBRANCH=0 -DXVERSION=0 -DOFPLUSBRANCH=1 -I/apps/software/OpenFOAM/v2406-foss-2023a/OpenFOAM-v2406/src/finiteVolume/lnInclude -I/apps/software/OpenFOAM/v2406-foss-2023a/OpenFOAM-v2406/src/meshTools/lnInclude -I/apps/software/OpenFOAM/v2406-foss-2023a/OpenFOAM-v2406/src/sampling/lnInclude -I/apps/software/OpenFOAM/v2406-foss-2023a/OpenFOAM-v2406/src/lagrangian/basic/lnInclude -I/apps/software/OpenFOAM/v2406-foss-2023a/OpenFOAM-v2406/src/fileFormats/lnInclude -I/gpfs/home/s376817/OpenFOAM/s376817-v2406/applications/utilities/waves2Foam/src/waves2Foam/lnInclude -I/usr/include -iquote. -IlnInclude -I/apps/software/OpenFOAM/v2406-foss-2023a/OpenFOAM-v2406/src/OpenFOAM/lnInclude -I/apps/software/OpenFOAM/v2406-foss-2023a/OpenFOAM-v2406/src/OSspecific/POSIX/lnInclude   -fPIC -c preProcessing/probes/pointDistributions/userDefinedDistribution/userDefinedDistribution.C -o Make/linux64GccDPInt32Opt/preProcessing/probes/pointDistributions/userDefinedDistribution/userDefinedDistribution.o
OMPI_CXX="g++" mpicxx -m64 -pthread -DOPENFOAM=2406 -DWM_DP -DWM_LABEL_SIZE=32 -Wall -Wextra -Wold-style-cast -Wnon-virtual-dtor -Wno-unused-parameter -Wno-invalid-offsetof -Wno-attributes -Wno-unknown-pragmas -O2 -fno-tree-vectorize -march=native -fno-math-errno -std=c++14 -fuse-ld=bfd  -DNoRepository -ftemplate-depth-100  -DOFVERSION=2406 -DEXTBRANCH=0 -DXVERSION=0 -DOFPLUSBRANCH=1 -I/apps/software/OpenFOAM/v2406-foss-2023a/OpenFOAM-v2406/src/finiteVolume/lnInclude -I/apps/software/OpenFOAM/v2406-foss-2023a/OpenFOAM-v2406/src/meshTools/lnInclude -I/apps/software/OpenFOAM/v2406-foss-2023a/OpenFOAM-v2406/src/sampling/lnInclude -I/apps/software/OpenFOAM/v2406-foss-2023a/OpenFOAM-v2406/src/lagrangian/basic/lnInclude -I/apps/software/OpenFOAM/v2406-foss-2023a/OpenFOAM-v2406/src/fileFormats/lnInclude -I/gpfs/home/s376817/OpenFOAM/s376817-v2406/applications/utilities/waves2Foam/src/waves2Foam/lnInclude -I/usr/include -iquote. -IlnInclude -I/apps/software/OpenFOAM/v2406-foss-2023a/OpenFOAM-v2406/src/OpenFOAM/lnInclude -I/apps/software/OpenFOAM/v2406-foss-2023a/OpenFOAM-v2406/src/OSspecific/POSIX/lnInclude   -fPIC -c preProcessing/probes/pointDistributions/lineDistribution/lineDistribution.C -o Make/linux64GccDPInt32Opt/preProcessing/probes/pointDistributions/lineDistribution/lineDistribution.o
OMPI_CXX="g++" mpicxx -m64 -pthread -DOPENFOAM=2406 -DWM_DP -DWM_LABEL_SIZE=32 -Wall -Wextra -Wold-style-cast -Wnon-virtual-dtor -Wno-unused-parameter -Wno-invalid-offsetof -Wno-attributes -Wno-unknown-pragmas -O2 -fno-tree-vectorize -march=native -fno-math-errno -std=c++14 -fuse-ld=bfd  -DNoRepository -ftemplate-depth-100  -DOFVERSION=2406 -DEXTBRANCH=0 -DXVERSION=0 -DOFPLUSBRANCH=1 -I/apps/software/OpenFOAM/v2406-foss-2023a/OpenFOAM-v2406/src/finiteVolume/lnInclude -I/apps/software/OpenFOAM/v2406-foss-2023a/OpenFOAM-v2406/src/meshTools/lnInclude -I/apps/software/OpenFOAM/v2406-foss-2023a/OpenFOAM-v2406/src/sampling/lnInclude -I/apps/software/OpenFOAM/v2406-foss-2023a/OpenFOAM-v2406/src/lagrangian/basic/lnInclude -I/apps/software/OpenFOAM/v2406-foss-2023a/OpenFOAM-v2406/src/fileFormats/lnInclude -I/gpfs/home/s376817/OpenFOAM/s376817-v2406/applications/utilities/waves2Foam/src/waves2Foam/lnInclude -I/usr/include -iquote. -IlnInclude -I/apps/software/OpenFOAM/v2406-foss-2023a/OpenFOAM-v2406/src/OpenFOAM/lnInclude -I/apps/software/OpenFOAM/v2406-foss-2023a/OpenFOAM-v2406/src/OSspecific/POSIX/lnInclude   -fPIC -c preProcessing/probes/pointDistributions/circularDistribution/circularDistribution.C -o Make/linux64GccDPInt32Opt/preProcessing/probes/pointDistributions/circularDistribution/circularDistribution.o
OMPI_CXX="g++" mpicxx -m64 -pthread -DOPENFOAM=2406 -DWM_DP -DWM_LABEL_SIZE=32 -Wall -Wextra -Wold-style-cast -Wnon-virtual-dtor -Wno-unused-parameter -Wno-invalid-offsetof -Wno-attributes -Wno-unknown-pragmas -O2 -fno-tree-vectorize -march=native -fno-math-errno -std=c++14 -fuse-ld=bfd  -DNoRepository -ftemplate-depth-100  -DOFVERSION=2406 -DEXTBRANCH=0 -DXVERSION=0 -DOFPLUSBRANCH=1 -I/apps/software/OpenFOAM/v2406-foss-2023a/OpenFOAM-v2406/src/finiteVolume/lnInclude -I/apps/software/OpenFOAM/v2406-foss-2023a/OpenFOAM-v2406/src/meshTools/lnInclude -I/apps/software/OpenFOAM/v2406-foss-2023a/OpenFOAM-v2406/src/sampling/lnInclude -I/apps/software/OpenFOAM/v2406-foss-2023a/OpenFOAM-v2406/src/lagrangian/basic/lnInclude -I/apps/software/OpenFOAM/v2406-foss-2023a/OpenFOAM-v2406/src/fileFormats/lnInclude -I/gpfs/home/s376817/OpenFOAM/s376817-v2406/applications/utilities/waves2Foam/src/waves2Foam/lnInclude -I/usr/include -iquote. -IlnInclude -I/apps/software/OpenFOAM/v2406-foss-2023a/OpenFOAM-v2406/src/OpenFOAM/lnInclude -I/apps/software/OpenFOAM/v2406-foss-2023a/OpenFOAM-v2406/src/OSspecific/POSIX/lnInclude   -fPIC -c preProcessing/probes/pointDistributions/quadrilateralDistribution/quadrilateralDistribution.C -o Make/linux64GccDPInt32Opt/preProcessing/probes/pointDistributions/quadrilateralDistribution/quadrilateralDistribution.o
OMPI_CXX="g++" mpicxx -m64 -pthread -DOPENFOAM=2406 -DWM_DP -DWM_LABEL_SIZE=32 -Wall -Wextra -Wold-style-cast -Wnon-virtual-dtor -Wno-unused-parameter -Wno-invalid-offsetof -Wno-attributes -Wno-unknown-pragmas -O2 -fno-tree-vectorize -march=native -fno-math-errno -std=c++14 -fuse-ld=bfd  -DNoRepository -ftemplate-depth-100  -DOFVERSION=2406 -DEXTBRANCH=0 -DXVERSION=0 -DOFPLUSBRANCH=1 -I/apps/software/OpenFOAM/v2406-foss-2023a/OpenFOAM-v2406/src/finiteVolume/lnInclude -I/apps/software/OpenFOAM/v2406-foss-2023a/OpenFOAM-v2406/src/meshTools/lnInclude -I/apps/software/OpenFOAM/v2406-foss-2023a/OpenFOAM-v2406/src/sampling/lnInclude -I/apps/software/OpenFOAM/v2406-foss-2023a/OpenFOAM-v2406/src/lagrangian/basic/lnInclude -I/apps/software/OpenFOAM/v2406-foss-2023a/OpenFOAM-v2406/src/fileFormats/lnInclude -I/gpfs/home/s376817/OpenFOAM/s376817-v2406/applications/utilities/waves2Foam/src/waves2Foam/lnInclude -I/usr/include -iquote. -IlnInclude -I/apps/software/OpenFOAM/v2406-foss-2023a/OpenFOAM-v2406/src/OpenFOAM/lnInclude -I/apps/software/OpenFOAM/v2406-foss-2023a/OpenFOAM-v2406/src/OSspecific/POSIX/lnInclude   -fPIC -c preProcessing/probes/pointDistributions/concatenatedDistribution/concatenatedDistribution.C -o Make/linux64GccDPInt32Opt/preProcessing/probes/pointDistributions/concatenatedDistribution/concatenatedDistribution.o
In file included from preProcessing/probes/pointDistributions/concatenatedDistribution/concatenatedDistribution.C:27:
preProcessing/probes/pointDistributions/concatenatedDistribution/concatenatedDistribution.H: In constructor ‘Foam::concatenatedDistribution::concatenatedDistribution(const Foam::dictionary&)’:
preProcessing/probes/pointDistributions/concatenatedDistribution/concatenatedDistribution.H:63:20: warning: ‘Foam::concatenatedDistribution::ppS_’ will be initialized after [-Wreorder]
   63 |         pointField ppS_;
      |                    ^~~~
preProcessing/probes/pointDistributions/concatenatedDistribution/concatenatedDistribution.H:62:20: warning:   ‘Foam::pointField Foam::concatenatedDistribution::ppE_’ [-Wreorder]
   62 |         pointField ppE_;
      |                    ^~~~
preProcessing/probes/pointDistributions/concatenatedDistribution/concatenatedDistribution.C:48:1: warning:   when initialized here [-Wreorder]
   48 | concatenatedDistribution::concatenatedDistribution
      | ^~~~~~~~~~~~~~~~~~~~~~~~
OMPI_CXX="g++" mpicxx -m64 -pthread -DOPENFOAM=2406 -DWM_DP -DWM_LABEL_SIZE=32 -Wall -Wextra -Wold-style-cast -Wnon-virtual-dtor -Wno-unused-parameter -Wno-invalid-offsetof -Wno-attributes -Wno-unknown-pragmas -O2 -fno-tree-vectorize -march=native -fno-math-errno -std=c++14 -fuse-ld=bfd  -DNoRepository -ftemplate-depth-100  -DOFVERSION=2406 -DEXTBRANCH=0 -DXVERSION=0 -DOFPLUSBRANCH=1 -I/apps/software/OpenFOAM/v2406-foss-2023a/OpenFOAM-v2406/src/finiteVolume/lnInclude -I/apps/software/OpenFOAM/v2406-foss-2023a/OpenFOAM-v2406/src/meshTools/lnInclude -I/apps/software/OpenFOAM/v2406-foss-2023a/OpenFOAM-v2406/src/sampling/lnInclude -I/apps/software/OpenFOAM/v2406-foss-2023a/OpenFOAM-v2406/src/lagrangian/basic/lnInclude -I/apps/software/OpenFOAM/v2406-foss-2023a/OpenFOAM-v2406/src/fileFormats/lnInclude -I/gpfs/home/s376817/OpenFOAM/s376817-v2406/applications/utilities/waves2Foam/src/waves2Foam/lnInclude -I/usr/include -iquote. -IlnInclude -I/apps/software/OpenFOAM/v2406-foss-2023a/OpenFOAM-v2406/src/OpenFOAM/lnInclude -I/apps/software/OpenFOAM/v2406-foss-2023a/OpenFOAM-v2406/src/OSspecific/POSIX/lnInclude   -fPIC -shared -Xlinker --add-needed -Xlinker --no-as-needed  Make/linux64GccDPInt32Opt/preProcessing/setWaveProperties/setWaveProperties.o Make/linux64GccDPInt32Opt/preProcessing/setWaveProperties/current/potentialCurrentProperties/potentialCurrentProperties.o Make/linux64GccDPInt32Opt/preProcessing/setWaveProperties/solitary/solitaryFirstProperties/solitaryFirstProperties.o Make/linux64GccDPInt32Opt/preProcessing/setWaveProperties/solitary/chappelear1962Properties/chappelear1962Properties.o Make/linux64GccDPInt32Opt/preProcessing/setWaveProperties/regular/stokesFirstProperties/stokesFirstProperties.o Make/linux64GccDPInt32Opt/preProcessing/setWaveProperties/regular/stokesFirstStandingProperties/stokesFirstStandingProperties.o Make/linux64GccDPInt32Opt/preProcessing/setWaveProperties/regular/stokesSecondProperties/stokesSecondProperties.o Make/linux64GccDPInt32Opt/preProcessing/setWaveProperties/regular/stokesSecondModulationProperties/stokesSecondModulationProperties.o Make/linux64GccDPInt32Opt/preProcessing/setWaveProperties/regular/stokesFifthProperties/stokesFifthProperties.o Make/linux64GccDPInt32Opt/preProcessing/setWaveProperties/regular/cnoidalFirstProperties/cnoidalFirstProperties.o Make/linux64GccDPInt32Opt/preProcessing/setWaveProperties/regular/streamFunctionProperties/streamFunctionProperties.o Make/linux64GccDPInt32Opt/preProcessing/setWaveProperties/irregular/bichromaticFirstProperties/bichromaticFirstProperties.o Make/linux64GccDPInt32Opt/preProcessing/setWaveProperties/irregular/bichromaticSecondProperties/bichromaticSecondProperties.o Make/linux64GccDPInt32Opt/preProcessing/setWaveProperties/irregular/waveSpectra/waveSpectra.o Make/linux64GccDPInt32Opt/preProcessing/setWaveProperties/irregular/waveSpectra/frequencyAxis/frequencyAxis.o Make/linux64GccDPInt32Opt/preProcessing/setWaveProperties/irregular/waveSpectra/frequencyAxis/equidistantFrequencyAxis/equidistantFrequencyAxis.o Make/linux64GccDPInt32Opt/preProcessing/setWaveProperties/irregular/waveSpectra/frequencyAxis/cosineStretchedFrequencyAxis/cosineStretchedFrequencyAxis.o Make/linux64GccDPInt32Opt/preProcessing/setWaveProperties/irregular/waveSpectra/spectra/JONSWAP/JONSWAP.o Make/linux64GccDPInt32Opt/preProcessing/setWaveProperties/irregular/waveSpectra/spectra/newWaveJONSWAP/newWaveJONSWAP.o Make/linux64GccDPInt32Opt/preProcessing/setWaveProperties/irregular/waveSpectra/spectra/PiersonMoskowitz/PiersonMoskowitz.o Make/linux64GccDPInt32Opt/preProcessing/setWaveProperties/irregular/waveSpectra/phases/phases.o Make/linux64GccDPInt32Opt/preProcessing/setWaveProperties/irregular/waveSpectra/phases/randomPhase/randomPhase.o Make/linux64GccDPInt32Opt/preProcessing/setWaveProperties/irregular/waveSpectra/phases/focusingPhase/focusingPhase.o Make/linux64GccDPInt32Opt/preProcessing/setWaveProperties/irregular/irregularProperties/irregularProperties.o Make/linux64GccDPInt32Opt/preProcessing/setWaveProperties/mixedType/combinedWavesProperties/combinedWavesProperties.o Make/linux64GccDPInt32Opt/preProcessing/setWaveProperties/mixedType/writeManualIHFoam/writeManualIHFoamProperties.o Make/linux64GccDPInt32Opt/preProcessing/setWaveProperties/externalWaveForcing/externalSourceProperties/externalSourceProperties.o Make/linux64GccDPInt32Opt/preProcessing/setWaveProperties/externalWaveForcing/oceanWave3DProperties/oceanWave3DProperties.o Make/linux64GccDPInt32Opt/preProcessing/setWaveProperties/gabcSettings/gabcSettings.o Make/linux64GccDPInt32Opt/preProcessing/setWaveProperties/gabcSettings/polynomialDefault/polynomialDefault.o Make/linux64GccDPInt32Opt/preProcessing/setWaveProperties/gabcSettings/polynomialManual/polynomialManual.o Make/linux64GccDPInt32Opt/preProcessing/setWaveProperties/gabcSettings/rationalDefault/rationalDefault.o Make/linux64GccDPInt32Opt/preProcessing/setWaveProperties/gabcSettings/rationalManual/rationalManual.o Make/linux64GccDPInt32Opt/preProcessing/setWaveProperties/gabcSettings/constantTheory/constantTheory.o Make/linux64GccDPInt32Opt/preProcessing/setWaveProperties/gabcSettings/constantDepth/constantDepth.o Make/linux64GccDPInt32Opt/preProcessing/probes/waveGauges/waveGauges.o Make/linux64GccDPInt32Opt/preProcessing/probes/probeGauges/probeGauges.o Make/linux64GccDPInt32Opt/preProcessing/probes/pointDistributions/pointDistributions.o Make/linux64GccDPInt32Opt/preProcessing/probes/pointDistributions/userDefinedDistribution/userDefinedDistribution.o Make/linux64GccDPInt32Opt/preProcessing/probes/pointDistributions/lineDistribution/lineDistribution.o Make/linux64GccDPInt32Opt/preProcessing/probes/pointDistributions/circularDistribution/circularDistribution.o Make/linux64GccDPInt32Opt/preProcessing/probes/pointDistributions/quadrilateralDistribution/quadrilateralDistribution.o Make/linux64GccDPInt32Opt/preProcessing/probes/pointDistributions/concatenatedDistribution/concatenatedDistribution.o -L/apps/software/OpenFOAM/v2406-foss-2023a/OpenFOAM-v2406/platforms/linux64GccDPInt32Opt/lib \
    -lfiniteVolume -lmeshTools -lsampling -lfileFormats -L/gpfs/home/s376817/OpenFOAM/s376817-v2406/platforms/linux64GccDPInt32Opt/lib -lwaves2Foam -L/usr/lib64 -lgsl -lgslcblas  -o /gpfs/home/s376817/OpenFOAM/s376817-v2406/platforms/linux64GccDPInt32Opt/lib/libwaves2FoamProcessing.so
wmake libso (waves2FoamSampling2206)
    ln: ./lnInclude
Making dependencies: overtopping.C
Making dependencies: sampledSurfaceElevation.C
OMPI_CXX="g++" mpicxx -m64 -pthread -DOPENFOAM=2406 -DWM_DP -DWM_LABEL_SIZE=32 -Wall -Wextra -Wold-style-cast -Wnon-virtual-dtor -Wno-unused-parameter -Wno-invalid-offsetof -Wno-attributes -Wno-unknown-pragmas -O2 -fno-tree-vectorize -march=native -fno-math-errno -std=c++14 -fuse-ld=bfd  -DNoRepository -ftemplate-depth-100  -DOFVERSION=2406 -DEXTBRANCH=0 -DXVERSION=0 -DOFPLUSBRANCH=1 -I/apps/software/OpenFOAM/v2406-foss-2023a/OpenFOAM-v2406/src/finiteVolume/lnInclude -I/apps/software/OpenFOAM/v2406-foss-2023a/OpenFOAM-v2406/src/fileFormats/lnInclude -I/apps/software/OpenFOAM/v2406-foss-2023a/OpenFOAM-v2406/src/surfMesh/lnInclude -I/apps/software/OpenFOAM/v2406-foss-2023a/OpenFOAM-v2406/src/meshTools/lnInclude -I/apps/software/OpenFOAM/v2406-foss-2023a/OpenFOAM-v2406/src/conversion/lnInclude -I/apps/software/OpenFOAM/v2406-foss-2023a/OpenFOAM-v2406/src/dynamicMesh/lnInclude -I/apps/software/OpenFOAM/v2406-foss-2023a/OpenFOAM-v2406/src/sampling/lnInclude -I/gpfs/home/s376817/OpenFOAM/s376817-v2406/applications/utilities/waves2Foam/src/waves2Foam/lnInclude -iquote. -IlnInclude -I/apps/software/OpenFOAM/v2406-foss-2023a/OpenFOAM-v2406/src/OpenFOAM/lnInclude -I/apps/software/OpenFOAM/v2406-foss-2023a/OpenFOAM-v2406/src/OSspecific/POSIX/lnInclude   -fPIC -c surfaceElevation/sampledSurfaceElevation.C -o Make/linux64GccDPInt32Opt/surfaceElevation/sampledSurfaceElevation.o
surfaceElevation/sampledSurfaceElevation.C: In member function ‘void Foam::sampledSurfaceElevation::gatherAllSets()’:
surfaceElevation/sampledSurfaceElevation.C:169:35: error: no matching function for call to ‘Foam::globalIndex::reset(Foam::label, Foam::globalIndex::gatherOnly)’
  169 |         globalIndices_[seti].reset(coords.size(), globalIndex::gatherOnly{});
      |         ~~~~~~~~~~~~~~~~~~~~~~~~~~^~~~~~~~~~~~~~~~~~~~~~~~~~~~~~~~~~~~~~~~~~
In file included from /apps/software/OpenFOAM/v2406-foss-2023a/OpenFOAM-v2406/src/OpenFOAM/lnInclude/polyMesh.H:58,
                 from /apps/software/OpenFOAM/v2406-foss-2023a/OpenFOAM-v2406/src/meshTools/lnInclude/meshSearch.H:44,
                 from surfaceElevation/sampledSurfaceElevation.H:113,
                 from surfaceElevation/sampledSurfaceElevation.C:29:
/apps/software/OpenFOAM/v2406-foss-2023a/OpenFOAM-v2406/src/OpenFOAM/lnInclude/globalIndex.H:284:14: note: candidate: ‘void Foam::globalIndex::reset(Foam::label, Foam::label, bool)’
  284 |         void reset
      |              ^~~~~
/apps/software/OpenFOAM/v2406-foss-2023a/OpenFOAM-v2406/src/OpenFOAM/lnInclude/globalIndex.H:287:25: note:   no known conversion for argument 2 from ‘Foam::globalIndex::gatherOnly’ to ‘Foam::label’ {aka ‘int’}
  287 |             const label comm = UPstream::worldComm,   //!< communicator
      |             ~~~~~~~~~~~~^~~~~~~~~~~~~~~~~~~~~~~~~~
/apps/software/OpenFOAM/v2406-foss-2023a/OpenFOAM-v2406/src/OpenFOAM/lnInclude/globalIndex.H:294:14: note: candidate: ‘void Foam::globalIndex::reset(const Foam::labelUList&, bool)’
  294 |         void reset
      |              ^~~~~
/apps/software/OpenFOAM/v2406-foss-2023a/OpenFOAM-v2406/src/OpenFOAM/lnInclude/globalIndex.H:296:31: note:   no known conversion for argument 1 from ‘Foam::label’ {aka ‘int’} to ‘const Foam::labelUList&’ {aka ‘const Foam::UList<int>&’}
  296 |             const labelUList& counts,
      |             ~~~~~~~~~~~~~~~~~~^~~~~~
In file included from /apps/software/OpenFOAM/v2406-foss-2023a/OpenFOAM-v2406/src/OpenFOAM/lnInclude/globalIndex.H:1085:
/apps/software/OpenFOAM/v2406-foss-2023a/OpenFOAM-v2406/src/OpenFOAM/lnInclude/globalIndexI.H:520:13: note: candidate: ‘void Foam::globalIndex::reset(gatherNone, Foam::label, Foam::label)’
  520 | inline void Foam::globalIndex::reset
      |             ^~~~
/apps/software/OpenFOAM/v2406-foss-2023a/OpenFOAM-v2406/src/OpenFOAM/lnInclude/globalIndexI.H:522:5: note:   no known conversion for argument 1 from ‘Foam::label’ {aka ‘int’} to ‘Foam::globalIndex::gatherNone’
  522 |     const globalIndex::gatherNone,
      |     ^~~~~~~~~~~~~~~~~~~~~~~~~~~~~
/apps/software/OpenFOAM/v2406-foss-2023a/OpenFOAM-v2406/src/OpenFOAM/lnInclude/globalIndexI.H:533:13: note: candidate: ‘void Foam::globalIndex::reset(gatherOnly, Foam::label, Foam::label)’
  533 | inline void Foam::globalIndex::reset
      |             ^~~~
/apps/software/OpenFOAM/v2406-foss-2023a/OpenFOAM-v2406/src/OpenFOAM/lnInclude/globalIndexI.H:535:5: note:   no known conversion for argument 1 from ‘Foam::label’ {aka ‘int’} to ‘Foam::globalIndex::gatherOnly’
  535 |     const globalIndex::gatherOnly,
      |     ^~~~~~~~~~~~~~~~~~~~~~~~~~~~~
/apps/software/OpenFOAM/v2406-foss-2023a/OpenFOAM-v2406/src/OpenFOAM/lnInclude/globalIndexI.H:545:13: note: candidate: ‘void Foam::globalIndex::reset(gatherNonLocal, Foam::label, Foam::label)’
  545 | inline void Foam::globalIndex::reset
      |             ^~~~
/apps/software/OpenFOAM/v2406-foss-2023a/OpenFOAM-v2406/src/OpenFOAM/lnInclude/globalIndexI.H:547:5: note:   no known conversion for argument 1 from ‘Foam::label’ {aka ‘int’} to ‘Foam::globalIndex::gatherNonLocal’
  547 |     const globalIndex::gatherNonLocal,
      |     ^~~~~~~~~~~~~~~~~~~~~~~~~~~~~~~~~
/apps/software/OpenFOAM/v2406-foss-2023a/OpenFOAM-v2406/src/OpenFOAM/lnInclude/globalIndexI.H:564:13: note: candidate: ‘void Foam::globalIndex::reset(const Foam::globalIndex&)’
  564 | inline void Foam::globalIndex::reset(const globalIndex& rhs)
      |             ^~~~
/apps/software/OpenFOAM/v2406-foss-2023a/OpenFOAM-v2406/src/OpenFOAM/lnInclude/globalIndexI.H:564:13: note:   candidate expects 1 argument, 2 provided
/apps/software/OpenFOAM/v2406-foss-2023a/OpenFOAM-v2406/src/OpenFOAM/lnInclude/globalIndex.H:1062:14: note: candidate: ‘void Foam::globalIndex::reset(Foam::label, int, Foam::label, bool)’
 1062 |         void reset
      |              ^~~~~
/apps/software/OpenFOAM/v2406-foss-2023a/OpenFOAM-v2406/src/OpenFOAM/lnInclude/globalIndex.H:1062:14: note:   candidate expects 4 arguments, 2 provided
In file included from surfaceElevation/sampledSurfaceElevation.C:55:
surfaceElevation/sampledSurfaceElevationImpl.C: In instantiation of ‘void Foam::sampledSurfaceElevation::performAction(Foam::VolumeField<Type>&, unsigned int) [with Type = double; Foam::VolumeField<Type> = Foam::GeometricField<double, Foam::fvPatchField, Foam::volMesh>]’:
surfaceElevation/sampledSurfaceElevationImpl.C:229:57:   required from ‘void Foam::sampledSurfaceElevation::performAction(const Foam::IOobjectList&, unsigned int) [with GeoField = Foam::GeometricField<double, Foam::fvPatchField, Foam::volMesh>]’
surfaceElevation/sampledSurfaceElevation.C:691:39:   required from here
surfaceElevation/sampledSurfaceElevationImpl.C:89:24: warning: unused variable ‘width’ [-Wunused-variable]
   89 |     const unsigned int width(IOstream::defaultPrecision() + 7);
      |                        ^~~~~
make: *** [/apps/software/OpenFOAM/v2406-foss-2023a/OpenFOAM-v2406/wmake/rules/General/transform:38: Make/linux64GccDPInt32Opt/surfaceElevation/sampledSurfaceElevation.o] Error 1
wmake libso (waves2FoamPorosity)
    ln: ./lnInclude
Making dependencies: engelund1953.C
Making dependencies: vanGent1995.C
Making dependencies: nativeOF.C
Making dependencies: porosityCoefficient.C
Making dependencies: jjc2014Zone.C
Making dependencies: jjc2014Zones.C
wmkdepend: could not open 'foamTime.H' for source file 'porosityModel/jensenJacobsenChristensen2014/jjc2014Zones.C': No such file or directory
Making dependencies: jensenJacobsenChristensen2014.C
Making dependencies: wavesPorosityModel.C
OMPI_CXX="g++" mpicxx -m64 -pthread -DOPENFOAM=2406 -DWM_DP -DWM_LABEL_SIZE=32 -Wall -Wextra -Wold-style-cast -Wnon-virtual-dtor -Wno-unused-parameter -Wno-invalid-offsetof -Wno-attributes -Wno-unknown-pragmas -O2 -fno-tree-vectorize -march=native -fno-math-errno -std=c++14 -fuse-ld=bfd  -DNoRepository -ftemplate-depth-100  -DOFVERSION=2406 -DEXTBRANCH=0 -DXVERSION=0 -DOFPLUSBRANCH=1 -I/apps/software/OpenFOAM/v2406-foss-2023a/OpenFOAM-v2406/src/finiteVolume/lnInclude -I/apps/software/OpenFOAM/v2406-foss-2023a/OpenFOAM-v2406/src/meshTools/lnInclude -iquote. -IlnInclude -I/apps/software/OpenFOAM/v2406-foss-2023a/OpenFOAM-v2406/src/OpenFOAM/lnInclude -I/apps/software/OpenFOAM/v2406-foss-2023a/OpenFOAM-v2406/src/OSspecific/POSIX/lnInclude   -fPIC -c porosityModel/wavesPorosityModel.C -o Make/linux64GccDPInt32Opt/porosityModel/wavesPorosityModel.o
OMPI_CXX="g++" mpicxx -m64 -pthread -DOPENFOAM=2406 -DWM_DP -DWM_LABEL_SIZE=32 -Wall -Wextra -Wold-style-cast -Wnon-virtual-dtor -Wno-unused-parameter -Wno-invalid-offsetof -Wno-attributes -Wno-unknown-pragmas -O2 -fno-tree-vectorize -march=native -fno-math-errno -std=c++14 -fuse-ld=bfd  -DNoRepository -ftemplate-depth-100  -DOFVERSION=2406 -DEXTBRANCH=0 -DXVERSION=0 -DOFPLUSBRANCH=1 -I/apps/software/OpenFOAM/v2406-foss-2023a/OpenFOAM-v2406/src/finiteVolume/lnInclude -I/apps/software/OpenFOAM/v2406-foss-2023a/OpenFOAM-v2406/src/meshTools/lnInclude -iquote. -IlnInclude -I/apps/software/OpenFOAM/v2406-foss-2023a/OpenFOAM-v2406/src/OpenFOAM/lnInclude -I/apps/software/OpenFOAM/v2406-foss-2023a/OpenFOAM-v2406/src/OSspecific/POSIX/lnInclude   -fPIC -c porosityModel/jensenJacobsenChristensen2014/jensenJacobsenChristensen2014.C -o Make/linux64GccDPInt32Opt/porosityModel/jensenJacobsenChristensen2014/jensenJacobsenChristensen2014.o
OMPI_CXX="g++" mpicxx -m64 -pthread -DOPENFOAM=2406 -DWM_DP -DWM_LABEL_SIZE=32 -Wall -Wextra -Wold-style-cast -Wnon-virtual-dtor -Wno-unused-parameter -Wno-invalid-offsetof -Wno-attributes -Wno-unknown-pragmas -O2 -fno-tree-vectorize -march=native -fno-math-errno -std=c++14 -fuse-ld=bfd  -DNoRepository -ftemplate-depth-100  -DOFVERSION=2406 -DEXTBRANCH=0 -DXVERSION=0 -DOFPLUSBRANCH=1 -I/apps/software/OpenFOAM/v2406-foss-2023a/OpenFOAM-v2406/src/finiteVolume/lnInclude -I/apps/software/OpenFOAM/v2406-foss-2023a/OpenFOAM-v2406/src/meshTools/lnInclude -iquote. -IlnInclude -I/apps/software/OpenFOAM/v2406-foss-2023a/OpenFOAM-v2406/src/OpenFOAM/lnInclude -I/apps/software/OpenFOAM/v2406-foss-2023a/OpenFOAM-v2406/src/OSspecific/POSIX/lnInclude   -fPIC -c porosityModel/jensenJacobsenChristensen2014/jjc2014Zones.C -o Make/linux64GccDPInt32Opt/porosityModel/jensenJacobsenChristensen2014/jjc2014Zones.o
OMPI_CXX="g++" mpicxx -m64 -pthread -DOPENFOAM=2406 -DWM_DP -DWM_LABEL_SIZE=32 -Wall -Wextra -Wold-style-cast -Wnon-virtual-dtor -Wno-unused-parameter -Wno-invalid-offsetof -Wno-attributes -Wno-unknown-pragmas -O2 -fno-tree-vectorize -march=native -fno-math-errno -std=c++14 -fuse-ld=bfd  -DNoRepository -ftemplate-depth-100  -DOFVERSION=2406 -DEXTBRANCH=0 -DXVERSION=0 -DOFPLUSBRANCH=1 -I/apps/software/OpenFOAM/v2406-foss-2023a/OpenFOAM-v2406/src/finiteVolume/lnInclude -I/apps/software/OpenFOAM/v2406-foss-2023a/OpenFOAM-v2406/src/meshTools/lnInclude -iquote. -IlnInclude -I/apps/software/OpenFOAM/v2406-foss-2023a/OpenFOAM-v2406/src/OpenFOAM/lnInclude -I/apps/software/OpenFOAM/v2406-foss-2023a/OpenFOAM-v2406/src/OSspecific/POSIX/lnInclude   -fPIC -c porosityModel/jensenJacobsenChristensen2014/jjc2014Zone.C -o Make/linux64GccDPInt32Opt/porosityModel/jensenJacobsenChristensen2014/jjc2014Zone.o
porosityModel/jensenJacobsenChristensen2014/jjc2014Zone.C: In member function ‘virtual void Foam::jjc2014Zone::writeDict(Foam::Ostream&, bool) const’:
porosityModel/jensenJacobsenChristensen2014/jjc2014Zone.C:364:53: warning: ‘const Foam::dictionary* Foam::dictionary::subDictPtr(const Foam::word&) const’ is deprecated: Since 2018-10; use "findDict() method" [-Wdeprecated-declarations]
  364 |     if (const dictionary* dictPtr = dict_.subDictPtr("powerLaw"))
      |                                     ~~~~~~~~~~~~~~~~^~~~~~~~~~~~
In file included from porosityModel/jensenJacobsenChristensen2014/jjc2014Zone.H:44,
                 from porosityModel/jensenJacobsenChristensen2014/jjc2014Zone.C:27:
/apps/software/OpenFOAM/v2406-foss-2023a/OpenFOAM-v2406/src/OpenFOAM/lnInclude/dictionary.H:1423:27: note: declared here
 1423 |         const dictionary* subDictPtr(const word& keyword) const
      |                           ^~~~~~~~~~
porosityModel/jensenJacobsenChristensen2014/jjc2014Zone.C:371:53: warning: ‘const Foam::dictionary* Foam::dictionary::subDictPtr(const Foam::word&) const’ is deprecated: Since 2018-10; use "findDict() method" [-Wdeprecated-declarations]
  371 |     if (const dictionary* dictPtr = dict_.subDictPtr("Darcy"))
      |                                     ~~~~~~~~~~~~~~~~^~~~~~~~~
/apps/software/OpenFOAM/v2406-foss-2023a/OpenFOAM-v2406/src/OpenFOAM/lnInclude/dictionary.H:1423:27: note: declared here
 1423 |         const dictionary* subDictPtr(const word& keyword) const
      |                           ^~~~~~~~~~
porosityModel/jensenJacobsenChristensen2014/jjc2014Zone.C: At global scope:
porosityModel/jensenJacobsenChristensen2014/jjc2014Zone.C:383:16: warning: ‘Foam::Ostream& Foam::operator<<(Ostream&, const jjc2014Zone&)’ has not been declared within ‘Foam’
  383 | Foam::Ostream& Foam::operator<<(Ostream& os, const jjc2014Zone& pZone)
      |                ^~~~
porosityModel/jensenJacobsenChristensen2014/jjc2014Zone.H:292:25: note: only here as a ‘friend’
  292 |         friend Ostream& operator<<(Ostream&, const jjc2014Zone&);
      |                         ^~~~~~~~
OMPI_CXX="g++" mpicxx -m64 -pthread -DOPENFOAM=2406 -DWM_DP -DWM_LABEL_SIZE=32 -Wall -Wextra -Wold-style-cast -Wnon-virtual-dtor -Wno-unused-parameter -Wno-invalid-offsetof -Wno-attributes -Wno-unknown-pragmas -O2 -fno-tree-vectorize -march=native -fno-math-errno -std=c++14 -fuse-ld=bfd  -DNoRepository -ftemplate-depth-100  -DOFVERSION=2406 -DEXTBRANCH=0 -DXVERSION=0 -DOFPLUSBRANCH=1 -I/apps/software/OpenFOAM/v2406-foss-2023a/OpenFOAM-v2406/src/finiteVolume/lnInclude -I/apps/software/OpenFOAM/v2406-foss-2023a/OpenFOAM-v2406/src/meshTools/lnInclude -iquote. -IlnInclude -I/apps/software/OpenFOAM/v2406-foss-2023a/OpenFOAM-v2406/src/OpenFOAM/lnInclude -I/apps/software/OpenFOAM/v2406-foss-2023a/OpenFOAM-v2406/src/OSspecific/POSIX/lnInclude   -fPIC -c porosityCoefficients/porosityCoefficient.C -o Make/linux64GccDPInt32Opt/porosityCoefficients/porosityCoefficient.o
OMPI_CXX="g++" mpicxx -m64 -pthread -DOPENFOAM=2406 -DWM_DP -DWM_LABEL_SIZE=32 -Wall -Wextra -Wold-style-cast -Wnon-virtual-dtor -Wno-unused-parameter -Wno-invalid-offsetof -Wno-attributes -Wno-unknown-pragmas -O2 -fno-tree-vectorize -march=native -fno-math-errno -std=c++14 -fuse-ld=bfd  -DNoRepository -ftemplate-depth-100  -DOFVERSION=2406 -DEXTBRANCH=0 -DXVERSION=0 -DOFPLUSBRANCH=1 -I/apps/software/OpenFOAM/v2406-foss-2023a/OpenFOAM-v2406/src/finiteVolume/lnInclude -I/apps/software/OpenFOAM/v2406-foss-2023a/OpenFOAM-v2406/src/meshTools/lnInclude -iquote. -IlnInclude -I/apps/software/OpenFOAM/v2406-foss-2023a/OpenFOAM-v2406/src/OpenFOAM/lnInclude -I/apps/software/OpenFOAM/v2406-foss-2023a/OpenFOAM-v2406/src/OSspecific/POSIX/lnInclude   -fPIC -c porosityCoefficients/nativeOF/nativeOF.C -o Make/linux64GccDPInt32Opt/porosityCoefficients/nativeOF/nativeOF.o
porosityCoefficients/nativeOF/nativeOF.C: In constructor ‘Foam::nativeOF::nativeOF(const Foam::dictionary&)’:
porosityCoefficients/nativeOF/nativeOF.C:52:54: warning: ‘Foam::dimensioned<Type>::dimensioned(Foam::Istream&) [with Type = Foam::Vector<double>]’ is deprecated: Since 2018-11; use "construct from dictionary or entry" [-Wdeprecated-declarations]
   52 |     dimensionedVector d( poroProperties_.lookup("d") );
      |                                                      ^
In file included from /apps/software/OpenFOAM/v2406-foss-2023a/OpenFOAM-v2406/src/OpenFOAM/lnInclude/dimensionedType.H:577,
                 from /apps/software/OpenFOAM/v2406-foss-2023a/OpenFOAM-v2406/src/OpenFOAM/lnInclude/dimensionedScalar.H:41,
                 from /apps/software/OpenFOAM/v2406-foss-2023a/OpenFOAM-v2406/src/OpenFOAM/lnInclude/TimeState.H:41,
                 from /apps/software/OpenFOAM/v2406-foss-2023a/OpenFOAM-v2406/src/OpenFOAM/lnInclude/Time.H:50,
                 from /apps/software/OpenFOAM/v2406-foss-2023a/OpenFOAM-v2406/src/OpenFOAM/lnInclude/meshStateTemplates.C:28,
                 from /apps/software/OpenFOAM/v2406-foss-2023a/OpenFOAM-v2406/src/OpenFOAM/lnInclude/meshState.H:194,
                 from /apps/software/OpenFOAM/v2406-foss-2023a/OpenFOAM-v2406/src/OpenFOAM/lnInclude/polyMesh.H:62,
                 from /apps/software/OpenFOAM/v2406-foss-2023a/OpenFOAM-v2406/src/finiteVolume/lnInclude/fvMesh.H:53,
                 from lnInclude/porosityCoefficient.H:44,
                 from porosityCoefficients/nativeOF/nativeOF.H:43,
                 from porosityCoefficients/nativeOF/nativeOF.C:27:
/apps/software/OpenFOAM/v2406-foss-2023a/OpenFOAM-v2406/src/OpenFOAM/lnInclude/dimensionedType.C:309:1: note: declared here
  309 | Foam::dimensioned<Type>::dimensioned(Istream& is)
      | ^~~~
porosityCoefficients/nativeOF/nativeOF.C:57:54: warning: ‘Foam::dimensioned<Type>::dimensioned(Foam::Istream&) [with Type = Foam::Vector<double>]’ is deprecated: Since 2018-11; use "construct from dictionary or entry" [-Wdeprecated-declarations]
   57 |     dimensionedVector f( poroProperties_.lookup("f") );
      |                                                      ^
/apps/software/OpenFOAM/v2406-foss-2023a/OpenFOAM-v2406/src/OpenFOAM/lnInclude/dimensionedType.C:309:1: note: declared here
  309 | Foam::dimensioned<Type>::dimensioned(Istream& is)
      | ^~~~
OMPI_CXX="g++" mpicxx -m64 -pthread -DOPENFOAM=2406 -DWM_DP -DWM_LABEL_SIZE=32 -Wall -Wextra -Wold-style-cast -Wnon-virtual-dtor -Wno-unused-parameter -Wno-invalid-offsetof -Wno-attributes -Wno-unknown-pragmas -O2 -fno-tree-vectorize -march=native -fno-math-errno -std=c++14 -fuse-ld=bfd  -DNoRepository -ftemplate-depth-100  -DOFVERSION=2406 -DEXTBRANCH=0 -DXVERSION=0 -DOFPLUSBRANCH=1 -I/apps/software/OpenFOAM/v2406-foss-2023a/OpenFOAM-v2406/src/finiteVolume/lnInclude -I/apps/software/OpenFOAM/v2406-foss-2023a/OpenFOAM-v2406/src/meshTools/lnInclude -iquote. -IlnInclude -I/apps/software/OpenFOAM/v2406-foss-2023a/OpenFOAM-v2406/src/OpenFOAM/lnInclude -I/apps/software/OpenFOAM/v2406-foss-2023a/OpenFOAM-v2406/src/OSspecific/POSIX/lnInclude   -fPIC -c porosityCoefficients/vanGent1995/vanGent1995.C -o Make/linux64GccDPInt32Opt/porosityCoefficients/vanGent1995/vanGent1995.o
porosityCoefficients/vanGent1995/vanGent1995.C: In constructor ‘Foam::vanGent1995::vanGent1995(const Foam::dictionary&)’:
porosityCoefficients/vanGent1995/vanGent1995.C:52:56: warning: ‘Foam::dimensioned<Type>::dimensioned(Foam::Istream&) [with Type = double]’ is deprecated: Since 2018-11; use "construct from dictionary or entry" [-Wdeprecated-declarations]
   52 |     dimensionedScalar d50(poroProperties_.lookup("d50"));
      |                                                        ^
In file included from /apps/software/OpenFOAM/v2406-foss-2023a/OpenFOAM-v2406/src/OpenFOAM/lnInclude/dimensionedType.H:577,
                 from /apps/software/OpenFOAM/v2406-foss-2023a/OpenFOAM-v2406/src/OpenFOAM/lnInclude/dimensionedScalar.H:41,
                 from /apps/software/OpenFOAM/v2406-foss-2023a/OpenFOAM-v2406/src/OpenFOAM/lnInclude/TimeState.H:41,
                 from /apps/software/OpenFOAM/v2406-foss-2023a/OpenFOAM-v2406/src/OpenFOAM/lnInclude/Time.H:50,
                 from /apps/software/OpenFOAM/v2406-foss-2023a/OpenFOAM-v2406/src/OpenFOAM/lnInclude/meshStateTemplates.C:28,
                 from /apps/software/OpenFOAM/v2406-foss-2023a/OpenFOAM-v2406/src/OpenFOAM/lnInclude/meshState.H:194,
                 from /apps/software/OpenFOAM/v2406-foss-2023a/OpenFOAM-v2406/src/OpenFOAM/lnInclude/polyMesh.H:62,
                 from /apps/software/OpenFOAM/v2406-foss-2023a/OpenFOAM-v2406/src/finiteVolume/lnInclude/fvMesh.H:53,
                 from lnInclude/porosityCoefficient.H:44,
                 from porosityCoefficients/vanGent1995/vanGent1995.H:43,
                 from porosityCoefficients/vanGent1995/vanGent1995.C:27:
/apps/software/OpenFOAM/v2406-foss-2023a/OpenFOAM-v2406/src/OpenFOAM/lnInclude/dimensionedType.C:309:1: note: declared here
  309 | Foam::dimensioned<Type>::dimensioned(Istream& is)
      | ^~~~
porosityCoefficients/vanGent1995/vanGent1995.C:54:60: warning: ‘Foam::dimensioned<Type>::dimensioned(Foam::Istream&) [with Type = double]’ is deprecated: Since 2018-11; use "construct from dictionary or entry" [-Wdeprecated-declarations]
   54 |     dimensionedScalar alpha(poroProperties_.lookup("alpha"));
      |                                                            ^
/apps/software/OpenFOAM/v2406-foss-2023a/OpenFOAM-v2406/src/OpenFOAM/lnInclude/dimensionedType.C:309:1: note: declared here
  309 | Foam::dimensioned<Type>::dimensioned(Istream& is)
      | ^~~~
porosityCoefficients/vanGent1995/vanGent1995.C:56:58: warning: ‘Foam::dimensioned<Type>::dimensioned(Foam::Istream&) [with Type = double]’ is deprecated: Since 2018-11; use "construct from dictionary or entry" [-Wdeprecated-declarations]
   56 |     dimensionedScalar beta(poroProperties_.lookup("beta"));
      |                                                          ^
/apps/software/OpenFOAM/v2406-foss-2023a/OpenFOAM-v2406/src/OpenFOAM/lnInclude/dimensionedType.C:309:1: note: declared here
  309 | Foam::dimensioned<Type>::dimensioned(Istream& is)
      | ^~~~
OMPI_CXX="g++" mpicxx -m64 -pthread -DOPENFOAM=2406 -DWM_DP -DWM_LABEL_SIZE=32 -Wall -Wextra -Wold-style-cast -Wnon-virtual-dtor -Wno-unused-parameter -Wno-invalid-offsetof -Wno-attributes -Wno-unknown-pragmas -O2 -fno-tree-vectorize -march=native -fno-math-errno -std=c++14 -fuse-ld=bfd  -DNoRepository -ftemplate-depth-100  -DOFVERSION=2406 -DEXTBRANCH=0 -DXVERSION=0 -DOFPLUSBRANCH=1 -I/apps/software/OpenFOAM/v2406-foss-2023a/OpenFOAM-v2406/src/finiteVolume/lnInclude -I/apps/software/OpenFOAM/v2406-foss-2023a/OpenFOAM-v2406/src/meshTools/lnInclude -iquote. -IlnInclude -I/apps/software/OpenFOAM/v2406-foss-2023a/OpenFOAM-v2406/src/OpenFOAM/lnInclude -I/apps/software/OpenFOAM/v2406-foss-2023a/OpenFOAM-v2406/src/OSspecific/POSIX/lnInclude   -fPIC -c porosityCoefficients/engelund1953/engelund1953.C -o Make/linux64GccDPInt32Opt/porosityCoefficients/engelund1953/engelund1953.o
porosityCoefficients/engelund1953/engelund1953.C: In constructor ‘Foam::engelund1953::engelund1953(const Foam::dictionary&)’:
porosityCoefficients/engelund1953/engelund1953.C:52:56: warning: ‘Foam::dimensioned<Type>::dimensioned(Foam::Istream&) [with Type = double]’ is deprecated: Since 2018-11; use "construct from dictionary or entry" [-Wdeprecated-declarations]
   52 |     dimensionedScalar d50(poroProperties_.lookup("d50"));
      |                                                        ^
In file included from /apps/software/OpenFOAM/v2406-foss-2023a/OpenFOAM-v2406/src/OpenFOAM/lnInclude/dimensionedType.H:577,
                 from /apps/software/OpenFOAM/v2406-foss-2023a/OpenFOAM-v2406/src/OpenFOAM/lnInclude/dimensionedScalar.H:41,
                 from /apps/software/OpenFOAM/v2406-foss-2023a/OpenFOAM-v2406/src/OpenFOAM/lnInclude/TimeState.H:41,
                 from /apps/software/OpenFOAM/v2406-foss-2023a/OpenFOAM-v2406/src/OpenFOAM/lnInclude/Time.H:50,
                 from /apps/software/OpenFOAM/v2406-foss-2023a/OpenFOAM-v2406/src/OpenFOAM/lnInclude/meshStateTemplates.C:28,
                 from /apps/software/OpenFOAM/v2406-foss-2023a/OpenFOAM-v2406/src/OpenFOAM/lnInclude/meshState.H:194,
                 from /apps/software/OpenFOAM/v2406-foss-2023a/OpenFOAM-v2406/src/OpenFOAM/lnInclude/polyMesh.H:62,
                 from /apps/software/OpenFOAM/v2406-foss-2023a/OpenFOAM-v2406/src/finiteVolume/lnInclude/fvMesh.H:53,
                 from lnInclude/porosityCoefficient.H:44,
                 from porosityCoefficients/engelund1953/engelund1953.H:43,
                 from porosityCoefficients/engelund1953/engelund1953.C:27:
/apps/software/OpenFOAM/v2406-foss-2023a/OpenFOAM-v2406/src/OpenFOAM/lnInclude/dimensionedType.C:309:1: note: declared here
  309 | Foam::dimensioned<Type>::dimensioned(Istream& is)
      | ^~~~
porosityCoefficients/engelund1953/engelund1953.C:54:60: warning: ‘Foam::dimensioned<Type>::dimensioned(Foam::Istream&) [with Type = double]’ is deprecated: Since 2018-11; use "construct from dictionary or entry" [-Wdeprecated-declarations]
   54 |     dimensionedScalar alpha(poroProperties_.lookup("alpha"));
      |                                                            ^
/apps/software/OpenFOAM/v2406-foss-2023a/OpenFOAM-v2406/src/OpenFOAM/lnInclude/dimensionedType.C:309:1: note: declared here
  309 | Foam::dimensioned<Type>::dimensioned(Istream& is)
      | ^~~~
porosityCoefficients/engelund1953/engelund1953.C:56:58: warning: ‘Foam::dimensioned<Type>::dimensioned(Foam::Istream&) [with Type = double]’ is deprecated: Since 2018-11; use "construct from dictionary or entry" [-Wdeprecated-declarations]
   56 |     dimensionedScalar beta(poroProperties_.lookup("beta"));
      |                                                          ^
/apps/software/OpenFOAM/v2406-foss-2023a/OpenFOAM-v2406/src/OpenFOAM/lnInclude/dimensionedType.C:309:1: note: declared here
  309 | Foam::dimensioned<Type>::dimensioned(Istream& is)
      | ^~~~
OMPI_CXX="g++" mpicxx -m64 -pthread -DOPENFOAM=2406 -DWM_DP -DWM_LABEL_SIZE=32 -Wall -Wextra -Wold-style-cast -Wnon-virtual-dtor -Wno-unused-parameter -Wno-invalid-offsetof -Wno-attributes -Wno-unknown-pragmas -O2 -fno-tree-vectorize -march=native -fno-math-errno -std=c++14 -fuse-ld=bfd  -DNoRepository -ftemplate-depth-100  -DOFVERSION=2406 -DEXTBRANCH=0 -DXVERSION=0 -DOFPLUSBRANCH=1 -I/apps/software/OpenFOAM/v2406-foss-2023a/OpenFOAM-v2406/src/finiteVolume/lnInclude -I/apps/software/OpenFOAM/v2406-foss-2023a/OpenFOAM-v2406/src/meshTools/lnInclude -iquote. -IlnInclude -I/apps/software/OpenFOAM/v2406-foss-2023a/OpenFOAM-v2406/src/OpenFOAM/lnInclude -I/apps/software/OpenFOAM/v2406-foss-2023a/OpenFOAM-v2406/src/OSspecific/POSIX/lnInclude   -fPIC -shared -Xlinker --add-needed -Xlinker --no-as-needed  Make/linux64GccDPInt32Opt/porosityModel/wavesPorosityModel.o Make/linux64GccDPInt32Opt/porosityModel/jensenJacobsenChristensen2014/jensenJacobsenChristensen2014.o Make/linux64GccDPInt32Opt/porosityModel/jensenJacobsenChristensen2014/jjc2014Zones.o Make/linux64GccDPInt32Opt/porosityModel/jensenJacobsenChristensen2014/jjc2014Zone.o Make/linux64GccDPInt32Opt/porosityCoefficients/porosityCoefficient.o Make/linux64GccDPInt32Opt/porosityCoefficients/nativeOF/nativeOF.o Make/linux64GccDPInt32Opt/porosityCoefficients/vanGent1995/vanGent1995.o Make/linux64GccDPInt32Opt/porosityCoefficients/engelund1953/engelund1953.o -L/apps/software/OpenFOAM/v2406-foss-2023a/OpenFOAM-v2406/platforms/linux64GccDPInt32Opt/lib \
    -lfiniteVolume -lmeshTools  -o /gpfs/home/s376817/OpenFOAM/s376817-v2406/platforms/linux64GccDPInt32Opt/lib/libwaves2FoamPorosity.so

=====================================
    COMPILE SOLVERS
=====================================
Making dependencies: porousWaveFoam.C
OMPI_CXX="g++" mpicxx -m64 -pthread -DOPENFOAM=2406 -DWM_DP -DWM_LABEL_SIZE=32 -Wall -Wextra -Wold-style-cast -Wnon-virtual-dtor -Wno-unused-parameter -Wno-invalid-offsetof -Wno-attributes -Wno-unknown-pragmas -O2 -fno-tree-vectorize -march=native -fno-math-errno -std=c++14 -fuse-ld=bfd  -DNoRepository -ftemplate-depth-100  -I./VoFPorosity -I/apps/software/OpenFOAM/v2406-foss-2023a/OpenFOAM-v2406/src/phaseSystemModels/twoPhaseInter/incompressibleInterPhaseTransportModel/lnInclude -I/apps/software/OpenFOAM/v2406-foss-2023a/OpenFOAM-v2406/src/phaseSystemModels/twoPhaseInter/VoFphaseIncompressibleTurbulenceModels/lnInclude -I/apps/software/OpenFOAM/v2406-foss-2023a/OpenFOAM-v2406/src/finiteVolume/lnInclude -I/apps/software/OpenFOAM/v2406-foss-2023a/OpenFOAM-v2406/src/meshTools/lnInclude -I/apps/software/OpenFOAM/v2406-foss-2023a/OpenFOAM-v2406/src/sampling/lnInclude -I/apps/software/OpenFOAM/v2406-foss-2023a/OpenFOAM-v2406/src/dynamicFvMesh/lnInclude -I/apps/software/OpenFOAM/v2406-foss-2023a/OpenFOAM-v2406/src/transportModels -I/apps/software/OpenFOAM/v2406-foss-2023a/OpenFOAM-v2406/src/transportModels/incompressible/lnInclude -I/apps/software/OpenFOAM/v2406-foss-2023a/OpenFOAM-v2406/src/transportModels/interfaceProperties/lnInclude -I/apps/software/OpenFOAM/v2406-foss-2023a/OpenFOAM-v2406/src/transportModels/twoPhaseMixture/lnInclude -I/apps/software/OpenFOAM/v2406-foss-2023a/OpenFOAM-v2406/src/TurbulenceModels/turbulenceModels/lnInclude -I/apps/software/OpenFOAM/v2406-foss-2023a/OpenFOAM-v2406/src/TurbulenceModels/incompressible/lnInclude -I/apps/software/OpenFOAM/v2406-foss-2023a/OpenFOAM-v2406/src/TurbulenceModels/phaseIncompressible/lnInclude -I/apps/software/OpenFOAM/v2406-foss-2023a/OpenFOAM-v2406/src/transportModels/immiscibleIncompressibleTwoPhaseMixture/lnInclude -I/gpfs/home/s376817/OpenFOAM/s376817-v2406/applications/utilities/waves2Foam/src/waves2Foam/lnInclude -I/gpfs/home/s376817/OpenFOAM/s376817-v2406/applications/utilities/waves2Foam/src/waves2FoamGABC/lnInclude -I/gpfs/home/s376817/OpenFOAM/s376817-v2406/applications/utilities/waves2Foam/src/waves2FoamPorosity/lnInclude -I/gpfs/home/s376817/OpenFOAM/s376817-v2406/applications/utilities/waves2Foam/src/waves2FoamSampling2512/lnInclude -I/usr/include -DOFVERSION=2512 -DEXTBRANCH=0 -DOFPLUSBRANCH=1 -DXVERSION=0  -iquote. -IlnInclude -I/apps/software/OpenFOAM/v2406-foss-2023a/OpenFOAM-v2406/src/OpenFOAM/lnInclude -I/apps/software/OpenFOAM/v2406-foss-2023a/OpenFOAM-v2406/src/OSspecific/POSIX/lnInclude   -fPIC -c porousWaveFoam.C -o Make/linux64GccDPInt32Opt/porousWaveFoam.o
In file included from /gpfs/home/s376817/OpenFOAM/s376817-v2406/applications/utilities/waves2Foam/src/waves2Foam/lnInclude/convexPolyhedral.H:56,
                 from /gpfs/home/s376817/OpenFOAM/s376817-v2406/applications/utilities/waves2Foam/src/waves2Foam/lnInclude/relaxationScheme.H:63,
                 from /gpfs/home/s376817/OpenFOAM/s376817-v2406/applications/utilities/waves2Foam/src/waves2Foam/lnInclude/relaxationZone.H:44,
                 from porousWaveFoam.C:56:
/gpfs/home/s376817/OpenFOAM/s376817-v2406/applications/utilities/waves2Foam/src/waves2Foam/lnInclude/localCell.H: In member function ‘Foam::vector Foam::localCell::fnormal(Foam::label) const’:
/gpfs/home/s376817/OpenFOAM/s376817-v2406/applications/utilities/waves2Foam/src/waves2Foam/lnInclude/localCell.H:207:37: warning: ‘Foam::vector Foam::face::normal(const Foam::UList<Foam::Vector<double> >&) const’ is deprecated: Since 2018-12; use "areaNormal() or unitNormal()" [-Wdeprecated-declarations]
  207 |             return fL_[faceI].normal(pp_);
      |                    ~~~~~~~~~~~~~~~~~^~~~~
In file included from /apps/software/OpenFOAM/v2406-foss-2023a/OpenFOAM-v2406/src/OpenFOAM/lnInclude/faceList.H:31,
                 from /apps/software/OpenFOAM/v2406-foss-2023a/OpenFOAM-v2406/src/OpenFOAM/lnInclude/primitiveMesh.H:59,
                 from /apps/software/OpenFOAM/v2406-foss-2023a/OpenFOAM-v2406/src/OpenFOAM/lnInclude/polyMesh.H:48,
                 from /apps/software/OpenFOAM/v2406-foss-2023a/OpenFOAM-v2406/src/finiteVolume/lnInclude/fvMesh.H:53,
                 from /apps/software/OpenFOAM/v2406-foss-2023a/OpenFOAM-v2406/src/finiteVolume/lnInclude/fvCFD.H:5,
                 from porousWaveFoam.C:41:
/apps/software/OpenFOAM/v2406-foss-2023a/OpenFOAM-v2406/src/OpenFOAM/lnInclude/face.H:202:16: note: declared here
  202 |         vector normal(const UList<point>& p) const
      |                ^~~~~~
In file included from porousWaveFoam.C:179:
UEqn.H: In function ‘int main(int, char**)’:
UEqn.H:26:27: warning: unused variable ‘mu’ [-Wunused-variable]
   26 |     const volScalarField& mu = tmu();
      |                           ^~
OMPI_CXX="g++" mpicxx -m64 -pthread -DOPENFOAM=2406 -DWM_DP -DWM_LABEL_SIZE=32 -Wall -Wextra -Wold-style-cast -Wnon-virtual-dtor -Wno-unused-parameter -Wno-invalid-offsetof -Wno-attributes -Wno-unknown-pragmas -O2 -fno-tree-vectorize -march=native -fno-math-errno -std=c++14 -fuse-ld=bfd  -DNoRepository -ftemplate-depth-100  -I./VoFPorosity -I/apps/software/OpenFOAM/v2406-foss-2023a/OpenFOAM-v2406/src/phaseSystemModels/twoPhaseInter/incompressibleInterPhaseTransportModel/lnInclude -I/apps/software/OpenFOAM/v2406-foss-2023a/OpenFOAM-v2406/src/phaseSystemModels/twoPhaseInter/VoFphaseIncompressibleTurbulenceModels/lnInclude -I/apps/software/OpenFOAM/v2406-foss-2023a/OpenFOAM-v2406/src/finiteVolume/lnInclude -I/apps/software/OpenFOAM/v2406-foss-2023a/OpenFOAM-v2406/src/meshTools/lnInclude -I/apps/software/OpenFOAM/v2406-foss-2023a/OpenFOAM-v2406/src/sampling/lnInclude -I/apps/software/OpenFOAM/v2406-foss-2023a/OpenFOAM-v2406/src/dynamicFvMesh/lnInclude -I/apps/software/OpenFOAM/v2406-foss-2023a/OpenFOAM-v2406/src/transportModels -I/apps/software/OpenFOAM/v2406-foss-2023a/OpenFOAM-v2406/src/transportModels/incompressible/lnInclude -I/apps/software/OpenFOAM/v2406-foss-2023a/OpenFOAM-v2406/src/transportModels/interfaceProperties/lnInclude -I/apps/software/OpenFOAM/v2406-foss-2023a/OpenFOAM-v2406/src/transportModels/twoPhaseMixture/lnInclude -I/apps/software/OpenFOAM/v2406-foss-2023a/OpenFOAM-v2406/src/TurbulenceModels/turbulenceModels/lnInclude -I/apps/software/OpenFOAM/v2406-foss-2023a/OpenFOAM-v2406/src/TurbulenceModels/incompressible/lnInclude -I/apps/software/OpenFOAM/v2406-foss-2023a/OpenFOAM-v2406/src/TurbulenceModels/phaseIncompressible/lnInclude -I/apps/software/OpenFOAM/v2406-foss-2023a/OpenFOAM-v2406/src/transportModels/immiscibleIncompressibleTwoPhaseMixture/lnInclude -I/gpfs/home/s376817/OpenFOAM/s376817-v2406/applications/utilities/waves2Foam/src/waves2Foam/lnInclude -I/gpfs/home/s376817/OpenFOAM/s376817-v2406/applications/utilities/waves2Foam/src/waves2FoamGABC/lnInclude -I/gpfs/home/s376817/OpenFOAM/s376817-v2406/applications/utilities/waves2Foam/src/waves2FoamPorosity/lnInclude -I/gpfs/home/s376817/OpenFOAM/s376817-v2406/applications/utilities/waves2Foam/src/waves2FoamSampling2512/lnInclude -I/usr/include -DOFVERSION=2512 -DEXTBRANCH=0 -DOFPLUSBRANCH=1 -DXVERSION=0  -iquote. -IlnInclude -I/apps/software/OpenFOAM/v2406-foss-2023a/OpenFOAM-v2406/src/OpenFOAM/lnInclude -I/apps/software/OpenFOAM/v2406-foss-2023a/OpenFOAM-v2406/src/OSspecific/POSIX/lnInclude   -fPIC -Xlinker --add-needed -Xlinker --no-as-needed  Make/linux64GccDPInt32Opt/porousWaveFoam.o -L/apps/software/OpenFOAM/v2406-foss-2023a/OpenFOAM-v2406/platforms/linux64GccDPInt32Opt/lib \
    -lfiniteVolume -lfvOptions -lmeshTools -lsampling -ldynamicFvMesh -lincompressibleTransportModels -linterfaceProperties -limmiscibleIncompressibleTwoPhaseMixture -lturbulenceModels -lincompressibleTurbulenceModels -lwaveModels -lVoFphaseTurbulentTransportModels -lincompressibleInterPhaseTransportModels -L/gpfs/home/s376817/OpenFOAM/s376817-v2406/platforms/linux64GccDPInt32Opt/lib -lwaves2Foam -lwaves2FoamGABC -lwaves2FoamPorosity -lwaves2FoamSampling -L/usr/lib64 -lgsl -lgslcblas -lOpenFOAM -ldl  \
     -lm -o /gpfs/home/s376817/OpenFOAM/s376817-v2406/platforms/linux64GccDPInt32Opt/bin/porousWaveFoam
Making dependencies: waveFoam.C
OMPI_CXX="g++" mpicxx -m64 -pthread -DOPENFOAM=2406 -DWM_DP -DWM_LABEL_SIZE=32 -Wall -Wextra -Wold-style-cast -Wnon-virtual-dtor -Wno-unused-parameter -Wno-invalid-offsetof -Wno-attributes -Wno-unknown-pragmas -O2 -fno-tree-vectorize -march=native -fno-math-errno -std=c++14 -fuse-ld=bfd  -DNoRepository -ftemplate-depth-100  -I/apps/software/OpenFOAM/v2406-foss-2023a/OpenFOAM-v2406/applications/solvers/multiphase/VoF -I/apps/software/OpenFOAM/v2406-foss-2023a/OpenFOAM-v2406/src/phaseSystemModels/twoPhaseInter/incompressibleInterPhaseTransportModel/lnInclude -I/apps/software/OpenFOAM/v2406-foss-2023a/OpenFOAM-v2406/src/phaseSystemModels/twoPhaseInter/VoFphaseIncompressibleTurbulenceModels/lnInclude -I/apps/software/OpenFOAM/v2406-foss-2023a/OpenFOAM-v2406/src/finiteVolume/lnInclude -I/apps/software/OpenFOAM/v2406-foss-2023a/OpenFOAM-v2406/src/meshTools/lnInclude -I/apps/software/OpenFOAM/v2406-foss-2023a/OpenFOAM-v2406/src/sampling/lnInclude -I/apps/software/OpenFOAM/v2406-foss-2023a/OpenFOAM-v2406/src/dynamicFvMesh/lnInclude -I/apps/software/OpenFOAM/v2406-foss-2023a/OpenFOAM-v2406/src/transportModels -I/apps/software/OpenFOAM/v2406-foss-2023a/OpenFOAM-v2406/src/transportModels/incompressible/lnInclude -I/apps/software/OpenFOAM/v2406-foss-2023a/OpenFOAM-v2406/src/transportModels/interfaceProperties/lnInclude -I/apps/software/OpenFOAM/v2406-foss-2023a/OpenFOAM-v2406/src/transportModels/twoPhaseMixture/lnInclude -I/apps/software/OpenFOAM/v2406-foss-2023a/OpenFOAM-v2406/src/TurbulenceModels/turbulenceModels/lnInclude -I/apps/software/OpenFOAM/v2406-foss-2023a/OpenFOAM-v2406/src/TurbulenceModels/incompressible/lnInclude -I/apps/software/OpenFOAM/v2406-foss-2023a/OpenFOAM-v2406/src/TurbulenceModels/phaseIncompressible/lnInclude -I/apps/software/OpenFOAM/v2406-foss-2023a/OpenFOAM-v2406/src/transportModels/immiscibleIncompressibleTwoPhaseMixture/lnInclude -I/gpfs/home/s376817/OpenFOAM/s376817-v2406/applications/utilities/waves2Foam/src/waves2Foam/lnInclude -I/gpfs/home/s376817/OpenFOAM/s376817-v2406/applications/utilities/waves2Foam/src/waves2FoamGABC/lnInclude -I/gpfs/home/s376817/OpenFOAM/s376817-v2406/applications/utilities/waves2Foam/src/waves2FoamSampling2206/lnInclude -I/usr/include -DOFVERSION=2512 -DEXTBRANCH=0 -DOFPLUSBRANCH=1 -DXVERSION=0  -iquote. -IlnInclude -I/apps/software/OpenFOAM/v2406-foss-2023a/OpenFOAM-v2406/src/OpenFOAM/lnInclude -I/apps/software/OpenFOAM/v2406-foss-2023a/OpenFOAM-v2406/src/OSspecific/POSIX/lnInclude   -fPIC -c waveFoam.C -o Make/linux64GccDPInt32Opt/waveFoam.o
In file included from /gpfs/home/s376817/OpenFOAM/s376817-v2406/applications/utilities/waves2Foam/src/waves2Foam/lnInclude/convexPolyhedral.H:56,
                 from /gpfs/home/s376817/OpenFOAM/s376817-v2406/applications/utilities/waves2Foam/src/waves2Foam/lnInclude/relaxationScheme.H:63,
                 from /gpfs/home/s376817/OpenFOAM/s376817-v2406/applications/utilities/waves2Foam/src/waves2Foam/lnInclude/relaxationZone.H:44,
                 from waveFoam.C:56:
/gpfs/home/s376817/OpenFOAM/s376817-v2406/applications/utilities/waves2Foam/src/waves2Foam/lnInclude/localCell.H: In member function ‘Foam::vector Foam::localCell::fnormal(Foam::label) const’:
/gpfs/home/s376817/OpenFOAM/s376817-v2406/applications/utilities/waves2Foam/src/waves2Foam/lnInclude/localCell.H:207:37: warning: ‘Foam::vector Foam::face::normal(const Foam::UList<Foam::Vector<double> >&) const’ is deprecated: Since 2018-12; use "areaNormal() or unitNormal()" [-Wdeprecated-declarations]
  207 |             return fL_[faceI].normal(pp_);
      |                    ~~~~~~~~~~~~~~~~~^~~~~
In file included from /apps/software/OpenFOAM/v2406-foss-2023a/OpenFOAM-v2406/src/OpenFOAM/lnInclude/faceList.H:31,
                 from /apps/software/OpenFOAM/v2406-foss-2023a/OpenFOAM-v2406/src/OpenFOAM/lnInclude/primitiveMesh.H:59,
                 from /apps/software/OpenFOAM/v2406-foss-2023a/OpenFOAM-v2406/src/OpenFOAM/lnInclude/polyMesh.H:48,
                 from /apps/software/OpenFOAM/v2406-foss-2023a/OpenFOAM-v2406/src/finiteVolume/lnInclude/fvMesh.H:53,
                 from /apps/software/OpenFOAM/v2406-foss-2023a/OpenFOAM-v2406/src/finiteVolume/lnInclude/fvCFD.H:5,
                 from waveFoam.C:41:
/apps/software/OpenFOAM/v2406-foss-2023a/OpenFOAM-v2406/src/OpenFOAM/lnInclude/face.H:202:16: note: declared here
  202 |         vector normal(const UList<point>& p) const
      |                ^~~~~~
OMPI_CXX="g++" mpicxx -m64 -pthread -DOPENFOAM=2406 -DWM_DP -DWM_LABEL_SIZE=32 -Wall -Wextra -Wold-style-cast -Wnon-virtual-dtor -Wno-unused-parameter -Wno-invalid-offsetof -Wno-attributes -Wno-unknown-pragmas -O2 -fno-tree-vectorize -march=native -fno-math-errno -std=c++14 -fuse-ld=bfd  -DNoRepository -ftemplate-depth-100  -I/apps/software/OpenFOAM/v2406-foss-2023a/OpenFOAM-v2406/applications/solvers/multiphase/VoF -I/apps/software/OpenFOAM/v2406-foss-2023a/OpenFOAM-v2406/src/phaseSystemModels/twoPhaseInter/incompressibleInterPhaseTransportModel/lnInclude -I/apps/software/OpenFOAM/v2406-foss-2023a/OpenFOAM-v2406/src/phaseSystemModels/twoPhaseInter/VoFphaseIncompressibleTurbulenceModels/lnInclude -I/apps/software/OpenFOAM/v2406-foss-2023a/OpenFOAM-v2406/src/finiteVolume/lnInclude -I/apps/software/OpenFOAM/v2406-foss-2023a/OpenFOAM-v2406/src/meshTools/lnInclude -I/apps/software/OpenFOAM/v2406-foss-2023a/OpenFOAM-v2406/src/sampling/lnInclude -I/apps/software/OpenFOAM/v2406-foss-2023a/OpenFOAM-v2406/src/dynamicFvMesh/lnInclude -I/apps/software/OpenFOAM/v2406-foss-2023a/OpenFOAM-v2406/src/transportModels -I/apps/software/OpenFOAM/v2406-foss-2023a/OpenFOAM-v2406/src/transportModels/incompressible/lnInclude -I/apps/software/OpenFOAM/v2406-foss-2023a/OpenFOAM-v2406/src/transportModels/interfaceProperties/lnInclude -I/apps/software/OpenFOAM/v2406-foss-2023a/OpenFOAM-v2406/src/transportModels/twoPhaseMixture/lnInclude -I/apps/software/OpenFOAM/v2406-foss-2023a/OpenFOAM-v2406/src/TurbulenceModels/turbulenceModels/lnInclude -I/apps/software/OpenFOAM/v2406-foss-2023a/OpenFOAM-v2406/src/TurbulenceModels/incompressible/lnInclude -I/apps/software/OpenFOAM/v2406-foss-2023a/OpenFOAM-v2406/src/TurbulenceModels/phaseIncompressible/lnInclude -I/apps/software/OpenFOAM/v2406-foss-2023a/OpenFOAM-v2406/src/transportModels/immiscibleIncompressibleTwoPhaseMixture/lnInclude -I/gpfs/home/s376817/OpenFOAM/s376817-v2406/applications/utilities/waves2Foam/src/waves2Foam/lnInclude -I/gpfs/home/s376817/OpenFOAM/s376817-v2406/applications/utilities/waves2Foam/src/waves2FoamGABC/lnInclude -I/gpfs/home/s376817/OpenFOAM/s376817-v2406/applications/utilities/waves2Foam/src/waves2FoamSampling2206/lnInclude -I/usr/include -DOFVERSION=2512 -DEXTBRANCH=0 -DOFPLUSBRANCH=1 -DXVERSION=0  -iquote. -IlnInclude -I/apps/software/OpenFOAM/v2406-foss-2023a/OpenFOAM-v2406/src/OpenFOAM/lnInclude -I/apps/software/OpenFOAM/v2406-foss-2023a/OpenFOAM-v2406/src/OSspecific/POSIX/lnInclude   -fPIC -Xlinker --add-needed -Xlinker --no-as-needed  Make/linux64GccDPInt32Opt/waveFoam.o -L/apps/software/OpenFOAM/v2406-foss-2023a/OpenFOAM-v2406/platforms/linux64GccDPInt32Opt/lib \
    -lfiniteVolume -lfvOptions -lmeshTools -lsampling -ldynamicFvMesh -lincompressibleTransportModels -linterfaceProperties -limmiscibleIncompressibleTwoPhaseMixture -ltwoPhaseProperties -lturbulenceModels -lincompressibleTurbulenceModels -lwaveModels -lVoFphaseTurbulentTransportModels -lincompressibleInterPhaseTransportModels -L/gpfs/home/s376817/OpenFOAM/s376817-v2406/platforms/linux64GccDPInt32Opt/lib -lwaves2Foam -lwaves2FoamGABC -lwaves2FoamSampling -L/usr/lib64 -lgsl -lgslcblas -lOpenFOAM -ldl  \
     -lm -o /gpfs/home/s376817/OpenFOAM/s376817-v2406/platforms/linux64GccDPInt32Opt/bin/waveFoam
Making dependencies: waveIsoFoam.C
OMPI_CXX="g++" mpicxx -m64 -pthread -DOPENFOAM=2406 -DWM_DP -DWM_LABEL_SIZE=32 -Wall -Wextra -Wold-style-cast -Wnon-virtual-dtor -Wno-unused-parameter -Wno-invalid-offsetof -Wno-attributes -Wno-unknown-pragmas -O2 -fno-tree-vectorize -march=native -fno-math-errno -std=c++14 -fuse-ld=bfd  -DNoRepository -ftemplate-depth-100  -I/apps/software/OpenFOAM/v2406-foss-2023a/OpenFOAM-v2406/applications/solvers/multiphase/VoF -I/apps/software/OpenFOAM/v2406-foss-2023a/OpenFOAM-v2406/src/phaseSystemModels/twoPhaseInter/incompressibleInterPhaseTransportModel/lnInclude -I/apps/software/OpenFOAM/v2406-foss-2023a/OpenFOAM-v2406/src/phaseSystemModels/twoPhaseInter/VoFphaseIncompressibleTurbulenceModels/lnInclude -I../waveFoam -I/apps/software/OpenFOAM/v2406-foss-2023a/OpenFOAM-v2406/src/finiteVolume/lnInclude -I/apps/software/OpenFOAM/v2406-foss-2023a/OpenFOAM-v2406/src/surfMesh/lnInclude -I/apps/software/OpenFOAM/v2406-foss-2023a/OpenFOAM-v2406/src/meshTools/lnInclude -I/apps/software/OpenFOAM/v2406-foss-2023a/OpenFOAM-v2406/src/sampling/lnInclude -I/apps/software/OpenFOAM/v2406-foss-2023a/OpenFOAM-v2406/src/dynamicFvMesh/lnInclude -I/apps/software/OpenFOAM/v2406-foss-2023a/OpenFOAM-v2406/src/dynamicMesh/lnInclude -I/apps/software/OpenFOAM/v2406-foss-2023a/OpenFOAM-v2406/src/transportModels -I/apps/software/OpenFOAM/v2406-foss-2023a/OpenFOAM-v2406/src/transportModels/geometricVoF/lnInclude -I/apps/software/OpenFOAM/v2406-foss-2023a/OpenFOAM-v2406/src/transportModels/twoPhaseMixture/lnInclude -I/apps/software/OpenFOAM/v2406-foss-2023a/OpenFOAM-v2406/src/transportModels/incompressible/lnInclude -I/apps/software/OpenFOAM/v2406-foss-2023a/OpenFOAM-v2406/src/transportModels/interfaceProperties/lnInclude -I/apps/software/OpenFOAM/v2406-foss-2023a/OpenFOAM-v2406/src/TurbulenceModels/turbulenceModels/lnInclude -I/apps/software/OpenFOAM/v2406-foss-2023a/OpenFOAM-v2406/src/TurbulenceModels/incompressible/lnInclude -I/apps/software/OpenFOAM/v2406-foss-2023a/OpenFOAM-v2406/src/TurbulenceModels/phaseIncompressible/lnInclude -I/apps/software/OpenFOAM/v2406-foss-2023a/OpenFOAM-v2406/src/transportModels/immiscibleIncompressibleTwoPhaseMixture/lnInclude -I/gpfs/home/s376817/OpenFOAM/s376817-v2406/applications/utilities/waves2Foam/src/waves2Foam/lnInclude -I/gpfs/home/s376817/OpenFOAM/s376817-v2406/applications/utilities/waves2Foam/src/waves2FoamGABC/lnInclude -I/gpfs/home/s376817/OpenFOAM/s376817-v2406/applications/utilities/waves2Foam/src/waves2FoamSampling2512/lnInclude -I/usr/include -DOFVERSION=2512 -DEXTBRANCH=0 -DOFPLUSBRANCH=1 -DXVERSION=0  -iquote. -IlnInclude -I/apps/software/OpenFOAM/v2406-foss-2023a/OpenFOAM-v2406/src/OpenFOAM/lnInclude -I/apps/software/OpenFOAM/v2406-foss-2023a/OpenFOAM-v2406/src/OSspecific/POSIX/lnInclude   -fPIC -c waveIsoFoam.C -o Make/linux64GccDPInt32Opt/waveIsoFoam.o
In file included from /gpfs/home/s376817/OpenFOAM/s376817-v2406/applications/utilities/waves2Foam/src/waves2Foam/lnInclude/convexPolyhedral.H:56,
                 from /gpfs/home/s376817/OpenFOAM/s376817-v2406/applications/utilities/waves2Foam/src/waves2Foam/lnInclude/relaxationScheme.H:63,
                 from /gpfs/home/s376817/OpenFOAM/s376817-v2406/applications/utilities/waves2Foam/src/waves2Foam/lnInclude/relaxationZone.H:44,
                 from waveIsoFoam.C:70:
/gpfs/home/s376817/OpenFOAM/s376817-v2406/applications/utilities/waves2Foam/src/waves2Foam/lnInclude/localCell.H: In member function ‘Foam::vector Foam::localCell::fnormal(Foam::label) const’:
/gpfs/home/s376817/OpenFOAM/s376817-v2406/applications/utilities/waves2Foam/src/waves2Foam/lnInclude/localCell.H:207:37: warning: ‘Foam::vector Foam::face::normal(const Foam::UList<Foam::Vector<double> >&) const’ is deprecated: Since 2018-12; use "areaNormal() or unitNormal()" [-Wdeprecated-declarations]
  207 |             return fL_[faceI].normal(pp_);
      |                    ~~~~~~~~~~~~~~~~~^~~~~
In file included from /apps/software/OpenFOAM/v2406-foss-2023a/OpenFOAM-v2406/src/OpenFOAM/lnInclude/faceList.H:31,
                 from /apps/software/OpenFOAM/v2406-foss-2023a/OpenFOAM-v2406/src/OpenFOAM/lnInclude/primitiveMesh.H:59,
                 from /apps/software/OpenFOAM/v2406-foss-2023a/OpenFOAM-v2406/src/OpenFOAM/lnInclude/polyMesh.H:48,
                 from /apps/software/OpenFOAM/v2406-foss-2023a/OpenFOAM-v2406/src/finiteVolume/lnInclude/fvMesh.H:53,
                 from /apps/software/OpenFOAM/v2406-foss-2023a/OpenFOAM-v2406/src/finiteVolume/lnInclude/fvCFD.H:5,
                 from waveIsoFoam.C:55:
/apps/software/OpenFOAM/v2406-foss-2023a/OpenFOAM-v2406/src/OpenFOAM/lnInclude/face.H:202:16: note: declared here
  202 |         vector normal(const UList<point>& p) const
      |                ^~~~~~
OMPI_CXX="g++" mpicxx -m64 -pthread -DOPENFOAM=2406 -DWM_DP -DWM_LABEL_SIZE=32 -Wall -Wextra -Wold-style-cast -Wnon-virtual-dtor -Wno-unused-parameter -Wno-invalid-offsetof -Wno-attributes -Wno-unknown-pragmas -O2 -fno-tree-vectorize -march=native -fno-math-errno -std=c++14 -fuse-ld=bfd  -DNoRepository -ftemplate-depth-100  -I/apps/software/OpenFOAM/v2406-foss-2023a/OpenFOAM-v2406/applications/solvers/multiphase/VoF -I/apps/software/OpenFOAM/v2406-foss-2023a/OpenFOAM-v2406/src/phaseSystemModels/twoPhaseInter/incompressibleInterPhaseTransportModel/lnInclude -I/apps/software/OpenFOAM/v2406-foss-2023a/OpenFOAM-v2406/src/phaseSystemModels/twoPhaseInter/VoFphaseIncompressibleTurbulenceModels/lnInclude -I../waveFoam -I/apps/software/OpenFOAM/v2406-foss-2023a/OpenFOAM-v2406/src/finiteVolume/lnInclude -I/apps/software/OpenFOAM/v2406-foss-2023a/OpenFOAM-v2406/src/surfMesh/lnInclude -I/apps/software/OpenFOAM/v2406-foss-2023a/OpenFOAM-v2406/src/meshTools/lnInclude -I/apps/software/OpenFOAM/v2406-foss-2023a/OpenFOAM-v2406/src/sampling/lnInclude -I/apps/software/OpenFOAM/v2406-foss-2023a/OpenFOAM-v2406/src/dynamicFvMesh/lnInclude -I/apps/software/OpenFOAM/v2406-foss-2023a/OpenFOAM-v2406/src/dynamicMesh/lnInclude -I/apps/software/OpenFOAM/v2406-foss-2023a/OpenFOAM-v2406/src/transportModels -I/apps/software/OpenFOAM/v2406-foss-2023a/OpenFOAM-v2406/src/transportModels/geometricVoF/lnInclude -I/apps/software/OpenFOAM/v2406-foss-2023a/OpenFOAM-v2406/src/transportModels/twoPhaseMixture/lnInclude -I/apps/software/OpenFOAM/v2406-foss-2023a/OpenFOAM-v2406/src/transportModels/incompressible/lnInclude -I/apps/software/OpenFOAM/v2406-foss-2023a/OpenFOAM-v2406/src/transportModels/interfaceProperties/lnInclude -I/apps/software/OpenFOAM/v2406-foss-2023a/OpenFOAM-v2406/src/TurbulenceModels/turbulenceModels/lnInclude -I/apps/software/OpenFOAM/v2406-foss-2023a/OpenFOAM-v2406/src/TurbulenceModels/incompressible/lnInclude -I/apps/software/OpenFOAM/v2406-foss-2023a/OpenFOAM-v2406/src/TurbulenceModels/phaseIncompressible/lnInclude -I/apps/software/OpenFOAM/v2406-foss-2023a/OpenFOAM-v2406/src/transportModels/immiscibleIncompressibleTwoPhaseMixture/lnInclude -I/gpfs/home/s376817/OpenFOAM/s376817-v2406/applications/utilities/waves2Foam/src/waves2Foam/lnInclude -I/gpfs/home/s376817/OpenFOAM/s376817-v2406/applications/utilities/waves2Foam/src/waves2FoamGABC/lnInclude -I/gpfs/home/s376817/OpenFOAM/s376817-v2406/applications/utilities/waves2Foam/src/waves2FoamSampling2512/lnInclude -I/usr/include -DOFVERSION=2512 -DEXTBRANCH=0 -DOFPLUSBRANCH=1 -DXVERSION=0  -iquote. -IlnInclude -I/apps/software/OpenFOAM/v2406-foss-2023a/OpenFOAM-v2406/src/OpenFOAM/lnInclude -I/apps/software/OpenFOAM/v2406-foss-2023a/OpenFOAM-v2406/src/OSspecific/POSIX/lnInclude   -fPIC -Xlinker --add-needed -Xlinker --no-as-needed  Make/linux64GccDPInt32Opt/waveIsoFoam.o -L/apps/software/OpenFOAM/v2406-foss-2023a/OpenFOAM-v2406/platforms/linux64GccDPInt32Opt/lib \
    -lfiniteVolume -lfvOptions -lsurfMesh -lmeshTools -lsampling -ldynamicFvMesh -lincompressibleTransportModels -linterfaceProperties -limmiscibleIncompressibleTwoPhaseMixture -lturbulenceModels -lincompressibleTurbulenceModels -lwaveModels -lgeometricVoF -lVoFphaseTurbulentTransportModels -lincompressibleInterPhaseTransportModels -L/gpfs/home/s376817/OpenFOAM/s376817-v2406/platforms/linux64GccDPInt32Opt/lib -lwaves2Foam -lwaves2FoamGABC -lwaves2FoamSampling -L/usr/lib64 -lgsl -lgslcblas -lOpenFOAM -ldl  \
     -lm -o /gpfs/home/s376817/OpenFOAM/s376817-v2406/platforms/linux64GccDPInt32Opt/bin/waveIsoFoam
Making dependencies: waveOverInterDyMFoam.C
OMPI_CXX="g++" mpicxx -m64 -pthread -DOPENFOAM=2406 -DWM_DP -DWM_LABEL_SIZE=32 -Wall -Wextra -Wold-style-cast -Wnon-virtual-dtor -Wno-unused-parameter -Wno-invalid-offsetof -Wno-attributes -Wno-unknown-pragmas -O2 -fno-tree-vectorize -march=native -fno-math-errno -std=c++14 -fuse-ld=bfd  -DNoRepository -ftemplate-depth-100  -I/apps/software/OpenFOAM/v2406-foss-2023a/OpenFOAM-v2406/applications/solvers/multiphase/interFoam -I/apps/software/OpenFOAM/v2406-foss-2023a/OpenFOAM-v2406/applications/solvers/multiphase/VoF -I/apps/software/OpenFOAM/v2406-foss-2023a/OpenFOAM-v2406/src/phaseSystemModels/twoPhaseInter/incompressibleInterPhaseTransportModel/lnInclude -I/apps/software/OpenFOAM/v2406-foss-2023a/OpenFOAM-v2406/src/phaseSystemModels/twoPhaseInter/VoFphaseIncompressibleTurbulenceModels/lnInclude -I/apps/software/OpenFOAM/v2406-foss-2023a/OpenFOAM-v2406/src/finiteVolume/lnInclude -I/apps/software/OpenFOAM/v2406-foss-2023a/OpenFOAM-v2406/src/meshTools/lnInclude -I/apps/software/OpenFOAM/v2406-foss-2023a/OpenFOAM-v2406/src/sampling/lnInclude -I/apps/software/OpenFOAM/v2406-foss-2023a/OpenFOAM-v2406/src/dynamicMesh/lnInclude -I/apps/software/OpenFOAM/v2406-foss-2023a/OpenFOAM-v2406/src/dynamicFvMesh/lnInclude -I/apps/software/OpenFOAM/v2406-foss-2023a/OpenFOAM-v2406/src/transportModels -I/apps/software/OpenFOAM/v2406-foss-2023a/OpenFOAM-v2406/src/transportModels/incompressible/lnInclude -I/apps/software/OpenFOAM/v2406-foss-2023a/OpenFOAM-v2406/src/transportModels/interfaceProperties/lnInclude -I/apps/software/OpenFOAM/v2406-foss-2023a/OpenFOAM-v2406/src/transportModels/twoPhaseMixture/lnInclude -I/apps/software/OpenFOAM/v2406-foss-2023a/OpenFOAM-v2406/src/TurbulenceModels/turbulenceModels/lnInclude -I/apps/software/OpenFOAM/v2406-foss-2023a/OpenFOAM-v2406/src/TurbulenceModels/incompressible/lnInclude -I/apps/software/OpenFOAM/v2406-foss-2023a/OpenFOAM-v2406/src/TurbulenceModels/phaseIncompressible/lnInclude -I/apps/software/OpenFOAM/v2406-foss-2023a/OpenFOAM-v2406/src/transportModels/immiscibleIncompressibleTwoPhaseMixture/lnInclude -I/apps/software/OpenFOAM/v2406-foss-2023a/OpenFOAM-v2406/applications/solvers/incompressible/pimpleFoam/overPimpleDyMFoam -I/apps/software/OpenFOAM/v2406-foss-2023a/OpenFOAM-v2406/src/overset/lnInclude -I/gpfs/home/s376817/OpenFOAM/s376817-v2406/applications/utilities/waves2Foam/src/waves2Foam/lnInclude -I/gpfs/home/s376817/OpenFOAM/s376817-v2406/applications/utilities/waves2Foam/src/waves2FoamGABC/lnInclude -I/gpfs/home/s376817/OpenFOAM/s376817-v2406/applications/utilities/waves2Foam/src/waves2FoamSampling2206/lnInclude -I/usr/include -DOFVERSION=2406 -DEXTBRANCH=0 -DOFPLUSBRANCH=1 -DXVERSION=0 -iquote. -IlnInclude -I/apps/software/OpenFOAM/v2406-foss-2023a/OpenFOAM-v2406/src/OpenFOAM/lnInclude -I/apps/software/OpenFOAM/v2406-foss-2023a/OpenFOAM-v2406/src/OSspecific/POSIX/lnInclude   -fPIC -c waveOverInterDyMFoam.C -o Make/linux64GccDPInt32Opt/waveOverInterDyMFoam.o
In file included from /gpfs/home/s376817/OpenFOAM/s376817-v2406/applications/utilities/waves2Foam/src/waves2Foam/lnInclude/convexPolyhedral.H:56,
                 from /gpfs/home/s376817/OpenFOAM/s376817-v2406/applications/utilities/waves2Foam/src/waves2Foam/lnInclude/relaxationScheme.H:63,
                 from /gpfs/home/s376817/OpenFOAM/s376817-v2406/applications/utilities/waves2Foam/src/waves2Foam/lnInclude/relaxationZone.H:44,
                 from waveOverInterDyMFoam.C:61:
/gpfs/home/s376817/OpenFOAM/s376817-v2406/applications/utilities/waves2Foam/src/waves2Foam/lnInclude/localCell.H: In member function ‘Foam::vector Foam::localCell::fnormal(Foam::label) const’:
/gpfs/home/s376817/OpenFOAM/s376817-v2406/applications/utilities/waves2Foam/src/waves2Foam/lnInclude/localCell.H:207:37: warning: ‘Foam::vector Foam::face::normal(const Foam::UList<Foam::Vector<double> >&) const’ is deprecated: Since 2018-12; use "areaNormal() or unitNormal()" [-Wdeprecated-declarations]
  207 |             return fL_[faceI].normal(pp_);
      |                    ~~~~~~~~~~~~~~~~~^~~~~
In file included from /apps/software/OpenFOAM/v2406-foss-2023a/OpenFOAM-v2406/src/OpenFOAM/lnInclude/faceList.H:31,
                 from /apps/software/OpenFOAM/v2406-foss-2023a/OpenFOAM-v2406/src/OpenFOAM/lnInclude/primitiveMesh.H:59,
                 from /apps/software/OpenFOAM/v2406-foss-2023a/OpenFOAM-v2406/src/OpenFOAM/lnInclude/polyMesh.H:48,
                 from /apps/software/OpenFOAM/v2406-foss-2023a/OpenFOAM-v2406/src/finiteVolume/lnInclude/fvMesh.H:53,
                 from /apps/software/OpenFOAM/v2406-foss-2023a/OpenFOAM-v2406/src/finiteVolume/lnInclude/fvCFD.H:5,
                 from waveOverInterDyMFoam.C:44:
/apps/software/OpenFOAM/v2406-foss-2023a/OpenFOAM-v2406/src/OpenFOAM/lnInclude/face.H:202:16: note: declared here
  202 |         vector normal(const UList<point>& p) const
      |                ^~~~~~
OMPI_CXX="g++" mpicxx -m64 -pthread -DOPENFOAM=2406 -DWM_DP -DWM_LABEL_SIZE=32 -Wall -Wextra -Wold-style-cast -Wnon-virtual-dtor -Wno-unused-parameter -Wno-invalid-offsetof -Wno-attributes -Wno-unknown-pragmas -O2 -fno-tree-vectorize -march=native -fno-math-errno -std=c++14 -fuse-ld=bfd  -DNoRepository -ftemplate-depth-100  -I/apps/software/OpenFOAM/v2406-foss-2023a/OpenFOAM-v2406/applications/solvers/multiphase/interFoam -I/apps/software/OpenFOAM/v2406-foss-2023a/OpenFOAM-v2406/applications/solvers/multiphase/VoF -I/apps/software/OpenFOAM/v2406-foss-2023a/OpenFOAM-v2406/src/phaseSystemModels/twoPhaseInter/incompressibleInterPhaseTransportModel/lnInclude -I/apps/software/OpenFOAM/v2406-foss-2023a/OpenFOAM-v2406/src/phaseSystemModels/twoPhaseInter/VoFphaseIncompressibleTurbulenceModels/lnInclude -I/apps/software/OpenFOAM/v2406-foss-2023a/OpenFOAM-v2406/src/finiteVolume/lnInclude -I/apps/software/OpenFOAM/v2406-foss-2023a/OpenFOAM-v2406/src/meshTools/lnInclude -I/apps/software/OpenFOAM/v2406-foss-2023a/OpenFOAM-v2406/src/sampling/lnInclude -I/apps/software/OpenFOAM/v2406-foss-2023a/OpenFOAM-v2406/src/dynamicMesh/lnInclude -I/apps/software/OpenFOAM/v2406-foss-2023a/OpenFOAM-v2406/src/dynamicFvMesh/lnInclude -I/apps/software/OpenFOAM/v2406-foss-2023a/OpenFOAM-v2406/src/transportModels -I/apps/software/OpenFOAM/v2406-foss-2023a/OpenFOAM-v2406/src/transportModels/incompressible/lnInclude -I/apps/software/OpenFOAM/v2406-foss-2023a/OpenFOAM-v2406/src/transportModels/interfaceProperties/lnInclude -I/apps/software/OpenFOAM/v2406-foss-2023a/OpenFOAM-v2406/src/transportModels/twoPhaseMixture/lnInclude -I/apps/software/OpenFOAM/v2406-foss-2023a/OpenFOAM-v2406/src/TurbulenceModels/turbulenceModels/lnInclude -I/apps/software/OpenFOAM/v2406-foss-2023a/OpenFOAM-v2406/src/TurbulenceModels/incompressible/lnInclude -I/apps/software/OpenFOAM/v2406-foss-2023a/OpenFOAM-v2406/src/TurbulenceModels/phaseIncompressible/lnInclude -I/apps/software/OpenFOAM/v2406-foss-2023a/OpenFOAM-v2406/src/transportModels/immiscibleIncompressibleTwoPhaseMixture/lnInclude -I/apps/software/OpenFOAM/v2406-foss-2023a/OpenFOAM-v2406/applications/solvers/incompressible/pimpleFoam/overPimpleDyMFoam -I/apps/software/OpenFOAM/v2406-foss-2023a/OpenFOAM-v2406/src/overset/lnInclude -I/gpfs/home/s376817/OpenFOAM/s376817-v2406/applications/utilities/waves2Foam/src/waves2Foam/lnInclude -I/gpfs/home/s376817/OpenFOAM/s376817-v2406/applications/utilities/waves2Foam/src/waves2FoamGABC/lnInclude -I/gpfs/home/s376817/OpenFOAM/s376817-v2406/applications/utilities/waves2Foam/src/waves2FoamSampling2206/lnInclude -I/usr/include -DOFVERSION=2406 -DEXTBRANCH=0 -DOFPLUSBRANCH=1 -DXVERSION=0 -iquote. -IlnInclude -I/apps/software/OpenFOAM/v2406-foss-2023a/OpenFOAM-v2406/src/OpenFOAM/lnInclude -I/apps/software/OpenFOAM/v2406-foss-2023a/OpenFOAM-v2406/src/OSspecific/POSIX/lnInclude   -fPIC -Xlinker --add-needed -Xlinker --no-as-needed  Make/linux64GccDPInt32Opt/waveOverInterDyMFoam.o -L/apps/software/OpenFOAM/v2406-foss-2023a/OpenFOAM-v2406/platforms/linux64GccDPInt32Opt/lib \
    -lfiniteVolume -lfvOptions -lmeshTools -lsampling -ldynamicMesh -ldynamicFvMesh -ltopoChangerFvMesh -loverset -lincompressibleTransportModels -linterfaceProperties -limmiscibleIncompressibleTwoPhaseMixture -ltwoPhaseProperties -lturbulenceModels -lincompressibleTurbulenceModels -lwaveModels -lVoFphaseTurbulentTransportModels -lincompressibleInterPhaseTransportModels -L/gpfs/home/s376817/OpenFOAM/s376817-v2406/platforms/linux64GccDPInt32Opt/lib -lwaves2Foam -lwaves2FoamGABC -lwaves2FoamSampling -L/usr/lib64 -lgsl -lgslcblas -lOpenFOAM -ldl  \
     -lm -o /gpfs/home/s376817/OpenFOAM/s376817-v2406/platforms/linux64GccDPInt32Opt/bin/waveOverInterDyMFoam

=====================================
    COMPILE PRE-PROCESSING
=====================================
wmake faceSetToSTL
make[1]: Entering directory '/gpfs/home/s376817/OpenFOAM/s376817-v2406/applications/utilities/waves2Foam/applications/utilities/preProcessing/faceSetToSTL'
Making dependencies: faceSetToSTL.C
wmkdepend: could not open 'foamTime.H' for source file 'faceSetToSTL.C': No such file or directory
OMPI_CXX="g++" mpicxx -m64 -pthread -DOPENFOAM=2406 -DWM_DP -DWM_LABEL_SIZE=32 -Wall -Wextra -Wold-style-cast -Wnon-virtual-dtor -Wno-unused-parameter -Wno-invalid-offsetof -Wno-attributes -Wno-unknown-pragmas -O2 -fno-tree-vectorize -march=native -fno-math-errno -std=c++14 -fuse-ld=bfd  -DNoRepository -ftemplate-depth-100  -I/apps/software/OpenFOAM/v2406-foss-2023a/OpenFOAM-v2406/src/OpenFOAM/lnInclude -I/apps/software/OpenFOAM/v2406-foss-2023a/OpenFOAM-v2406/src/meshTools/lnInclude -I/apps/software/OpenFOAM/v2406-foss-2023a/OpenFOAM-v2406/src/surfMesh/lnInclude -I/apps/software/OpenFOAM/v2406-foss-2023a/OpenFOAM-v2406/src/finiteVolume/lnInclude -DOFVERSION=2406 -DEXTBRANCH=0 -iquote. -IlnInclude -I/apps/software/OpenFOAM/v2406-foss-2023a/OpenFOAM-v2406/src/OpenFOAM/lnInclude -I/apps/software/OpenFOAM/v2406-foss-2023a/OpenFOAM-v2406/src/OSspecific/POSIX/lnInclude   -fPIC -c faceSetToSTL.C -o Make/linux64GccDPInt32Opt/faceSetToSTL.o
faceSetToSTL.C: In function ‘void extrudeFacesAndPoints(const Foam::dictionary&, Foam::faceList&, Foam::pointField&)’:
faceSetToSTL.C:160:35: warning: ‘Foam::vector Foam::face::normal(const Foam::UList<Foam::Vector<double> >&) const’ is deprecated: Since 2018-12; use "areaNormal() or unitNormal()" [-Wdeprecated-declarations]
  160 |     vector faceNormal(fL[0].normal(pp));
      |                       ~~~~~~~~~~~~^~~~
In file included from /apps/software/OpenFOAM/v2406-foss-2023a/OpenFOAM-v2406/src/OpenFOAM/lnInclude/faceList.H:31,
                 from /apps/software/OpenFOAM/v2406-foss-2023a/OpenFOAM-v2406/src/OpenFOAM/lnInclude/primitiveMesh.H:59,
                 from /apps/software/OpenFOAM/v2406-foss-2023a/OpenFOAM-v2406/src/OpenFOAM/lnInclude/polyMesh.H:48,
                 from /apps/software/OpenFOAM/v2406-foss-2023a/OpenFOAM-v2406/src/finiteVolume/lnInclude/fvMesh.H:53,
                 from faceSetToSTL.C:55:
/apps/software/OpenFOAM/v2406-foss-2023a/OpenFOAM-v2406/src/OpenFOAM/lnInclude/face.H:202:16: note: declared here
  202 |         vector normal(const UList<point>& p) const
      |                ^~~~~~
OMPI_CXX="g++" mpicxx -m64 -pthread -DOPENFOAM=2406 -DWM_DP -DWM_LABEL_SIZE=32 -Wall -Wextra -Wold-style-cast -Wnon-virtual-dtor -Wno-unused-parameter -Wno-invalid-offsetof -Wno-attributes -Wno-unknown-pragmas -O2 -fno-tree-vectorize -march=native -fno-math-errno -std=c++14 -fuse-ld=bfd  -DNoRepository -ftemplate-depth-100  -I/apps/software/OpenFOAM/v2406-foss-2023a/OpenFOAM-v2406/src/OpenFOAM/lnInclude -I/apps/software/OpenFOAM/v2406-foss-2023a/OpenFOAM-v2406/src/meshTools/lnInclude -I/apps/software/OpenFOAM/v2406-foss-2023a/OpenFOAM-v2406/src/surfMesh/lnInclude -I/apps/software/OpenFOAM/v2406-foss-2023a/OpenFOAM-v2406/src/finiteVolume/lnInclude -DOFVERSION=2406 -DEXTBRANCH=0 -iquote. -IlnInclude -I/apps/software/OpenFOAM/v2406-foss-2023a/OpenFOAM-v2406/src/OpenFOAM/lnInclude -I/apps/software/OpenFOAM/v2406-foss-2023a/OpenFOAM-v2406/src/OSspecific/POSIX/lnInclude   -fPIC -Xlinker --add-needed -Xlinker --no-as-needed  Make/linux64GccDPInt32Opt/faceSetToSTL.o -L/apps/software/OpenFOAM/v2406-foss-2023a/OpenFOAM-v2406/platforms/linux64GccDPInt32Opt/lib \
    -lOpenFOAM -lmeshTools -lsurfMesh -lfiniteVolume -lOpenFOAM -ldl  \
     -lm -o /gpfs/home/s376817/OpenFOAM/s376817-v2406/platforms/linux64GccDPInt32Opt/bin/faceSetToSTL
make[1]: Leaving directory '/gpfs/home/s376817/OpenFOAM/s376817-v2406/applications/utilities/waves2Foam/applications/utilities/preProcessing/faceSetToSTL'
wmake relaxationZoneLayout
make[1]: Entering directory '/gpfs/home/s376817/OpenFOAM/s376817-v2406/applications/utilities/waves2Foam/applications/utilities/preProcessing/relaxationZoneLayout'
Making dependencies: relaxationZoneLayout.C
wmkdepend: could not open 'foamTime.H' for source file 'relaxationZoneLayout.C': No such file or directory
OMPI_CXX="g++" mpicxx -m64 -pthread -DOPENFOAM=2406 -DWM_DP -DWM_LABEL_SIZE=32 -Wall -Wextra -Wold-style-cast -Wnon-virtual-dtor -Wno-unused-parameter -Wno-invalid-offsetof -Wno-attributes -Wno-unknown-pragmas -O2 -fno-tree-vectorize -march=native -fno-math-errno -std=c++14 -fuse-ld=bfd  -DNoRepository -ftemplate-depth-100  -I/apps/software/OpenFOAM/v2406-foss-2023a/OpenFOAM-v2406/src/meshTools/lnInclude -I/apps/software/OpenFOAM/v2406-foss-2023a/OpenFOAM-v2406/src/finiteVolume/lnInclude -DOFVERSION=2406 -DEXTBRANCH=0 -I/gpfs/home/s376817/OpenFOAM/s376817-v2406/applications/utilities/waves2Foam/src/waves2Foam/lnInclude -I/usr/include -iquote. -IlnInclude -I/apps/software/OpenFOAM/v2406-foss-2023a/OpenFOAM-v2406/src/OpenFOAM/lnInclude -I/apps/software/OpenFOAM/v2406-foss-2023a/OpenFOAM-v2406/src/OSspecific/POSIX/lnInclude   -fPIC -c relaxationZoneLayout.C -o Make/linux64GccDPInt32Opt/relaxationZoneLayout.o
OMPI_CXX="g++" mpicxx -m64 -pthread -DOPENFOAM=2406 -DWM_DP -DWM_LABEL_SIZE=32 -Wall -Wextra -Wold-style-cast -Wnon-virtual-dtor -Wno-unused-parameter -Wno-invalid-offsetof -Wno-attributes -Wno-unknown-pragmas -O2 -fno-tree-vectorize -march=native -fno-math-errno -std=c++14 -fuse-ld=bfd  -DNoRepository -ftemplate-depth-100  -I/apps/software/OpenFOAM/v2406-foss-2023a/OpenFOAM-v2406/src/meshTools/lnInclude -I/apps/software/OpenFOAM/v2406-foss-2023a/OpenFOAM-v2406/src/finiteVolume/lnInclude -DOFVERSION=2406 -DEXTBRANCH=0 -I/gpfs/home/s376817/OpenFOAM/s376817-v2406/applications/utilities/waves2Foam/src/waves2Foam/lnInclude -I/usr/include -iquote. -IlnInclude -I/apps/software/OpenFOAM/v2406-foss-2023a/OpenFOAM-v2406/src/OpenFOAM/lnInclude -I/apps/software/OpenFOAM/v2406-foss-2023a/OpenFOAM-v2406/src/OSspecific/POSIX/lnInclude   -fPIC -Xlinker --add-needed -Xlinker --no-as-needed  Make/linux64GccDPInt32Opt/relaxationZoneLayout.o -L/apps/software/OpenFOAM/v2406-foss-2023a/OpenFOAM-v2406/platforms/linux64GccDPInt32Opt/lib \
    -lfiniteVolume -L/gpfs/home/s376817/OpenFOAM/s376817-v2406/platforms/linux64GccDPInt32Opt/lib -lwaves2Foam -L/usr/lib64 -lgsl -lgslcblas -lOpenFOAM -ldl  \
     -lm -o /gpfs/home/s376817/OpenFOAM/s376817-v2406/platforms/linux64GccDPInt32Opt/bin/relaxationZoneLayout
make[1]: Leaving directory '/gpfs/home/s376817/OpenFOAM/s376817-v2406/applications/utilities/waves2Foam/applications/utilities/preProcessing/relaxationZoneLayout'
wmake sampleIncidentWaveField
make[1]: Entering directory '/gpfs/home/s376817/OpenFOAM/s376817-v2406/applications/utilities/waves2Foam/applications/utilities/preProcessing/sampleIncidentWaveField'
Making dependencies: sampleIncidentWaveField.C
wmkdepend: could not open 'foamTime.H' for source file 'sampleIncidentWaveField.C': No such file or directory
OMPI_CXX="g++" mpicxx -m64 -pthread -DOPENFOAM=2406 -DWM_DP -DWM_LABEL_SIZE=32 -Wall -Wextra -Wold-style-cast -Wnon-virtual-dtor -Wno-unused-parameter -Wno-invalid-offsetof -Wno-attributes -Wno-unknown-pragmas -O2 -fno-tree-vectorize -march=native -fno-math-errno -std=c++14 -fuse-ld=bfd  -DNoRepository -ftemplate-depth-100  -I/apps/software/OpenFOAM/v2406-foss-2023a/OpenFOAM-v2406/src/meshTools/lnInclude -I/apps/software/OpenFOAM/v2406-foss-2023a/OpenFOAM-v2406/src/finiteVolume/lnInclude -DOFVERSION=2406 -DEXTBRANCH=0 -I/gpfs/home/s376817/OpenFOAM/s376817-v2406/applications/utilities/waves2Foam/src/waves2Foam/lnInclude -I/gpfs/home/s376817/OpenFOAM/s376817-v2406/applications/utilities/waves2Foam/src/waves2FoamProcessing/lnInclude -I/usr/include -iquote. -IlnInclude -I/apps/software/OpenFOAM/v2406-foss-2023a/OpenFOAM-v2406/src/OpenFOAM/lnInclude -I/apps/software/OpenFOAM/v2406-foss-2023a/OpenFOAM-v2406/src/OSspecific/POSIX/lnInclude   -fPIC -c sampleIncidentWaveField.C -o Make/linux64GccDPInt32Opt/sampleIncidentWaveField.o
sampleIncidentWaveField.C: In function ‘int main(int, char**)’:
sampleIncidentWaveField.C:239:11: warning: unused variable ‘count’ [-Wunused-variable]
  239 |     label count = 0;
      |           ^~~~~
OMPI_CXX="g++" mpicxx -m64 -pthread -DOPENFOAM=2406 -DWM_DP -DWM_LABEL_SIZE=32 -Wall -Wextra -Wold-style-cast -Wnon-virtual-dtor -Wno-unused-parameter -Wno-invalid-offsetof -Wno-attributes -Wno-unknown-pragmas -O2 -fno-tree-vectorize -march=native -fno-math-errno -std=c++14 -fuse-ld=bfd  -DNoRepository -ftemplate-depth-100  -I/apps/software/OpenFOAM/v2406-foss-2023a/OpenFOAM-v2406/src/meshTools/lnInclude -I/apps/software/OpenFOAM/v2406-foss-2023a/OpenFOAM-v2406/src/finiteVolume/lnInclude -DOFVERSION=2406 -DEXTBRANCH=0 -I/gpfs/home/s376817/OpenFOAM/s376817-v2406/applications/utilities/waves2Foam/src/waves2Foam/lnInclude -I/gpfs/home/s376817/OpenFOAM/s376817-v2406/applications/utilities/waves2Foam/src/waves2FoamProcessing/lnInclude -I/usr/include -iquote. -IlnInclude -I/apps/software/OpenFOAM/v2406-foss-2023a/OpenFOAM-v2406/src/OpenFOAM/lnInclude -I/apps/software/OpenFOAM/v2406-foss-2023a/OpenFOAM-v2406/src/OSspecific/POSIX/lnInclude   -fPIC -Xlinker --add-needed -Xlinker --no-as-needed  Make/linux64GccDPInt32Opt/sampleIncidentWaveField.o -L/apps/software/OpenFOAM/v2406-foss-2023a/OpenFOAM-v2406/platforms/linux64GccDPInt32Opt/lib \
    -lfiniteVolume -L/gpfs/home/s376817/OpenFOAM/s376817-v2406/platforms/linux64GccDPInt32Opt/lib -lwaves2Foam -lwaves2FoamProcessing -L/usr/lib64 -lgsl -lgslcblas -lOpenFOAM -ldl  \
     -lm -o /gpfs/home/s376817/OpenFOAM/s376817-v2406/platforms/linux64GccDPInt32Opt/bin/sampleIncidentWaveField
make[1]: Leaving directory '/gpfs/home/s376817/OpenFOAM/s376817-v2406/applications/utilities/waves2Foam/applications/utilities/preProcessing/sampleIncidentWaveField'
wmake setWaveField
make[1]: Entering directory '/gpfs/home/s376817/OpenFOAM/s376817-v2406/applications/utilities/waves2Foam/applications/utilities/preProcessing/setWaveField'
Making dependencies: setWaveField.C
wmkdepend: could not open 'foamTime.H' for source file 'setWaveField.C': No such file or directory
OMPI_CXX="g++" mpicxx -m64 -pthread -DOPENFOAM=2406 -DWM_DP -DWM_LABEL_SIZE=32 -Wall -Wextra -Wold-style-cast -Wnon-virtual-dtor -Wno-unused-parameter -Wno-invalid-offsetof -Wno-attributes -Wno-unknown-pragmas -O2 -fno-tree-vectorize -march=native -fno-math-errno -std=c++14 -fuse-ld=bfd  -DNoRepository -ftemplate-depth-100  -I/apps/software/OpenFOAM/v2406-foss-2023a/OpenFOAM-v2406/src/meshTools/lnInclude -I/apps/software/OpenFOAM/v2406-foss-2023a/OpenFOAM-v2406/src/finiteVolume/lnInclude -DOFVERSION=2406 -DEXTBRANCH=0 -I/gpfs/home/s376817/OpenFOAM/s376817-v2406/applications/utilities/waves2Foam/src/waves2Foam/lnInclude -I/usr/include -iquote. -IlnInclude -I/apps/software/OpenFOAM/v2406-foss-2023a/OpenFOAM-v2406/src/OpenFOAM/lnInclude -I/apps/software/OpenFOAM/v2406-foss-2023a/OpenFOAM-v2406/src/OSspecific/POSIX/lnInclude   -fPIC -c setWaveField.C -o Make/linux64GccDPInt32Opt/setWaveField.o
In file included from /gpfs/home/s376817/OpenFOAM/s376817-v2406/applications/utilities/waves2Foam/src/waves2Foam/lnInclude/convexPolyhedral.H:56,
                 from /gpfs/home/s376817/OpenFOAM/s376817-v2406/applications/utilities/waves2Foam/src/waves2Foam/lnInclude/setWaveField.H:60,
                 from setWaveField.C:73:
/gpfs/home/s376817/OpenFOAM/s376817-v2406/applications/utilities/waves2Foam/src/waves2Foam/lnInclude/localCell.H: In member function ‘Foam::vector Foam::localCell::fnormal(Foam::label) const’:
/gpfs/home/s376817/OpenFOAM/s376817-v2406/applications/utilities/waves2Foam/src/waves2Foam/lnInclude/localCell.H:207:37: warning: ‘Foam::vector Foam::face::normal(const Foam::UList<Foam::Vector<double> >&) const’ is deprecated: Since 2018-12; use "areaNormal() or unitNormal()" [-Wdeprecated-declarations]
  207 |             return fL_[faceI].normal(pp_);
      |                    ~~~~~~~~~~~~~~~~~^~~~~
In file included from /apps/software/OpenFOAM/v2406-foss-2023a/OpenFOAM-v2406/src/OpenFOAM/lnInclude/faceList.H:31,
                 from /apps/software/OpenFOAM/v2406-foss-2023a/OpenFOAM-v2406/src/OpenFOAM/lnInclude/primitiveMesh.H:59,
                 from /apps/software/OpenFOAM/v2406-foss-2023a/OpenFOAM-v2406/src/OpenFOAM/lnInclude/polyMesh.H:48,
                 from /apps/software/OpenFOAM/v2406-foss-2023a/OpenFOAM-v2406/src/finiteVolume/lnInclude/fvMesh.H:53,
                 from setWaveField.C:71:
/apps/software/OpenFOAM/v2406-foss-2023a/OpenFOAM-v2406/src/OpenFOAM/lnInclude/face.H:202:16: note: declared here
  202 |         vector normal(const UList<point>& p) const
      |                ^~~~~~
OMPI_CXX="g++" mpicxx -m64 -pthread -DOPENFOAM=2406 -DWM_DP -DWM_LABEL_SIZE=32 -Wall -Wextra -Wold-style-cast -Wnon-virtual-dtor -Wno-unused-parameter -Wno-invalid-offsetof -Wno-attributes -Wno-unknown-pragmas -O2 -fno-tree-vectorize -march=native -fno-math-errno -std=c++14 -fuse-ld=bfd  -DNoRepository -ftemplate-depth-100  -I/apps/software/OpenFOAM/v2406-foss-2023a/OpenFOAM-v2406/src/meshTools/lnInclude -I/apps/software/OpenFOAM/v2406-foss-2023a/OpenFOAM-v2406/src/finiteVolume/lnInclude -DOFVERSION=2406 -DEXTBRANCH=0 -I/gpfs/home/s376817/OpenFOAM/s376817-v2406/applications/utilities/waves2Foam/src/waves2Foam/lnInclude -I/usr/include -iquote. -IlnInclude -I/apps/software/OpenFOAM/v2406-foss-2023a/OpenFOAM-v2406/src/OpenFOAM/lnInclude -I/apps/software/OpenFOAM/v2406-foss-2023a/OpenFOAM-v2406/src/OSspecific/POSIX/lnInclude   -fPIC -Xlinker --add-needed -Xlinker --no-as-needed  Make/linux64GccDPInt32Opt/setWaveField.o -L/apps/software/OpenFOAM/v2406-foss-2023a/OpenFOAM-v2406/platforms/linux64GccDPInt32Opt/lib \
    -lfiniteVolume -lwaveModels -L/gpfs/home/s376817/OpenFOAM/s376817-v2406/platforms/linux64GccDPInt32Opt/lib -lwaves2Foam -lwaves2FoamGABC -L/usr/lib64 -lgsl -lgslcblas -lOpenFOAM -ldl  \
     -lm -o /gpfs/home/s376817/OpenFOAM/s376817-v2406/platforms/linux64GccDPInt32Opt/bin/setWaveField
make[1]: Leaving directory '/gpfs/home/s376817/OpenFOAM/s376817-v2406/applications/utilities/waves2Foam/applications/utilities/preProcessing/setWaveField'
wmake setWaveParameters
make[1]: Entering directory '/gpfs/home/s376817/OpenFOAM/s376817-v2406/applications/utilities/waves2Foam/applications/utilities/preProcessing/setWaveParameters'
Making dependencies: setWaveParameters.C
OMPI_CXX="g++" mpicxx -m64 -pthread -DOPENFOAM=2406 -DWM_DP -DWM_LABEL_SIZE=32 -Wall -Wextra -Wold-style-cast -Wnon-virtual-dtor -Wno-unused-parameter -Wno-invalid-offsetof -Wno-attributes -Wno-unknown-pragmas -O2 -fno-tree-vectorize -march=native -fno-math-errno -std=c++14 -fuse-ld=bfd  -DNoRepository -ftemplate-depth-100  -DOFVERSION=2406 -DEXTBRANCH=0 -I/apps/software/OpenFOAM/v2406-foss-2023a/OpenFOAM-v2406/src/meshTools/lnInclude -I/apps/software/OpenFOAM/v2406-foss-2023a/OpenFOAM-v2406/src/finiteVolume/lnInclude -I/gpfs/home/s376817/OpenFOAM/s376817-v2406/applications/utilities/waves2Foam/src/waves2Foam/lnInclude -I/gpfs/home/s376817/OpenFOAM/s376817-v2406/applications/utilities/waves2Foam/src/waves2FoamProcessing/lnInclude -I/usr/include -iquote. -IlnInclude -I/apps/software/OpenFOAM/v2406-foss-2023a/OpenFOAM-v2406/src/OpenFOAM/lnInclude -I/apps/software/OpenFOAM/v2406-foss-2023a/OpenFOAM-v2406/src/OSspecific/POSIX/lnInclude   -fPIC -c setWaveParameters.C -o Make/linux64GccDPInt32Opt/setWaveParameters.o
setWaveParameters.C: In function ‘int main(int, char**)’:
setWaveParameters.C:130:5: warning: ‘Foam::OFstream::OFstream(const Foam::fileName&, Foam::IOstreamOption::streamFormat, Foam::IOstreamOption::versionNumber, Foam::IOstreamOption::compressionType, Foam::IOstreamOption::appendType)’ is deprecated: Since 2022-09; use "Construct without specifying version" [-Wdeprecated-declarations]
  130 |     );
      |     ^
In file included from /apps/software/OpenFOAM/v2406-foss-2023a/OpenFOAM-v2406/src/OpenFOAM/lnInclude/indexedOctree.C:31,
                 from /apps/software/OpenFOAM/v2406-foss-2023a/OpenFOAM-v2406/src/OpenFOAM/lnInclude/indexedOctree.H:783,
                 from /apps/software/OpenFOAM/v2406-foss-2023a/OpenFOAM-v2406/src/meshTools/lnInclude/AMIInterpolation.H:61,
                 from /apps/software/OpenFOAM/v2406-foss-2023a/OpenFOAM-v2406/src/meshTools/lnInclude/cyclicAMIPolyPatch.H:53,
                 from /apps/software/OpenFOAM/v2406-foss-2023a/OpenFOAM-v2406/src/finiteVolume/lnInclude/cyclicAMIFvPatch.H:41,
                 from /apps/software/OpenFOAM/v2406-foss-2023a/OpenFOAM-v2406/src/finiteVolume/lnInclude/lduPrimitiveMeshAssemblyTemplates.C:31,
                 from /apps/software/OpenFOAM/v2406-foss-2023a/OpenFOAM-v2406/src/finiteVolume/lnInclude/lduPrimitiveMeshAssembly.H:236,
                 from /apps/software/OpenFOAM/v2406-foss-2023a/OpenFOAM-v2406/src/finiteVolume/lnInclude/fvMatrix.H:53,
                 from /apps/software/OpenFOAM/v2406-foss-2023a/OpenFOAM-v2406/src/finiteVolume/lnInclude/ddtScheme.C:32,
                 from /apps/software/OpenFOAM/v2406-foss-2023a/OpenFOAM-v2406/src/finiteVolume/lnInclude/ddtScheme.H:391,
                 from /apps/software/OpenFOAM/v2406-foss-2023a/OpenFOAM-v2406/src/finiteVolume/lnInclude/fvcDdt.C:30,
                 from /apps/software/OpenFOAM/v2406-foss-2023a/OpenFOAM-v2406/src/finiteVolume/lnInclude/fvcDdt.H:252,
                 from /apps/software/OpenFOAM/v2406-foss-2023a/OpenFOAM-v2406/src/finiteVolume/lnInclude/fvc.H:46,
                 from /apps/software/OpenFOAM/v2406-foss-2023a/OpenFOAM-v2406/src/finiteVolume/lnInclude/fvCFD.H:6,
                 from setWaveParameters.C:60:
/apps/software/OpenFOAM/v2406-foss-2023a/OpenFOAM-v2406/src/OpenFOAM/lnInclude/OFstream.H:194:9: note: declared here
  194 |         OFstream
      |         ^~~~~~~~
OMPI_CXX="g++" mpicxx -m64 -pthread -DOPENFOAM=2406 -DWM_DP -DWM_LABEL_SIZE=32 -Wall -Wextra -Wold-style-cast -Wnon-virtual-dtor -Wno-unused-parameter -Wno-invalid-offsetof -Wno-attributes -Wno-unknown-pragmas -O2 -fno-tree-vectorize -march=native -fno-math-errno -std=c++14 -fuse-ld=bfd  -DNoRepository -ftemplate-depth-100  -DOFVERSION=2406 -DEXTBRANCH=0 -I/apps/software/OpenFOAM/v2406-foss-2023a/OpenFOAM-v2406/src/meshTools/lnInclude -I/apps/software/OpenFOAM/v2406-foss-2023a/OpenFOAM-v2406/src/finiteVolume/lnInclude -I/gpfs/home/s376817/OpenFOAM/s376817-v2406/applications/utilities/waves2Foam/src/waves2Foam/lnInclude -I/gpfs/home/s376817/OpenFOAM/s376817-v2406/applications/utilities/waves2Foam/src/waves2FoamProcessing/lnInclude -I/usr/include -iquote. -IlnInclude -I/apps/software/OpenFOAM/v2406-foss-2023a/OpenFOAM-v2406/src/OpenFOAM/lnInclude -I/apps/software/OpenFOAM/v2406-foss-2023a/OpenFOAM-v2406/src/OSspecific/POSIX/lnInclude   -fPIC -Xlinker --add-needed -Xlinker --no-as-needed  Make/linux64GccDPInt32Opt/setWaveParameters.o -L/apps/software/OpenFOAM/v2406-foss-2023a/OpenFOAM-v2406/platforms/linux64GccDPInt32Opt/lib \
    -lfiniteVolume -L/usr/lib64 -lgsl -lgslcblas -L/gpfs/home/s376817/OpenFOAM/s376817-v2406/platforms/linux64GccDPInt32Opt/lib -lwaves2Foam -lwaves2FoamProcessing -lOpenFOAM -ldl  \
     -lm -o /gpfs/home/s376817/OpenFOAM/s376817-v2406/platforms/linux64GccDPInt32Opt/bin/setWaveParameters
make[1]: Leaving directory '/gpfs/home/s376817/OpenFOAM/s376817-v2406/applications/utilities/waves2Foam/applications/utilities/preProcessing/setWaveParameters'
wmake waveGaugesNProbes
make[1]: Entering directory '/gpfs/home/s376817/OpenFOAM/s376817-v2406/applications/utilities/waves2Foam/applications/utilities/preProcessing/waveGaugesNProbes'
Making dependencies: waveGaugesNProbes.C
wmkdepend: could not open 'foamTime.H' for source file 'waveGaugesNProbes.C': No such file or directory
OMPI_CXX="g++" mpicxx -m64 -pthread -DOPENFOAM=2406 -DWM_DP -DWM_LABEL_SIZE=32 -Wall -Wextra -Wold-style-cast -Wnon-virtual-dtor -Wno-unused-parameter -Wno-invalid-offsetof -Wno-attributes -Wno-unknown-pragmas -O2 -fno-tree-vectorize -march=native -fno-math-errno -std=c++14 -fuse-ld=bfd  -DNoRepository -ftemplate-depth-100  -I/apps/software/OpenFOAM/v2406-foss-2023a/OpenFOAM-v2406/src/OpenFOAM/lnInclude -I/apps/software/OpenFOAM/v2406-foss-2023a/OpenFOAM-v2406/src/meshTools/lnInclude -I/apps/software/OpenFOAM/v2406-foss-2023a/OpenFOAM-v2406/src/finiteVolume/lnInclude -I/gpfs/home/s376817/OpenFOAM/s376817-v2406/applications/utilities/waves2Foam/src/waves2Foam/lnInclude -I/gpfs/home/s376817/OpenFOAM/s376817-v2406/applications/utilities/waves2Foam/src/waves2FoamProcessing/lnInclude -I/usr/include -DOFVERSION=2406 -DEXTBRANCH=0 -iquote. -IlnInclude -I/apps/software/OpenFOAM/v2406-foss-2023a/OpenFOAM-v2406/src/OpenFOAM/lnInclude -I/apps/software/OpenFOAM/v2406-foss-2023a/OpenFOAM-v2406/src/OSspecific/POSIX/lnInclude   -fPIC -c waveGaugesNProbes.C -o Make/linux64GccDPInt32Opt/waveGaugesNProbes.o
OMPI_CXX="g++" mpicxx -m64 -pthread -DOPENFOAM=2406 -DWM_DP -DWM_LABEL_SIZE=32 -Wall -Wextra -Wold-style-cast -Wnon-virtual-dtor -Wno-unused-parameter -Wno-invalid-offsetof -Wno-attributes -Wno-unknown-pragmas -O2 -fno-tree-vectorize -march=native -fno-math-errno -std=c++14 -fuse-ld=bfd  -DNoRepository -ftemplate-depth-100  -I/apps/software/OpenFOAM/v2406-foss-2023a/OpenFOAM-v2406/src/OpenFOAM/lnInclude -I/apps/software/OpenFOAM/v2406-foss-2023a/OpenFOAM-v2406/src/meshTools/lnInclude -I/apps/software/OpenFOAM/v2406-foss-2023a/OpenFOAM-v2406/src/finiteVolume/lnInclude -I/gpfs/home/s376817/OpenFOAM/s376817-v2406/applications/utilities/waves2Foam/src/waves2Foam/lnInclude -I/gpfs/home/s376817/OpenFOAM/s376817-v2406/applications/utilities/waves2Foam/src/waves2FoamProcessing/lnInclude -I/usr/include -DOFVERSION=2406 -DEXTBRANCH=0 -iquote. -IlnInclude -I/apps/software/OpenFOAM/v2406-foss-2023a/OpenFOAM-v2406/src/OpenFOAM/lnInclude -I/apps/software/OpenFOAM/v2406-foss-2023a/OpenFOAM-v2406/src/OSspecific/POSIX/lnInclude   -fPIC -Xlinker --add-needed -Xlinker --no-as-needed  Make/linux64GccDPInt32Opt/waveGaugesNProbes.o -L/apps/software/OpenFOAM/v2406-foss-2023a/OpenFOAM-v2406/platforms/linux64GccDPInt32Opt/lib \
    -lOpenFOAM -lfiniteVolume -L/gpfs/home/s376817/OpenFOAM/s376817-v2406/platforms/linux64GccDPInt32Opt/lib -lwaves2Foam -lwaves2FoamProcessing -L/usr/lib64 -lgsl -lgslcblas -lOpenFOAM -ldl  \
     -lm -o /gpfs/home/s376817/OpenFOAM/s376817-v2406/platforms/linux64GccDPInt32Opt/bin/waveGaugesNProbes
make[1]: Leaving directory '/gpfs/home/s376817/OpenFOAM/s376817-v2406/applications/utilities/waves2Foam/applications/utilities/preProcessing/waveGaugesNProbes'

=====================================
    COMPILE BREEDER
=====================================

Nothing available for compilation in the breeder
directory.


=====================================
    COMPILATION DONE
=====================================

