=====================================
    COMPILE LAPACK-3.3.1
=====================================
( cd INSTALL; make clean )
make[1]: Entering directory '/home/adityanair/OpenFOAM/adityanair-v2512/applications/utilities/waves2Foam/ThirdParty/lapack-3.3.1/INSTALL'
rm -f *.o
make[1]: Leaving directory '/home/adityanair/OpenFOAM/adityanair-v2512/applications/utilities/waves2Foam/ThirdParty/lapack-3.3.1/INSTALL'
( cd BLAS/SRC; make clean )
make[1]: Entering directory '/home/adityanair/OpenFOAM/adityanair-v2512/applications/utilities/waves2Foam/ThirdParty/lapack-3.3.1/BLAS/SRC'
rm -f *.o
make[1]: Leaving directory '/home/adityanair/OpenFOAM/adityanair-v2512/applications/utilities/waves2Foam/ThirdParty/lapack-3.3.1/BLAS/SRC'
( cd SRC; make clean )
make[1]: Entering directory '/home/adityanair/OpenFOAM/adityanair-v2512/applications/utilities/waves2Foam/ThirdParty/lapack-3.3.1/SRC'
rm -f *.o
make[1]: Leaving directory '/home/adityanair/OpenFOAM/adityanair-v2512/applications/utilities/waves2Foam/ThirdParty/lapack-3.3.1/SRC'
( cd SRC/VARIANTS; make clean )
make[1]: Entering directory '/home/adityanair/OpenFOAM/adityanair-v2512/applications/utilities/waves2Foam/ThirdParty/lapack-3.3.1/SRC/VARIANTS'
rm -f cholesky/RL/cpotrf.o cholesky/RL/dpotrf.o cholesky/RL/spotrf.o cholesky/RL/zpotrf.o cholesky/TOP/cpotrf.o cholesky/TOP/dpotrf.o cholesky/TOP/spotrf.o cholesky/TOP/zpotrf.o lu/CR/cgetrf.o lu/CR/dgetrf.o lu/CR/sgetrf.o lu/CR/zgetrf.o lu/LL/cgetrf.o lu/LL/dgetrf.o lu/LL/sgetrf.o lu/LL/zgetrf.o lu/REC/cgetrf.o lu/REC/dgetrf.o lu/REC/sgetrf.o lu/REC/zgetrf.o qr/LL/cgeqrf.o qr/LL/dgeqrf.o qr/LL/sgeqrf.o qr/LL/zgeqrf.o  qr/LL/sceil.o \
      LIB/*.a
make[1]: Leaving directory '/home/adityanair/OpenFOAM/adityanair-v2512/applications/utilities/waves2Foam/ThirdParty/lapack-3.3.1/SRC/VARIANTS'
( cd TESTING/MATGEN; make clean )
make[1]: Entering directory '/home/adityanair/OpenFOAM/adityanair-v2512/applications/utilities/waves2Foam/ThirdParty/lapack-3.3.1/TESTING/MATGEN'
\
        rm -f *.o
make[1]: Leaving directory '/home/adityanair/OpenFOAM/adityanair-v2512/applications/utilities/waves2Foam/ThirdParty/lapack-3.3.1/TESTING/MATGEN'
( cd TESTING/LIN; make clean )
make[1]: Entering directory '/home/adityanair/OpenFOAM/adityanair-v2512/applications/utilities/waves2Foam/ThirdParty/lapack-3.3.1/TESTING/LIN'
rm -f *.o
make[1]: Leaving directory '/home/adityanair/OpenFOAM/adityanair-v2512/applications/utilities/waves2Foam/ThirdParty/lapack-3.3.1/TESTING/LIN'
( cd TESTING/EIG; make clean )
make[1]: Entering directory '/home/adityanair/OpenFOAM/adityanair-v2512/applications/utilities/waves2Foam/ThirdParty/lapack-3.3.1/TESTING/EIG'
rm -f *.o
make[1]: Leaving directory '/home/adityanair/OpenFOAM/adityanair-v2512/applications/utilities/waves2Foam/ThirdParty/lapack-3.3.1/TESTING/EIG'
( cd TESTING; rm -f xlin* xeig* )
( cd BLAS/TESTING; make -f Makeblat1 clean )
make[1]: Entering directory '/home/adityanair/OpenFOAM/adityanair-v2512/applications/utilities/waves2Foam/ThirdParty/lapack-3.3.1/BLAS/TESTING'
rm -f *.o
make[1]: Leaving directory '/home/adityanair/OpenFOAM/adityanair-v2512/applications/utilities/waves2Foam/ThirdParty/lapack-3.3.1/BLAS/TESTING'
( cd BLAS/TESTING; make -f Makeblat2 clean )
make[1]: Entering directory '/home/adityanair/OpenFOAM/adityanair-v2512/applications/utilities/waves2Foam/ThirdParty/lapack-3.3.1/BLAS/TESTING'
rm -f *.o
make[1]: Leaving directory '/home/adityanair/OpenFOAM/adityanair-v2512/applications/utilities/waves2Foam/ThirdParty/lapack-3.3.1/BLAS/TESTING'
( cd BLAS/TESTING; make -f Makeblat3 clean )
make[1]: Entering directory '/home/adityanair/OpenFOAM/adityanair-v2512/applications/utilities/waves2Foam/ThirdParty/lapack-3.3.1/BLAS/TESTING'
rm -f *.o
make[1]: Leaving directory '/home/adityanair/OpenFOAM/adityanair-v2512/applications/utilities/waves2Foam/ThirdParty/lapack-3.3.1/BLAS/TESTING'
( cd BLAS; rm -f xblat* )
( cd INSTALL; make; ./testlsame; ./testslamch; \
  ./testdlamch; ./testsecond; ./testdsecnd; ./testversion )
make[1]: Entering directory '/home/adityanair/OpenFOAM/adityanair-v2512/applications/utilities/waves2Foam/ThirdParty/lapack-3.3.1/INSTALL'
gfortran -fimplicit-none -shared -fPIC -Wno-argument-mismatch  -c lsame.f -o lsame.o
gfortran -fimplicit-none -shared -fPIC -Wno-argument-mismatch  -c lsametst.f -o lsametst.o
gfortran   -o testlsame lsame.o lsametst.o
gfortran -fimplicit-none -shared -fPIC -Wno-argument-mismatch -g -O0 -c slamch.f -o slamch.o
gfortran -fimplicit-none -shared -fPIC -Wno-argument-mismatch  -c slamchtst.f -o slamchtst.o
gfortran   -o testslamch slamch.o lsame.o slamchtst.o
gfortran -fimplicit-none -shared -fPIC -Wno-argument-mismatch -g -O0 -c dlamch.f -o dlamch.o
gfortran -fimplicit-none -shared -fPIC -Wno-argument-mismatch  -c dlamchtst.f -o dlamchtst.o
gfortran   -o testdlamch dlamch.o lsame.o dlamchtst.o
gfortran -fimplicit-none -shared -fPIC -Wno-argument-mismatch  -c second_INT_CPU_TIME.f -o second_INT_CPU_TIME.o
gfortran -fimplicit-none -shared -fPIC -Wno-argument-mismatch  -c secondtst.f -o secondtst.o
[INFO] : TIMER value: INT_CPU_TIME (given by make.inc)
gfortran   -o testsecond second_INT_CPU_TIME.o secondtst.o
gfortran -fimplicit-none -shared -fPIC -Wno-argument-mismatch  -c dsecnd_INT_CPU_TIME.f -o dsecnd_INT_CPU_TIME.o
gfortran -fimplicit-none -shared -fPIC -Wno-argument-mismatch  -c dsecndtst.f -o dsecndtst.o
[INFO] : TIMER value: INT_CPU_TIME (given by make.inc)
gfortran   -o testdsecnd dsecnd_INT_CPU_TIME.o dsecndtst.o
gfortran -fimplicit-none -shared -fPIC -Wno-argument-mismatch  -c tstiee.f -o tstiee.o
gfortran   -o testieee tstiee.o
gfortran -fimplicit-none -shared -fPIC -Wno-argument-mismatch  -c ilaver.f -o ilaver.o
gfortran -fimplicit-none -shared -fPIC -Wno-argument-mismatch  -c LAPACK_version.f -o LAPACK_version.o
gfortran   -o testversion ilaver.o LAPACK_version.o
make[1]: Leaving directory '/home/adityanair/OpenFOAM/adityanair-v2512/applications/utilities/waves2Foam/ThirdParty/lapack-3.3.1/INSTALL'
  ASCII character set
  Tests completed
  Epsilon                      =    5.96046448E-08
  Safe minimum                 =    1.17549435E-38
  Base                         =    2.00000000    
  Precision                    =    1.19209290E-07
  Number of digits in mantissa =    24.0000000    
  Rounding mode                =    1.00000000    
  Minimum exponent             =   -125.000000    
  Underflow threshold          =    1.17549435E-38
  Largest exponent             =    128.000000    
  Overflow threshold           =    3.40282347E+38
  Reciprocal of safe minimum   =    8.50705917E+37
  Epsilon                      =    1.1102230246251565E-016
  Safe minimum                 =    2.2250738585072014E-308
  Base                         =    2.0000000000000000     
  Precision                    =    2.2204460492503131E-016
  Number of digits in mantissa =    53.000000000000000     
  Rounding mode                =    1.0000000000000000     
  Minimum exponent             =   -1021.0000000000000     
  Underflow threshold          =    2.2250738585072014E-308
  Largest exponent             =    1024.0000000000000     
  Overflow threshold           =    1.7976931348623157E+308
  Reciprocal of safe minimum   =    4.4942328371557898E+307
 Time for  0.100E+09 SAXPY ops =  0.569E-01 seconds
 SAXPY performance rate        =  0.176E+04 mflops 
 Including SECOND, time        =  0.840E-01 seconds
 Average time for SECOND       =  0.543E-03 milliseconds
 Equivalent floating point ops =   954.     ops
 Time for  0.100E+09 DAXPY ops =  0.464E-01 seconds
 DAXPY performance rate        =  0.216E+04 mflops 
 Including DSECND, time        =  0.844E-01 seconds
 Average time for DSECND       =  0.761E-03 milliseconds
 Equivalent floating point ops =  0.164E+04 ops
 LAPACK            3 .           3 .           1
( cd BLAS/SRC; make )
make[1]: Entering directory '/home/adityanair/OpenFOAM/adityanair-v2512/applications/utilities/waves2Foam/ThirdParty/lapack-3.3.1/BLAS/SRC'
gfortran -fimplicit-none -shared -fPIC -Wno-argument-mismatch  -c isamax.f -o isamax.o
gfortran -fimplicit-none -shared -fPIC -Wno-argument-mismatch  -c sasum.f -o sasum.o
gfortran -fimplicit-none -shared -fPIC -Wno-argument-mismatch  -c saxpy.f -o saxpy.o
gfortran -fimplicit-none -shared -fPIC -Wno-argument-mismatch  -c scopy.f -o scopy.o
gfortran -fimplicit-none -shared -fPIC -Wno-argument-mismatch  -c sdot.f -o sdot.o
gfortran -fimplicit-none -shared -fPIC -Wno-argument-mismatch  -c snrm2.f -o snrm2.o
gfortran -fimplicit-none -shared -fPIC -Wno-argument-mismatch  -c srot.f -o srot.o
gfortran -fimplicit-none -shared -fPIC -Wno-argument-mismatch  -c srotg.f -o srotg.o
gfortran -fimplicit-none -shared -fPIC -Wno-argument-mismatch  -c sscal.f -o sscal.o
gfortran -fimplicit-none -shared -fPIC -Wno-argument-mismatch  -c sswap.f -o sswap.o
gfortran -fimplicit-none -shared -fPIC -Wno-argument-mismatch  -c sdsdot.f -o sdsdot.o
gfortran -fimplicit-none -shared -fPIC -Wno-argument-mismatch  -c srotmg.f -o srotmg.o
gfortran -fimplicit-none -shared -fPIC -Wno-argument-mismatch  -c srotm.f -o srotm.o
gfortran -fimplicit-none -shared -fPIC -Wno-argument-mismatch  -c sgemv.f -o sgemv.o
gfortran -fimplicit-none -shared -fPIC -Wno-argument-mismatch  -c sgbmv.f -o sgbmv.o
gfortran -fimplicit-none -shared -fPIC -Wno-argument-mismatch  -c ssymv.f -o ssymv.o
gfortran -fimplicit-none -shared -fPIC -Wno-argument-mismatch  -c ssbmv.f -o ssbmv.o
gfortran -fimplicit-none -shared -fPIC -Wno-argument-mismatch  -c sspmv.f -o sspmv.o
gfortran -fimplicit-none -shared -fPIC -Wno-argument-mismatch  -c strmv.f -o strmv.o
gfortran -fimplicit-none -shared -fPIC -Wno-argument-mismatch  -c stbmv.f -o stbmv.o
gfortran -fimplicit-none -shared -fPIC -Wno-argument-mismatch  -c stpmv.f -o stpmv.o
gfortran -fimplicit-none -shared -fPIC -Wno-argument-mismatch  -c strsv.f -o strsv.o
gfortran -fimplicit-none -shared -fPIC -Wno-argument-mismatch  -c stbsv.f -o stbsv.o
gfortran -fimplicit-none -shared -fPIC -Wno-argument-mismatch  -c stpsv.f -o stpsv.o
gfortran -fimplicit-none -shared -fPIC -Wno-argument-mismatch  -c sger.f -o sger.o
gfortran -fimplicit-none -shared -fPIC -Wno-argument-mismatch  -c ssyr.f -o ssyr.o
gfortran -fimplicit-none -shared -fPIC -Wno-argument-mismatch  -c sspr.f -o sspr.o
gfortran -fimplicit-none -shared -fPIC -Wno-argument-mismatch  -c ssyr2.f -o ssyr2.o
gfortran -fimplicit-none -shared -fPIC -Wno-argument-mismatch  -c sspr2.f -o sspr2.o
gfortran -fimplicit-none -shared -fPIC -Wno-argument-mismatch  -c sgemm.f -o sgemm.o
gfortran -fimplicit-none -shared -fPIC -Wno-argument-mismatch  -c ssymm.f -o ssymm.o
gfortran -fimplicit-none -shared -fPIC -Wno-argument-mismatch  -c ssyrk.f -o ssyrk.o
gfortran -fimplicit-none -shared -fPIC -Wno-argument-mismatch  -c ssyr2k.f -o ssyr2k.o
gfortran -fimplicit-none -shared -fPIC -Wno-argument-mismatch  -c strmm.f -o strmm.o
gfortran -fimplicit-none -shared -fPIC -Wno-argument-mismatch  -c strsm.f -o strsm.o
gfortran -fimplicit-none -shared -fPIC -Wno-argument-mismatch  -c idamax.f -o idamax.o
gfortran -fimplicit-none -shared -fPIC -Wno-argument-mismatch  -c dasum.f -o dasum.o
gfortran -fimplicit-none -shared -fPIC -Wno-argument-mismatch  -c daxpy.f -o daxpy.o
gfortran -fimplicit-none -shared -fPIC -Wno-argument-mismatch  -c dcopy.f -o dcopy.o
gfortran -fimplicit-none -shared -fPIC -Wno-argument-mismatch  -c ddot.f -o ddot.o
gfortran -fimplicit-none -shared -fPIC -Wno-argument-mismatch  -c dnrm2.f -o dnrm2.o
gfortran -fimplicit-none -shared -fPIC -Wno-argument-mismatch  -c drot.f -o drot.o
gfortran -fimplicit-none -shared -fPIC -Wno-argument-mismatch  -c drotg.f -o drotg.o
gfortran -fimplicit-none -shared -fPIC -Wno-argument-mismatch  -c dscal.f -o dscal.o
gfortran -fimplicit-none -shared -fPIC -Wno-argument-mismatch  -c dsdot.f -o dsdot.o
gfortran -fimplicit-none -shared -fPIC -Wno-argument-mismatch  -c dswap.f -o dswap.o
gfortran -fimplicit-none -shared -fPIC -Wno-argument-mismatch  -c drotmg.f -o drotmg.o
gfortran -fimplicit-none -shared -fPIC -Wno-argument-mismatch  -c drotm.f -o drotm.o
gfortran -fimplicit-none -shared -fPIC -Wno-argument-mismatch  -c dgemv.f -o dgemv.o
gfortran -fimplicit-none -shared -fPIC -Wno-argument-mismatch  -c dgbmv.f -o dgbmv.o
gfortran -fimplicit-none -shared -fPIC -Wno-argument-mismatch  -c dsymv.f -o dsymv.o
gfortran -fimplicit-none -shared -fPIC -Wno-argument-mismatch  -c dsbmv.f -o dsbmv.o
gfortran -fimplicit-none -shared -fPIC -Wno-argument-mismatch  -c dspmv.f -o dspmv.o
gfortran -fimplicit-none -shared -fPIC -Wno-argument-mismatch  -c dtrmv.f -o dtrmv.o
gfortran -fimplicit-none -shared -fPIC -Wno-argument-mismatch  -c dtbmv.f -o dtbmv.o
gfortran -fimplicit-none -shared -fPIC -Wno-argument-mismatch  -c dtpmv.f -o dtpmv.o
gfortran -fimplicit-none -shared -fPIC -Wno-argument-mismatch  -c dtrsv.f -o dtrsv.o
gfortran -fimplicit-none -shared -fPIC -Wno-argument-mismatch  -c dtbsv.f -o dtbsv.o
gfortran -fimplicit-none -shared -fPIC -Wno-argument-mismatch  -c dtpsv.f -o dtpsv.o
gfortran -fimplicit-none -shared -fPIC -Wno-argument-mismatch  -c dger.f -o dger.o
gfortran -fimplicit-none -shared -fPIC -Wno-argument-mismatch  -c dsyr.f -o dsyr.o
gfortran -fimplicit-none -shared -fPIC -Wno-argument-mismatch  -c dspr.f -o dspr.o
gfortran -fimplicit-none -shared -fPIC -Wno-argument-mismatch  -c dsyr2.f -o dsyr2.o
gfortran -fimplicit-none -shared -fPIC -Wno-argument-mismatch  -c dspr2.f -o dspr2.o
gfortran -fimplicit-none -shared -fPIC -Wno-argument-mismatch  -c dgemm.f -o dgemm.o
gfortran -fimplicit-none -shared -fPIC -Wno-argument-mismatch  -c dsymm.f -o dsymm.o
gfortran -fimplicit-none -shared -fPIC -Wno-argument-mismatch  -c dsyrk.f -o dsyrk.o
gfortran -fimplicit-none -shared -fPIC -Wno-argument-mismatch  -c dsyr2k.f -o dsyr2k.o
gfortran -fimplicit-none -shared -fPIC -Wno-argument-mismatch  -c dtrmm.f -o dtrmm.o
gfortran -fimplicit-none -shared -fPIC -Wno-argument-mismatch  -c dtrsm.f -o dtrsm.o
gfortran -fimplicit-none -shared -fPIC -Wno-argument-mismatch  -c scabs1.f -o scabs1.o
gfortran -fimplicit-none -shared -fPIC -Wno-argument-mismatch  -c scasum.f -o scasum.o
gfortran -fimplicit-none -shared -fPIC -Wno-argument-mismatch  -c scnrm2.f -o scnrm2.o
gfortran -fimplicit-none -shared -fPIC -Wno-argument-mismatch  -c icamax.f -o icamax.o
gfortran -fimplicit-none -shared -fPIC -Wno-argument-mismatch  -c caxpy.f -o caxpy.o
gfortran -fimplicit-none -shared -fPIC -Wno-argument-mismatch  -c ccopy.f -o ccopy.o
gfortran -fimplicit-none -shared -fPIC -Wno-argument-mismatch  -c cdotc.f -o cdotc.o
gfortran -fimplicit-none -shared -fPIC -Wno-argument-mismatch  -c cdotu.f -o cdotu.o
gfortran -fimplicit-none -shared -fPIC -Wno-argument-mismatch  -c csscal.f -o csscal.o
gfortran -fimplicit-none -shared -fPIC -Wno-argument-mismatch  -c crotg.f -o crotg.o
gfortran -fimplicit-none -shared -fPIC -Wno-argument-mismatch  -c cscal.f -o cscal.o
gfortran -fimplicit-none -shared -fPIC -Wno-argument-mismatch  -c cswap.f -o cswap.o
gfortran -fimplicit-none -shared -fPIC -Wno-argument-mismatch  -c csrot.f -o csrot.o
gfortran -fimplicit-none -shared -fPIC -Wno-argument-mismatch  -c cgemv.f -o cgemv.o
gfortran -fimplicit-none -shared -fPIC -Wno-argument-mismatch  -c cgbmv.f -o cgbmv.o
gfortran -fimplicit-none -shared -fPIC -Wno-argument-mismatch  -c chemv.f -o chemv.o
gfortran -fimplicit-none -shared -fPIC -Wno-argument-mismatch  -c chbmv.f -o chbmv.o
gfortran -fimplicit-none -shared -fPIC -Wno-argument-mismatch  -c chpmv.f -o chpmv.o
gfortran -fimplicit-none -shared -fPIC -Wno-argument-mismatch  -c ctrmv.f -o ctrmv.o
gfortran -fimplicit-none -shared -fPIC -Wno-argument-mismatch  -c ctbmv.f -o ctbmv.o
gfortran -fimplicit-none -shared -fPIC -Wno-argument-mismatch  -c ctpmv.f -o ctpmv.o
gfortran -fimplicit-none -shared -fPIC -Wno-argument-mismatch  -c ctrsv.f -o ctrsv.o
gfortran -fimplicit-none -shared -fPIC -Wno-argument-mismatch  -c ctbsv.f -o ctbsv.o
gfortran -fimplicit-none -shared -fPIC -Wno-argument-mismatch  -c ctpsv.f -o ctpsv.o
gfortran -fimplicit-none -shared -fPIC -Wno-argument-mismatch  -c cgerc.f -o cgerc.o
gfortran -fimplicit-none -shared -fPIC -Wno-argument-mismatch  -c cgeru.f -o cgeru.o
gfortran -fimplicit-none -shared -fPIC -Wno-argument-mismatch  -c cher.f -o cher.o
gfortran -fimplicit-none -shared -fPIC -Wno-argument-mismatch  -c chpr.f -o chpr.o
gfortran -fimplicit-none -shared -fPIC -Wno-argument-mismatch  -c cher2.f -o cher2.o
gfortran -fimplicit-none -shared -fPIC -Wno-argument-mismatch  -c chpr2.f -o chpr2.o
gfortran -fimplicit-none -shared -fPIC -Wno-argument-mismatch  -c cgemm.f -o cgemm.o
gfortran -fimplicit-none -shared -fPIC -Wno-argument-mismatch  -c csymm.f -o csymm.o
gfortran -fimplicit-none -shared -fPIC -Wno-argument-mismatch  -c csyrk.f -o csyrk.o
gfortran -fimplicit-none -shared -fPIC -Wno-argument-mismatch  -c csyr2k.f -o csyr2k.o
gfortran -fimplicit-none -shared -fPIC -Wno-argument-mismatch  -c ctrmm.f -o ctrmm.o
gfortran -fimplicit-none -shared -fPIC -Wno-argument-mismatch  -c ctrsm.f -o ctrsm.o
gfortran -fimplicit-none -shared -fPIC -Wno-argument-mismatch  -c chemm.f -o chemm.o
gfortran -fimplicit-none -shared -fPIC -Wno-argument-mismatch  -c cherk.f -o cherk.o
gfortran -fimplicit-none -shared -fPIC -Wno-argument-mismatch  -c cher2k.f -o cher2k.o
gfortran -fimplicit-none -shared -fPIC -Wno-argument-mismatch  -c dcabs1.f -o dcabs1.o
gfortran -fimplicit-none -shared -fPIC -Wno-argument-mismatch  -c dzasum.f -o dzasum.o
gfortran -fimplicit-none -shared -fPIC -Wno-argument-mismatch  -c dznrm2.f -o dznrm2.o
gfortran -fimplicit-none -shared -fPIC -Wno-argument-mismatch  -c izamax.f -o izamax.o
gfortran -fimplicit-none -shared -fPIC -Wno-argument-mismatch  -c zaxpy.f -o zaxpy.o
gfortran -fimplicit-none -shared -fPIC -Wno-argument-mismatch  -c zcopy.f -o zcopy.o
gfortran -fimplicit-none -shared -fPIC -Wno-argument-mismatch  -c zdotc.f -o zdotc.o
gfortran -fimplicit-none -shared -fPIC -Wno-argument-mismatch  -c zdotu.f -o zdotu.o
gfortran -fimplicit-none -shared -fPIC -Wno-argument-mismatch  -c zdscal.f -o zdscal.o
gfortran -fimplicit-none -shared -fPIC -Wno-argument-mismatch  -c zrotg.f -o zrotg.o
gfortran -fimplicit-none -shared -fPIC -Wno-argument-mismatch  -c zscal.f -o zscal.o
gfortran -fimplicit-none -shared -fPIC -Wno-argument-mismatch  -c zswap.f -o zswap.o
gfortran -fimplicit-none -shared -fPIC -Wno-argument-mismatch  -c zdrot.f -o zdrot.o
gfortran -fimplicit-none -shared -fPIC -Wno-argument-mismatch  -c zgemv.f -o zgemv.o
gfortran -fimplicit-none -shared -fPIC -Wno-argument-mismatch  -c zgbmv.f -o zgbmv.o
gfortran -fimplicit-none -shared -fPIC -Wno-argument-mismatch  -c zhemv.f -o zhemv.o
gfortran -fimplicit-none -shared -fPIC -Wno-argument-mismatch  -c zhbmv.f -o zhbmv.o
gfortran -fimplicit-none -shared -fPIC -Wno-argument-mismatch  -c zhpmv.f -o zhpmv.o
gfortran -fimplicit-none -shared -fPIC -Wno-argument-mismatch  -c ztrmv.f -o ztrmv.o
gfortran -fimplicit-none -shared -fPIC -Wno-argument-mismatch  -c ztbmv.f -o ztbmv.o
gfortran -fimplicit-none -shared -fPIC -Wno-argument-mismatch  -c ztpmv.f -o ztpmv.o
gfortran -fimplicit-none -shared -fPIC -Wno-argument-mismatch  -c ztrsv.f -o ztrsv.o
gfortran -fimplicit-none -shared -fPIC -Wno-argument-mismatch  -c ztbsv.f -o ztbsv.o
gfortran -fimplicit-none -shared -fPIC -Wno-argument-mismatch  -c ztpsv.f -o ztpsv.o
gfortran -fimplicit-none -shared -fPIC -Wno-argument-mismatch  -c zgerc.f -o zgerc.o
gfortran -fimplicit-none -shared -fPIC -Wno-argument-mismatch  -c zgeru.f -o zgeru.o
gfortran -fimplicit-none -shared -fPIC -Wno-argument-mismatch  -c zher.f -o zher.o
gfortran -fimplicit-none -shared -fPIC -Wno-argument-mismatch  -c zhpr.f -o zhpr.o
gfortran -fimplicit-none -shared -fPIC -Wno-argument-mismatch  -c zher2.f -o zher2.o
gfortran -fimplicit-none -shared -fPIC -Wno-argument-mismatch  -c zhpr2.f -o zhpr2.o
gfortran -fimplicit-none -shared -fPIC -Wno-argument-mismatch  -c zgemm.f -o zgemm.o
gfortran -fimplicit-none -shared -fPIC -Wno-argument-mismatch  -c zsymm.f -o zsymm.o
gfortran -fimplicit-none -shared -fPIC -Wno-argument-mismatch  -c zsyrk.f -o zsyrk.o
gfortran -fimplicit-none -shared -fPIC -Wno-argument-mismatch  -c zsyr2k.f -o zsyr2k.o
gfortran -fimplicit-none -shared -fPIC -Wno-argument-mismatch  -c ztrmm.f -o ztrmm.o
gfortran -fimplicit-none -shared -fPIC -Wno-argument-mismatch  -c ztrsm.f -o ztrsm.o
gfortran -fimplicit-none -shared -fPIC -Wno-argument-mismatch  -c zhemm.f -o zhemm.o
gfortran -fimplicit-none -shared -fPIC -Wno-argument-mismatch  -c zherk.f -o zherk.o
gfortran -fimplicit-none -shared -fPIC -Wno-argument-mismatch  -c zher2k.f -o zher2k.o
gfortran -fimplicit-none -shared -fPIC -Wno-argument-mismatch  -c lsame.f -o lsame.o
gfortran -fimplicit-none -shared -fPIC -Wno-argument-mismatch  -c xerbla.f -o xerbla.o
gfortran -fimplicit-none -shared -fPIC -Wno-argument-mismatch  -c xerbla_array.f -o xerbla_array.o
ar cr ../../libblas.a isamax.o sasum.o saxpy.o scopy.o sdot.o snrm2.o srot.o srotg.o sscal.o sswap.o sdsdot.o srotmg.o srotm.o sgemv.o sgbmv.o ssymv.o ssbmv.o sspmv.o strmv.o stbmv.o stpmv.o strsv.o stbsv.o stpsv.o sger.o ssyr.o sspr.o ssyr2.o sspr2.o sgemm.o ssymm.o ssyrk.o ssyr2k.o strmm.o strsm.o  idamax.o dasum.o daxpy.o dcopy.o ddot.o dnrm2.o drot.o drotg.o dscal.o dsdot.o dswap.o drotmg.o drotm.o dgemv.o dgbmv.o dsymv.o dsbmv.o dspmv.o dtrmv.o dtbmv.o dtpmv.o dtrsv.o dtbsv.o dtpsv.o dger.o dsyr.o dspr.o dsyr2.o dspr2.o dgemm.o dsymm.o dsyrk.o dsyr2k.o dtrmm.o dtrsm.o scabs1.o scasum.o scnrm2.o icamax.o caxpy.o ccopy.o cdotc.o cdotu.o csscal.o crotg.o cscal.o cswap.o csrot.o cgemv.o cgbmv.o chemv.o chbmv.o chpmv.o ctrmv.o ctbmv.o ctpmv.o ctrsv.o ctbsv.o ctpsv.o cgerc.o cgeru.o cher.o chpr.o cher2.o chpr2.o cgemm.o csymm.o csyrk.o csyr2k.o ctrmm.o ctrsm.o chemm.o cherk.o cher2k.o dcabs1.o dzasum.o dznrm2.o izamax.o zaxpy.o zcopy.o zdotc.o zdotu.o zdscal.o zrotg.o zscal.o zswap.o zdrot.o zgemv.o zgbmv.o zhemv.o zhbmv.o zhpmv.o ztrmv.o ztbmv.o ztpmv.o ztrsv.o ztbsv.o ztpsv.o zgerc.o zgeru.o zher.o zhpr.o zher2.o zhpr2.o zgemm.o zsymm.o zsyrk.o zsyr2k.o ztrmm.o ztrsm.o zhemm.o zherk.o zher2k.o lsame.o xerbla.o xerbla_array.o
ranlib ../../libblas.a
make[1]: Leaving directory '/home/adityanair/OpenFOAM/adityanair-v2512/applications/utilities/waves2Foam/ThirdParty/lapack-3.3.1/BLAS/SRC'
( cd SRC/VARIANTS ; make)
make[1]: Entering directory '/home/adityanair/OpenFOAM/adityanair-v2512/applications/utilities/waves2Foam/ThirdParty/lapack-3.3.1/SRC/VARIANTS'
gfortran -fimplicit-none -shared -fPIC -Wno-argument-mismatch  -c cholesky/RL/cpotrf.f -o cholesky/RL/cpotrf.o
gfortran -fimplicit-none -shared -fPIC -Wno-argument-mismatch  -c cholesky/RL/dpotrf.f -o cholesky/RL/dpotrf.o
gfortran -fimplicit-none -shared -fPIC -Wno-argument-mismatch  -c cholesky/RL/spotrf.f -o cholesky/RL/spotrf.o
gfortran -fimplicit-none -shared -fPIC -Wno-argument-mismatch  -c cholesky/RL/zpotrf.f -o cholesky/RL/zpotrf.o
ar cr LIB/cholrl.a cholesky/RL/cpotrf.o cholesky/RL/dpotrf.o cholesky/RL/spotrf.o cholesky/RL/zpotrf.o
ranlib LIB/cholrl.a
gfortran -fimplicit-none -shared -fPIC -Wno-argument-mismatch  -c cholesky/TOP/cpotrf.f -o cholesky/TOP/cpotrf.o
gfortran -fimplicit-none -shared -fPIC -Wno-argument-mismatch  -c cholesky/TOP/dpotrf.f -o cholesky/TOP/dpotrf.o
gfortran -fimplicit-none -shared -fPIC -Wno-argument-mismatch  -c cholesky/TOP/spotrf.f -o cholesky/TOP/spotrf.o
gfortran -fimplicit-none -shared -fPIC -Wno-argument-mismatch  -c cholesky/TOP/zpotrf.f -o cholesky/TOP/zpotrf.o
ar cr LIB/choltop.a cholesky/TOP/cpotrf.o cholesky/TOP/dpotrf.o cholesky/TOP/spotrf.o cholesky/TOP/zpotrf.o
ranlib LIB/choltop.a
gfortran -fimplicit-none -shared -fPIC -Wno-argument-mismatch  -c lu/CR/cgetrf.f -o lu/CR/cgetrf.o
gfortran -fimplicit-none -shared -fPIC -Wno-argument-mismatch  -c lu/CR/dgetrf.f -o lu/CR/dgetrf.o
gfortran -fimplicit-none -shared -fPIC -Wno-argument-mismatch  -c lu/CR/sgetrf.f -o lu/CR/sgetrf.o
gfortran -fimplicit-none -shared -fPIC -Wno-argument-mismatch  -c lu/CR/zgetrf.f -o lu/CR/zgetrf.o
ar cr LIB/lucr.a lu/CR/cgetrf.o lu/CR/dgetrf.o lu/CR/sgetrf.o lu/CR/zgetrf.o
ranlib LIB/lucr.a
gfortran -fimplicit-none -shared -fPIC -Wno-argument-mismatch  -c lu/LL/cgetrf.f -o lu/LL/cgetrf.o
gfortran -fimplicit-none -shared -fPIC -Wno-argument-mismatch  -c lu/LL/dgetrf.f -o lu/LL/dgetrf.o
gfortran -fimplicit-none -shared -fPIC -Wno-argument-mismatch  -c lu/LL/sgetrf.f -o lu/LL/sgetrf.o
gfortran -fimplicit-none -shared -fPIC -Wno-argument-mismatch  -c lu/LL/zgetrf.f -o lu/LL/zgetrf.o
ar cr LIB/lull.a lu/LL/cgetrf.o lu/LL/dgetrf.o lu/LL/sgetrf.o lu/LL/zgetrf.o
ranlib LIB/lull.a
gfortran -fimplicit-none -shared -fPIC -Wno-argument-mismatch  -c lu/REC/cgetrf.f -o lu/REC/cgetrf.o
gfortran -fimplicit-none -shared -fPIC -Wno-argument-mismatch  -c lu/REC/dgetrf.f -o lu/REC/dgetrf.o
gfortran -fimplicit-none -shared -fPIC -Wno-argument-mismatch  -c lu/REC/sgetrf.f -o lu/REC/sgetrf.o
gfortran -fimplicit-none -shared -fPIC -Wno-argument-mismatch  -c lu/REC/zgetrf.f -o lu/REC/zgetrf.o
ar cr LIB/lurec.a lu/REC/cgetrf.o lu/REC/dgetrf.o lu/REC/sgetrf.o lu/REC/zgetrf.o
ranlib LIB/lurec.a
gfortran -fimplicit-none -shared -fPIC -Wno-argument-mismatch  -c qr/LL/cgeqrf.f -o qr/LL/cgeqrf.o
gfortran -fimplicit-none -shared -fPIC -Wno-argument-mismatch  -c qr/LL/dgeqrf.f -o qr/LL/dgeqrf.o
gfortran -fimplicit-none -shared -fPIC -Wno-argument-mismatch  -c qr/LL/sgeqrf.f -o qr/LL/sgeqrf.o
gfortran -fimplicit-none -shared -fPIC -Wno-argument-mismatch  -c qr/LL/zgeqrf.f -o qr/LL/zgeqrf.o
gfortran -fimplicit-none -shared -fPIC -Wno-argument-mismatch  -c qr/LL/sceil.f -o qr/LL/sceil.o
ar cr LIB/qrll.a  qr/LL/cgeqrf.o qr/LL/dgeqrf.o qr/LL/sgeqrf.o qr/LL/zgeqrf.o  qr/LL/sceil.o
ranlib LIB/qrll.a
make[1]: Leaving directory '/home/adityanair/OpenFOAM/adityanair-v2512/applications/utilities/waves2Foam/ThirdParty/lapack-3.3.1/SRC/VARIANTS'
( cd SRC; make )
make[1]: Entering directory '/home/adityanair/OpenFOAM/adityanair-v2512/applications/utilities/waves2Foam/ThirdParty/lapack-3.3.1/SRC'
gfortran -fimplicit-none -shared -fPIC -Wno-argument-mismatch  -c sgbbrd.f -o sgbbrd.o
gfortran -fimplicit-none -shared -fPIC -Wno-argument-mismatch  -c sgbcon.f -o sgbcon.o
gfortran -fimplicit-none -shared -fPIC -Wno-argument-mismatch  -c sgbequ.f -o sgbequ.o
gfortran -fimplicit-none -shared -fPIC -Wno-argument-mismatch  -c sgbrfs.f -o sgbrfs.o
gfortran -fimplicit-none -shared -fPIC -Wno-argument-mismatch  -c sgbsv.f -o sgbsv.o
gfortran -fimplicit-none -shared -fPIC -Wno-argument-mismatch  -c sgbsvx.f -o sgbsvx.o
gfortran -fimplicit-none -shared -fPIC -Wno-argument-mismatch  -c sgbtf2.f -o sgbtf2.o
gfortran -fimplicit-none -shared -fPIC -Wno-argument-mismatch  -c sgbtrf.f -o sgbtrf.o
gfortran -fimplicit-none -shared -fPIC -Wno-argument-mismatch  -c sgbtrs.f -o sgbtrs.o
gfortran -fimplicit-none -shared -fPIC -Wno-argument-mismatch  -c sgebak.f -o sgebak.o
gfortran -fimplicit-none -shared -fPIC -Wno-argument-mismatch  -c sgebal.f -o sgebal.o
gfortran -fimplicit-none -shared -fPIC -Wno-argument-mismatch  -c sgebd2.f -o sgebd2.o
gfortran -fimplicit-none -shared -fPIC -Wno-argument-mismatch  -c sgebrd.f -o sgebrd.o
gfortran -fimplicit-none -shared -fPIC -Wno-argument-mismatch  -c sgecon.f -o sgecon.o
gfortran -fimplicit-none -shared -fPIC -Wno-argument-mismatch  -c sgeequ.f -o sgeequ.o
gfortran -fimplicit-none -shared -fPIC -Wno-argument-mismatch  -c sgees.f -o sgees.o
gfortran -fimplicit-none -shared -fPIC -Wno-argument-mismatch  -c sgeesx.f -o sgeesx.o
gfortran -fimplicit-none -shared -fPIC -Wno-argument-mismatch  -c sgeev.f -o sgeev.o
gfortran -fimplicit-none -shared -fPIC -Wno-argument-mismatch  -c sgeevx.f -o sgeevx.o
gfortran -fimplicit-none -shared -fPIC -Wno-argument-mismatch  -c sgegs.f -o sgegs.o
gfortran -fimplicit-none -shared -fPIC -Wno-argument-mismatch  -c sgegv.f -o sgegv.o
gfortran -fimplicit-none -shared -fPIC -Wno-argument-mismatch  -c sgehd2.f -o sgehd2.o
gfortran -fimplicit-none -shared -fPIC -Wno-argument-mismatch  -c sgehrd.f -o sgehrd.o
gfortran -fimplicit-none -shared -fPIC -Wno-argument-mismatch  -c sgelq2.f -o sgelq2.o
gfortran -fimplicit-none -shared -fPIC -Wno-argument-mismatch  -c sgelqf.f -o sgelqf.o
gfortran -fimplicit-none -shared -fPIC -Wno-argument-mismatch  -c sgels.f -o sgels.o
gfortran -fimplicit-none -shared -fPIC -Wno-argument-mismatch  -c sgelsd.f -o sgelsd.o
gfortran -fimplicit-none -shared -fPIC -Wno-argument-mismatch  -c sgelss.f -o sgelss.o
gfortran -fimplicit-none -shared -fPIC -Wno-argument-mismatch  -c sgelsx.f -o sgelsx.o
gfortran -fimplicit-none -shared -fPIC -Wno-argument-mismatch  -c sgelsy.f -o sgelsy.o
gfortran -fimplicit-none -shared -fPIC -Wno-argument-mismatch  -c sgeql2.f -o sgeql2.o
gfortran -fimplicit-none -shared -fPIC -Wno-argument-mismatch  -c sgeqlf.f -o sgeqlf.o
gfortran -fimplicit-none -shared -fPIC -Wno-argument-mismatch  -c sgeqp3.f -o sgeqp3.o
gfortran -fimplicit-none -shared -fPIC -Wno-argument-mismatch  -c sgeqpf.f -o sgeqpf.o
gfortran -fimplicit-none -shared -fPIC -Wno-argument-mismatch  -c sgeqr2.f -o sgeqr2.o
gfortran -fimplicit-none -shared -fPIC -Wno-argument-mismatch  -c sgeqr2p.f -o sgeqr2p.o
gfortran -fimplicit-none -shared -fPIC -Wno-argument-mismatch  -c sgeqrf.f -o sgeqrf.o
gfortran -fimplicit-none -shared -fPIC -Wno-argument-mismatch  -c sgeqrfp.f -o sgeqrfp.o
gfortran -fimplicit-none -shared -fPIC -Wno-argument-mismatch  -c sgerfs.f -o sgerfs.o
gfortran -fimplicit-none -shared -fPIC -Wno-argument-mismatch  -c sgerq2.f -o sgerq2.o
gfortran -fimplicit-none -shared -fPIC -Wno-argument-mismatch  -c sgerqf.f -o sgerqf.o
gfortran -fimplicit-none -shared -fPIC -Wno-argument-mismatch  -c sgesc2.f -o sgesc2.o
gfortran -fimplicit-none -shared -fPIC -Wno-argument-mismatch  -c sgesdd.f -o sgesdd.o
gfortran -fimplicit-none -shared -fPIC -Wno-argument-mismatch  -c sgesv.f -o sgesv.o
gfortran -fimplicit-none -shared -fPIC -Wno-argument-mismatch  -c sgesvd.f -o sgesvd.o
gfortran -fimplicit-none -shared -fPIC -Wno-argument-mismatch  -c sgesvx.f -o sgesvx.o
gfortran -fimplicit-none -shared -fPIC -Wno-argument-mismatch  -c sgetc2.f -o sgetc2.o
gfortran -fimplicit-none -shared -fPIC -Wno-argument-mismatch  -c sgetf2.f -o sgetf2.o
gfortran -fimplicit-none -shared -fPIC -Wno-argument-mismatch  -c sgetri.f -o sgetri.o
gfortran -fimplicit-none -shared -fPIC -Wno-argument-mismatch  -c sggbak.f -o sggbak.o
gfortran -fimplicit-none -shared -fPIC -Wno-argument-mismatch  -c sggbal.f -o sggbal.o
gfortran -fimplicit-none -shared -fPIC -Wno-argument-mismatch  -c sgges.f -o sgges.o
gfortran -fimplicit-none -shared -fPIC -Wno-argument-mismatch  -c sggesx.f -o sggesx.o
gfortran -fimplicit-none -shared -fPIC -Wno-argument-mismatch  -c sggev.f -o sggev.o
gfortran -fimplicit-none -shared -fPIC -Wno-argument-mismatch  -c sggevx.f -o sggevx.o
gfortran -fimplicit-none -shared -fPIC -Wno-argument-mismatch  -c sggglm.f -o sggglm.o
gfortran -fimplicit-none -shared -fPIC -Wno-argument-mismatch  -c sgghrd.f -o sgghrd.o
gfortran -fimplicit-none -shared -fPIC -Wno-argument-mismatch  -c sgglse.f -o sgglse.o
gfortran -fimplicit-none -shared -fPIC -Wno-argument-mismatch  -c sggqrf.f -o sggqrf.o
gfortran -fimplicit-none -shared -fPIC -Wno-argument-mismatch  -c sggrqf.f -o sggrqf.o
gfortran -fimplicit-none -shared -fPIC -Wno-argument-mismatch  -c sggsvd.f -o sggsvd.o
gfortran -fimplicit-none -shared -fPIC -Wno-argument-mismatch  -c sggsvp.f -o sggsvp.o
gfortran -fimplicit-none -shared -fPIC -Wno-argument-mismatch  -c sgtcon.f -o sgtcon.o
gfortran -fimplicit-none -shared -fPIC -Wno-argument-mismatch  -c sgtrfs.f -o sgtrfs.o
gfortran -fimplicit-none -shared -fPIC -Wno-argument-mismatch  -c sgtsv.f -o sgtsv.o
gfortran -fimplicit-none -shared -fPIC -Wno-argument-mismatch  -c sgtsvx.f -o sgtsvx.o
gfortran -fimplicit-none -shared -fPIC -Wno-argument-mismatch  -c sgttrf.f -o sgttrf.o
gfortran -fimplicit-none -shared -fPIC -Wno-argument-mismatch  -c sgttrs.f -o sgttrs.o
gfortran -fimplicit-none -shared -fPIC -Wno-argument-mismatch  -c sgtts2.f -o sgtts2.o
gfortran -fimplicit-none -shared -fPIC -Wno-argument-mismatch  -c shgeqz.f -o shgeqz.o
gfortran -fimplicit-none -shared -fPIC -Wno-argument-mismatch  -c shsein.f -o shsein.o
gfortran -fimplicit-none -shared -fPIC -Wno-argument-mismatch  -c shseqr.f -o shseqr.o
gfortran -fimplicit-none -shared -fPIC -Wno-argument-mismatch  -c slabrd.f -o slabrd.o
gfortran -fimplicit-none -shared -fPIC -Wno-argument-mismatch  -c slacon.f -o slacon.o
gfortran -fimplicit-none -shared -fPIC -Wno-argument-mismatch  -c slacn2.f -o slacn2.o
gfortran -fimplicit-none -shared -fPIC -Wno-argument-mismatch  -c slaein.f -o slaein.o
gfortran -fimplicit-none -shared -fPIC -Wno-argument-mismatch  -c slaexc.f -o slaexc.o
gfortran -fimplicit-none -shared -fPIC -Wno-argument-mismatch  -c slag2.f -o slag2.o
gfortran -fimplicit-none -shared -fPIC -Wno-argument-mismatch  -c slags2.f -o slags2.o
gfortran -fimplicit-none -shared -fPIC -Wno-argument-mismatch  -c slagtm.f -o slagtm.o
gfortran -fimplicit-none -shared -fPIC -Wno-argument-mismatch  -c slagv2.f -o slagv2.o
gfortran -fimplicit-none -shared -fPIC -Wno-argument-mismatch  -c slahqr.f -o slahqr.o
gfortran -fimplicit-none -shared -fPIC -Wno-argument-mismatch  -c slahrd.f -o slahrd.o
gfortran -fimplicit-none -shared -fPIC -Wno-argument-mismatch  -c slahr2.f -o slahr2.o
gfortran -fimplicit-none -shared -fPIC -Wno-argument-mismatch  -c slaic1.f -o slaic1.o
gfortran -fimplicit-none -shared -fPIC -Wno-argument-mismatch  -c slaln2.f -o slaln2.o
gfortran -fimplicit-none -shared -fPIC -Wno-argument-mismatch  -c slals0.f -o slals0.o
gfortran -fimplicit-none -shared -fPIC -Wno-argument-mismatch  -c slalsa.f -o slalsa.o
gfortran -fimplicit-none -shared -fPIC -Wno-argument-mismatch  -c slalsd.f -o slalsd.o
gfortran -fimplicit-none -shared -fPIC -Wno-argument-mismatch  -c slangb.f -o slangb.o
gfortran -fimplicit-none -shared -fPIC -Wno-argument-mismatch  -c slange.f -o slange.o
gfortran -fimplicit-none -shared -fPIC -Wno-argument-mismatch  -c slangt.f -o slangt.o
gfortran -fimplicit-none -shared -fPIC -Wno-argument-mismatch  -c slanhs.f -o slanhs.o
gfortran -fimplicit-none -shared -fPIC -Wno-argument-mismatch  -c slansb.f -o slansb.o
gfortran -fimplicit-none -shared -fPIC -Wno-argument-mismatch  -c slansp.f -o slansp.o
gfortran -fimplicit-none -shared -fPIC -Wno-argument-mismatch  -c slansy.f -o slansy.o
gfortran -fimplicit-none -shared -fPIC -Wno-argument-mismatch  -c slantb.f -o slantb.o
gfortran -fimplicit-none -shared -fPIC -Wno-argument-mismatch  -c slantp.f -o slantp.o
gfortran -fimplicit-none -shared -fPIC -Wno-argument-mismatch  -c slantr.f -o slantr.o
gfortran -fimplicit-none -shared -fPIC -Wno-argument-mismatch  -c slanv2.f -o slanv2.o
gfortran -fimplicit-none -shared -fPIC -Wno-argument-mismatch  -c slapll.f -o slapll.o
gfortran -fimplicit-none -shared -fPIC -Wno-argument-mismatch  -c slapmt.f -o slapmt.o
gfortran -fimplicit-none -shared -fPIC -Wno-argument-mismatch  -c slaqgb.f -o slaqgb.o
gfortran -fimplicit-none -shared -fPIC -Wno-argument-mismatch  -c slaqge.f -o slaqge.o
gfortran -fimplicit-none -shared -fPIC -Wno-argument-mismatch  -c slaqp2.f -o slaqp2.o
gfortran -fimplicit-none -shared -fPIC -Wno-argument-mismatch  -c slaqps.f -o slaqps.o
gfortran -fimplicit-none -shared -fPIC -Wno-argument-mismatch  -c slaqsb.f -o slaqsb.o
gfortran -fimplicit-none -shared -fPIC -Wno-argument-mismatch  -c slaqsp.f -o slaqsp.o
gfortran -fimplicit-none -shared -fPIC -Wno-argument-mismatch  -c slaqsy.f -o slaqsy.o
gfortran -fimplicit-none -shared -fPIC -Wno-argument-mismatch  -c slaqr0.f -o slaqr0.o
gfortran -fimplicit-none -shared -fPIC -Wno-argument-mismatch  -c slaqr1.f -o slaqr1.o
gfortran -fimplicit-none -shared -fPIC -Wno-argument-mismatch  -c slaqr2.f -o slaqr2.o
gfortran -fimplicit-none -shared -fPIC -Wno-argument-mismatch  -c slaqr3.f -o slaqr3.o
gfortran -fimplicit-none -shared -fPIC -Wno-argument-mismatch  -c slaqr4.f -o slaqr4.o
gfortran -fimplicit-none -shared -fPIC -Wno-argument-mismatch  -c slaqr5.f -o slaqr5.o
gfortran -fimplicit-none -shared -fPIC -Wno-argument-mismatch  -c slaqtr.f -o slaqtr.o
gfortran -fimplicit-none -shared -fPIC -Wno-argument-mismatch  -c slar1v.f -o slar1v.o
gfortran -fimplicit-none -shared -fPIC -Wno-argument-mismatch  -c slar2v.f -o slar2v.o
gfortran -fimplicit-none -shared -fPIC -Wno-argument-mismatch  -c ilaslr.f -o ilaslr.o
gfortran -fimplicit-none -shared -fPIC -Wno-argument-mismatch  -c ilaslc.f -o ilaslc.o
gfortran -fimplicit-none -shared -fPIC -Wno-argument-mismatch  -c slarf.f -o slarf.o
gfortran -fimplicit-none -shared -fPIC -Wno-argument-mismatch  -c slarfb.f -o slarfb.o
gfortran -fimplicit-none -shared -fPIC -Wno-argument-mismatch  -c slarfg.f -o slarfg.o
gfortran -fimplicit-none -shared -fPIC -Wno-argument-mismatch  -c slarfgp.f -o slarfgp.o
gfortran -fimplicit-none -shared -fPIC -Wno-argument-mismatch  -c slarft.f -o slarft.o
gfortran -fimplicit-none -shared -fPIC -Wno-argument-mismatch  -c slarfx.f -o slarfx.o
gfortran -fimplicit-none -shared -fPIC -Wno-argument-mismatch  -c slargv.f -o slargv.o
gfortran -fimplicit-none -shared -fPIC -Wno-argument-mismatch  -c slarrv.f -o slarrv.o
gfortran -fimplicit-none -shared -fPIC -Wno-argument-mismatch  -c slartv.f -o slartv.o
gfortran -fimplicit-none -shared -fPIC -Wno-argument-mismatch  -c slarz.f -o slarz.o
gfortran -fimplicit-none -shared -fPIC -Wno-argument-mismatch  -c slarzb.f -o slarzb.o
gfortran -fimplicit-none -shared -fPIC -Wno-argument-mismatch  -c slarzt.f -o slarzt.o
gfortran -fimplicit-none -shared -fPIC -Wno-argument-mismatch  -c slaswp.f -o slaswp.o
gfortran -fimplicit-none -shared -fPIC -Wno-argument-mismatch  -c slasy2.f -o slasy2.o
gfortran -fimplicit-none -shared -fPIC -Wno-argument-mismatch  -c slasyf.f -o slasyf.o
gfortran -fimplicit-none -shared -fPIC -Wno-argument-mismatch  -c slatbs.f -o slatbs.o
gfortran -fimplicit-none -shared -fPIC -Wno-argument-mismatch  -c slatdf.f -o slatdf.o
gfortran -fimplicit-none -shared -fPIC -Wno-argument-mismatch  -c slatps.f -o slatps.o
gfortran -fimplicit-none -shared -fPIC -Wno-argument-mismatch  -c slatrd.f -o slatrd.o
gfortran -fimplicit-none -shared -fPIC -Wno-argument-mismatch  -c slatrs.f -o slatrs.o
gfortran -fimplicit-none -shared -fPIC -Wno-argument-mismatch  -c slatrz.f -o slatrz.o
gfortran -fimplicit-none -shared -fPIC -Wno-argument-mismatch  -c slatzm.f -o slatzm.o
gfortran -fimplicit-none -shared -fPIC -Wno-argument-mismatch  -c slauu2.f -o slauu2.o
gfortran -fimplicit-none -shared -fPIC -Wno-argument-mismatch  -c slauum.f -o slauum.o
gfortran -fimplicit-none -shared -fPIC -Wno-argument-mismatch  -c sopgtr.f -o sopgtr.o
gfortran -fimplicit-none -shared -fPIC -Wno-argument-mismatch  -c sopmtr.f -o sopmtr.o
gfortran -fimplicit-none -shared -fPIC -Wno-argument-mismatch  -c sorg2l.f -o sorg2l.o
gfortran -fimplicit-none -shared -fPIC -Wno-argument-mismatch  -c sorg2r.f -o sorg2r.o
gfortran -fimplicit-none -shared -fPIC -Wno-argument-mismatch  -c sorgbr.f -o sorgbr.o
gfortran -fimplicit-none -shared -fPIC -Wno-argument-mismatch  -c sorghr.f -o sorghr.o
gfortran -fimplicit-none -shared -fPIC -Wno-argument-mismatch  -c sorgl2.f -o sorgl2.o
gfortran -fimplicit-none -shared -fPIC -Wno-argument-mismatch  -c sorglq.f -o sorglq.o
gfortran -fimplicit-none -shared -fPIC -Wno-argument-mismatch  -c sorgql.f -o sorgql.o
gfortran -fimplicit-none -shared -fPIC -Wno-argument-mismatch  -c sorgqr.f -o sorgqr.o
gfortran -fimplicit-none -shared -fPIC -Wno-argument-mismatch  -c sorgr2.f -o sorgr2.o
gfortran -fimplicit-none -shared -fPIC -Wno-argument-mismatch  -c sorgrq.f -o sorgrq.o
gfortran -fimplicit-none -shared -fPIC -Wno-argument-mismatch  -c sorgtr.f -o sorgtr.o
gfortran -fimplicit-none -shared -fPIC -Wno-argument-mismatch  -c sorm2l.f -o sorm2l.o
gfortran -fimplicit-none -shared -fPIC -Wno-argument-mismatch  -c sorm2r.f -o sorm2r.o
gfortran -fimplicit-none -shared -fPIC -Wno-argument-mismatch  -c sormbr.f -o sormbr.o
gfortran -fimplicit-none -shared -fPIC -Wno-argument-mismatch  -c sormhr.f -o sormhr.o
gfortran -fimplicit-none -shared -fPIC -Wno-argument-mismatch  -c sorml2.f -o sorml2.o
gfortran -fimplicit-none -shared -fPIC -Wno-argument-mismatch  -c sormlq.f -o sormlq.o
gfortran -fimplicit-none -shared -fPIC -Wno-argument-mismatch  -c sormql.f -o sormql.o
gfortran -fimplicit-none -shared -fPIC -Wno-argument-mismatch  -c sormqr.f -o sormqr.o
gfortran -fimplicit-none -shared -fPIC -Wno-argument-mismatch  -c sormr2.f -o sormr2.o
gfortran -fimplicit-none -shared -fPIC -Wno-argument-mismatch  -c sormr3.f -o sormr3.o
gfortran -fimplicit-none -shared -fPIC -Wno-argument-mismatch  -c sormrq.f -o sormrq.o
gfortran -fimplicit-none -shared -fPIC -Wno-argument-mismatch  -c sormrz.f -o sormrz.o
gfortran -fimplicit-none -shared -fPIC -Wno-argument-mismatch  -c sormtr.f -o sormtr.o
gfortran -fimplicit-none -shared -fPIC -Wno-argument-mismatch  -c spbcon.f -o spbcon.o
gfortran -fimplicit-none -shared -fPIC -Wno-argument-mismatch  -c spbequ.f -o spbequ.o
gfortran -fimplicit-none -shared -fPIC -Wno-argument-mismatch  -c spbrfs.f -o spbrfs.o
gfortran -fimplicit-none -shared -fPIC -Wno-argument-mismatch  -c spbstf.f -o spbstf.o
gfortran -fimplicit-none -shared -fPIC -Wno-argument-mismatch  -c spbsv.f -o spbsv.o
gfortran -fimplicit-none -shared -fPIC -Wno-argument-mismatch  -c spbsvx.f -o spbsvx.o
gfortran -fimplicit-none -shared -fPIC -Wno-argument-mismatch  -c spbtf2.f -o spbtf2.o
gfortran -fimplicit-none -shared -fPIC -Wno-argument-mismatch  -c spbtrf.f -o spbtrf.o
gfortran -fimplicit-none -shared -fPIC -Wno-argument-mismatch  -c spbtrs.f -o spbtrs.o
gfortran -fimplicit-none -shared -fPIC -Wno-argument-mismatch  -c spocon.f -o spocon.o
gfortran -fimplicit-none -shared -fPIC -Wno-argument-mismatch  -c spoequ.f -o spoequ.o
gfortran -fimplicit-none -shared -fPIC -Wno-argument-mismatch  -c sporfs.f -o sporfs.o
gfortran -fimplicit-none -shared -fPIC -Wno-argument-mismatch  -c sposv.f -o sposv.o
gfortran -fimplicit-none -shared -fPIC -Wno-argument-mismatch  -c sposvx.f -o sposvx.o
gfortran -fimplicit-none -shared -fPIC -Wno-argument-mismatch  -c spotf2.f -o spotf2.o
gfortran -fimplicit-none -shared -fPIC -Wno-argument-mismatch  -c spotri.f -o spotri.o
gfortran -fimplicit-none -shared -fPIC -Wno-argument-mismatch  -c spstrf.f -o spstrf.o
gfortran -fimplicit-none -shared -fPIC -Wno-argument-mismatch  -c spstf2.f -o spstf2.o
gfortran -fimplicit-none -shared -fPIC -Wno-argument-mismatch  -c sppcon.f -o sppcon.o
gfortran -fimplicit-none -shared -fPIC -Wno-argument-mismatch  -c sppequ.f -o sppequ.o
gfortran -fimplicit-none -shared -fPIC -Wno-argument-mismatch  -c spprfs.f -o spprfs.o
gfortran -fimplicit-none -shared -fPIC -Wno-argument-mismatch  -c sppsv.f -o sppsv.o
gfortran -fimplicit-none -shared -fPIC -Wno-argument-mismatch  -c sppsvx.f -o sppsvx.o
gfortran -fimplicit-none -shared -fPIC -Wno-argument-mismatch  -c spptrf.f -o spptrf.o
gfortran -fimplicit-none -shared -fPIC -Wno-argument-mismatch  -c spptri.f -o spptri.o
gfortran -fimplicit-none -shared -fPIC -Wno-argument-mismatch  -c spptrs.f -o spptrs.o
gfortran -fimplicit-none -shared -fPIC -Wno-argument-mismatch  -c sptcon.f -o sptcon.o
gfortran -fimplicit-none -shared -fPIC -Wno-argument-mismatch  -c spteqr.f -o spteqr.o
gfortran -fimplicit-none -shared -fPIC -Wno-argument-mismatch  -c sptrfs.f -o sptrfs.o
gfortran -fimplicit-none -shared -fPIC -Wno-argument-mismatch  -c sptsv.f -o sptsv.o
gfortran -fimplicit-none -shared -fPIC -Wno-argument-mismatch  -c sptsvx.f -o sptsvx.o
gfortran -fimplicit-none -shared -fPIC -Wno-argument-mismatch  -c spttrs.f -o spttrs.o
gfortran -fimplicit-none -shared -fPIC -Wno-argument-mismatch  -c sptts2.f -o sptts2.o
gfortran -fimplicit-none -shared -fPIC -Wno-argument-mismatch  -c srscl.f -o srscl.o
gfortran -fimplicit-none -shared -fPIC -Wno-argument-mismatch  -c ssbev.f -o ssbev.o
gfortran -fimplicit-none -shared -fPIC -Wno-argument-mismatch  -c ssbevd.f -o ssbevd.o
gfortran -fimplicit-none -shared -fPIC -Wno-argument-mismatch  -c ssbevx.f -o ssbevx.o
gfortran -fimplicit-none -shared -fPIC -Wno-argument-mismatch  -c ssbgst.f -o ssbgst.o
gfortran -fimplicit-none -shared -fPIC -Wno-argument-mismatch  -c ssbgv.f -o ssbgv.o
gfortran -fimplicit-none -shared -fPIC -Wno-argument-mismatch  -c ssbgvd.f -o ssbgvd.o
gfortran -fimplicit-none -shared -fPIC -Wno-argument-mismatch  -c ssbgvx.f -o ssbgvx.o
gfortran -fimplicit-none -shared -fPIC -Wno-argument-mismatch  -c ssbtrd.f -o ssbtrd.o
gfortran -fimplicit-none -shared -fPIC -Wno-argument-mismatch  -c sspcon.f -o sspcon.o
gfortran -fimplicit-none -shared -fPIC -Wno-argument-mismatch  -c sspev.f -o sspev.o
gfortran -fimplicit-none -shared -fPIC -Wno-argument-mismatch  -c sspevd.f -o sspevd.o
gfortran -fimplicit-none -shared -fPIC -Wno-argument-mismatch  -c sspevx.f -o sspevx.o
gfortran -fimplicit-none -shared -fPIC -Wno-argument-mismatch  -c sspgst.f -o sspgst.o
gfortran -fimplicit-none -shared -fPIC -Wno-argument-mismatch  -c sspgv.f -o sspgv.o
gfortran -fimplicit-none -shared -fPIC -Wno-argument-mismatch  -c sspgvd.f -o sspgvd.o
gfortran -fimplicit-none -shared -fPIC -Wno-argument-mismatch  -c sspgvx.f -o sspgvx.o
gfortran -fimplicit-none -shared -fPIC -Wno-argument-mismatch  -c ssprfs.f -o ssprfs.o
gfortran -fimplicit-none -shared -fPIC -Wno-argument-mismatch  -c sspsv.f -o sspsv.o
gfortran -fimplicit-none -shared -fPIC -Wno-argument-mismatch  -c sspsvx.f -o sspsvx.o
gfortran -fimplicit-none -shared -fPIC -Wno-argument-mismatch  -c ssptrd.f -o ssptrd.o
gfortran -fimplicit-none -shared -fPIC -Wno-argument-mismatch  -c ssptrf.f -o ssptrf.o
gfortran -fimplicit-none -shared -fPIC -Wno-argument-mismatch  -c ssptri.f -o ssptri.o
gfortran -fimplicit-none -shared -fPIC -Wno-argument-mismatch  -c ssptrs.f -o ssptrs.o
gfortran -fimplicit-none -shared -fPIC -Wno-argument-mismatch  -c sstegr.f -o sstegr.o
gfortran -fimplicit-none -shared -fPIC -Wno-argument-mismatch  -c sstein.f -o sstein.o
gfortran -fimplicit-none -shared -fPIC -Wno-argument-mismatch  -c sstev.f -o sstev.o
gfortran -fimplicit-none -shared -fPIC -Wno-argument-mismatch  -c sstevd.f -o sstevd.o
gfortran -fimplicit-none -shared -fPIC -Wno-argument-mismatch  -c sstevr.f -o sstevr.o
gfortran -fimplicit-none -shared -fPIC -Wno-argument-mismatch  -c sstevx.f -o sstevx.o
gfortran -fimplicit-none -shared -fPIC -Wno-argument-mismatch  -c ssycon.f -o ssycon.o
gfortran -fimplicit-none -shared -fPIC -Wno-argument-mismatch  -c ssyev.f -o ssyev.o
gfortran -fimplicit-none -shared -fPIC -Wno-argument-mismatch  -c ssyevd.f -o ssyevd.o
gfortran -fimplicit-none -shared -fPIC -Wno-argument-mismatch  -c ssyevr.f -o ssyevr.o
gfortran -fimplicit-none -shared -fPIC -Wno-argument-mismatch  -c ssyevx.f -o ssyevx.o
gfortran -fimplicit-none -shared -fPIC -Wno-argument-mismatch  -c ssygs2.f -o ssygs2.o
gfortran -fimplicit-none -shared -fPIC -Wno-argument-mismatch  -c ssygst.f -o ssygst.o
gfortran -fimplicit-none -shared -fPIC -Wno-argument-mismatch  -c ssygv.f -o ssygv.o
gfortran -fimplicit-none -shared -fPIC -Wno-argument-mismatch  -c ssygvd.f -o ssygvd.o
gfortran -fimplicit-none -shared -fPIC -Wno-argument-mismatch  -c ssygvx.f -o ssygvx.o
gfortran -fimplicit-none -shared -fPIC -Wno-argument-mismatch  -c ssyrfs.f -o ssyrfs.o
gfortran -fimplicit-none -shared -fPIC -Wno-argument-mismatch  -c ssysv.f -o ssysv.o
gfortran -fimplicit-none -shared -fPIC -Wno-argument-mismatch  -c ssysvx.f -o ssysvx.o
gfortran -fimplicit-none -shared -fPIC -Wno-argument-mismatch  -c ssytd2.f -o ssytd2.o
gfortran -fimplicit-none -shared -fPIC -Wno-argument-mismatch  -c ssytf2.f -o ssytf2.o
gfortran -fimplicit-none -shared -fPIC -Wno-argument-mismatch  -c ssytrd.f -o ssytrd.o
gfortran -fimplicit-none -shared -fPIC -Wno-argument-mismatch  -c ssytrf.f -o ssytrf.o
gfortran -fimplicit-none -shared -fPIC -Wno-argument-mismatch  -c ssytri.f -o ssytri.o
gfortran -fimplicit-none -shared -fPIC -Wno-argument-mismatch  -c ssytri2.f -o ssytri2.o
gfortran -fimplicit-none -shared -fPIC -Wno-argument-mismatch  -c ssytri2x.f -o ssytri2x.o
gfortran -fimplicit-none -shared -fPIC -Wno-argument-mismatch  -c ssyswapr.f -o ssyswapr.o
gfortran -fimplicit-none -shared -fPIC -Wno-argument-mismatch  -c ssytrs.f -o ssytrs.o
gfortran -fimplicit-none -shared -fPIC -Wno-argument-mismatch  -c ssytrs2.f -o ssytrs2.o
gfortran -fimplicit-none -shared -fPIC -Wno-argument-mismatch  -c ssyconv.f -o ssyconv.o
gfortran -fimplicit-none -shared -fPIC -Wno-argument-mismatch  -c stbcon.f -o stbcon.o
gfortran -fimplicit-none -shared -fPIC -Wno-argument-mismatch  -c stbrfs.f -o stbrfs.o
gfortran -fimplicit-none -shared -fPIC -Wno-argument-mismatch  -c stbtrs.f -o stbtrs.o
gfortran -fimplicit-none -shared -fPIC -Wno-argument-mismatch  -c stgevc.f -o stgevc.o
gfortran -fimplicit-none -shared -fPIC -Wno-argument-mismatch  -c stgex2.f -o stgex2.o
gfortran -fimplicit-none -shared -fPIC -Wno-argument-mismatch  -c stgexc.f -o stgexc.o
gfortran -fimplicit-none -shared -fPIC -Wno-argument-mismatch  -c stgsen.f -o stgsen.o
gfortran -fimplicit-none -shared -fPIC -Wno-argument-mismatch  -c stgsja.f -o stgsja.o
gfortran -fimplicit-none -shared -fPIC -Wno-argument-mismatch  -c stgsna.f -o stgsna.o
gfortran -fimplicit-none -shared -fPIC -Wno-argument-mismatch  -c stgsy2.f -o stgsy2.o
gfortran -fimplicit-none -shared -fPIC -Wno-argument-mismatch  -c stgsyl.f -o stgsyl.o
gfortran -fimplicit-none -shared -fPIC -Wno-argument-mismatch  -c stpcon.f -o stpcon.o
gfortran -fimplicit-none -shared -fPIC -Wno-argument-mismatch  -c stprfs.f -o stprfs.o
gfortran -fimplicit-none -shared -fPIC -Wno-argument-mismatch  -c stptri.f -o stptri.o
gfortran -fimplicit-none -shared -fPIC -Wno-argument-mismatch  -c stptrs.f -o stptrs.o
gfortran -fimplicit-none -shared -fPIC -Wno-argument-mismatch  -c strcon.f -o strcon.o
gfortran -fimplicit-none -shared -fPIC -Wno-argument-mismatch  -c strevc.f -o strevc.o
gfortran -fimplicit-none -shared -fPIC -Wno-argument-mismatch  -c strexc.f -o strexc.o
gfortran -fimplicit-none -shared -fPIC -Wno-argument-mismatch  -c strrfs.f -o strrfs.o
gfortran -fimplicit-none -shared -fPIC -Wno-argument-mismatch  -c strsen.f -o strsen.o
gfortran -fimplicit-none -shared -fPIC -Wno-argument-mismatch  -c strsna.f -o strsna.o
gfortran -fimplicit-none -shared -fPIC -Wno-argument-mismatch  -c strsyl.f -o strsyl.o
gfortran -fimplicit-none -shared -fPIC -Wno-argument-mismatch  -c strti2.f -o strti2.o
gfortran -fimplicit-none -shared -fPIC -Wno-argument-mismatch  -c strtri.f -o strtri.o
gfortran -fimplicit-none -shared -fPIC -Wno-argument-mismatch  -c strtrs.f -o strtrs.o
gfortran -fimplicit-none -shared -fPIC -Wno-argument-mismatch  -c stzrqf.f -o stzrqf.o
gfortran -fimplicit-none -shared -fPIC -Wno-argument-mismatch  -c stzrzf.f -o stzrzf.o
gfortran -fimplicit-none -shared -fPIC -Wno-argument-mismatch  -c sstemr.f -o sstemr.o
gfortran -fimplicit-none -shared -fPIC -Wno-argument-mismatch  -c slansf.f -o slansf.o
gfortran -fimplicit-none -shared -fPIC -Wno-argument-mismatch  -c spftrf.f -o spftrf.o
gfortran -fimplicit-none -shared -fPIC -Wno-argument-mismatch  -c spftri.f -o spftri.o
gfortran -fimplicit-none -shared -fPIC -Wno-argument-mismatch  -c spftrs.f -o spftrs.o
gfortran -fimplicit-none -shared -fPIC -Wno-argument-mismatch  -c ssfrk.f -o ssfrk.o
gfortran -fimplicit-none -shared -fPIC -Wno-argument-mismatch  -c stfsm.f -o stfsm.o
gfortran -fimplicit-none -shared -fPIC -Wno-argument-mismatch  -c stftri.f -o stftri.o
gfortran -fimplicit-none -shared -fPIC -Wno-argument-mismatch  -c stfttp.f -o stfttp.o
gfortran -fimplicit-none -shared -fPIC -Wno-argument-mismatch  -c stfttr.f -o stfttr.o
gfortran -fimplicit-none -shared -fPIC -Wno-argument-mismatch  -c stpttf.f -o stpttf.o
gfortran -fimplicit-none -shared -fPIC -Wno-argument-mismatch  -c stpttr.f -o stpttr.o
gfortran -fimplicit-none -shared -fPIC -Wno-argument-mismatch  -c strttf.f -o strttf.o
gfortran -fimplicit-none -shared -fPIC -Wno-argument-mismatch  -c strttp.f -o strttp.o
gfortran -fimplicit-none -shared -fPIC -Wno-argument-mismatch  -c sgejsv.f -o sgejsv.o
gfortran -fimplicit-none -shared -fPIC -Wno-argument-mismatch  -c sgesvj.f -o sgesvj.o
gfortran -fimplicit-none -shared -fPIC -Wno-argument-mismatch  -c sgsvj0.f -o sgsvj0.o
gfortran -fimplicit-none -shared -fPIC -Wno-argument-mismatch  -c sgsvj1.f -o sgsvj1.o
gfortran -fimplicit-none -shared -fPIC -Wno-argument-mismatch  -c sgeequb.f -o sgeequb.o
gfortran -fimplicit-none -shared -fPIC -Wno-argument-mismatch  -c ssyequb.f -o ssyequb.o
gfortran -fimplicit-none -shared -fPIC -Wno-argument-mismatch  -c spoequb.f -o spoequb.o
gfortran -fimplicit-none -shared -fPIC -Wno-argument-mismatch  -c sgbequb.f -o sgbequb.o
gfortran -fimplicit-none -shared -fPIC -Wno-argument-mismatch  -c sbbcsd.f -o sbbcsd.o
gfortran -fimplicit-none -shared -fPIC -Wno-argument-mismatch  -c slapmr.f -o slapmr.o
gfortran -fimplicit-none -shared -fPIC -Wno-argument-mismatch  -c sorbdb.f -o sorbdb.o
gfortran -fimplicit-none -shared -fPIC -Wno-argument-mismatch  -c sorcsd.f -o sorcsd.o
gfortran -fimplicit-none -shared -fPIC -Wno-argument-mismatch  -c dgbbrd.f -o dgbbrd.o
gfortran -fimplicit-none -shared -fPIC -Wno-argument-mismatch  -c dgbcon.f -o dgbcon.o
gfortran -fimplicit-none -shared -fPIC -Wno-argument-mismatch  -c dgbequ.f -o dgbequ.o
gfortran -fimplicit-none -shared -fPIC -Wno-argument-mismatch  -c dgbrfs.f -o dgbrfs.o
gfortran -fimplicit-none -shared -fPIC -Wno-argument-mismatch  -c dgbsv.f -o dgbsv.o
gfortran -fimplicit-none -shared -fPIC -Wno-argument-mismatch  -c dgbsvx.f -o dgbsvx.o
gfortran -fimplicit-none -shared -fPIC -Wno-argument-mismatch  -c dgbtf2.f -o dgbtf2.o
gfortran -fimplicit-none -shared -fPIC -Wno-argument-mismatch  -c dgbtrf.f -o dgbtrf.o
gfortran -fimplicit-none -shared -fPIC -Wno-argument-mismatch  -c dgbtrs.f -o dgbtrs.o
gfortran -fimplicit-none -shared -fPIC -Wno-argument-mismatch  -c dgebak.f -o dgebak.o
gfortran -fimplicit-none -shared -fPIC -Wno-argument-mismatch  -c dgebal.f -o dgebal.o
gfortran -fimplicit-none -shared -fPIC -Wno-argument-mismatch  -c dgebd2.f -o dgebd2.o
gfortran -fimplicit-none -shared -fPIC -Wno-argument-mismatch  -c dgebrd.f -o dgebrd.o
gfortran -fimplicit-none -shared -fPIC -Wno-argument-mismatch  -c dgecon.f -o dgecon.o
gfortran -fimplicit-none -shared -fPIC -Wno-argument-mismatch  -c dgeequ.f -o dgeequ.o
gfortran -fimplicit-none -shared -fPIC -Wno-argument-mismatch  -c dgees.f -o dgees.o
gfortran -fimplicit-none -shared -fPIC -Wno-argument-mismatch  -c dgeesx.f -o dgeesx.o
gfortran -fimplicit-none -shared -fPIC -Wno-argument-mismatch  -c dgeev.f -o dgeev.o
gfortran -fimplicit-none -shared -fPIC -Wno-argument-mismatch  -c dgeevx.f -o dgeevx.o
gfortran -fimplicit-none -shared -fPIC -Wno-argument-mismatch  -c dgegs.f -o dgegs.o
gfortran -fimplicit-none -shared -fPIC -Wno-argument-mismatch  -c dgegv.f -o dgegv.o
gfortran -fimplicit-none -shared -fPIC -Wno-argument-mismatch  -c dgehd2.f -o dgehd2.o
gfortran -fimplicit-none -shared -fPIC -Wno-argument-mismatch  -c dgehrd.f -o dgehrd.o
gfortran -fimplicit-none -shared -fPIC -Wno-argument-mismatch  -c dgelq2.f -o dgelq2.o
gfortran -fimplicit-none -shared -fPIC -Wno-argument-mismatch  -c dgelqf.f -o dgelqf.o
gfortran -fimplicit-none -shared -fPIC -Wno-argument-mismatch  -c dgels.f -o dgels.o
gfortran -fimplicit-none -shared -fPIC -Wno-argument-mismatch  -c dgelsd.f -o dgelsd.o
gfortran -fimplicit-none -shared -fPIC -Wno-argument-mismatch  -c dgelss.f -o dgelss.o
gfortran -fimplicit-none -shared -fPIC -Wno-argument-mismatch  -c dgelsx.f -o dgelsx.o
gfortran -fimplicit-none -shared -fPIC -Wno-argument-mismatch  -c dgelsy.f -o dgelsy.o
gfortran -fimplicit-none -shared -fPIC -Wno-argument-mismatch  -c dgeql2.f -o dgeql2.o
gfortran -fimplicit-none -shared -fPIC -Wno-argument-mismatch  -c dgeqlf.f -o dgeqlf.o
gfortran -fimplicit-none -shared -fPIC -Wno-argument-mismatch  -c dgeqp3.f -o dgeqp3.o
gfortran -fimplicit-none -shared -fPIC -Wno-argument-mismatch  -c dgeqpf.f -o dgeqpf.o
gfortran -fimplicit-none -shared -fPIC -Wno-argument-mismatch  -c dgeqr2.f -o dgeqr2.o
gfortran -fimplicit-none -shared -fPIC -Wno-argument-mismatch  -c dgeqr2p.f -o dgeqr2p.o
gfortran -fimplicit-none -shared -fPIC -Wno-argument-mismatch  -c dgeqrf.f -o dgeqrf.o
gfortran -fimplicit-none -shared -fPIC -Wno-argument-mismatch  -c dgeqrfp.f -o dgeqrfp.o
gfortran -fimplicit-none -shared -fPIC -Wno-argument-mismatch  -c dgerfs.f -o dgerfs.o
gfortran -fimplicit-none -shared -fPIC -Wno-argument-mismatch  -c dgerq2.f -o dgerq2.o
gfortran -fimplicit-none -shared -fPIC -Wno-argument-mismatch  -c dgerqf.f -o dgerqf.o
gfortran -fimplicit-none -shared -fPIC -Wno-argument-mismatch  -c dgesc2.f -o dgesc2.o
gfortran -fimplicit-none -shared -fPIC -Wno-argument-mismatch  -c dgesdd.f -o dgesdd.o
gfortran -fimplicit-none -shared -fPIC -Wno-argument-mismatch  -c dgesv.f -o dgesv.o
gfortran -fimplicit-none -shared -fPIC -Wno-argument-mismatch  -c dgesvd.f -o dgesvd.o
gfortran -fimplicit-none -shared -fPIC -Wno-argument-mismatch  -c dgesvx.f -o dgesvx.o
gfortran -fimplicit-none -shared -fPIC -Wno-argument-mismatch  -c dgetc2.f -o dgetc2.o
gfortran -fimplicit-none -shared -fPIC -Wno-argument-mismatch  -c dgetf2.f -o dgetf2.o
gfortran -fimplicit-none -shared -fPIC -Wno-argument-mismatch  -c dgetrf.f -o dgetrf.o
gfortran -fimplicit-none -shared -fPIC -Wno-argument-mismatch  -c dgetri.f -o dgetri.o
gfortran -fimplicit-none -shared -fPIC -Wno-argument-mismatch  -c dgetrs.f -o dgetrs.o
gfortran -fimplicit-none -shared -fPIC -Wno-argument-mismatch  -c dggbak.f -o dggbak.o
gfortran -fimplicit-none -shared -fPIC -Wno-argument-mismatch  -c dggbal.f -o dggbal.o
gfortran -fimplicit-none -shared -fPIC -Wno-argument-mismatch  -c dgges.f -o dgges.o
gfortran -fimplicit-none -shared -fPIC -Wno-argument-mismatch  -c dggesx.f -o dggesx.o
gfortran -fimplicit-none -shared -fPIC -Wno-argument-mismatch  -c dggev.f -o dggev.o
gfortran -fimplicit-none -shared -fPIC -Wno-argument-mismatch  -c dggevx.f -o dggevx.o
gfortran -fimplicit-none -shared -fPIC -Wno-argument-mismatch  -c dggglm.f -o dggglm.o
gfortran -fimplicit-none -shared -fPIC -Wno-argument-mismatch  -c dgghrd.f -o dgghrd.o
gfortran -fimplicit-none -shared -fPIC -Wno-argument-mismatch  -c dgglse.f -o dgglse.o
gfortran -fimplicit-none -shared -fPIC -Wno-argument-mismatch  -c dggqrf.f -o dggqrf.o
gfortran -fimplicit-none -shared -fPIC -Wno-argument-mismatch  -c dggrqf.f -o dggrqf.o
gfortran -fimplicit-none -shared -fPIC -Wno-argument-mismatch  -c dggsvd.f -o dggsvd.o
gfortran -fimplicit-none -shared -fPIC -Wno-argument-mismatch  -c dggsvp.f -o dggsvp.o
gfortran -fimplicit-none -shared -fPIC -Wno-argument-mismatch  -c dgtcon.f -o dgtcon.o
gfortran -fimplicit-none -shared -fPIC -Wno-argument-mismatch  -c dgtrfs.f -o dgtrfs.o
gfortran -fimplicit-none -shared -fPIC -Wno-argument-mismatch  -c dgtsv.f -o dgtsv.o
gfortran -fimplicit-none -shared -fPIC -Wno-argument-mismatch  -c dgtsvx.f -o dgtsvx.o
gfortran -fimplicit-none -shared -fPIC -Wno-argument-mismatch  -c dgttrf.f -o dgttrf.o
gfortran -fimplicit-none -shared -fPIC -Wno-argument-mismatch  -c dgttrs.f -o dgttrs.o
gfortran -fimplicit-none -shared -fPIC -Wno-argument-mismatch  -c dgtts2.f -o dgtts2.o
gfortran -fimplicit-none -shared -fPIC -Wno-argument-mismatch  -c dhgeqz.f -o dhgeqz.o
gfortran -fimplicit-none -shared -fPIC -Wno-argument-mismatch  -c dhsein.f -o dhsein.o
gfortran -fimplicit-none -shared -fPIC -Wno-argument-mismatch  -c dhseqr.f -o dhseqr.o
gfortran -fimplicit-none -shared -fPIC -Wno-argument-mismatch  -c dlabrd.f -o dlabrd.o
gfortran -fimplicit-none -shared -fPIC -Wno-argument-mismatch  -c dlacon.f -o dlacon.o
gfortran -fimplicit-none -shared -fPIC -Wno-argument-mismatch  -c dlacn2.f -o dlacn2.o
gfortran -fimplicit-none -shared -fPIC -Wno-argument-mismatch  -c dlaein.f -o dlaein.o
gfortran -fimplicit-none -shared -fPIC -Wno-argument-mismatch  -c dlaexc.f -o dlaexc.o
gfortran -fimplicit-none -shared -fPIC -Wno-argument-mismatch  -c dlag2.f -o dlag2.o
gfortran -fimplicit-none -shared -fPIC -Wno-argument-mismatch  -c dlags2.f -o dlags2.o
gfortran -fimplicit-none -shared -fPIC -Wno-argument-mismatch  -c dlagtm.f -o dlagtm.o
gfortran -fimplicit-none -shared -fPIC -Wno-argument-mismatch  -c dlagv2.f -o dlagv2.o
gfortran -fimplicit-none -shared -fPIC -Wno-argument-mismatch  -c dlahqr.f -o dlahqr.o
gfortran -fimplicit-none -shared -fPIC -Wno-argument-mismatch  -c dlahrd.f -o dlahrd.o
gfortran -fimplicit-none -shared -fPIC -Wno-argument-mismatch  -c dlahr2.f -o dlahr2.o
gfortran -fimplicit-none -shared -fPIC -Wno-argument-mismatch  -c dlaic1.f -o dlaic1.o
gfortran -fimplicit-none -shared -fPIC -Wno-argument-mismatch  -c dlaln2.f -o dlaln2.o
gfortran -fimplicit-none -shared -fPIC -Wno-argument-mismatch  -c dlals0.f -o dlals0.o
gfortran -fimplicit-none -shared -fPIC -Wno-argument-mismatch  -c dlalsa.f -o dlalsa.o
gfortran -fimplicit-none -shared -fPIC -Wno-argument-mismatch  -c dlalsd.f -o dlalsd.o
gfortran -fimplicit-none -shared -fPIC -Wno-argument-mismatch  -c dlangb.f -o dlangb.o
gfortran -fimplicit-none -shared -fPIC -Wno-argument-mismatch  -c dlange.f -o dlange.o
gfortran -fimplicit-none -shared -fPIC -Wno-argument-mismatch  -c dlangt.f -o dlangt.o
gfortran -fimplicit-none -shared -fPIC -Wno-argument-mismatch  -c dlanhs.f -o dlanhs.o
gfortran -fimplicit-none -shared -fPIC -Wno-argument-mismatch  -c dlansb.f -o dlansb.o
gfortran -fimplicit-none -shared -fPIC -Wno-argument-mismatch  -c dlansp.f -o dlansp.o
gfortran -fimplicit-none -shared -fPIC -Wno-argument-mismatch  -c dlansy.f -o dlansy.o
gfortran -fimplicit-none -shared -fPIC -Wno-argument-mismatch  -c dlantb.f -o dlantb.o
gfortran -fimplicit-none -shared -fPIC -Wno-argument-mismatch  -c dlantp.f -o dlantp.o
gfortran -fimplicit-none -shared -fPIC -Wno-argument-mismatch  -c dlantr.f -o dlantr.o
gfortran -fimplicit-none -shared -fPIC -Wno-argument-mismatch  -c dlanv2.f -o dlanv2.o
gfortran -fimplicit-none -shared -fPIC -Wno-argument-mismatch  -c dlapll.f -o dlapll.o
gfortran -fimplicit-none -shared -fPIC -Wno-argument-mismatch  -c dlapmt.f -o dlapmt.o
gfortran -fimplicit-none -shared -fPIC -Wno-argument-mismatch  -c dlaqgb.f -o dlaqgb.o
gfortran -fimplicit-none -shared -fPIC -Wno-argument-mismatch  -c dlaqge.f -o dlaqge.o
gfortran -fimplicit-none -shared -fPIC -Wno-argument-mismatch  -c dlaqp2.f -o dlaqp2.o
gfortran -fimplicit-none -shared -fPIC -Wno-argument-mismatch  -c dlaqps.f -o dlaqps.o
gfortran -fimplicit-none -shared -fPIC -Wno-argument-mismatch  -c dlaqsb.f -o dlaqsb.o
gfortran -fimplicit-none -shared -fPIC -Wno-argument-mismatch  -c dlaqsp.f -o dlaqsp.o
gfortran -fimplicit-none -shared -fPIC -Wno-argument-mismatch  -c dlaqsy.f -o dlaqsy.o
gfortran -fimplicit-none -shared -fPIC -Wno-argument-mismatch  -c dlaqr0.f -o dlaqr0.o
gfortran -fimplicit-none -shared -fPIC -Wno-argument-mismatch  -c dlaqr1.f -o dlaqr1.o
gfortran -fimplicit-none -shared -fPIC -Wno-argument-mismatch  -c dlaqr2.f -o dlaqr2.o
gfortran -fimplicit-none -shared -fPIC -Wno-argument-mismatch  -c dlaqr3.f -o dlaqr3.o
gfortran -fimplicit-none -shared -fPIC -Wno-argument-mismatch  -c dlaqr4.f -o dlaqr4.o
gfortran -fimplicit-none -shared -fPIC -Wno-argument-mismatch  -c dlaqr5.f -o dlaqr5.o
gfortran -fimplicit-none -shared -fPIC -Wno-argument-mismatch  -c dlaqtr.f -o dlaqtr.o
gfortran -fimplicit-none -shared -fPIC -Wno-argument-mismatch  -c dlar1v.f -o dlar1v.o
gfortran -fimplicit-none -shared -fPIC -Wno-argument-mismatch  -c dlar2v.f -o dlar2v.o
gfortran -fimplicit-none -shared -fPIC -Wno-argument-mismatch  -c iladlr.f -o iladlr.o
gfortran -fimplicit-none -shared -fPIC -Wno-argument-mismatch  -c iladlc.f -o iladlc.o
gfortran -fimplicit-none -shared -fPIC -Wno-argument-mismatch  -c dlarf.f -o dlarf.o
gfortran -fimplicit-none -shared -fPIC -Wno-argument-mismatch  -c dlarfb.f -o dlarfb.o
gfortran -fimplicit-none -shared -fPIC -Wno-argument-mismatch  -c dlarfg.f -o dlarfg.o
gfortran -fimplicit-none -shared -fPIC -Wno-argument-mismatch  -c dlarfgp.f -o dlarfgp.o
gfortran -fimplicit-none -shared -fPIC -Wno-argument-mismatch  -c dlarft.f -o dlarft.o
gfortran -fimplicit-none -shared -fPIC -Wno-argument-mismatch  -c dlarfx.f -o dlarfx.o
gfortran -fimplicit-none -shared -fPIC -Wno-argument-mismatch  -c dlargv.f -o dlargv.o
gfortran -fimplicit-none -shared -fPIC -Wno-argument-mismatch  -c dlarrv.f -o dlarrv.o
gfortran -fimplicit-none -shared -fPIC -Wno-argument-mismatch  -c dlartv.f -o dlartv.o
gfortran -fimplicit-none -shared -fPIC -Wno-argument-mismatch  -c dlarz.f -o dlarz.o
gfortran -fimplicit-none -shared -fPIC -Wno-argument-mismatch  -c dlarzb.f -o dlarzb.o
gfortran -fimplicit-none -shared -fPIC -Wno-argument-mismatch  -c dlarzt.f -o dlarzt.o
gfortran -fimplicit-none -shared -fPIC -Wno-argument-mismatch  -c dlaswp.f -o dlaswp.o
gfortran -fimplicit-none -shared -fPIC -Wno-argument-mismatch  -c dlasy2.f -o dlasy2.o
gfortran -fimplicit-none -shared -fPIC -Wno-argument-mismatch  -c dlasyf.f -o dlasyf.o
gfortran -fimplicit-none -shared -fPIC -Wno-argument-mismatch  -c dlatbs.f -o dlatbs.o
gfortran -fimplicit-none -shared -fPIC -Wno-argument-mismatch  -c dlatdf.f -o dlatdf.o
gfortran -fimplicit-none -shared -fPIC -Wno-argument-mismatch  -c dlatps.f -o dlatps.o
gfortran -fimplicit-none -shared -fPIC -Wno-argument-mismatch  -c dlatrd.f -o dlatrd.o
gfortran -fimplicit-none -shared -fPIC -Wno-argument-mismatch  -c dlatrs.f -o dlatrs.o
gfortran -fimplicit-none -shared -fPIC -Wno-argument-mismatch  -c dlatrz.f -o dlatrz.o
gfortran -fimplicit-none -shared -fPIC -Wno-argument-mismatch  -c dlatzm.f -o dlatzm.o
gfortran -fimplicit-none -shared -fPIC -Wno-argument-mismatch  -c dlauu2.f -o dlauu2.o
gfortran -fimplicit-none -shared -fPIC -Wno-argument-mismatch  -c dlauum.f -o dlauum.o
gfortran -fimplicit-none -shared -fPIC -Wno-argument-mismatch  -c dopgtr.f -o dopgtr.o
gfortran -fimplicit-none -shared -fPIC -Wno-argument-mismatch  -c dopmtr.f -o dopmtr.o
gfortran -fimplicit-none -shared -fPIC -Wno-argument-mismatch  -c dorg2l.f -o dorg2l.o
gfortran -fimplicit-none -shared -fPIC -Wno-argument-mismatch  -c dorg2r.f -o dorg2r.o
gfortran -fimplicit-none -shared -fPIC -Wno-argument-mismatch  -c dorgbr.f -o dorgbr.o
gfortran -fimplicit-none -shared -fPIC -Wno-argument-mismatch  -c dorghr.f -o dorghr.o
gfortran -fimplicit-none -shared -fPIC -Wno-argument-mismatch  -c dorgl2.f -o dorgl2.o
gfortran -fimplicit-none -shared -fPIC -Wno-argument-mismatch  -c dorglq.f -o dorglq.o
gfortran -fimplicit-none -shared -fPIC -Wno-argument-mismatch  -c dorgql.f -o dorgql.o
gfortran -fimplicit-none -shared -fPIC -Wno-argument-mismatch  -c dorgqr.f -o dorgqr.o
gfortran -fimplicit-none -shared -fPIC -Wno-argument-mismatch  -c dorgr2.f -o dorgr2.o
gfortran -fimplicit-none -shared -fPIC -Wno-argument-mismatch  -c dorgrq.f -o dorgrq.o
gfortran -fimplicit-none -shared -fPIC -Wno-argument-mismatch  -c dorgtr.f -o dorgtr.o
gfortran -fimplicit-none -shared -fPIC -Wno-argument-mismatch  -c dorm2l.f -o dorm2l.o
gfortran -fimplicit-none -shared -fPIC -Wno-argument-mismatch  -c dorm2r.f -o dorm2r.o
gfortran -fimplicit-none -shared -fPIC -Wno-argument-mismatch  -c dormbr.f -o dormbr.o
gfortran -fimplicit-none -shared -fPIC -Wno-argument-mismatch  -c dormhr.f -o dormhr.o
gfortran -fimplicit-none -shared -fPIC -Wno-argument-mismatch  -c dorml2.f -o dorml2.o
gfortran -fimplicit-none -shared -fPIC -Wno-argument-mismatch  -c dormlq.f -o dormlq.o
gfortran -fimplicit-none -shared -fPIC -Wno-argument-mismatch  -c dormql.f -o dormql.o
gfortran -fimplicit-none -shared -fPIC -Wno-argument-mismatch  -c dormqr.f -o dormqr.o
gfortran -fimplicit-none -shared -fPIC -Wno-argument-mismatch  -c dormr2.f -o dormr2.o
gfortran -fimplicit-none -shared -fPIC -Wno-argument-mismatch  -c dormr3.f -o dormr3.o
gfortran -fimplicit-none -shared -fPIC -Wno-argument-mismatch  -c dormrq.f -o dormrq.o
gfortran -fimplicit-none -shared -fPIC -Wno-argument-mismatch  -c dormrz.f -o dormrz.o
gfortran -fimplicit-none -shared -fPIC -Wno-argument-mismatch  -c dormtr.f -o dormtr.o
gfortran -fimplicit-none -shared -fPIC -Wno-argument-mismatch  -c dpbcon.f -o dpbcon.o
gfortran -fimplicit-none -shared -fPIC -Wno-argument-mismatch  -c dpbequ.f -o dpbequ.o
gfortran -fimplicit-none -shared -fPIC -Wno-argument-mismatch  -c dpbrfs.f -o dpbrfs.o
gfortran -fimplicit-none -shared -fPIC -Wno-argument-mismatch  -c dpbstf.f -o dpbstf.o
gfortran -fimplicit-none -shared -fPIC -Wno-argument-mismatch  -c dpbsv.f -o dpbsv.o
gfortran -fimplicit-none -shared -fPIC -Wno-argument-mismatch  -c dpbsvx.f -o dpbsvx.o
gfortran -fimplicit-none -shared -fPIC -Wno-argument-mismatch  -c dpbtf2.f -o dpbtf2.o
gfortran -fimplicit-none -shared -fPIC -Wno-argument-mismatch  -c dpbtrf.f -o dpbtrf.o
gfortran -fimplicit-none -shared -fPIC -Wno-argument-mismatch  -c dpbtrs.f -o dpbtrs.o
gfortran -fimplicit-none -shared -fPIC -Wno-argument-mismatch  -c dpocon.f -o dpocon.o
gfortran -fimplicit-none -shared -fPIC -Wno-argument-mismatch  -c dpoequ.f -o dpoequ.o
gfortran -fimplicit-none -shared -fPIC -Wno-argument-mismatch  -c dporfs.f -o dporfs.o
gfortran -fimplicit-none -shared -fPIC -Wno-argument-mismatch  -c dposv.f -o dposv.o
gfortran -fimplicit-none -shared -fPIC -Wno-argument-mismatch  -c dposvx.f -o dposvx.o
gfortran -fimplicit-none -shared -fPIC -Wno-argument-mismatch  -c dpotf2.f -o dpotf2.o
gfortran -fimplicit-none -shared -fPIC -Wno-argument-mismatch  -c dpotrf.f -o dpotrf.o
gfortran -fimplicit-none -shared -fPIC -Wno-argument-mismatch  -c dpotri.f -o dpotri.o
gfortran -fimplicit-none -shared -fPIC -Wno-argument-mismatch  -c dpotrs.f -o dpotrs.o
gfortran -fimplicit-none -shared -fPIC -Wno-argument-mismatch  -c dpstrf.f -o dpstrf.o
gfortran -fimplicit-none -shared -fPIC -Wno-argument-mismatch  -c dpstf2.f -o dpstf2.o
gfortran -fimplicit-none -shared -fPIC -Wno-argument-mismatch  -c dppcon.f -o dppcon.o
gfortran -fimplicit-none -shared -fPIC -Wno-argument-mismatch  -c dppequ.f -o dppequ.o
gfortran -fimplicit-none -shared -fPIC -Wno-argument-mismatch  -c dpprfs.f -o dpprfs.o
gfortran -fimplicit-none -shared -fPIC -Wno-argument-mismatch  -c dppsv.f -o dppsv.o
gfortran -fimplicit-none -shared -fPIC -Wno-argument-mismatch  -c dppsvx.f -o dppsvx.o
gfortran -fimplicit-none -shared -fPIC -Wno-argument-mismatch  -c dpptrf.f -o dpptrf.o
gfortran -fimplicit-none -shared -fPIC -Wno-argument-mismatch  -c dpptri.f -o dpptri.o
gfortran -fimplicit-none -shared -fPIC -Wno-argument-mismatch  -c dpptrs.f -o dpptrs.o
gfortran -fimplicit-none -shared -fPIC -Wno-argument-mismatch  -c dptcon.f -o dptcon.o
gfortran -fimplicit-none -shared -fPIC -Wno-argument-mismatch  -c dpteqr.f -o dpteqr.o
gfortran -fimplicit-none -shared -fPIC -Wno-argument-mismatch  -c dptrfs.f -o dptrfs.o
gfortran -fimplicit-none -shared -fPIC -Wno-argument-mismatch  -c dptsv.f -o dptsv.o
gfortran -fimplicit-none -shared -fPIC -Wno-argument-mismatch  -c dptsvx.f -o dptsvx.o
gfortran -fimplicit-none -shared -fPIC -Wno-argument-mismatch  -c dpttrs.f -o dpttrs.o
gfortran -fimplicit-none -shared -fPIC -Wno-argument-mismatch  -c dptts2.f -o dptts2.o
gfortran -fimplicit-none -shared -fPIC -Wno-argument-mismatch  -c drscl.f -o drscl.o
gfortran -fimplicit-none -shared -fPIC -Wno-argument-mismatch  -c dsbev.f -o dsbev.o
gfortran -fimplicit-none -shared -fPIC -Wno-argument-mismatch  -c dsbevd.f -o dsbevd.o
gfortran -fimplicit-none -shared -fPIC -Wno-argument-mismatch  -c dsbevx.f -o dsbevx.o
gfortran -fimplicit-none -shared -fPIC -Wno-argument-mismatch  -c dsbgst.f -o dsbgst.o
gfortran -fimplicit-none -shared -fPIC -Wno-argument-mismatch  -c dsbgv.f -o dsbgv.o
gfortran -fimplicit-none -shared -fPIC -Wno-argument-mismatch  -c dsbgvd.f -o dsbgvd.o
gfortran -fimplicit-none -shared -fPIC -Wno-argument-mismatch  -c dsbgvx.f -o dsbgvx.o
gfortran -fimplicit-none -shared -fPIC -Wno-argument-mismatch  -c dsbtrd.f -o dsbtrd.o
gfortran -fimplicit-none -shared -fPIC -Wno-argument-mismatch  -c dspcon.f -o dspcon.o
gfortran -fimplicit-none -shared -fPIC -Wno-argument-mismatch  -c dspev.f -o dspev.o
gfortran -fimplicit-none -shared -fPIC -Wno-argument-mismatch  -c dspevd.f -o dspevd.o
gfortran -fimplicit-none -shared -fPIC -Wno-argument-mismatch  -c dspevx.f -o dspevx.o
gfortran -fimplicit-none -shared -fPIC -Wno-argument-mismatch  -c dspgst.f -o dspgst.o
gfortran -fimplicit-none -shared -fPIC -Wno-argument-mismatch  -c dspgv.f -o dspgv.o
gfortran -fimplicit-none -shared -fPIC -Wno-argument-mismatch  -c dspgvd.f -o dspgvd.o
gfortran -fimplicit-none -shared -fPIC -Wno-argument-mismatch  -c dspgvx.f -o dspgvx.o
gfortran -fimplicit-none -shared -fPIC -Wno-argument-mismatch  -c dsprfs.f -o dsprfs.o
gfortran -fimplicit-none -shared -fPIC -Wno-argument-mismatch  -c dspsv.f -o dspsv.o
gfortran -fimplicit-none -shared -fPIC -Wno-argument-mismatch  -c dspsvx.f -o dspsvx.o
gfortran -fimplicit-none -shared -fPIC -Wno-argument-mismatch  -c dsptrd.f -o dsptrd.o
gfortran -fimplicit-none -shared -fPIC -Wno-argument-mismatch  -c dsptrf.f -o dsptrf.o
gfortran -fimplicit-none -shared -fPIC -Wno-argument-mismatch  -c dsptri.f -o dsptri.o
gfortran -fimplicit-none -shared -fPIC -Wno-argument-mismatch  -c dsptrs.f -o dsptrs.o
gfortran -fimplicit-none -shared -fPIC -Wno-argument-mismatch  -c dstegr.f -o dstegr.o
gfortran -fimplicit-none -shared -fPIC -Wno-argument-mismatch  -c dstein.f -o dstein.o
gfortran -fimplicit-none -shared -fPIC -Wno-argument-mismatch  -c dstev.f -o dstev.o
gfortran -fimplicit-none -shared -fPIC -Wno-argument-mismatch  -c dstevd.f -o dstevd.o
gfortran -fimplicit-none -shared -fPIC -Wno-argument-mismatch  -c dstevr.f -o dstevr.o
gfortran -fimplicit-none -shared -fPIC -Wno-argument-mismatch  -c dstevx.f -o dstevx.o
gfortran -fimplicit-none -shared -fPIC -Wno-argument-mismatch  -c dsycon.f -o dsycon.o
gfortran -fimplicit-none -shared -fPIC -Wno-argument-mismatch  -c dsyev.f -o dsyev.o
gfortran -fimplicit-none -shared -fPIC -Wno-argument-mismatch  -c dsyevd.f -o dsyevd.o
gfortran -fimplicit-none -shared -fPIC -Wno-argument-mismatch  -c dsyevr.f -o dsyevr.o
gfortran -fimplicit-none -shared -fPIC -Wno-argument-mismatch  -c dsyevx.f -o dsyevx.o
gfortran -fimplicit-none -shared -fPIC -Wno-argument-mismatch  -c dsygs2.f -o dsygs2.o
gfortran -fimplicit-none -shared -fPIC -Wno-argument-mismatch  -c dsygst.f -o dsygst.o
gfortran -fimplicit-none -shared -fPIC -Wno-argument-mismatch  -c dsygv.f -o dsygv.o
gfortran -fimplicit-none -shared -fPIC -Wno-argument-mismatch  -c dsygvd.f -o dsygvd.o
gfortran -fimplicit-none -shared -fPIC -Wno-argument-mismatch  -c dsygvx.f -o dsygvx.o
gfortran -fimplicit-none -shared -fPIC -Wno-argument-mismatch  -c dsyrfs.f -o dsyrfs.o
gfortran -fimplicit-none -shared -fPIC -Wno-argument-mismatch  -c dsysv.f -o dsysv.o
gfortran -fimplicit-none -shared -fPIC -Wno-argument-mismatch  -c dsysvx.f -o dsysvx.o
gfortran -fimplicit-none -shared -fPIC -Wno-argument-mismatch  -c dsytd2.f -o dsytd2.o
gfortran -fimplicit-none -shared -fPIC -Wno-argument-mismatch  -c dsytf2.f -o dsytf2.o
gfortran -fimplicit-none -shared -fPIC -Wno-argument-mismatch  -c dsytrd.f -o dsytrd.o
gfortran -fimplicit-none -shared -fPIC -Wno-argument-mismatch  -c dsytrf.f -o dsytrf.o
gfortran -fimplicit-none -shared -fPIC -Wno-argument-mismatch  -c dsytri.f -o dsytri.o
gfortran -fimplicit-none -shared -fPIC -Wno-argument-mismatch  -c dsytri2.f -o dsytri2.o
gfortran -fimplicit-none -shared -fPIC -Wno-argument-mismatch  -c dsytri2x.f -o dsytri2x.o
gfortran -fimplicit-none -shared -fPIC -Wno-argument-mismatch  -c dsyswapr.f -o dsyswapr.o
gfortran -fimplicit-none -shared -fPIC -Wno-argument-mismatch  -c dsytrs.f -o dsytrs.o
gfortran -fimplicit-none -shared -fPIC -Wno-argument-mismatch  -c dsytrs2.f -o dsytrs2.o
gfortran -fimplicit-none -shared -fPIC -Wno-argument-mismatch  -c dsyconv.f -o dsyconv.o
gfortran -fimplicit-none -shared -fPIC -Wno-argument-mismatch  -c dtbcon.f -o dtbcon.o
gfortran -fimplicit-none -shared -fPIC -Wno-argument-mismatch  -c dtbrfs.f -o dtbrfs.o
gfortran -fimplicit-none -shared -fPIC -Wno-argument-mismatch  -c dtbtrs.f -o dtbtrs.o
gfortran -fimplicit-none -shared -fPIC -Wno-argument-mismatch  -c dtgevc.f -o dtgevc.o
gfortran -fimplicit-none -shared -fPIC -Wno-argument-mismatch  -c dtgex2.f -o dtgex2.o
gfortran -fimplicit-none -shared -fPIC -Wno-argument-mismatch  -c dtgexc.f -o dtgexc.o
gfortran -fimplicit-none -shared -fPIC -Wno-argument-mismatch  -c dtgsen.f -o dtgsen.o
gfortran -fimplicit-none -shared -fPIC -Wno-argument-mismatch  -c dtgsja.f -o dtgsja.o
gfortran -fimplicit-none -shared -fPIC -Wno-argument-mismatch  -c dtgsna.f -o dtgsna.o
gfortran -fimplicit-none -shared -fPIC -Wno-argument-mismatch  -c dtgsy2.f -o dtgsy2.o
gfortran -fimplicit-none -shared -fPIC -Wno-argument-mismatch  -c dtgsyl.f -o dtgsyl.o
gfortran -fimplicit-none -shared -fPIC -Wno-argument-mismatch  -c dtpcon.f -o dtpcon.o
gfortran -fimplicit-none -shared -fPIC -Wno-argument-mismatch  -c dtprfs.f -o dtprfs.o
gfortran -fimplicit-none -shared -fPIC -Wno-argument-mismatch  -c dtptri.f -o dtptri.o
gfortran -fimplicit-none -shared -fPIC -Wno-argument-mismatch  -c dtptrs.f -o dtptrs.o
gfortran -fimplicit-none -shared -fPIC -Wno-argument-mismatch  -c dtrcon.f -o dtrcon.o
gfortran -fimplicit-none -shared -fPIC -Wno-argument-mismatch  -c dtrevc.f -o dtrevc.o
gfortran -fimplicit-none -shared -fPIC -Wno-argument-mismatch  -c dtrexc.f -o dtrexc.o
gfortran -fimplicit-none -shared -fPIC -Wno-argument-mismatch  -c dtrrfs.f -o dtrrfs.o
gfortran -fimplicit-none -shared -fPIC -Wno-argument-mismatch  -c dtrsen.f -o dtrsen.o
gfortran -fimplicit-none -shared -fPIC -Wno-argument-mismatch  -c dtrsna.f -o dtrsna.o
gfortran -fimplicit-none -shared -fPIC -Wno-argument-mismatch  -c dtrsyl.f -o dtrsyl.o
gfortran -fimplicit-none -shared -fPIC -Wno-argument-mismatch  -c dtrti2.f -o dtrti2.o
gfortran -fimplicit-none -shared -fPIC -Wno-argument-mismatch  -c dtrtri.f -o dtrtri.o
gfortran -fimplicit-none -shared -fPIC -Wno-argument-mismatch  -c dtrtrs.f -o dtrtrs.o
gfortran -fimplicit-none -shared -fPIC -Wno-argument-mismatch  -c dtzrqf.f -o dtzrqf.o
gfortran -fimplicit-none -shared -fPIC -Wno-argument-mismatch  -c dtzrzf.f -o dtzrzf.o
gfortran -fimplicit-none -shared -fPIC -Wno-argument-mismatch  -c dstemr.f -o dstemr.o
gfortran -fimplicit-none -shared -fPIC -Wno-argument-mismatch  -c dsgesv.f -o dsgesv.o
gfortran -fimplicit-none -shared -fPIC -Wno-argument-mismatch  -c dsposv.f -o dsposv.o
gfortran -fimplicit-none -shared -fPIC -Wno-argument-mismatch  -c dlag2s.f -o dlag2s.o
gfortran -fimplicit-none -shared -fPIC -Wno-argument-mismatch  -c slag2d.f -o slag2d.o
gfortran -fimplicit-none -shared -fPIC -Wno-argument-mismatch  -c dlat2s.f -o dlat2s.o
gfortran -fimplicit-none -shared -fPIC -Wno-argument-mismatch  -c dlansf.f -o dlansf.o
gfortran -fimplicit-none -shared -fPIC -Wno-argument-mismatch  -c dpftrf.f -o dpftrf.o
gfortran -fimplicit-none -shared -fPIC -Wno-argument-mismatch  -c dpftri.f -o dpftri.o
gfortran -fimplicit-none -shared -fPIC -Wno-argument-mismatch  -c dpftrs.f -o dpftrs.o
gfortran -fimplicit-none -shared -fPIC -Wno-argument-mismatch  -c dsfrk.f -o dsfrk.o
gfortran -fimplicit-none -shared -fPIC -Wno-argument-mismatch  -c dtfsm.f -o dtfsm.o
gfortran -fimplicit-none -shared -fPIC -Wno-argument-mismatch  -c dtftri.f -o dtftri.o
gfortran -fimplicit-none -shared -fPIC -Wno-argument-mismatch  -c dtfttp.f -o dtfttp.o
gfortran -fimplicit-none -shared -fPIC -Wno-argument-mismatch  -c dtfttr.f -o dtfttr.o
gfortran -fimplicit-none -shared -fPIC -Wno-argument-mismatch  -c dtpttf.f -o dtpttf.o
gfortran -fimplicit-none -shared -fPIC -Wno-argument-mismatch  -c dtpttr.f -o dtpttr.o
gfortran -fimplicit-none -shared -fPIC -Wno-argument-mismatch  -c dtrttf.f -o dtrttf.o
gfortran -fimplicit-none -shared -fPIC -Wno-argument-mismatch  -c dtrttp.f -o dtrttp.o
gfortran -fimplicit-none -shared -fPIC -Wno-argument-mismatch  -c dgejsv.f -o dgejsv.o
gfortran -fimplicit-none -shared -fPIC -Wno-argument-mismatch  -c dgesvj.f -o dgesvj.o
gfortran -fimplicit-none -shared -fPIC -Wno-argument-mismatch  -c dgsvj0.f -o dgsvj0.o
gfortran -fimplicit-none -shared -fPIC -Wno-argument-mismatch  -c dgsvj1.f -o dgsvj1.o
gfortran -fimplicit-none -shared -fPIC -Wno-argument-mismatch  -c dgeequb.f -o dgeequb.o
gfortran -fimplicit-none -shared -fPIC -Wno-argument-mismatch  -c dsyequb.f -o dsyequb.o
gfortran -fimplicit-none -shared -fPIC -Wno-argument-mismatch  -c dpoequb.f -o dpoequb.o
gfortran -fimplicit-none -shared -fPIC -Wno-argument-mismatch  -c dgbequb.f -o dgbequb.o
gfortran -fimplicit-none -shared -fPIC -Wno-argument-mismatch  -c dbbcsd.f -o dbbcsd.o
gfortran -fimplicit-none -shared -fPIC -Wno-argument-mismatch  -c dlapmr.f -o dlapmr.o
gfortran -fimplicit-none -shared -fPIC -Wno-argument-mismatch  -c dorbdb.f -o dorbdb.o
gfortran -fimplicit-none -shared -fPIC -Wno-argument-mismatch  -c dorcsd.f -o dorcsd.o
gfortran -fimplicit-none -shared -fPIC -Wno-argument-mismatch  -c spotrs.f -o spotrs.o
gfortran -fimplicit-none -shared -fPIC -Wno-argument-mismatch  -c sgetrs.f -o sgetrs.o
gfortran -fimplicit-none -shared -fPIC -Wno-argument-mismatch  -c spotrf.f -o spotrf.o
gfortran -fimplicit-none -shared -fPIC -Wno-argument-mismatch  -c sgetrf.f -o sgetrf.o
gfortran -fimplicit-none -shared -fPIC -Wno-argument-mismatch  -c cbdsqr.f -o cbdsqr.o
gfortran -fimplicit-none -shared -fPIC -Wno-argument-mismatch  -c cgbbrd.f -o cgbbrd.o
gfortran -fimplicit-none -shared -fPIC -Wno-argument-mismatch  -c cgbcon.f -o cgbcon.o
gfortran -fimplicit-none -shared -fPIC -Wno-argument-mismatch  -c cgbequ.f -o cgbequ.o
gfortran -fimplicit-none -shared -fPIC -Wno-argument-mismatch  -c cgbrfs.f -o cgbrfs.o
gfortran -fimplicit-none -shared -fPIC -Wno-argument-mismatch  -c cgbsv.f -o cgbsv.o
gfortran -fimplicit-none -shared -fPIC -Wno-argument-mismatch  -c cgbsvx.f -o cgbsvx.o
gfortran -fimplicit-none -shared -fPIC -Wno-argument-mismatch  -c cgbtf2.f -o cgbtf2.o
gfortran -fimplicit-none -shared -fPIC -Wno-argument-mismatch  -c cgbtrf.f -o cgbtrf.o
gfortran -fimplicit-none -shared -fPIC -Wno-argument-mismatch  -c cgbtrs.f -o cgbtrs.o
gfortran -fimplicit-none -shared -fPIC -Wno-argument-mismatch  -c cgebak.f -o cgebak.o
gfortran -fimplicit-none -shared -fPIC -Wno-argument-mismatch  -c cgebal.f -o cgebal.o
gfortran -fimplicit-none -shared -fPIC -Wno-argument-mismatch  -c cgebd2.f -o cgebd2.o
gfortran -fimplicit-none -shared -fPIC -Wno-argument-mismatch  -c cgebrd.f -o cgebrd.o
gfortran -fimplicit-none -shared -fPIC -Wno-argument-mismatch  -c cgecon.f -o cgecon.o
gfortran -fimplicit-none -shared -fPIC -Wno-argument-mismatch  -c cgeequ.f -o cgeequ.o
gfortran -fimplicit-none -shared -fPIC -Wno-argument-mismatch  -c cgees.f -o cgees.o
gfortran -fimplicit-none -shared -fPIC -Wno-argument-mismatch  -c cgeesx.f -o cgeesx.o
gfortran -fimplicit-none -shared -fPIC -Wno-argument-mismatch  -c cgeev.f -o cgeev.o
gfortran -fimplicit-none -shared -fPIC -Wno-argument-mismatch  -c cgeevx.f -o cgeevx.o
gfortran -fimplicit-none -shared -fPIC -Wno-argument-mismatch  -c cgegs.f -o cgegs.o
gfortran -fimplicit-none -shared -fPIC -Wno-argument-mismatch  -c cgegv.f -o cgegv.o
gfortran -fimplicit-none -shared -fPIC -Wno-argument-mismatch  -c cgehd2.f -o cgehd2.o
gfortran -fimplicit-none -shared -fPIC -Wno-argument-mismatch  -c cgehrd.f -o cgehrd.o
gfortran -fimplicit-none -shared -fPIC -Wno-argument-mismatch  -c cgelq2.f -o cgelq2.o
gfortran -fimplicit-none -shared -fPIC -Wno-argument-mismatch  -c cgelqf.f -o cgelqf.o
gfortran -fimplicit-none -shared -fPIC -Wno-argument-mismatch  -c cgels.f -o cgels.o
gfortran -fimplicit-none -shared -fPIC -Wno-argument-mismatch  -c cgelsd.f -o cgelsd.o
gfortran -fimplicit-none -shared -fPIC -Wno-argument-mismatch  -c cgelss.f -o cgelss.o
gfortran -fimplicit-none -shared -fPIC -Wno-argument-mismatch  -c cgelsx.f -o cgelsx.o
gfortran -fimplicit-none -shared -fPIC -Wno-argument-mismatch  -c cgelsy.f -o cgelsy.o
gfortran -fimplicit-none -shared -fPIC -Wno-argument-mismatch  -c cgeql2.f -o cgeql2.o
gfortran -fimplicit-none -shared -fPIC -Wno-argument-mismatch  -c cgeqlf.f -o cgeqlf.o
gfortran -fimplicit-none -shared -fPIC -Wno-argument-mismatch  -c cgeqp3.f -o cgeqp3.o
gfortran -fimplicit-none -shared -fPIC -Wno-argument-mismatch  -c cgeqpf.f -o cgeqpf.o
gfortran -fimplicit-none -shared -fPIC -Wno-argument-mismatch  -c cgeqr2.f -o cgeqr2.o
gfortran -fimplicit-none -shared -fPIC -Wno-argument-mismatch  -c cgeqr2p.f -o cgeqr2p.o
gfortran -fimplicit-none -shared -fPIC -Wno-argument-mismatch  -c cgeqrf.f -o cgeqrf.o
gfortran -fimplicit-none -shared -fPIC -Wno-argument-mismatch  -c cgeqrfp.f -o cgeqrfp.o
gfortran -fimplicit-none -shared -fPIC -Wno-argument-mismatch  -c cgerfs.f -o cgerfs.o
gfortran -fimplicit-none -shared -fPIC -Wno-argument-mismatch  -c cgerq2.f -o cgerq2.o
gfortran -fimplicit-none -shared -fPIC -Wno-argument-mismatch  -c cgerqf.f -o cgerqf.o
gfortran -fimplicit-none -shared -fPIC -Wno-argument-mismatch  -c cgesc2.f -o cgesc2.o
gfortran -fimplicit-none -shared -fPIC -Wno-argument-mismatch  -c cgesdd.f -o cgesdd.o
gfortran -fimplicit-none -shared -fPIC -Wno-argument-mismatch  -c cgesv.f -o cgesv.o
gfortran -fimplicit-none -shared -fPIC -Wno-argument-mismatch  -c cgesvd.f -o cgesvd.o
gfortran -fimplicit-none -shared -fPIC -Wno-argument-mismatch  -c cgesvx.f -o cgesvx.o
gfortran -fimplicit-none -shared -fPIC -Wno-argument-mismatch  -c cgetc2.f -o cgetc2.o
gfortran -fimplicit-none -shared -fPIC -Wno-argument-mismatch  -c cgetf2.f -o cgetf2.o
gfortran -fimplicit-none -shared -fPIC -Wno-argument-mismatch  -c cgetri.f -o cgetri.o
gfortran -fimplicit-none -shared -fPIC -Wno-argument-mismatch  -c cggbak.f -o cggbak.o
gfortran -fimplicit-none -shared -fPIC -Wno-argument-mismatch  -c cggbal.f -o cggbal.o
gfortran -fimplicit-none -shared -fPIC -Wno-argument-mismatch  -c cgges.f -o cgges.o
gfortran -fimplicit-none -shared -fPIC -Wno-argument-mismatch  -c cggesx.f -o cggesx.o
gfortran -fimplicit-none -shared -fPIC -Wno-argument-mismatch  -c cggev.f -o cggev.o
gfortran -fimplicit-none -shared -fPIC -Wno-argument-mismatch  -c cggevx.f -o cggevx.o
gfortran -fimplicit-none -shared -fPIC -Wno-argument-mismatch  -c cggglm.f -o cggglm.o
gfortran -fimplicit-none -shared -fPIC -Wno-argument-mismatch  -c cgghrd.f -o cgghrd.o
gfortran -fimplicit-none -shared -fPIC -Wno-argument-mismatch  -c cgglse.f -o cgglse.o
gfortran -fimplicit-none -shared -fPIC -Wno-argument-mismatch  -c cggqrf.f -o cggqrf.o
gfortran -fimplicit-none -shared -fPIC -Wno-argument-mismatch  -c cggrqf.f -o cggrqf.o
gfortran -fimplicit-none -shared -fPIC -Wno-argument-mismatch  -c cggsvd.f -o cggsvd.o
gfortran -fimplicit-none -shared -fPIC -Wno-argument-mismatch  -c cggsvp.f -o cggsvp.o
gfortran -fimplicit-none -shared -fPIC -Wno-argument-mismatch  -c cgtcon.f -o cgtcon.o
gfortran -fimplicit-none -shared -fPIC -Wno-argument-mismatch  -c cgtrfs.f -o cgtrfs.o
gfortran -fimplicit-none -shared -fPIC -Wno-argument-mismatch  -c cgtsv.f -o cgtsv.o
gfortran -fimplicit-none -shared -fPIC -Wno-argument-mismatch  -c cgtsvx.f -o cgtsvx.o
gfortran -fimplicit-none -shared -fPIC -Wno-argument-mismatch  -c cgttrf.f -o cgttrf.o
gfortran -fimplicit-none -shared -fPIC -Wno-argument-mismatch  -c cgttrs.f -o cgttrs.o
gfortran -fimplicit-none -shared -fPIC -Wno-argument-mismatch  -c cgtts2.f -o cgtts2.o
gfortran -fimplicit-none -shared -fPIC -Wno-argument-mismatch  -c chbev.f -o chbev.o
gfortran -fimplicit-none -shared -fPIC -Wno-argument-mismatch  -c chbevd.f -o chbevd.o
gfortran -fimplicit-none -shared -fPIC -Wno-argument-mismatch  -c chbevx.f -o chbevx.o
gfortran -fimplicit-none -shared -fPIC -Wno-argument-mismatch  -c chbgst.f -o chbgst.o
gfortran -fimplicit-none -shared -fPIC -Wno-argument-mismatch  -c chbgv.f -o chbgv.o
gfortran -fimplicit-none -shared -fPIC -Wno-argument-mismatch  -c chbgvd.f -o chbgvd.o
gfortran -fimplicit-none -shared -fPIC -Wno-argument-mismatch  -c chbgvx.f -o chbgvx.o
gfortran -fimplicit-none -shared -fPIC -Wno-argument-mismatch  -c chbtrd.f -o chbtrd.o
gfortran -fimplicit-none -shared -fPIC -Wno-argument-mismatch  -c checon.f -o checon.o
gfortran -fimplicit-none -shared -fPIC -Wno-argument-mismatch  -c cheev.f -o cheev.o
gfortran -fimplicit-none -shared -fPIC -Wno-argument-mismatch  -c cheevd.f -o cheevd.o
gfortran -fimplicit-none -shared -fPIC -Wno-argument-mismatch  -c cheevr.f -o cheevr.o
gfortran -fimplicit-none -shared -fPIC -Wno-argument-mismatch  -c cheevx.f -o cheevx.o
gfortran -fimplicit-none -shared -fPIC -Wno-argument-mismatch  -c chegs2.f -o chegs2.o
gfortran -fimplicit-none -shared -fPIC -Wno-argument-mismatch  -c chegst.f -o chegst.o
gfortran -fimplicit-none -shared -fPIC -Wno-argument-mismatch  -c chegv.f -o chegv.o
gfortran -fimplicit-none -shared -fPIC -Wno-argument-mismatch  -c chegvd.f -o chegvd.o
gfortran -fimplicit-none -shared -fPIC -Wno-argument-mismatch  -c chegvx.f -o chegvx.o
gfortran -fimplicit-none -shared -fPIC -Wno-argument-mismatch  -c cherfs.f -o cherfs.o
gfortran -fimplicit-none -shared -fPIC -Wno-argument-mismatch  -c chesv.f -o chesv.o
gfortran -fimplicit-none -shared -fPIC -Wno-argument-mismatch  -c chesvx.f -o chesvx.o
gfortran -fimplicit-none -shared -fPIC -Wno-argument-mismatch  -c chetd2.f -o chetd2.o
gfortran -fimplicit-none -shared -fPIC -Wno-argument-mismatch  -c chetf2.f -o chetf2.o
gfortran -fimplicit-none -shared -fPIC -Wno-argument-mismatch  -c chetrd.f -o chetrd.o
gfortran -fimplicit-none -shared -fPIC -Wno-argument-mismatch  -c chetrf.f -o chetrf.o
gfortran -fimplicit-none -shared -fPIC -Wno-argument-mismatch  -c chetri.f -o chetri.o
gfortran -fimplicit-none -shared -fPIC -Wno-argument-mismatch  -c chetri2.f -o chetri2.o
gfortran -fimplicit-none -shared -fPIC -Wno-argument-mismatch  -c chetri2x.f -o chetri2x.o
gfortran -fimplicit-none -shared -fPIC -Wno-argument-mismatch  -c cheswapr.f -o cheswapr.o
gfortran -fimplicit-none -shared -fPIC -Wno-argument-mismatch  -c chetrs.f -o chetrs.o
gfortran -fimplicit-none -shared -fPIC -Wno-argument-mismatch  -c chetrs2.f -o chetrs2.o
gfortran -fimplicit-none -shared -fPIC -Wno-argument-mismatch  -c chgeqz.f -o chgeqz.o
gfortran -fimplicit-none -shared -fPIC -Wno-argument-mismatch  -c chpcon.f -o chpcon.o
gfortran -fimplicit-none -shared -fPIC -Wno-argument-mismatch  -c chpev.f -o chpev.o
gfortran -fimplicit-none -shared -fPIC -Wno-argument-mismatch  -c chpevd.f -o chpevd.o
gfortran -fimplicit-none -shared -fPIC -Wno-argument-mismatch  -c chpevx.f -o chpevx.o
gfortran -fimplicit-none -shared -fPIC -Wno-argument-mismatch  -c chpgst.f -o chpgst.o
gfortran -fimplicit-none -shared -fPIC -Wno-argument-mismatch  -c chpgv.f -o chpgv.o
gfortran -fimplicit-none -shared -fPIC -Wno-argument-mismatch  -c chpgvd.f -o chpgvd.o
gfortran -fimplicit-none -shared -fPIC -Wno-argument-mismatch  -c chpgvx.f -o chpgvx.o
gfortran -fimplicit-none -shared -fPIC -Wno-argument-mismatch  -c chprfs.f -o chprfs.o
gfortran -fimplicit-none -shared -fPIC -Wno-argument-mismatch  -c chpsv.f -o chpsv.o
gfortran -fimplicit-none -shared -fPIC -Wno-argument-mismatch  -c chpsvx.f -o chpsvx.o
gfortran -fimplicit-none -shared -fPIC -Wno-argument-mismatch  -c chptrd.f -o chptrd.o
gfortran -fimplicit-none -shared -fPIC -Wno-argument-mismatch  -c chptrf.f -o chptrf.o
gfortran -fimplicit-none -shared -fPIC -Wno-argument-mismatch  -c chptri.f -o chptri.o
gfortran -fimplicit-none -shared -fPIC -Wno-argument-mismatch  -c chptrs.f -o chptrs.o
gfortran -fimplicit-none -shared -fPIC -Wno-argument-mismatch  -c chsein.f -o chsein.o
gfortran -fimplicit-none -shared -fPIC -Wno-argument-mismatch  -c chseqr.f -o chseqr.o
gfortran -fimplicit-none -shared -fPIC -Wno-argument-mismatch  -c clabrd.f -o clabrd.o
gfortran -fimplicit-none -shared -fPIC -Wno-argument-mismatch  -c clacgv.f -o clacgv.o
gfortran -fimplicit-none -shared -fPIC -Wno-argument-mismatch  -c clacon.f -o clacon.o
gfortran -fimplicit-none -shared -fPIC -Wno-argument-mismatch  -c clacn2.f -o clacn2.o
gfortran -fimplicit-none -shared -fPIC -Wno-argument-mismatch  -c clacp2.f -o clacp2.o
gfortran -fimplicit-none -shared -fPIC -Wno-argument-mismatch  -c clacpy.f -o clacpy.o
gfortran -fimplicit-none -shared -fPIC -Wno-argument-mismatch  -c clacrm.f -o clacrm.o
gfortran -fimplicit-none -shared -fPIC -Wno-argument-mismatch  -c clacrt.f -o clacrt.o
gfortran -fimplicit-none -shared -fPIC -Wno-argument-mismatch  -c cladiv.f -o cladiv.o
gfortran -fimplicit-none -shared -fPIC -Wno-argument-mismatch  -c claed0.f -o claed0.o
gfortran -fimplicit-none -shared -fPIC -Wno-argument-mismatch  -c claed7.f -o claed7.o
gfortran -fimplicit-none -shared -fPIC -Wno-argument-mismatch  -c claed8.f -o claed8.o
gfortran -fimplicit-none -shared -fPIC -Wno-argument-mismatch  -c claein.f -o claein.o
gfortran -fimplicit-none -shared -fPIC -Wno-argument-mismatch  -c claesy.f -o claesy.o
gfortran -fimplicit-none -shared -fPIC -Wno-argument-mismatch  -c claev2.f -o claev2.o
gfortran -fimplicit-none -shared -fPIC -Wno-argument-mismatch  -c clags2.f -o clags2.o
gfortran -fimplicit-none -shared -fPIC -Wno-argument-mismatch  -c clagtm.f -o clagtm.o
gfortran -fimplicit-none -shared -fPIC -Wno-argument-mismatch  -c clahef.f -o clahef.o
gfortran -fimplicit-none -shared -fPIC -Wno-argument-mismatch  -c clahqr.f -o clahqr.o
gfortran -fimplicit-none -shared -fPIC -Wno-argument-mismatch  -c clahrd.f -o clahrd.o
gfortran -fimplicit-none -shared -fPIC -Wno-argument-mismatch  -c clahr2.f -o clahr2.o
gfortran -fimplicit-none -shared -fPIC -Wno-argument-mismatch  -c claic1.f -o claic1.o
gfortran -fimplicit-none -shared -fPIC -Wno-argument-mismatch  -c clals0.f -o clals0.o
gfortran -fimplicit-none -shared -fPIC -Wno-argument-mismatch  -c clalsa.f -o clalsa.o
gfortran -fimplicit-none -shared -fPIC -Wno-argument-mismatch  -c clalsd.f -o clalsd.o
gfortran -fimplicit-none -shared -fPIC -Wno-argument-mismatch  -c clangb.f -o clangb.o
gfortran -fimplicit-none -shared -fPIC -Wno-argument-mismatch  -c clange.f -o clange.o
gfortran -fimplicit-none -shared -fPIC -Wno-argument-mismatch  -c clangt.f -o clangt.o
gfortran -fimplicit-none -shared -fPIC -Wno-argument-mismatch  -c clanhb.f -o clanhb.o
gfortran -fimplicit-none -shared -fPIC -Wno-argument-mismatch  -c clanhe.f -o clanhe.o
gfortran -fimplicit-none -shared -fPIC -Wno-argument-mismatch  -c clanhp.f -o clanhp.o
gfortran -fimplicit-none -shared -fPIC -Wno-argument-mismatch  -c clanhs.f -o clanhs.o
gfortran -fimplicit-none -shared -fPIC -Wno-argument-mismatch  -c clanht.f -o clanht.o
gfortran -fimplicit-none -shared -fPIC -Wno-argument-mismatch  -c clansb.f -o clansb.o
gfortran -fimplicit-none -shared -fPIC -Wno-argument-mismatch  -c clansp.f -o clansp.o
gfortran -fimplicit-none -shared -fPIC -Wno-argument-mismatch  -c clansy.f -o clansy.o
gfortran -fimplicit-none -shared -fPIC -Wno-argument-mismatch  -c clantb.f -o clantb.o
gfortran -fimplicit-none -shared -fPIC -Wno-argument-mismatch  -c clantp.f -o clantp.o
gfortran -fimplicit-none -shared -fPIC -Wno-argument-mismatch  -c clantr.f -o clantr.o
gfortran -fimplicit-none -shared -fPIC -Wno-argument-mismatch  -c clapll.f -o clapll.o
gfortran -fimplicit-none -shared -fPIC -Wno-argument-mismatch  -c clapmt.f -o clapmt.o
gfortran -fimplicit-none -shared -fPIC -Wno-argument-mismatch  -c clarcm.f -o clarcm.o
gfortran -fimplicit-none -shared -fPIC -Wno-argument-mismatch  -c claqgb.f -o claqgb.o
gfortran -fimplicit-none -shared -fPIC -Wno-argument-mismatch  -c claqge.f -o claqge.o
gfortran -fimplicit-none -shared -fPIC -Wno-argument-mismatch  -c claqhb.f -o claqhb.o
gfortran -fimplicit-none -shared -fPIC -Wno-argument-mismatch  -c claqhe.f -o claqhe.o
gfortran -fimplicit-none -shared -fPIC -Wno-argument-mismatch  -c claqhp.f -o claqhp.o
gfortran -fimplicit-none -shared -fPIC -Wno-argument-mismatch  -c claqp2.f -o claqp2.o
gfortran -fimplicit-none -shared -fPIC -Wno-argument-mismatch  -c claqps.f -o claqps.o
gfortran -fimplicit-none -shared -fPIC -Wno-argument-mismatch  -c claqsb.f -o claqsb.o
gfortran -fimplicit-none -shared -fPIC -Wno-argument-mismatch  -c claqr0.f -o claqr0.o
gfortran -fimplicit-none -shared -fPIC -Wno-argument-mismatch  -c claqr1.f -o claqr1.o
gfortran -fimplicit-none -shared -fPIC -Wno-argument-mismatch  -c claqr2.f -o claqr2.o
gfortran -fimplicit-none -shared -fPIC -Wno-argument-mismatch  -c claqr3.f -o claqr3.o
gfortran -fimplicit-none -shared -fPIC -Wno-argument-mismatch  -c claqr4.f -o claqr4.o
gfortran -fimplicit-none -shared -fPIC -Wno-argument-mismatch  -c claqr5.f -o claqr5.o
gfortran -fimplicit-none -shared -fPIC -Wno-argument-mismatch  -c claqsp.f -o claqsp.o
gfortran -fimplicit-none -shared -fPIC -Wno-argument-mismatch  -c claqsy.f -o claqsy.o
gfortran -fimplicit-none -shared -fPIC -Wno-argument-mismatch  -c clar1v.f -o clar1v.o
gfortran -fimplicit-none -shared -fPIC -Wno-argument-mismatch  -c clar2v.f -o clar2v.o
gfortran -fimplicit-none -shared -fPIC -Wno-argument-mismatch  -c ilaclr.f -o ilaclr.o
gfortran -fimplicit-none -shared -fPIC -Wno-argument-mismatch  -c ilaclc.f -o ilaclc.o
gfortran -fimplicit-none -shared -fPIC -Wno-argument-mismatch  -c clarf.f -o clarf.o
gfortran -fimplicit-none -shared -fPIC -Wno-argument-mismatch  -c clarfb.f -o clarfb.o
gfortran -fimplicit-none -shared -fPIC -Wno-argument-mismatch  -c clarfg.f -o clarfg.o
gfortran -fimplicit-none -shared -fPIC -Wno-argument-mismatch  -c clarft.f -o clarft.o
gfortran -fimplicit-none -shared -fPIC -Wno-argument-mismatch  -c clarfgp.f -o clarfgp.o
gfortran -fimplicit-none -shared -fPIC -Wno-argument-mismatch  -c clarfx.f -o clarfx.o
gfortran -fimplicit-none -shared -fPIC -Wno-argument-mismatch  -c clargv.f -o clargv.o
gfortran -fimplicit-none -shared -fPIC -Wno-argument-mismatch  -c clarnv.f -o clarnv.o
gfortran -fimplicit-none -shared -fPIC -Wno-argument-mismatch  -c clarrv.f -o clarrv.o
gfortran -fimplicit-none -shared -fPIC -Wno-argument-mismatch  -c clartg.f -o clartg.o
gfortran -fimplicit-none -shared -fPIC -Wno-argument-mismatch  -c clartv.f -o clartv.o
gfortran -fimplicit-none -shared -fPIC -Wno-argument-mismatch  -c clarz.f -o clarz.o
gfortran -fimplicit-none -shared -fPIC -Wno-argument-mismatch  -c clarzb.f -o clarzb.o
gfortran -fimplicit-none -shared -fPIC -Wno-argument-mismatch  -c clarzt.f -o clarzt.o
gfortran -fimplicit-none -shared -fPIC -Wno-argument-mismatch  -c clascl.f -o clascl.o
gfortran -fimplicit-none -shared -fPIC -Wno-argument-mismatch  -c claset.f -o claset.o
gfortran -fimplicit-none -shared -fPIC -Wno-argument-mismatch  -c clasr.f -o clasr.o
gfortran -fimplicit-none -shared -fPIC -Wno-argument-mismatch  -c classq.f -o classq.o
gfortran -fimplicit-none -shared -fPIC -Wno-argument-mismatch  -c claswp.f -o claswp.o
gfortran -fimplicit-none -shared -fPIC -Wno-argument-mismatch  -c clasyf.f -o clasyf.o
gfortran -fimplicit-none -shared -fPIC -Wno-argument-mismatch  -c clatbs.f -o clatbs.o
gfortran -fimplicit-none -shared -fPIC -Wno-argument-mismatch  -c clatdf.f -o clatdf.o
gfortran -fimplicit-none -shared -fPIC -Wno-argument-mismatch  -c clatps.f -o clatps.o
gfortran -fimplicit-none -shared -fPIC -Wno-argument-mismatch  -c clatrd.f -o clatrd.o
gfortran -fimplicit-none -shared -fPIC -Wno-argument-mismatch  -c clatrs.f -o clatrs.o
gfortran -fimplicit-none -shared -fPIC -Wno-argument-mismatch  -c clatrz.f -o clatrz.o
gfortran -fimplicit-none -shared -fPIC -Wno-argument-mismatch  -c clatzm.f -o clatzm.o
gfortran -fimplicit-none -shared -fPIC -Wno-argument-mismatch  -c clauu2.f -o clauu2.o
gfortran -fimplicit-none -shared -fPIC -Wno-argument-mismatch  -c clauum.f -o clauum.o
gfortran -fimplicit-none -shared -fPIC -Wno-argument-mismatch  -c cpbcon.f -o cpbcon.o
gfortran -fimplicit-none -shared -fPIC -Wno-argument-mismatch  -c cpbequ.f -o cpbequ.o
gfortran -fimplicit-none -shared -fPIC -Wno-argument-mismatch  -c cpbrfs.f -o cpbrfs.o
gfortran -fimplicit-none -shared -fPIC -Wno-argument-mismatch  -c cpbstf.f -o cpbstf.o
gfortran -fimplicit-none -shared -fPIC -Wno-argument-mismatch  -c cpbsv.f -o cpbsv.o
gfortran -fimplicit-none -shared -fPIC -Wno-argument-mismatch  -c cpbsvx.f -o cpbsvx.o
gfortran -fimplicit-none -shared -fPIC -Wno-argument-mismatch  -c cpbtf2.f -o cpbtf2.o
gfortran -fimplicit-none -shared -fPIC -Wno-argument-mismatch  -c cpbtrf.f -o cpbtrf.o
gfortran -fimplicit-none -shared -fPIC -Wno-argument-mismatch  -c cpbtrs.f -o cpbtrs.o
gfortran -fimplicit-none -shared -fPIC -Wno-argument-mismatch  -c cpocon.f -o cpocon.o
gfortran -fimplicit-none -shared -fPIC -Wno-argument-mismatch  -c cpoequ.f -o cpoequ.o
gfortran -fimplicit-none -shared -fPIC -Wno-argument-mismatch  -c cporfs.f -o cporfs.o
gfortran -fimplicit-none -shared -fPIC -Wno-argument-mismatch  -c cposv.f -o cposv.o
gfortran -fimplicit-none -shared -fPIC -Wno-argument-mismatch  -c cposvx.f -o cposvx.o
gfortran -fimplicit-none -shared -fPIC -Wno-argument-mismatch  -c cpotf2.f -o cpotf2.o
gfortran -fimplicit-none -shared -fPIC -Wno-argument-mismatch  -c cpotri.f -o cpotri.o
gfortran -fimplicit-none -shared -fPIC -Wno-argument-mismatch  -c cpstrf.f -o cpstrf.o
gfortran -fimplicit-none -shared -fPIC -Wno-argument-mismatch  -c cpstf2.f -o cpstf2.o
gfortran -fimplicit-none -shared -fPIC -Wno-argument-mismatch  -c cppcon.f -o cppcon.o
gfortran -fimplicit-none -shared -fPIC -Wno-argument-mismatch  -c cppequ.f -o cppequ.o
gfortran -fimplicit-none -shared -fPIC -Wno-argument-mismatch  -c cpprfs.f -o cpprfs.o
gfortran -fimplicit-none -shared -fPIC -Wno-argument-mismatch  -c cppsv.f -o cppsv.o
gfortran -fimplicit-none -shared -fPIC -Wno-argument-mismatch  -c cppsvx.f -o cppsvx.o
gfortran -fimplicit-none -shared -fPIC -Wno-argument-mismatch  -c cpptrf.f -o cpptrf.o
gfortran -fimplicit-none -shared -fPIC -Wno-argument-mismatch  -c cpptri.f -o cpptri.o
gfortran -fimplicit-none -shared -fPIC -Wno-argument-mismatch  -c cpptrs.f -o cpptrs.o
gfortran -fimplicit-none -shared -fPIC -Wno-argument-mismatch  -c cptcon.f -o cptcon.o
gfortran -fimplicit-none -shared -fPIC -Wno-argument-mismatch  -c cpteqr.f -o cpteqr.o
gfortran -fimplicit-none -shared -fPIC -Wno-argument-mismatch  -c cptrfs.f -o cptrfs.o
gfortran -fimplicit-none -shared -fPIC -Wno-argument-mismatch  -c cptsv.f -o cptsv.o
gfortran -fimplicit-none -shared -fPIC -Wno-argument-mismatch  -c cptsvx.f -o cptsvx.o
gfortran -fimplicit-none -shared -fPIC -Wno-argument-mismatch  -c cpttrf.f -o cpttrf.o
gfortran -fimplicit-none -shared -fPIC -Wno-argument-mismatch  -c cpttrs.f -o cpttrs.o
gfortran -fimplicit-none -shared -fPIC -Wno-argument-mismatch  -c cptts2.f -o cptts2.o
gfortran -fimplicit-none -shared -fPIC -Wno-argument-mismatch  -c crot.f -o crot.o
gfortran -fimplicit-none -shared -fPIC -Wno-argument-mismatch  -c cspcon.f -o cspcon.o
gfortran -fimplicit-none -shared -fPIC -Wno-argument-mismatch  -c cspmv.f -o cspmv.o
gfortran -fimplicit-none -shared -fPIC -Wno-argument-mismatch  -c cspr.f -o cspr.o
gfortran -fimplicit-none -shared -fPIC -Wno-argument-mismatch  -c csprfs.f -o csprfs.o
gfortran -fimplicit-none -shared -fPIC -Wno-argument-mismatch  -c cspsv.f -o cspsv.o
gfortran -fimplicit-none -shared -fPIC -Wno-argument-mismatch  -c cspsvx.f -o cspsvx.o
gfortran -fimplicit-none -shared -fPIC -Wno-argument-mismatch  -c csptrf.f -o csptrf.o
gfortran -fimplicit-none -shared -fPIC -Wno-argument-mismatch  -c csptri.f -o csptri.o
gfortran -fimplicit-none -shared -fPIC -Wno-argument-mismatch  -c csptrs.f -o csptrs.o
gfortran -fimplicit-none -shared -fPIC -Wno-argument-mismatch  -c csrscl.f -o csrscl.o
gfortran -fimplicit-none -shared -fPIC -Wno-argument-mismatch  -c cstedc.f -o cstedc.o
gfortran -fimplicit-none -shared -fPIC -Wno-argument-mismatch  -c cstegr.f -o cstegr.o
gfortran -fimplicit-none -shared -fPIC -Wno-argument-mismatch  -c cstein.f -o cstein.o
gfortran -fimplicit-none -shared -fPIC -Wno-argument-mismatch  -c csteqr.f -o csteqr.o
gfortran -fimplicit-none -shared -fPIC -Wno-argument-mismatch  -c csycon.f -o csycon.o
gfortran -fimplicit-none -shared -fPIC -Wno-argument-mismatch  -c csymv.f -o csymv.o
gfortran -fimplicit-none -shared -fPIC -Wno-argument-mismatch  -c csyr.f -o csyr.o
gfortran -fimplicit-none -shared -fPIC -Wno-argument-mismatch  -c csyrfs.f -o csyrfs.o
gfortran -fimplicit-none -shared -fPIC -Wno-argument-mismatch  -c csysv.f -o csysv.o
gfortran -fimplicit-none -shared -fPIC -Wno-argument-mismatch  -c csysvx.f -o csysvx.o
gfortran -fimplicit-none -shared -fPIC -Wno-argument-mismatch  -c csytf2.f -o csytf2.o
gfortran -fimplicit-none -shared -fPIC -Wno-argument-mismatch  -c csytrf.f -o csytrf.o
gfortran -fimplicit-none -shared -fPIC -Wno-argument-mismatch  -c csytri.f -o csytri.o
gfortran -fimplicit-none -shared -fPIC -Wno-argument-mismatch  -c csytri2.f -o csytri2.o
gfortran -fimplicit-none -shared -fPIC -Wno-argument-mismatch  -c csytri2x.f -o csytri2x.o
gfortran -fimplicit-none -shared -fPIC -Wno-argument-mismatch  -c csyswapr.f -o csyswapr.o
gfortran -fimplicit-none -shared -fPIC -Wno-argument-mismatch  -c csytrs.f -o csytrs.o
gfortran -fimplicit-none -shared -fPIC -Wno-argument-mismatch  -c csytrs2.f -o csytrs2.o
gfortran -fimplicit-none -shared -fPIC -Wno-argument-mismatch  -c csyconv.f -o csyconv.o
gfortran -fimplicit-none -shared -fPIC -Wno-argument-mismatch  -c ctbcon.f -o ctbcon.o
gfortran -fimplicit-none -shared -fPIC -Wno-argument-mismatch  -c ctbrfs.f -o ctbrfs.o
gfortran -fimplicit-none -shared -fPIC -Wno-argument-mismatch  -c ctbtrs.f -o ctbtrs.o
gfortran -fimplicit-none -shared -fPIC -Wno-argument-mismatch  -c ctgevc.f -o ctgevc.o
gfortran -fimplicit-none -shared -fPIC -Wno-argument-mismatch  -c ctgex2.f -o ctgex2.o
gfortran -fimplicit-none -shared -fPIC -Wno-argument-mismatch  -c ctgexc.f -o ctgexc.o
gfortran -fimplicit-none -shared -fPIC -Wno-argument-mismatch  -c ctgsen.f -o ctgsen.o
gfortran -fimplicit-none -shared -fPIC -Wno-argument-mismatch  -c ctgsja.f -o ctgsja.o
gfortran -fimplicit-none -shared -fPIC -Wno-argument-mismatch  -c ctgsna.f -o ctgsna.o
gfortran -fimplicit-none -shared -fPIC -Wno-argument-mismatch  -c ctgsy2.f -o ctgsy2.o
gfortran -fimplicit-none -shared -fPIC -Wno-argument-mismatch  -c ctgsyl.f -o ctgsyl.o
gfortran -fimplicit-none -shared -fPIC -Wno-argument-mismatch  -c ctpcon.f -o ctpcon.o
gfortran -fimplicit-none -shared -fPIC -Wno-argument-mismatch  -c ctprfs.f -o ctprfs.o
gfortran -fimplicit-none -shared -fPIC -Wno-argument-mismatch  -c ctptri.f -o ctptri.o
gfortran -fimplicit-none -shared -fPIC -Wno-argument-mismatch  -c ctptrs.f -o ctptrs.o
gfortran -fimplicit-none -shared -fPIC -Wno-argument-mismatch  -c ctrcon.f -o ctrcon.o
gfortran -fimplicit-none -shared -fPIC -Wno-argument-mismatch  -c ctrevc.f -o ctrevc.o
gfortran -fimplicit-none -shared -fPIC -Wno-argument-mismatch  -c ctrexc.f -o ctrexc.o
gfortran -fimplicit-none -shared -fPIC -Wno-argument-mismatch  -c ctrrfs.f -o ctrrfs.o
gfortran -fimplicit-none -shared -fPIC -Wno-argument-mismatch  -c ctrsen.f -o ctrsen.o
gfortran -fimplicit-none -shared -fPIC -Wno-argument-mismatch  -c ctrsna.f -o ctrsna.o
gfortran -fimplicit-none -shared -fPIC -Wno-argument-mismatch  -c ctrsyl.f -o ctrsyl.o
gfortran -fimplicit-none -shared -fPIC -Wno-argument-mismatch  -c ctrti2.f -o ctrti2.o
gfortran -fimplicit-none -shared -fPIC -Wno-argument-mismatch  -c ctrtri.f -o ctrtri.o
gfortran -fimplicit-none -shared -fPIC -Wno-argument-mismatch  -c ctrtrs.f -o ctrtrs.o
gfortran -fimplicit-none -shared -fPIC -Wno-argument-mismatch  -c ctzrqf.f -o ctzrqf.o
gfortran -fimplicit-none -shared -fPIC -Wno-argument-mismatch  -c ctzrzf.f -o ctzrzf.o
gfortran -fimplicit-none -shared -fPIC -Wno-argument-mismatch  -c cung2l.f -o cung2l.o
gfortran -fimplicit-none -shared -fPIC -Wno-argument-mismatch  -c cung2r.f -o cung2r.o
gfortran -fimplicit-none -shared -fPIC -Wno-argument-mismatch  -c cungbr.f -o cungbr.o
gfortran -fimplicit-none -shared -fPIC -Wno-argument-mismatch  -c cunghr.f -o cunghr.o
gfortran -fimplicit-none -shared -fPIC -Wno-argument-mismatch  -c cungl2.f -o cungl2.o
gfortran -fimplicit-none -shared -fPIC -Wno-argument-mismatch  -c cunglq.f -o cunglq.o
gfortran -fimplicit-none -shared -fPIC -Wno-argument-mismatch  -c cungql.f -o cungql.o
gfortran -fimplicit-none -shared -fPIC -Wno-argument-mismatch  -c cungqr.f -o cungqr.o
gfortran -fimplicit-none -shared -fPIC -Wno-argument-mismatch  -c cungr2.f -o cungr2.o
gfortran -fimplicit-none -shared -fPIC -Wno-argument-mismatch  -c cungrq.f -o cungrq.o
gfortran -fimplicit-none -shared -fPIC -Wno-argument-mismatch  -c cungtr.f -o cungtr.o
gfortran -fimplicit-none -shared -fPIC -Wno-argument-mismatch  -c cunm2l.f -o cunm2l.o
gfortran -fimplicit-none -shared -fPIC -Wno-argument-mismatch  -c cunm2r.f -o cunm2r.o
gfortran -fimplicit-none -shared -fPIC -Wno-argument-mismatch  -c cunmbr.f -o cunmbr.o
gfortran -fimplicit-none -shared -fPIC -Wno-argument-mismatch  -c cunmhr.f -o cunmhr.o
gfortran -fimplicit-none -shared -fPIC -Wno-argument-mismatch  -c cunml2.f -o cunml2.o
gfortran -fimplicit-none -shared -fPIC -Wno-argument-mismatch  -c cunmlq.f -o cunmlq.o
gfortran -fimplicit-none -shared -fPIC -Wno-argument-mismatch  -c cunmql.f -o cunmql.o
gfortran -fimplicit-none -shared -fPIC -Wno-argument-mismatch  -c cunmqr.f -o cunmqr.o
gfortran -fimplicit-none -shared -fPIC -Wno-argument-mismatch  -c cunmr2.f -o cunmr2.o
gfortran -fimplicit-none -shared -fPIC -Wno-argument-mismatch  -c cunmr3.f -o cunmr3.o
gfortran -fimplicit-none -shared -fPIC -Wno-argument-mismatch  -c cunmrq.f -o cunmrq.o
gfortran -fimplicit-none -shared -fPIC -Wno-argument-mismatch  -c cunmrz.f -o cunmrz.o
gfortran -fimplicit-none -shared -fPIC -Wno-argument-mismatch  -c cunmtr.f -o cunmtr.o
gfortran -fimplicit-none -shared -fPIC -Wno-argument-mismatch  -c cupgtr.f -o cupgtr.o
gfortran -fimplicit-none -shared -fPIC -Wno-argument-mismatch  -c cupmtr.f -o cupmtr.o
gfortran -fimplicit-none -shared -fPIC -Wno-argument-mismatch  -c icmax1.f -o icmax1.o
gfortran -fimplicit-none -shared -fPIC -Wno-argument-mismatch  -c scsum1.f -o scsum1.o
gfortran -fimplicit-none -shared -fPIC -Wno-argument-mismatch  -c cstemr.f -o cstemr.o
gfortran -fimplicit-none -shared -fPIC -Wno-argument-mismatch  -c chfrk.f -o chfrk.o
gfortran -fimplicit-none -shared -fPIC -Wno-argument-mismatch  -c ctfttp.f -o ctfttp.o
gfortran -fimplicit-none -shared -fPIC -Wno-argument-mismatch  -c clanhf.f -o clanhf.o
gfortran -fimplicit-none -shared -fPIC -Wno-argument-mismatch  -c cpftrf.f -o cpftrf.o
gfortran -fimplicit-none -shared -fPIC -Wno-argument-mismatch  -c cpftri.f -o cpftri.o
gfortran -fimplicit-none -shared -fPIC -Wno-argument-mismatch  -c cpftrs.f -o cpftrs.o
gfortran -fimplicit-none -shared -fPIC -Wno-argument-mismatch  -c ctfsm.f -o ctfsm.o
gfortran -fimplicit-none -shared -fPIC -Wno-argument-mismatch  -c ctftri.f -o ctftri.o
gfortran -fimplicit-none -shared -fPIC -Wno-argument-mismatch  -c ctfttr.f -o ctfttr.o
gfortran -fimplicit-none -shared -fPIC -Wno-argument-mismatch  -c ctpttf.f -o ctpttf.o
gfortran -fimplicit-none -shared -fPIC -Wno-argument-mismatch  -c ctpttr.f -o ctpttr.o
gfortran -fimplicit-none -shared -fPIC -Wno-argument-mismatch  -c ctrttf.f -o ctrttf.o
gfortran -fimplicit-none -shared -fPIC -Wno-argument-mismatch  -c ctrttp.f -o ctrttp.o
gfortran -fimplicit-none -shared -fPIC -Wno-argument-mismatch  -c cgeequb.f -o cgeequb.o
gfortran -fimplicit-none -shared -fPIC -Wno-argument-mismatch  -c cgbequb.f -o cgbequb.o
gfortran -fimplicit-none -shared -fPIC -Wno-argument-mismatch  -c csyequb.f -o csyequb.o
gfortran -fimplicit-none -shared -fPIC -Wno-argument-mismatch  -c cpoequb.f -o cpoequb.o
gfortran -fimplicit-none -shared -fPIC -Wno-argument-mismatch  -c cheequb.f -o cheequb.o
gfortran -fimplicit-none -shared -fPIC -Wno-argument-mismatch  -c cbbcsd.f -o cbbcsd.o
gfortran -fimplicit-none -shared -fPIC -Wno-argument-mismatch  -c clapmr.f -o clapmr.o
gfortran -fimplicit-none -shared -fPIC -Wno-argument-mismatch  -c cunbdb.f -o cunbdb.o
gfortran -fimplicit-none -shared -fPIC -Wno-argument-mismatch  -c cuncsd.f -o cuncsd.o
gfortran -fimplicit-none -shared -fPIC -Wno-argument-mismatch  -c zbdsqr.f -o zbdsqr.o
gfortran -fimplicit-none -shared -fPIC -Wno-argument-mismatch  -c zgbbrd.f -o zgbbrd.o
gfortran -fimplicit-none -shared -fPIC -Wno-argument-mismatch  -c zgbcon.f -o zgbcon.o
gfortran -fimplicit-none -shared -fPIC -Wno-argument-mismatch  -c zgbequ.f -o zgbequ.o
gfortran -fimplicit-none -shared -fPIC -Wno-argument-mismatch  -c zgbrfs.f -o zgbrfs.o
gfortran -fimplicit-none -shared -fPIC -Wno-argument-mismatch  -c zgbsv.f -o zgbsv.o
gfortran -fimplicit-none -shared -fPIC -Wno-argument-mismatch  -c zgbsvx.f -o zgbsvx.o
gfortran -fimplicit-none -shared -fPIC -Wno-argument-mismatch  -c zgbtf2.f -o zgbtf2.o
gfortran -fimplicit-none -shared -fPIC -Wno-argument-mismatch  -c zgbtrf.f -o zgbtrf.o
gfortran -fimplicit-none -shared -fPIC -Wno-argument-mismatch  -c zgbtrs.f -o zgbtrs.o
gfortran -fimplicit-none -shared -fPIC -Wno-argument-mismatch  -c zgebak.f -o zgebak.o
gfortran -fimplicit-none -shared -fPIC -Wno-argument-mismatch  -c zgebal.f -o zgebal.o
gfortran -fimplicit-none -shared -fPIC -Wno-argument-mismatch  -c zgebd2.f -o zgebd2.o
gfortran -fimplicit-none -shared -fPIC -Wno-argument-mismatch  -c zgebrd.f -o zgebrd.o
gfortran -fimplicit-none -shared -fPIC -Wno-argument-mismatch  -c zgecon.f -o zgecon.o
gfortran -fimplicit-none -shared -fPIC -Wno-argument-mismatch  -c zgeequ.f -o zgeequ.o
gfortran -fimplicit-none -shared -fPIC -Wno-argument-mismatch  -c zgees.f -o zgees.o
gfortran -fimplicit-none -shared -fPIC -Wno-argument-mismatch  -c zgeesx.f -o zgeesx.o
gfortran -fimplicit-none -shared -fPIC -Wno-argument-mismatch  -c zgeev.f -o zgeev.o
gfortran -fimplicit-none -shared -fPIC -Wno-argument-mismatch  -c zgeevx.f -o zgeevx.o
gfortran -fimplicit-none -shared -fPIC -Wno-argument-mismatch  -c zgegs.f -o zgegs.o
gfortran -fimplicit-none -shared -fPIC -Wno-argument-mismatch  -c zgegv.f -o zgegv.o
gfortran -fimplicit-none -shared -fPIC -Wno-argument-mismatch  -c zgehd2.f -o zgehd2.o
gfortran -fimplicit-none -shared -fPIC -Wno-argument-mismatch  -c zgehrd.f -o zgehrd.o
gfortran -fimplicit-none -shared -fPIC -Wno-argument-mismatch  -c zgelq2.f -o zgelq2.o
gfortran -fimplicit-none -shared -fPIC -Wno-argument-mismatch  -c zgelqf.f -o zgelqf.o
gfortran -fimplicit-none -shared -fPIC -Wno-argument-mismatch  -c zgels.f -o zgels.o
gfortran -fimplicit-none -shared -fPIC -Wno-argument-mismatch  -c zgelsd.f -o zgelsd.o
gfortran -fimplicit-none -shared -fPIC -Wno-argument-mismatch  -c zgelss.f -o zgelss.o
gfortran -fimplicit-none -shared -fPIC -Wno-argument-mismatch  -c zgelsx.f -o zgelsx.o
gfortran -fimplicit-none -shared -fPIC -Wno-argument-mismatch  -c zgelsy.f -o zgelsy.o
gfortran -fimplicit-none -shared -fPIC -Wno-argument-mismatch  -c zgeql2.f -o zgeql2.o
gfortran -fimplicit-none -shared -fPIC -Wno-argument-mismatch  -c zgeqlf.f -o zgeqlf.o
gfortran -fimplicit-none -shared -fPIC -Wno-argument-mismatch  -c zgeqp3.f -o zgeqp3.o
gfortran -fimplicit-none -shared -fPIC -Wno-argument-mismatch  -c zgeqpf.f -o zgeqpf.o
gfortran -fimplicit-none -shared -fPIC -Wno-argument-mismatch  -c zgeqr2.f -o zgeqr2.o
gfortran -fimplicit-none -shared -fPIC -Wno-argument-mismatch  -c zgeqr2p.f -o zgeqr2p.o
gfortran -fimplicit-none -shared -fPIC -Wno-argument-mismatch  -c zgeqrf.f -o zgeqrf.o
gfortran -fimplicit-none -shared -fPIC -Wno-argument-mismatch  -c zgeqrfp.f -o zgeqrfp.o
gfortran -fimplicit-none -shared -fPIC -Wno-argument-mismatch  -c zgerfs.f -o zgerfs.o
gfortran -fimplicit-none -shared -fPIC -Wno-argument-mismatch  -c zgerq2.f -o zgerq2.o
gfortran -fimplicit-none -shared -fPIC -Wno-argument-mismatch  -c zgerqf.f -o zgerqf.o
gfortran -fimplicit-none -shared -fPIC -Wno-argument-mismatch  -c zgesc2.f -o zgesc2.o
gfortran -fimplicit-none -shared -fPIC -Wno-argument-mismatch  -c zgesdd.f -o zgesdd.o
gfortran -fimplicit-none -shared -fPIC -Wno-argument-mismatch  -c zgesv.f -o zgesv.o
gfortran -fimplicit-none -shared -fPIC -Wno-argument-mismatch  -c zgesvd.f -o zgesvd.o
gfortran -fimplicit-none -shared -fPIC -Wno-argument-mismatch  -c zgesvx.f -o zgesvx.o
gfortran -fimplicit-none -shared -fPIC -Wno-argument-mismatch  -c zgetc2.f -o zgetc2.o
gfortran -fimplicit-none -shared -fPIC -Wno-argument-mismatch  -c zgetf2.f -o zgetf2.o
gfortran -fimplicit-none -shared -fPIC -Wno-argument-mismatch  -c zgetrf.f -o zgetrf.o
gfortran -fimplicit-none -shared -fPIC -Wno-argument-mismatch  -c zgetri.f -o zgetri.o
gfortran -fimplicit-none -shared -fPIC -Wno-argument-mismatch  -c zgetrs.f -o zgetrs.o
gfortran -fimplicit-none -shared -fPIC -Wno-argument-mismatch  -c zggbak.f -o zggbak.o
gfortran -fimplicit-none -shared -fPIC -Wno-argument-mismatch  -c zggbal.f -o zggbal.o
gfortran -fimplicit-none -shared -fPIC -Wno-argument-mismatch  -c zgges.f -o zgges.o
gfortran -fimplicit-none -shared -fPIC -Wno-argument-mismatch  -c zggesx.f -o zggesx.o
gfortran -fimplicit-none -shared -fPIC -Wno-argument-mismatch  -c zggev.f -o zggev.o
gfortran -fimplicit-none -shared -fPIC -Wno-argument-mismatch  -c zggevx.f -o zggevx.o
gfortran -fimplicit-none -shared -fPIC -Wno-argument-mismatch  -c zggglm.f -o zggglm.o
gfortran -fimplicit-none -shared -fPIC -Wno-argument-mismatch  -c zgghrd.f -o zgghrd.o
gfortran -fimplicit-none -shared -fPIC -Wno-argument-mismatch  -c zgglse.f -o zgglse.o
gfortran -fimplicit-none -shared -fPIC -Wno-argument-mismatch  -c zggqrf.f -o zggqrf.o
gfortran -fimplicit-none -shared -fPIC -Wno-argument-mismatch  -c zggrqf.f -o zggrqf.o
gfortran -fimplicit-none -shared -fPIC -Wno-argument-mismatch  -c zggsvd.f -o zggsvd.o
gfortran -fimplicit-none -shared -fPIC -Wno-argument-mismatch  -c zggsvp.f -o zggsvp.o
gfortran -fimplicit-none -shared -fPIC -Wno-argument-mismatch  -c zgtcon.f -o zgtcon.o
gfortran -fimplicit-none -shared -fPIC -Wno-argument-mismatch  -c zgtrfs.f -o zgtrfs.o
gfortran -fimplicit-none -shared -fPIC -Wno-argument-mismatch  -c zgtsv.f -o zgtsv.o
gfortran -fimplicit-none -shared -fPIC -Wno-argument-mismatch  -c zgtsvx.f -o zgtsvx.o
gfortran -fimplicit-none -shared -fPIC -Wno-argument-mismatch  -c zgttrf.f -o zgttrf.o
gfortran -fimplicit-none -shared -fPIC -Wno-argument-mismatch  -c zgttrs.f -o zgttrs.o
gfortran -fimplicit-none -shared -fPIC -Wno-argument-mismatch  -c zgtts2.f -o zgtts2.o
gfortran -fimplicit-none -shared -fPIC -Wno-argument-mismatch  -c zhbev.f -o zhbev.o
gfortran -fimplicit-none -shared -fPIC -Wno-argument-mismatch  -c zhbevd.f -o zhbevd.o
gfortran -fimplicit-none -shared -fPIC -Wno-argument-mismatch  -c zhbevx.f -o zhbevx.o
gfortran -fimplicit-none -shared -fPIC -Wno-argument-mismatch  -c zhbgst.f -o zhbgst.o
gfortran -fimplicit-none -shared -fPIC -Wno-argument-mismatch  -c zhbgv.f -o zhbgv.o
gfortran -fimplicit-none -shared -fPIC -Wno-argument-mismatch  -c zhbgvd.f -o zhbgvd.o
gfortran -fimplicit-none -shared -fPIC -Wno-argument-mismatch  -c zhbgvx.f -o zhbgvx.o
gfortran -fimplicit-none -shared -fPIC -Wno-argument-mismatch  -c zhbtrd.f -o zhbtrd.o
gfortran -fimplicit-none -shared -fPIC -Wno-argument-mismatch  -c zhecon.f -o zhecon.o
gfortran -fimplicit-none -shared -fPIC -Wno-argument-mismatch  -c zheev.f -o zheev.o
gfortran -fimplicit-none -shared -fPIC -Wno-argument-mismatch  -c zheevd.f -o zheevd.o
gfortran -fimplicit-none -shared -fPIC -Wno-argument-mismatch  -c zheevr.f -o zheevr.o
gfortran -fimplicit-none -shared -fPIC -Wno-argument-mismatch  -c zheevx.f -o zheevx.o
gfortran -fimplicit-none -shared -fPIC -Wno-argument-mismatch  -c zhegs2.f -o zhegs2.o
gfortran -fimplicit-none -shared -fPIC -Wno-argument-mismatch  -c zhegst.f -o zhegst.o
gfortran -fimplicit-none -shared -fPIC -Wno-argument-mismatch  -c zhegv.f -o zhegv.o
gfortran -fimplicit-none -shared -fPIC -Wno-argument-mismatch  -c zhegvd.f -o zhegvd.o
gfortran -fimplicit-none -shared -fPIC -Wno-argument-mismatch  -c zhegvx.f -o zhegvx.o
gfortran -fimplicit-none -shared -fPIC -Wno-argument-mismatch  -c zherfs.f -o zherfs.o
gfortran -fimplicit-none -shared -fPIC -Wno-argument-mismatch  -c zhesv.f -o zhesv.o
gfortran -fimplicit-none -shared -fPIC -Wno-argument-mismatch  -c zhesvx.f -o zhesvx.o
gfortran -fimplicit-none -shared -fPIC -Wno-argument-mismatch  -c zhetd2.f -o zhetd2.o
gfortran -fimplicit-none -shared -fPIC -Wno-argument-mismatch  -c zhetf2.f -o zhetf2.o
gfortran -fimplicit-none -shared -fPIC -Wno-argument-mismatch  -c zhetrd.f -o zhetrd.o
gfortran -fimplicit-none -shared -fPIC -Wno-argument-mismatch  -c zhetrf.f -o zhetrf.o
gfortran -fimplicit-none -shared -fPIC -Wno-argument-mismatch  -c zhetri.f -o zhetri.o
gfortran -fimplicit-none -shared -fPIC -Wno-argument-mismatch  -c zhetri2.f -o zhetri2.o
gfortran -fimplicit-none -shared -fPIC -Wno-argument-mismatch  -c zhetri2x.f -o zhetri2x.o
gfortran -fimplicit-none -shared -fPIC -Wno-argument-mismatch  -c zheswapr.f -o zheswapr.o
gfortran -fimplicit-none -shared -fPIC -Wno-argument-mismatch  -c zhetrs.f -o zhetrs.o
gfortran -fimplicit-none -shared -fPIC -Wno-argument-mismatch  -c zhetrs2.f -o zhetrs2.o
gfortran -fimplicit-none -shared -fPIC -Wno-argument-mismatch  -c zhgeqz.f -o zhgeqz.o
gfortran -fimplicit-none -shared -fPIC -Wno-argument-mismatch  -c zhpcon.f -o zhpcon.o
gfortran -fimplicit-none -shared -fPIC -Wno-argument-mismatch  -c zhpev.f -o zhpev.o
gfortran -fimplicit-none -shared -fPIC -Wno-argument-mismatch  -c zhpevd.f -o zhpevd.o
gfortran -fimplicit-none -shared -fPIC -Wno-argument-mismatch  -c zhpevx.f -o zhpevx.o
gfortran -fimplicit-none -shared -fPIC -Wno-argument-mismatch  -c zhpgst.f -o zhpgst.o
gfortran -fimplicit-none -shared -fPIC -Wno-argument-mismatch  -c zhpgv.f -o zhpgv.o
gfortran -fimplicit-none -shared -fPIC -Wno-argument-mismatch  -c zhpgvd.f -o zhpgvd.o
gfortran -fimplicit-none -shared -fPIC -Wno-argument-mismatch  -c zhpgvx.f -o zhpgvx.o
gfortran -fimplicit-none -shared -fPIC -Wno-argument-mismatch  -c zhprfs.f -o zhprfs.o
gfortran -fimplicit-none -shared -fPIC -Wno-argument-mismatch  -c zhpsv.f -o zhpsv.o
gfortran -fimplicit-none -shared -fPIC -Wno-argument-mismatch  -c zhpsvx.f -o zhpsvx.o
gfortran -fimplicit-none -shared -fPIC -Wno-argument-mismatch  -c zhptrd.f -o zhptrd.o
gfortran -fimplicit-none -shared -fPIC -Wno-argument-mismatch  -c zhptrf.f -o zhptrf.o
gfortran -fimplicit-none -shared -fPIC -Wno-argument-mismatch  -c zhptri.f -o zhptri.o
gfortran -fimplicit-none -shared -fPIC -Wno-argument-mismatch  -c zhptrs.f -o zhptrs.o
gfortran -fimplicit-none -shared -fPIC -Wno-argument-mismatch  -c zhsein.f -o zhsein.o
gfortran -fimplicit-none -shared -fPIC -Wno-argument-mismatch  -c zhseqr.f -o zhseqr.o
gfortran -fimplicit-none -shared -fPIC -Wno-argument-mismatch  -c zlabrd.f -o zlabrd.o
gfortran -fimplicit-none -shared -fPIC -Wno-argument-mismatch  -c zlacgv.f -o zlacgv.o
gfortran -fimplicit-none -shared -fPIC -Wno-argument-mismatch  -c zlacon.f -o zlacon.o
gfortran -fimplicit-none -shared -fPIC -Wno-argument-mismatch  -c zlacn2.f -o zlacn2.o
gfortran -fimplicit-none -shared -fPIC -Wno-argument-mismatch  -c zlacp2.f -o zlacp2.o
gfortran -fimplicit-none -shared -fPIC -Wno-argument-mismatch  -c zlacpy.f -o zlacpy.o
gfortran -fimplicit-none -shared -fPIC -Wno-argument-mismatch  -c zlacrm.f -o zlacrm.o
gfortran -fimplicit-none -shared -fPIC -Wno-argument-mismatch  -c zlacrt.f -o zlacrt.o
gfortran -fimplicit-none -shared -fPIC -Wno-argument-mismatch  -c zladiv.f -o zladiv.o
gfortran -fimplicit-none -shared -fPIC -Wno-argument-mismatch  -c zlaed0.f -o zlaed0.o
gfortran -fimplicit-none -shared -fPIC -Wno-argument-mismatch  -c zlaed7.f -o zlaed7.o
gfortran -fimplicit-none -shared -fPIC -Wno-argument-mismatch  -c zlaed8.f -o zlaed8.o
gfortran -fimplicit-none -shared -fPIC -Wno-argument-mismatch  -c zlaein.f -o zlaein.o
gfortran -fimplicit-none -shared -fPIC -Wno-argument-mismatch  -c zlaesy.f -o zlaesy.o
gfortran -fimplicit-none -shared -fPIC -Wno-argument-mismatch  -c zlaev2.f -o zlaev2.o
gfortran -fimplicit-none -shared -fPIC -Wno-argument-mismatch  -c zlags2.f -o zlags2.o
gfortran -fimplicit-none -shared -fPIC -Wno-argument-mismatch  -c zlagtm.f -o zlagtm.o
gfortran -fimplicit-none -shared -fPIC -Wno-argument-mismatch  -c zlahef.f -o zlahef.o
gfortran -fimplicit-none -shared -fPIC -Wno-argument-mismatch  -c zlahqr.f -o zlahqr.o
gfortran -fimplicit-none -shared -fPIC -Wno-argument-mismatch  -c zlahrd.f -o zlahrd.o
gfortran -fimplicit-none -shared -fPIC -Wno-argument-mismatch  -c zlahr2.f -o zlahr2.o
gfortran -fimplicit-none -shared -fPIC -Wno-argument-mismatch  -c zlaic1.f -o zlaic1.o
gfortran -fimplicit-none -shared -fPIC -Wno-argument-mismatch  -c zlals0.f -o zlals0.o
gfortran -fimplicit-none -shared -fPIC -Wno-argument-mismatch  -c zlalsa.f -o zlalsa.o
gfortran -fimplicit-none -shared -fPIC -Wno-argument-mismatch  -c zlalsd.f -o zlalsd.o
gfortran -fimplicit-none -shared -fPIC -Wno-argument-mismatch  -c zlangb.f -o zlangb.o
gfortran -fimplicit-none -shared -fPIC -Wno-argument-mismatch  -c zlange.f -o zlange.o
gfortran -fimplicit-none -shared -fPIC -Wno-argument-mismatch  -c zlangt.f -o zlangt.o
gfortran -fimplicit-none -shared -fPIC -Wno-argument-mismatch  -c zlanhb.f -o zlanhb.o
gfortran -fimplicit-none -shared -fPIC -Wno-argument-mismatch  -c zlanhe.f -o zlanhe.o
gfortran -fimplicit-none -shared -fPIC -Wno-argument-mismatch  -c zlanhp.f -o zlanhp.o
gfortran -fimplicit-none -shared -fPIC -Wno-argument-mismatch  -c zlanhs.f -o zlanhs.o
gfortran -fimplicit-none -shared -fPIC -Wno-argument-mismatch  -c zlanht.f -o zlanht.o
gfortran -fimplicit-none -shared -fPIC -Wno-argument-mismatch  -c zlansb.f -o zlansb.o
gfortran -fimplicit-none -shared -fPIC -Wno-argument-mismatch  -c zlansp.f -o zlansp.o
gfortran -fimplicit-none -shared -fPIC -Wno-argument-mismatch  -c zlansy.f -o zlansy.o
gfortran -fimplicit-none -shared -fPIC -Wno-argument-mismatch  -c zlantb.f -o zlantb.o
gfortran -fimplicit-none -shared -fPIC -Wno-argument-mismatch  -c zlantp.f -o zlantp.o
gfortran -fimplicit-none -shared -fPIC -Wno-argument-mismatch  -c zlantr.f -o zlantr.o
gfortran -fimplicit-none -shared -fPIC -Wno-argument-mismatch  -c zlapll.f -o zlapll.o
gfortran -fimplicit-none -shared -fPIC -Wno-argument-mismatch  -c zlapmt.f -o zlapmt.o
gfortran -fimplicit-none -shared -fPIC -Wno-argument-mismatch  -c zlaqgb.f -o zlaqgb.o
gfortran -fimplicit-none -shared -fPIC -Wno-argument-mismatch  -c zlaqge.f -o zlaqge.o
gfortran -fimplicit-none -shared -fPIC -Wno-argument-mismatch  -c zlaqhb.f -o zlaqhb.o
gfortran -fimplicit-none -shared -fPIC -Wno-argument-mismatch  -c zlaqhe.f -o zlaqhe.o
gfortran -fimplicit-none -shared -fPIC -Wno-argument-mismatch  -c zlaqhp.f -o zlaqhp.o
gfortran -fimplicit-none -shared -fPIC -Wno-argument-mismatch  -c zlaqp2.f -o zlaqp2.o
gfortran -fimplicit-none -shared -fPIC -Wno-argument-mismatch  -c zlaqps.f -o zlaqps.o
gfortran -fimplicit-none -shared -fPIC -Wno-argument-mismatch  -c zlaqsb.f -o zlaqsb.o
gfortran -fimplicit-none -shared -fPIC -Wno-argument-mismatch  -c zlaqr0.f -o zlaqr0.o
gfortran -fimplicit-none -shared -fPIC -Wno-argument-mismatch  -c zlaqr1.f -o zlaqr1.o
gfortran -fimplicit-none -shared -fPIC -Wno-argument-mismatch  -c zlaqr2.f -o zlaqr2.o
gfortran -fimplicit-none -shared -fPIC -Wno-argument-mismatch  -c zlaqr3.f -o zlaqr3.o
gfortran -fimplicit-none -shared -fPIC -Wno-argument-mismatch  -c zlaqr4.f -o zlaqr4.o
gfortran -fimplicit-none -shared -fPIC -Wno-argument-mismatch  -c zlaqr5.f -o zlaqr5.o
gfortran -fimplicit-none -shared -fPIC -Wno-argument-mismatch  -c zlaqsp.f -o zlaqsp.o
gfortran -fimplicit-none -shared -fPIC -Wno-argument-mismatch  -c zlaqsy.f -o zlaqsy.o
gfortran -fimplicit-none -shared -fPIC -Wno-argument-mismatch  -c zlar1v.f -o zlar1v.o
gfortran -fimplicit-none -shared -fPIC -Wno-argument-mismatch  -c zlar2v.f -o zlar2v.o
gfortran -fimplicit-none -shared -fPIC -Wno-argument-mismatch  -c ilazlr.f -o ilazlr.o
gfortran -fimplicit-none -shared -fPIC -Wno-argument-mismatch  -c ilazlc.f -o ilazlc.o
gfortran -fimplicit-none -shared -fPIC -Wno-argument-mismatch  -c zlarcm.f -o zlarcm.o
gfortran -fimplicit-none -shared -fPIC -Wno-argument-mismatch  -c zlarf.f -o zlarf.o
gfortran -fimplicit-none -shared -fPIC -Wno-argument-mismatch  -c zlarfb.f -o zlarfb.o
gfortran -fimplicit-none -shared -fPIC -Wno-argument-mismatch  -c zlarfg.f -o zlarfg.o
gfortran -fimplicit-none -shared -fPIC -Wno-argument-mismatch  -c zlarft.f -o zlarft.o
gfortran -fimplicit-none -shared -fPIC -Wno-argument-mismatch  -c zlarfgp.f -o zlarfgp.o
gfortran -fimplicit-none -shared -fPIC -Wno-argument-mismatch  -c zlarfx.f -o zlarfx.o
gfortran -fimplicit-none -shared -fPIC -Wno-argument-mismatch  -c zlargv.f -o zlargv.o
gfortran -fimplicit-none -shared -fPIC -Wno-argument-mismatch  -c zlarnv.f -o zlarnv.o
gfortran -fimplicit-none -shared -fPIC -Wno-argument-mismatch  -c zlarrv.f -o zlarrv.o
gfortran -fimplicit-none -shared -fPIC -Wno-argument-mismatch  -c zlartg.f -o zlartg.o
gfortran -fimplicit-none -shared -fPIC -Wno-argument-mismatch  -c zlartv.f -o zlartv.o
gfortran -fimplicit-none -shared -fPIC -Wno-argument-mismatch  -c zlarz.f -o zlarz.o
gfortran -fimplicit-none -shared -fPIC -Wno-argument-mismatch  -c zlarzb.f -o zlarzb.o
gfortran -fimplicit-none -shared -fPIC -Wno-argument-mismatch  -c zlarzt.f -o zlarzt.o
gfortran -fimplicit-none -shared -fPIC -Wno-argument-mismatch  -c zlascl.f -o zlascl.o
gfortran -fimplicit-none -shared -fPIC -Wno-argument-mismatch  -c zlaset.f -o zlaset.o
gfortran -fimplicit-none -shared -fPIC -Wno-argument-mismatch  -c zlasr.f -o zlasr.o
gfortran -fimplicit-none -shared -fPIC -Wno-argument-mismatch  -c zlassq.f -o zlassq.o
gfortran -fimplicit-none -shared -fPIC -Wno-argument-mismatch  -c zlaswp.f -o zlaswp.o
gfortran -fimplicit-none -shared -fPIC -Wno-argument-mismatch  -c zlasyf.f -o zlasyf.o
gfortran -fimplicit-none -shared -fPIC -Wno-argument-mismatch  -c zlatbs.f -o zlatbs.o
gfortran -fimplicit-none -shared -fPIC -Wno-argument-mismatch  -c zlatdf.f -o zlatdf.o
gfortran -fimplicit-none -shared -fPIC -Wno-argument-mismatch  -c zlatps.f -o zlatps.o
gfortran -fimplicit-none -shared -fPIC -Wno-argument-mismatch  -c zlatrd.f -o zlatrd.o
gfortran -fimplicit-none -shared -fPIC -Wno-argument-mismatch  -c zlatrs.f -o zlatrs.o
gfortran -fimplicit-none -shared -fPIC -Wno-argument-mismatch  -c zlatrz.f -o zlatrz.o
gfortran -fimplicit-none -shared -fPIC -Wno-argument-mismatch  -c zlatzm.f -o zlatzm.o
gfortran -fimplicit-none -shared -fPIC -Wno-argument-mismatch  -c zlauu2.f -o zlauu2.o
gfortran -fimplicit-none -shared -fPIC -Wno-argument-mismatch  -c zlauum.f -o zlauum.o
gfortran -fimplicit-none -shared -fPIC -Wno-argument-mismatch  -c zpbcon.f -o zpbcon.o
gfortran -fimplicit-none -shared -fPIC -Wno-argument-mismatch  -c zpbequ.f -o zpbequ.o
gfortran -fimplicit-none -shared -fPIC -Wno-argument-mismatch  -c zpbrfs.f -o zpbrfs.o
gfortran -fimplicit-none -shared -fPIC -Wno-argument-mismatch  -c zpbstf.f -o zpbstf.o
gfortran -fimplicit-none -shared -fPIC -Wno-argument-mismatch  -c zpbsv.f -o zpbsv.o
gfortran -fimplicit-none -shared -fPIC -Wno-argument-mismatch  -c zpbsvx.f -o zpbsvx.o
gfortran -fimplicit-none -shared -fPIC -Wno-argument-mismatch  -c zpbtf2.f -o zpbtf2.o
gfortran -fimplicit-none -shared -fPIC -Wno-argument-mismatch  -c zpbtrf.f -o zpbtrf.o
gfortran -fimplicit-none -shared -fPIC -Wno-argument-mismatch  -c zpbtrs.f -o zpbtrs.o
gfortran -fimplicit-none -shared -fPIC -Wno-argument-mismatch  -c zpocon.f -o zpocon.o
gfortran -fimplicit-none -shared -fPIC -Wno-argument-mismatch  -c zpoequ.f -o zpoequ.o
gfortran -fimplicit-none -shared -fPIC -Wno-argument-mismatch  -c zporfs.f -o zporfs.o
gfortran -fimplicit-none -shared -fPIC -Wno-argument-mismatch  -c zposv.f -o zposv.o
gfortran -fimplicit-none -shared -fPIC -Wno-argument-mismatch  -c zposvx.f -o zposvx.o
gfortran -fimplicit-none -shared -fPIC -Wno-argument-mismatch  -c zpotf2.f -o zpotf2.o
gfortran -fimplicit-none -shared -fPIC -Wno-argument-mismatch  -c zpotrf.f -o zpotrf.o
gfortran -fimplicit-none -shared -fPIC -Wno-argument-mismatch  -c zpotri.f -o zpotri.o
gfortran -fimplicit-none -shared -fPIC -Wno-argument-mismatch  -c zpotrs.f -o zpotrs.o
gfortran -fimplicit-none -shared -fPIC -Wno-argument-mismatch  -c zpstrf.f -o zpstrf.o
gfortran -fimplicit-none -shared -fPIC -Wno-argument-mismatch  -c zpstf2.f -o zpstf2.o
gfortran -fimplicit-none -shared -fPIC -Wno-argument-mismatch  -c zppcon.f -o zppcon.o
gfortran -fimplicit-none -shared -fPIC -Wno-argument-mismatch  -c zppequ.f -o zppequ.o
gfortran -fimplicit-none -shared -fPIC -Wno-argument-mismatch  -c zpprfs.f -o zpprfs.o
gfortran -fimplicit-none -shared -fPIC -Wno-argument-mismatch  -c zppsv.f -o zppsv.o
gfortran -fimplicit-none -shared -fPIC -Wno-argument-mismatch  -c zppsvx.f -o zppsvx.o
gfortran -fimplicit-none -shared -fPIC -Wno-argument-mismatch  -c zpptrf.f -o zpptrf.o
gfortran -fimplicit-none -shared -fPIC -Wno-argument-mismatch  -c zpptri.f -o zpptri.o
gfortran -fimplicit-none -shared -fPIC -Wno-argument-mismatch  -c zpptrs.f -o zpptrs.o
gfortran -fimplicit-none -shared -fPIC -Wno-argument-mismatch  -c zptcon.f -o zptcon.o
gfortran -fimplicit-none -shared -fPIC -Wno-argument-mismatch  -c zpteqr.f -o zpteqr.o
gfortran -fimplicit-none -shared -fPIC -Wno-argument-mismatch  -c zptrfs.f -o zptrfs.o
gfortran -fimplicit-none -shared -fPIC -Wno-argument-mismatch  -c zptsv.f -o zptsv.o
gfortran -fimplicit-none -shared -fPIC -Wno-argument-mismatch  -c zptsvx.f -o zptsvx.o
gfortran -fimplicit-none -shared -fPIC -Wno-argument-mismatch  -c zpttrf.f -o zpttrf.o
gfortran -fimplicit-none -shared -fPIC -Wno-argument-mismatch  -c zpttrs.f -o zpttrs.o
gfortran -fimplicit-none -shared -fPIC -Wno-argument-mismatch  -c zptts2.f -o zptts2.o
gfortran -fimplicit-none -shared -fPIC -Wno-argument-mismatch  -c zrot.f -o zrot.o
gfortran -fimplicit-none -shared -fPIC -Wno-argument-mismatch  -c zspcon.f -o zspcon.o
gfortran -fimplicit-none -shared -fPIC -Wno-argument-mismatch  -c zspmv.f -o zspmv.o
gfortran -fimplicit-none -shared -fPIC -Wno-argument-mismatch  -c zspr.f -o zspr.o
gfortran -fimplicit-none -shared -fPIC -Wno-argument-mismatch  -c zsprfs.f -o zsprfs.o
gfortran -fimplicit-none -shared -fPIC -Wno-argument-mismatch  -c zspsv.f -o zspsv.o
gfortran -fimplicit-none -shared -fPIC -Wno-argument-mismatch  -c zspsvx.f -o zspsvx.o
gfortran -fimplicit-none -shared -fPIC -Wno-argument-mismatch  -c zsptrf.f -o zsptrf.o
gfortran -fimplicit-none -shared -fPIC -Wno-argument-mismatch  -c zsptri.f -o zsptri.o
gfortran -fimplicit-none -shared -fPIC -Wno-argument-mismatch  -c zsptrs.f -o zsptrs.o
gfortran -fimplicit-none -shared -fPIC -Wno-argument-mismatch  -c zdrscl.f -o zdrscl.o
gfortran -fimplicit-none -shared -fPIC -Wno-argument-mismatch  -c zstedc.f -o zstedc.o
gfortran -fimplicit-none -shared -fPIC -Wno-argument-mismatch  -c zstegr.f -o zstegr.o
gfortran -fimplicit-none -shared -fPIC -Wno-argument-mismatch  -c zstein.f -o zstein.o
gfortran -fimplicit-none -shared -fPIC -Wno-argument-mismatch  -c zsteqr.f -o zsteqr.o
gfortran -fimplicit-none -shared -fPIC -Wno-argument-mismatch  -c zsycon.f -o zsycon.o
gfortran -fimplicit-none -shared -fPIC -Wno-argument-mismatch  -c zsymv.f -o zsymv.o
gfortran -fimplicit-none -shared -fPIC -Wno-argument-mismatch  -c zsyr.f -o zsyr.o
gfortran -fimplicit-none -shared -fPIC -Wno-argument-mismatch  -c zsyrfs.f -o zsyrfs.o
gfortran -fimplicit-none -shared -fPIC -Wno-argument-mismatch  -c zsysv.f -o zsysv.o
gfortran -fimplicit-none -shared -fPIC -Wno-argument-mismatch  -c zsysvx.f -o zsysvx.o
gfortran -fimplicit-none -shared -fPIC -Wno-argument-mismatch  -c zsytf2.f -o zsytf2.o
gfortran -fimplicit-none -shared -fPIC -Wno-argument-mismatch  -c zsytrf.f -o zsytrf.o
gfortran -fimplicit-none -shared -fPIC -Wno-argument-mismatch  -c zsytri.f -o zsytri.o
gfortran -fimplicit-none -shared -fPIC -Wno-argument-mismatch  -c zsytri2.f -o zsytri2.o
gfortran -fimplicit-none -shared -fPIC -Wno-argument-mismatch  -c zsytri2x.f -o zsytri2x.o
gfortran -fimplicit-none -shared -fPIC -Wno-argument-mismatch  -c zsyswapr.f -o zsyswapr.o
gfortran -fimplicit-none -shared -fPIC -Wno-argument-mismatch  -c zsytrs.f -o zsytrs.o
gfortran -fimplicit-none -shared -fPIC -Wno-argument-mismatch  -c zsytrs2.f -o zsytrs2.o
gfortran -fimplicit-none -shared -fPIC -Wno-argument-mismatch  -c zsyconv.f -o zsyconv.o
gfortran -fimplicit-none -shared -fPIC -Wno-argument-mismatch  -c ztbcon.f -o ztbcon.o
gfortran -fimplicit-none -shared -fPIC -Wno-argument-mismatch  -c ztbrfs.f -o ztbrfs.o
gfortran -fimplicit-none -shared -fPIC -Wno-argument-mismatch  -c ztbtrs.f -o ztbtrs.o
gfortran -fimplicit-none -shared -fPIC -Wno-argument-mismatch  -c ztgevc.f -o ztgevc.o
gfortran -fimplicit-none -shared -fPIC -Wno-argument-mismatch  -c ztgex2.f -o ztgex2.o
gfortran -fimplicit-none -shared -fPIC -Wno-argument-mismatch  -c ztgexc.f -o ztgexc.o
gfortran -fimplicit-none -shared -fPIC -Wno-argument-mismatch  -c ztgsen.f -o ztgsen.o
gfortran -fimplicit-none -shared -fPIC -Wno-argument-mismatch  -c ztgsja.f -o ztgsja.o
gfortran -fimplicit-none -shared -fPIC -Wno-argument-mismatch  -c ztgsna.f -o ztgsna.o
gfortran -fimplicit-none -shared -fPIC -Wno-argument-mismatch  -c ztgsy2.f -o ztgsy2.o
gfortran -fimplicit-none -shared -fPIC -Wno-argument-mismatch  -c ztgsyl.f -o ztgsyl.o
gfortran -fimplicit-none -shared -fPIC -Wno-argument-mismatch  -c ztpcon.f -o ztpcon.o
gfortran -fimplicit-none -shared -fPIC -Wno-argument-mismatch  -c ztprfs.f -o ztprfs.o
gfortran -fimplicit-none -shared -fPIC -Wno-argument-mismatch  -c ztptri.f -o ztptri.o
gfortran -fimplicit-none -shared -fPIC -Wno-argument-mismatch  -c ztptrs.f -o ztptrs.o
gfortran -fimplicit-none -shared -fPIC -Wno-argument-mismatch  -c ztrcon.f -o ztrcon.o
gfortran -fimplicit-none -shared -fPIC -Wno-argument-mismatch  -c ztrevc.f -o ztrevc.o
gfortran -fimplicit-none -shared -fPIC -Wno-argument-mismatch  -c ztrexc.f -o ztrexc.o
gfortran -fimplicit-none -shared -fPIC -Wno-argument-mismatch  -c ztrrfs.f -o ztrrfs.o
gfortran -fimplicit-none -shared -fPIC -Wno-argument-mismatch  -c ztrsen.f -o ztrsen.o
gfortran -fimplicit-none -shared -fPIC -Wno-argument-mismatch  -c ztrsna.f -o ztrsna.o
gfortran -fimplicit-none -shared -fPIC -Wno-argument-mismatch  -c ztrsyl.f -o ztrsyl.o
gfortran -fimplicit-none -shared -fPIC -Wno-argument-mismatch  -c ztrti2.f -o ztrti2.o
gfortran -fimplicit-none -shared -fPIC -Wno-argument-mismatch  -c ztrtri.f -o ztrtri.o
gfortran -fimplicit-none -shared -fPIC -Wno-argument-mismatch  -c ztrtrs.f -o ztrtrs.o
gfortran -fimplicit-none -shared -fPIC -Wno-argument-mismatch  -c ztzrqf.f -o ztzrqf.o
gfortran -fimplicit-none -shared -fPIC -Wno-argument-mismatch  -c ztzrzf.f -o ztzrzf.o
gfortran -fimplicit-none -shared -fPIC -Wno-argument-mismatch  -c zung2l.f -o zung2l.o
gfortran -fimplicit-none -shared -fPIC -Wno-argument-mismatch  -c zung2r.f -o zung2r.o
gfortran -fimplicit-none -shared -fPIC -Wno-argument-mismatch  -c zungbr.f -o zungbr.o
gfortran -fimplicit-none -shared -fPIC -Wno-argument-mismatch  -c zunghr.f -o zunghr.o
gfortran -fimplicit-none -shared -fPIC -Wno-argument-mismatch  -c zungl2.f -o zungl2.o
gfortran -fimplicit-none -shared -fPIC -Wno-argument-mismatch  -c zunglq.f -o zunglq.o
gfortran -fimplicit-none -shared -fPIC -Wno-argument-mismatch  -c zungql.f -o zungql.o
gfortran -fimplicit-none -shared -fPIC -Wno-argument-mismatch  -c zungqr.f -o zungqr.o
gfortran -fimplicit-none -shared -fPIC -Wno-argument-mismatch  -c zungr2.f -o zungr2.o
gfortran -fimplicit-none -shared -fPIC -Wno-argument-mismatch  -c zungrq.f -o zungrq.o
gfortran -fimplicit-none -shared -fPIC -Wno-argument-mismatch  -c zungtr.f -o zungtr.o
gfortran -fimplicit-none -shared -fPIC -Wno-argument-mismatch  -c zunm2l.f -o zunm2l.o
gfortran -fimplicit-none -shared -fPIC -Wno-argument-mismatch  -c zunm2r.f -o zunm2r.o
gfortran -fimplicit-none -shared -fPIC -Wno-argument-mismatch  -c zunmbr.f -o zunmbr.o
gfortran -fimplicit-none -shared -fPIC -Wno-argument-mismatch  -c zunmhr.f -o zunmhr.o
gfortran -fimplicit-none -shared -fPIC -Wno-argument-mismatch  -c zunml2.f -o zunml2.o
gfortran -fimplicit-none -shared -fPIC -Wno-argument-mismatch  -c zunmlq.f -o zunmlq.o
gfortran -fimplicit-none -shared -fPIC -Wno-argument-mismatch  -c zunmql.f -o zunmql.o
gfortran -fimplicit-none -shared -fPIC -Wno-argument-mismatch  -c zunmqr.f -o zunmqr.o
gfortran -fimplicit-none -shared -fPIC -Wno-argument-mismatch  -c zunmr2.f -o zunmr2.o
gfortran -fimplicit-none -shared -fPIC -Wno-argument-mismatch  -c zunmr3.f -o zunmr3.o
gfortran -fimplicit-none -shared -fPIC -Wno-argument-mismatch  -c zunmrq.f -o zunmrq.o
gfortran -fimplicit-none -shared -fPIC -Wno-argument-mismatch  -c zunmrz.f -o zunmrz.o
gfortran -fimplicit-none -shared -fPIC -Wno-argument-mismatch  -c zunmtr.f -o zunmtr.o
gfortran -fimplicit-none -shared -fPIC -Wno-argument-mismatch  -c zupgtr.f -o zupgtr.o
gfortran -fimplicit-none -shared -fPIC -Wno-argument-mismatch  -c zupmtr.f -o zupmtr.o
gfortran -fimplicit-none -shared -fPIC -Wno-argument-mismatch  -c izmax1.f -o izmax1.o
gfortran -fimplicit-none -shared -fPIC -Wno-argument-mismatch  -c dzsum1.f -o dzsum1.o
gfortran -fimplicit-none -shared -fPIC -Wno-argument-mismatch  -c zstemr.f -o zstemr.o
gfortran -fimplicit-none -shared -fPIC -Wno-argument-mismatch  -c zcgesv.f -o zcgesv.o
gfortran -fimplicit-none -shared -fPIC -Wno-argument-mismatch  -c zcposv.f -o zcposv.o
gfortran -fimplicit-none -shared -fPIC -Wno-argument-mismatch  -c zlag2c.f -o zlag2c.o
gfortran -fimplicit-none -shared -fPIC -Wno-argument-mismatch  -c clag2z.f -o clag2z.o
gfortran -fimplicit-none -shared -fPIC -Wno-argument-mismatch  -c zlat2c.f -o zlat2c.o
gfortran -fimplicit-none -shared -fPIC -Wno-argument-mismatch  -c zhfrk.f -o zhfrk.o
gfortran -fimplicit-none -shared -fPIC -Wno-argument-mismatch  -c ztfttp.f -o ztfttp.o
gfortran -fimplicit-none -shared -fPIC -Wno-argument-mismatch  -c zlanhf.f -o zlanhf.o
gfortran -fimplicit-none -shared -fPIC -Wno-argument-mismatch  -c zpftrf.f -o zpftrf.o
gfortran -fimplicit-none -shared -fPIC -Wno-argument-mismatch  -c zpftri.f -o zpftri.o
gfortran -fimplicit-none -shared -fPIC -Wno-argument-mismatch  -c zpftrs.f -o zpftrs.o
gfortran -fimplicit-none -shared -fPIC -Wno-argument-mismatch  -c ztfsm.f -o ztfsm.o
gfortran -fimplicit-none -shared -fPIC -Wno-argument-mismatch  -c ztftri.f -o ztftri.o
gfortran -fimplicit-none -shared -fPIC -Wno-argument-mismatch  -c ztfttr.f -o ztfttr.o
gfortran -fimplicit-none -shared -fPIC -Wno-argument-mismatch  -c ztpttf.f -o ztpttf.o
gfortran -fimplicit-none -shared -fPIC -Wno-argument-mismatch  -c ztpttr.f -o ztpttr.o
gfortran -fimplicit-none -shared -fPIC -Wno-argument-mismatch  -c ztrttf.f -o ztrttf.o
gfortran -fimplicit-none -shared -fPIC -Wno-argument-mismatch  -c ztrttp.f -o ztrttp.o
gfortran -fimplicit-none -shared -fPIC -Wno-argument-mismatch  -c zgeequb.f -o zgeequb.o
gfortran -fimplicit-none -shared -fPIC -Wno-argument-mismatch  -c zgbequb.f -o zgbequb.o
gfortran -fimplicit-none -shared -fPIC -Wno-argument-mismatch  -c zsyequb.f -o zsyequb.o
gfortran -fimplicit-none -shared -fPIC -Wno-argument-mismatch  -c zpoequb.f -o zpoequb.o
gfortran -fimplicit-none -shared -fPIC -Wno-argument-mismatch  -c zheequb.f -o zheequb.o
gfortran -fimplicit-none -shared -fPIC -Wno-argument-mismatch  -c zbbcsd.f -o zbbcsd.o
gfortran -fimplicit-none -shared -fPIC -Wno-argument-mismatch  -c zlapmr.f -o zlapmr.o
gfortran -fimplicit-none -shared -fPIC -Wno-argument-mismatch  -c zunbdb.f -o zunbdb.o
gfortran -fimplicit-none -shared -fPIC -Wno-argument-mismatch  -c zuncsd.f -o zuncsd.o
gfortran -fimplicit-none -shared -fPIC -Wno-argument-mismatch  -c cpotrs.f -o cpotrs.o
gfortran -fimplicit-none -shared -fPIC -Wno-argument-mismatch  -c cgetrs.f -o cgetrs.o
gfortran -fimplicit-none -shared -fPIC -Wno-argument-mismatch  -c cpotrf.f -o cpotrf.o
gfortran -fimplicit-none -shared -fPIC -Wno-argument-mismatch  -c cgetrf.f -o cgetrf.o
gfortran -fimplicit-none -shared -fPIC -Wno-argument-mismatch  -c sbdsdc.f -o sbdsdc.o
gfortran -fimplicit-none -shared -fPIC -Wno-argument-mismatch  -c sbdsqr.f -o sbdsqr.o
gfortran -fimplicit-none -shared -fPIC -Wno-argument-mismatch  -c sdisna.f -o sdisna.o
gfortran -fimplicit-none -shared -fPIC -Wno-argument-mismatch  -c slabad.f -o slabad.o
gfortran -fimplicit-none -shared -fPIC -Wno-argument-mismatch  -c slacpy.f -o slacpy.o
gfortran -fimplicit-none -shared -fPIC -Wno-argument-mismatch  -c sladiv.f -o sladiv.o
gfortran -fimplicit-none -shared -fPIC -Wno-argument-mismatch  -c slae2.f -o slae2.o
gfortran -fimplicit-none -shared -fPIC -Wno-argument-mismatch  -c slaebz.f -o slaebz.o
gfortran -fimplicit-none -shared -fPIC -Wno-argument-mismatch  -c slaed0.f -o slaed0.o
gfortran -fimplicit-none -shared -fPIC -Wno-argument-mismatch  -c slaed1.f -o slaed1.o
gfortran -fimplicit-none -shared -fPIC -Wno-argument-mismatch  -c slaed2.f -o slaed2.o
gfortran -fimplicit-none -shared -fPIC -Wno-argument-mismatch  -c slaed3.f -o slaed3.o
gfortran -fimplicit-none -shared -fPIC -Wno-argument-mismatch  -c slaed4.f -o slaed4.o
gfortran -fimplicit-none -shared -fPIC -Wno-argument-mismatch  -c slaed5.f -o slaed5.o
gfortran -fimplicit-none -shared -fPIC -Wno-argument-mismatch  -c slaed6.f -o slaed6.o
gfortran -fimplicit-none -shared -fPIC -Wno-argument-mismatch  -c slaed7.f -o slaed7.o
gfortran -fimplicit-none -shared -fPIC -Wno-argument-mismatch  -c slaed8.f -o slaed8.o
gfortran -fimplicit-none -shared -fPIC -Wno-argument-mismatch  -c slaed9.f -o slaed9.o
gfortran -fimplicit-none -shared -fPIC -Wno-argument-mismatch  -c slaeda.f -o slaeda.o
gfortran -fimplicit-none -shared -fPIC -Wno-argument-mismatch  -c slaev2.f -o slaev2.o
gfortran -fimplicit-none -shared -fPIC -Wno-argument-mismatch  -c slagtf.f -o slagtf.o
gfortran -fimplicit-none -shared -fPIC -Wno-argument-mismatch  -c slagts.f -o slagts.o
gfortran -fimplicit-none -shared -fPIC -Wno-argument-mismatch  -c slamrg.f -o slamrg.o
gfortran -fimplicit-none -shared -fPIC -Wno-argument-mismatch  -c slanst.f -o slanst.o
gfortran -fimplicit-none -shared -fPIC -Wno-argument-mismatch  -c slapy2.f -o slapy2.o
gfortran -fimplicit-none -shared -fPIC -Wno-argument-mismatch  -c slapy3.f -o slapy3.o
gfortran -fimplicit-none -shared -fPIC -Wno-argument-mismatch  -c slarnv.f -o slarnv.o
gfortran -fimplicit-none -shared -fPIC -Wno-argument-mismatch  -c slarra.f -o slarra.o
gfortran -fimplicit-none -shared -fPIC -Wno-argument-mismatch  -c slarrb.f -o slarrb.o
gfortran -fimplicit-none -shared -fPIC -Wno-argument-mismatch  -c slarrc.f -o slarrc.o
gfortran -fimplicit-none -shared -fPIC -Wno-argument-mismatch  -c slarrd.f -o slarrd.o
gfortran -fimplicit-none -shared -fPIC -Wno-argument-mismatch  -c slarre.f -o slarre.o
gfortran -fimplicit-none -shared -fPIC -Wno-argument-mismatch  -c slarrf.f -o slarrf.o
gfortran -fimplicit-none -shared -fPIC -Wno-argument-mismatch  -c slarrj.f -o slarrj.o
gfortran -fimplicit-none -shared -fPIC -Wno-argument-mismatch  -c slarrk.f -o slarrk.o
gfortran -fimplicit-none -shared -fPIC -Wno-argument-mismatch  -c slarrr.f -o slarrr.o
gfortran -fimplicit-none -shared -fPIC -Wno-argument-mismatch  -c slaneg.f -o slaneg.o
gfortran -fimplicit-none -shared -fPIC -Wno-argument-mismatch  -c slartg.f -o slartg.o
gfortran -fimplicit-none -shared -fPIC -Wno-argument-mismatch -g -O0 -c slaruv.f -o slaruv.o
gfortran -fimplicit-none -shared -fPIC -Wno-argument-mismatch  -c slas2.f -o slas2.o
gfortran -fimplicit-none -shared -fPIC -Wno-argument-mismatch  -c slascl.f -o slascl.o
gfortran -fimplicit-none -shared -fPIC -Wno-argument-mismatch  -c slasd0.f -o slasd0.o
gfortran -fimplicit-none -shared -fPIC -Wno-argument-mismatch  -c slasd1.f -o slasd1.o
gfortran -fimplicit-none -shared -fPIC -Wno-argument-mismatch  -c slasd2.f -o slasd2.o
gfortran -fimplicit-none -shared -fPIC -Wno-argument-mismatch  -c slasd3.f -o slasd3.o
gfortran -fimplicit-none -shared -fPIC -Wno-argument-mismatch  -c slasd4.f -o slasd4.o
gfortran -fimplicit-none -shared -fPIC -Wno-argument-mismatch  -c slasd5.f -o slasd5.o
gfortran -fimplicit-none -shared -fPIC -Wno-argument-mismatch  -c slasd6.f -o slasd6.o
gfortran -fimplicit-none -shared -fPIC -Wno-argument-mismatch  -c slasd7.f -o slasd7.o
gfortran -fimplicit-none -shared -fPIC -Wno-argument-mismatch  -c slasd8.f -o slasd8.o
gfortran -fimplicit-none -shared -fPIC -Wno-argument-mismatch  -c slasda.f -o slasda.o
gfortran -fimplicit-none -shared -fPIC -Wno-argument-mismatch  -c slasdq.f -o slasdq.o
gfortran -fimplicit-none -shared -fPIC -Wno-argument-mismatch  -c slasdt.f -o slasdt.o
gfortran -fimplicit-none -shared -fPIC -Wno-argument-mismatch  -c slaset.f -o slaset.o
gfortran -fimplicit-none -shared -fPIC -Wno-argument-mismatch  -c slasq1.f -o slasq1.o
gfortran -fimplicit-none -shared -fPIC -Wno-argument-mismatch  -c slasq2.f -o slasq2.o
gfortran -fimplicit-none -shared -fPIC -Wno-argument-mismatch  -c slasq3.f -o slasq3.o
gfortran -fimplicit-none -shared -fPIC -Wno-argument-mismatch  -c slasq4.f -o slasq4.o
gfortran -fimplicit-none -shared -fPIC -Wno-argument-mismatch  -c slasq5.f -o slasq5.o
gfortran -fimplicit-none -shared -fPIC -Wno-argument-mismatch  -c slasq6.f -o slasq6.o
gfortran -fimplicit-none -shared -fPIC -Wno-argument-mismatch  -c slasr.f -o slasr.o
gfortran -fimplicit-none -shared -fPIC -Wno-argument-mismatch  -c slasrt.f -o slasrt.o
gfortran -fimplicit-none -shared -fPIC -Wno-argument-mismatch  -c slassq.f -o slassq.o
gfortran -fimplicit-none -shared -fPIC -Wno-argument-mismatch  -c slasv2.f -o slasv2.o
gfortran -fimplicit-none -shared -fPIC -Wno-argument-mismatch  -c spttrf.f -o spttrf.o
gfortran -fimplicit-none -shared -fPIC -Wno-argument-mismatch  -c sstebz.f -o sstebz.o
gfortran -fimplicit-none -shared -fPIC -Wno-argument-mismatch  -c sstedc.f -o sstedc.o
gfortran -fimplicit-none -shared -fPIC -Wno-argument-mismatch  -c ssteqr.f -o ssteqr.o
gfortran -fimplicit-none -shared -fPIC -Wno-argument-mismatch  -c ssterf.f -o ssterf.o
gfortran -fimplicit-none -shared -fPIC -Wno-argument-mismatch  -c slaisnan.f -o slaisnan.o
gfortran -fimplicit-none -shared -fPIC -Wno-argument-mismatch  -c sisnan.f -o sisnan.o
gfortran -fimplicit-none -shared -fPIC -Wno-argument-mismatch  -c slartgp.f -o slartgp.o
gfortran -fimplicit-none -shared -fPIC -Wno-argument-mismatch  -c slartgs.f -o slartgs.o
gfortran -fimplicit-none -shared -fPIC -Wno-argument-mismatch  -c dbdsdc.f -o dbdsdc.o
gfortran -fimplicit-none -shared -fPIC -Wno-argument-mismatch  -c dbdsqr.f -o dbdsqr.o
gfortran -fimplicit-none -shared -fPIC -Wno-argument-mismatch  -c ddisna.f -o ddisna.o
gfortran -fimplicit-none -shared -fPIC -Wno-argument-mismatch  -c dlabad.f -o dlabad.o
gfortran -fimplicit-none -shared -fPIC -Wno-argument-mismatch  -c dlacpy.f -o dlacpy.o
gfortran -fimplicit-none -shared -fPIC -Wno-argument-mismatch  -c dladiv.f -o dladiv.o
gfortran -fimplicit-none -shared -fPIC -Wno-argument-mismatch  -c dlae2.f -o dlae2.o
gfortran -fimplicit-none -shared -fPIC -Wno-argument-mismatch  -c dlaebz.f -o dlaebz.o
gfortran -fimplicit-none -shared -fPIC -Wno-argument-mismatch  -c dlaed0.f -o dlaed0.o
gfortran -fimplicit-none -shared -fPIC -Wno-argument-mismatch  -c dlaed1.f -o dlaed1.o
gfortran -fimplicit-none -shared -fPIC -Wno-argument-mismatch  -c dlaed2.f -o dlaed2.o
gfortran -fimplicit-none -shared -fPIC -Wno-argument-mismatch  -c dlaed3.f -o dlaed3.o
gfortran -fimplicit-none -shared -fPIC -Wno-argument-mismatch  -c dlaed4.f -o dlaed4.o
gfortran -fimplicit-none -shared -fPIC -Wno-argument-mismatch  -c dlaed5.f -o dlaed5.o
gfortran -fimplicit-none -shared -fPIC -Wno-argument-mismatch  -c dlaed6.f -o dlaed6.o
gfortran -fimplicit-none -shared -fPIC -Wno-argument-mismatch  -c dlaed7.f -o dlaed7.o
gfortran -fimplicit-none -shared -fPIC -Wno-argument-mismatch  -c dlaed8.f -o dlaed8.o
gfortran -fimplicit-none -shared -fPIC -Wno-argument-mismatch  -c dlaed9.f -o dlaed9.o
gfortran -fimplicit-none -shared -fPIC -Wno-argument-mismatch  -c dlaeda.f -o dlaeda.o
gfortran -fimplicit-none -shared -fPIC -Wno-argument-mismatch  -c dlaev2.f -o dlaev2.o
gfortran -fimplicit-none -shared -fPIC -Wno-argument-mismatch  -c dlagtf.f -o dlagtf.o
gfortran -fimplicit-none -shared -fPIC -Wno-argument-mismatch  -c dlagts.f -o dlagts.o
gfortran -fimplicit-none -shared -fPIC -Wno-argument-mismatch  -c dlamrg.f -o dlamrg.o
gfortran -fimplicit-none -shared -fPIC -Wno-argument-mismatch  -c dlanst.f -o dlanst.o
gfortran -fimplicit-none -shared -fPIC -Wno-argument-mismatch  -c dlapy2.f -o dlapy2.o
gfortran -fimplicit-none -shared -fPIC -Wno-argument-mismatch  -c dlapy3.f -o dlapy3.o
gfortran -fimplicit-none -shared -fPIC -Wno-argument-mismatch  -c dlarnv.f -o dlarnv.o
gfortran -fimplicit-none -shared -fPIC -Wno-argument-mismatch  -c dlarra.f -o dlarra.o
gfortran -fimplicit-none -shared -fPIC -Wno-argument-mismatch  -c dlarrb.f -o dlarrb.o
gfortran -fimplicit-none -shared -fPIC -Wno-argument-mismatch  -c dlarrc.f -o dlarrc.o
gfortran -fimplicit-none -shared -fPIC -Wno-argument-mismatch  -c dlarrd.f -o dlarrd.o
gfortran -fimplicit-none -shared -fPIC -Wno-argument-mismatch  -c dlarre.f -o dlarre.o
gfortran -fimplicit-none -shared -fPIC -Wno-argument-mismatch  -c dlarrf.f -o dlarrf.o
gfortran -fimplicit-none -shared -fPIC -Wno-argument-mismatch  -c dlarrj.f -o dlarrj.o
gfortran -fimplicit-none -shared -fPIC -Wno-argument-mismatch  -c dlarrk.f -o dlarrk.o
gfortran -fimplicit-none -shared -fPIC -Wno-argument-mismatch  -c dlarrr.f -o dlarrr.o
gfortran -fimplicit-none -shared -fPIC -Wno-argument-mismatch  -c dlaneg.f -o dlaneg.o
gfortran -fimplicit-none -shared -fPIC -Wno-argument-mismatch  -c dlartg.f -o dlartg.o
gfortran -fimplicit-none -shared -fPIC -Wno-argument-mismatch -g -O0 -c dlaruv.f -o dlaruv.o
gfortran -fimplicit-none -shared -fPIC -Wno-argument-mismatch  -c dlas2.f -o dlas2.o
gfortran -fimplicit-none -shared -fPIC -Wno-argument-mismatch  -c dlascl.f -o dlascl.o
gfortran -fimplicit-none -shared -fPIC -Wno-argument-mismatch  -c dlasd0.f -o dlasd0.o
gfortran -fimplicit-none -shared -fPIC -Wno-argument-mismatch  -c dlasd1.f -o dlasd1.o
gfortran -fimplicit-none -shared -fPIC -Wno-argument-mismatch  -c dlasd2.f -o dlasd2.o
gfortran -fimplicit-none -shared -fPIC -Wno-argument-mismatch  -c dlasd3.f -o dlasd3.o
gfortran -fimplicit-none -shared -fPIC -Wno-argument-mismatch  -c dlasd4.f -o dlasd4.o
gfortran -fimplicit-none -shared -fPIC -Wno-argument-mismatch  -c dlasd5.f -o dlasd5.o
gfortran -fimplicit-none -shared -fPIC -Wno-argument-mismatch  -c dlasd6.f -o dlasd6.o
gfortran -fimplicit-none -shared -fPIC -Wno-argument-mismatch  -c dlasd7.f -o dlasd7.o
gfortran -fimplicit-none -shared -fPIC -Wno-argument-mismatch  -c dlasd8.f -o dlasd8.o
gfortran -fimplicit-none -shared -fPIC -Wno-argument-mismatch  -c dlasda.f -o dlasda.o
gfortran -fimplicit-none -shared -fPIC -Wno-argument-mismatch  -c dlasdq.f -o dlasdq.o
gfortran -fimplicit-none -shared -fPIC -Wno-argument-mismatch  -c dlasdt.f -o dlasdt.o
gfortran -fimplicit-none -shared -fPIC -Wno-argument-mismatch  -c dlaset.f -o dlaset.o
gfortran -fimplicit-none -shared -fPIC -Wno-argument-mismatch  -c dlasq1.f -o dlasq1.o
gfortran -fimplicit-none -shared -fPIC -Wno-argument-mismatch  -c dlasq2.f -o dlasq2.o
gfortran -fimplicit-none -shared -fPIC -Wno-argument-mismatch  -c dlasq3.f -o dlasq3.o
gfortran -fimplicit-none -shared -fPIC -Wno-argument-mismatch  -c dlasq4.f -o dlasq4.o
gfortran -fimplicit-none -shared -fPIC -Wno-argument-mismatch  -c dlasq5.f -o dlasq5.o
gfortran -fimplicit-none -shared -fPIC -Wno-argument-mismatch  -c dlasq6.f -o dlasq6.o
gfortran -fimplicit-none -shared -fPIC -Wno-argument-mismatch  -c dlasr.f -o dlasr.o
gfortran -fimplicit-none -shared -fPIC -Wno-argument-mismatch  -c dlasrt.f -o dlasrt.o
gfortran -fimplicit-none -shared -fPIC -Wno-argument-mismatch  -c dlassq.f -o dlassq.o
gfortran -fimplicit-none -shared -fPIC -Wno-argument-mismatch  -c dlasv2.f -o dlasv2.o
gfortran -fimplicit-none -shared -fPIC -Wno-argument-mismatch  -c dpttrf.f -o dpttrf.o
gfortran -fimplicit-none -shared -fPIC -Wno-argument-mismatch  -c dstebz.f -o dstebz.o
gfortran -fimplicit-none -shared -fPIC -Wno-argument-mismatch  -c dstedc.f -o dstedc.o
gfortran -fimplicit-none -shared -fPIC -Wno-argument-mismatch  -c dsteqr.f -o dsteqr.o
gfortran -fimplicit-none -shared -fPIC -Wno-argument-mismatch  -c dsterf.f -o dsterf.o
gfortran -fimplicit-none -shared -fPIC -Wno-argument-mismatch  -c dlaisnan.f -o dlaisnan.o
gfortran -fimplicit-none -shared -fPIC -Wno-argument-mismatch  -c disnan.f -o disnan.o
gfortran -fimplicit-none -shared -fPIC -Wno-argument-mismatch  -c dlartgp.f -o dlartgp.o
gfortran -fimplicit-none -shared -fPIC -Wno-argument-mismatch  -c dlartgs.f -o dlartgs.o
gfortran -fimplicit-none -shared -fPIC -Wno-argument-mismatch  -c ilaenv.f -o ilaenv.o
gfortran -fimplicit-none -shared -fPIC -Wno-argument-mismatch  -c ieeeck.f -o ieeeck.o
gfortran -fimplicit-none -shared -fPIC -Wno-argument-mismatch  -c lsamen.f -o lsamen.o
gfortran -fimplicit-none -shared -fPIC -Wno-argument-mismatch  -c xerbla.f -o xerbla.o
gfortran -fimplicit-none -shared -fPIC -Wno-argument-mismatch  -c xerbla_array.f -o xerbla_array.o
gfortran -fimplicit-none -shared -fPIC -Wno-argument-mismatch  -c iparmq.f -o iparmq.o
gfortran -fimplicit-none -shared -fPIC -Wno-argument-mismatch  -c ilaprec.f -o ilaprec.o
gfortran -fimplicit-none -shared -fPIC -Wno-argument-mismatch  -c ilatrans.f -o ilatrans.o
gfortran -fimplicit-none -shared -fPIC -Wno-argument-mismatch  -c ilauplo.f -o ilauplo.o
gfortran -fimplicit-none -shared -fPIC -Wno-argument-mismatch  -c iladiag.f -o iladiag.o
gfortran -fimplicit-none -shared -fPIC -Wno-argument-mismatch  -c chla_transtype.f -o chla_transtype.o
ar cr ../liblapack_gfortran.a sgbbrd.o sgbcon.o sgbequ.o sgbrfs.o sgbsv.o sgbsvx.o sgbtf2.o sgbtrf.o sgbtrs.o sgebak.o sgebal.o sgebd2.o sgebrd.o sgecon.o sgeequ.o sgees.o  sgeesx.o sgeev.o  sgeevx.o sgegs.o  sgegv.o  sgehd2.o sgehrd.o sgelq2.o sgelqf.o sgels.o  sgelsd.o sgelss.o sgelsx.o sgelsy.o sgeql2.o sgeqlf.o sgeqp3.o sgeqpf.o sgeqr2.o sgeqr2p.o sgeqrf.o sgeqrfp.o sgerfs.o sgerq2.o sgerqf.o sgesc2.o sgesdd.o sgesv.o  sgesvd.o sgesvx.o sgetc2.o sgetf2.o sgetri.o sggbak.o sggbal.o sgges.o  sggesx.o sggev.o  sggevx.o sggglm.o sgghrd.o sgglse.o sggqrf.o sggrqf.o sggsvd.o sggsvp.o sgtcon.o sgtrfs.o sgtsv.o sgtsvx.o sgttrf.o sgttrs.o sgtts2.o shgeqz.o shsein.o shseqr.o slabrd.o slacon.o slacn2.o slaein.o slaexc.o slag2.o  slags2.o slagtm.o slagv2.o slahqr.o slahrd.o slahr2.o slaic1.o slaln2.o slals0.o slalsa.o slalsd.o slangb.o slange.o slangt.o slanhs.o slansb.o slansp.o slansy.o slantb.o slantp.o slantr.o slanv2.o slapll.o slapmt.o slaqgb.o slaqge.o slaqp2.o slaqps.o slaqsb.o slaqsp.o slaqsy.o slaqr0.o slaqr1.o slaqr2.o slaqr3.o slaqr4.o slaqr5.o slaqtr.o slar1v.o slar2v.o ilaslr.o ilaslc.o slarf.o  slarfb.o slarfg.o slarfgp.o slarft.o slarfx.o slargv.o slarrv.o slartv.o slarz.o  slarzb.o slarzt.o slaswp.o slasy2.o slasyf.o slatbs.o slatdf.o slatps.o slatrd.o slatrs.o slatrz.o slatzm.o slauu2.o slauum.o sopgtr.o sopmtr.o sorg2l.o sorg2r.o sorgbr.o sorghr.o sorgl2.o sorglq.o sorgql.o sorgqr.o sorgr2.o sorgrq.o sorgtr.o sorm2l.o sorm2r.o sormbr.o sormhr.o sorml2.o sormlq.o sormql.o sormqr.o sormr2.o sormr3.o sormrq.o sormrz.o sormtr.o spbcon.o spbequ.o spbrfs.o spbstf.o spbsv.o  spbsvx.o spbtf2.o spbtrf.o spbtrs.o spocon.o spoequ.o sporfs.o sposv.o sposvx.o spotf2.o  spotri.o  spstrf.o spstf2.o sppcon.o sppequ.o spprfs.o sppsv.o  sppsvx.o spptrf.o spptri.o spptrs.o sptcon.o spteqr.o sptrfs.o sptsv.o  sptsvx.o spttrs.o sptts2.o srscl.o ssbev.o  ssbevd.o ssbevx.o ssbgst.o ssbgv.o  ssbgvd.o ssbgvx.o ssbtrd.o sspcon.o sspev.o  sspevd.o sspevx.o sspgst.o sspgv.o  sspgvd.o sspgvx.o ssprfs.o sspsv.o  sspsvx.o ssptrd.o ssptrf.o ssptri.o ssptrs.o sstegr.o sstein.o sstev.o  sstevd.o sstevr.o sstevx.o ssycon.o ssyev.o  ssyevd.o ssyevr.o ssyevx.o ssygs2.o ssygst.o ssygv.o  ssygvd.o ssygvx.o ssyrfs.o ssysv.o  ssysvx.o ssytd2.o ssytf2.o ssytrd.o ssytrf.o ssytri.o ssytri2.o ssytri2x.o ssyswapr.o ssytrs.o ssytrs2.o ssyconv.o stbcon.o stbrfs.o stbtrs.o stgevc.o stgex2.o stgexc.o stgsen.o stgsja.o stgsna.o stgsy2.o stgsyl.o stpcon.o stprfs.o stptri.o stptrs.o strcon.o strevc.o strexc.o strrfs.o strsen.o strsna.o strsyl.o strti2.o strtri.o strtrs.o stzrqf.o stzrzf.o sstemr.o slansf.o spftrf.o spftri.o spftrs.o ssfrk.o stfsm.o stftri.o stfttp.o stfttr.o stpttf.o stpttr.o strttf.o strttp.o sgejsv.o  sgesvj.o  sgsvj0.o  sgsvj1.o sgeequb.o ssyequb.o spoequb.o sgbequb.o sbbcsd.o slapmr.o sorbdb.o sorcsd.o dgbbrd.o dgbcon.o dgbequ.o dgbrfs.o dgbsv.o dgbsvx.o dgbtf2.o dgbtrf.o dgbtrs.o dgebak.o dgebal.o dgebd2.o dgebrd.o dgecon.o dgeequ.o dgees.o  dgeesx.o dgeev.o  dgeevx.o dgegs.o  dgegv.o  dgehd2.o dgehrd.o dgelq2.o dgelqf.o dgels.o  dgelsd.o dgelss.o dgelsx.o dgelsy.o dgeql2.o dgeqlf.o dgeqp3.o dgeqpf.o dgeqr2.o dgeqr2p.o dgeqrf.o dgeqrfp.o dgerfs.o dgerq2.o dgerqf.o dgesc2.o dgesdd.o dgesv.o  dgesvd.o dgesvx.o dgetc2.o dgetf2.o dgetrf.o dgetri.o dgetrs.o dggbak.o dggbal.o dgges.o  dggesx.o dggev.o  dggevx.o dggglm.o dgghrd.o dgglse.o dggqrf.o dggrqf.o dggsvd.o dggsvp.o dgtcon.o dgtrfs.o dgtsv.o dgtsvx.o dgttrf.o dgttrs.o dgtts2.o dhgeqz.o dhsein.o dhseqr.o dlabrd.o dlacon.o dlacn2.o dlaein.o dlaexc.o dlag2.o  dlags2.o dlagtm.o dlagv2.o dlahqr.o dlahrd.o dlahr2.o dlaic1.o dlaln2.o dlals0.o dlalsa.o dlalsd.o dlangb.o dlange.o dlangt.o dlanhs.o dlansb.o dlansp.o dlansy.o dlantb.o dlantp.o dlantr.o dlanv2.o dlapll.o dlapmt.o dlaqgb.o dlaqge.o dlaqp2.o dlaqps.o dlaqsb.o dlaqsp.o dlaqsy.o dlaqr0.o dlaqr1.o dlaqr2.o dlaqr3.o dlaqr4.o dlaqr5.o dlaqtr.o dlar1v.o dlar2v.o iladlr.o iladlc.o dlarf.o  dlarfb.o dlarfg.o dlarfgp.o dlarft.o dlarfx.o dlargv.o dlarrv.o dlartv.o dlarz.o  dlarzb.o dlarzt.o dlaswp.o dlasy2.o dlasyf.o dlatbs.o dlatdf.o dlatps.o dlatrd.o dlatrs.o dlatrz.o dlatzm.o dlauu2.o dlauum.o dopgtr.o dopmtr.o dorg2l.o dorg2r.o dorgbr.o dorghr.o dorgl2.o dorglq.o dorgql.o dorgqr.o dorgr2.o dorgrq.o dorgtr.o dorm2l.o dorm2r.o dormbr.o dormhr.o dorml2.o dormlq.o dormql.o dormqr.o dormr2.o dormr3.o dormrq.o dormrz.o dormtr.o dpbcon.o dpbequ.o dpbrfs.o dpbstf.o dpbsv.o  dpbsvx.o dpbtf2.o dpbtrf.o dpbtrs.o dpocon.o dpoequ.o dporfs.o dposv.o dposvx.o dpotf2.o dpotrf.o dpotri.o dpotrs.o dpstrf.o dpstf2.o dppcon.o dppequ.o dpprfs.o dppsv.o  dppsvx.o dpptrf.o dpptri.o dpptrs.o dptcon.o dpteqr.o dptrfs.o dptsv.o  dptsvx.o dpttrs.o dptts2.o drscl.o dsbev.o  dsbevd.o dsbevx.o dsbgst.o dsbgv.o  dsbgvd.o dsbgvx.o dsbtrd.o  dspcon.o dspev.o  dspevd.o dspevx.o dspgst.o dspgv.o  dspgvd.o dspgvx.o dsprfs.o dspsv.o  dspsvx.o dsptrd.o dsptrf.o dsptri.o dsptrs.o dstegr.o dstein.o dstev.o  dstevd.o dstevr.o dstevx.o dsycon.o dsyev.o  dsyevd.o dsyevr.o dsyevx.o dsygs2.o dsygst.o dsygv.o  dsygvd.o dsygvx.o dsyrfs.o dsysv.o  dsysvx.o dsytd2.o dsytf2.o dsytrd.o dsytrf.o dsytri.o dsytri2.o dsytri2x.o dsyswapr.o dsytrs.o dsytrs2.o dsyconv.o dtbcon.o dtbrfs.o dtbtrs.o dtgevc.o dtgex2.o dtgexc.o dtgsen.o dtgsja.o dtgsna.o dtgsy2.o dtgsyl.o dtpcon.o dtprfs.o dtptri.o dtptrs.o dtrcon.o dtrevc.o dtrexc.o dtrrfs.o dtrsen.o dtrsna.o dtrsyl.o dtrti2.o dtrtri.o dtrtrs.o dtzrqf.o dtzrzf.o dstemr.o dsgesv.o dsposv.o dlag2s.o slag2d.o dlat2s.o dlansf.o dpftrf.o dpftri.o dpftrs.o dsfrk.o dtfsm.o dtftri.o dtfttp.o dtfttr.o dtpttf.o dtpttr.o dtrttf.o dtrttp.o dgejsv.o  dgesvj.o  dgsvj0.o  dgsvj1.o dgeequb.o dsyequb.o dpoequb.o dgbequb.o dbbcsd.o dlapmr.o dorbdb.o dorcsd.o spotrs.o sgetrs.o spotrf.o sgetrf.o  cbdsqr.o cgbbrd.o cgbcon.o cgbequ.o cgbrfs.o cgbsv.o  cgbsvx.o cgbtf2.o cgbtrf.o cgbtrs.o cgebak.o cgebal.o cgebd2.o cgebrd.o cgecon.o cgeequ.o cgees.o  cgeesx.o cgeev.o  cgeevx.o cgegs.o  cgegv.o  cgehd2.o cgehrd.o cgelq2.o cgelqf.o cgels.o  cgelsd.o cgelss.o cgelsx.o cgelsy.o cgeql2.o cgeqlf.o cgeqp3.o cgeqpf.o cgeqr2.o cgeqr2p.o cgeqrf.o cgeqrfp.o cgerfs.o cgerq2.o cgerqf.o cgesc2.o cgesdd.o cgesv.o  cgesvd.o cgesvx.o cgetc2.o cgetf2.o cgetri.o cggbak.o cggbal.o cgges.o  cggesx.o cggev.o  cggevx.o cggglm.o cgghrd.o cgglse.o cggqrf.o cggrqf.o cggsvd.o cggsvp.o cgtcon.o cgtrfs.o cgtsv.o  cgtsvx.o cgttrf.o cgttrs.o cgtts2.o chbev.o chbevd.o chbevx.o chbgst.o chbgv.o  chbgvd.o chbgvx.o chbtrd.o checon.o cheev.o  cheevd.o cheevr.o cheevx.o chegs2.o chegst.o chegv.o  chegvd.o chegvx.o cherfs.o chesv.o  chesvx.o chetd2.o chetf2.o chetrd.o chetrf.o chetri.o chetri2.o chetri2x.o cheswapr.o chetrs.o chetrs2.o chgeqz.o chpcon.o chpev.o  chpevd.o chpevx.o chpgst.o chpgv.o  chpgvd.o chpgvx.o chprfs.o chpsv.o chpsvx.o chptrd.o chptrf.o chptri.o chptrs.o chsein.o chseqr.o clabrd.o clacgv.o clacon.o clacn2.o clacp2.o clacpy.o clacrm.o clacrt.o cladiv.o claed0.o claed7.o claed8.o claein.o claesy.o claev2.o clags2.o clagtm.o clahef.o clahqr.o clahrd.o clahr2.o claic1.o clals0.o clalsa.o clalsd.o clangb.o clange.o clangt.o clanhb.o clanhe.o clanhp.o clanhs.o clanht.o clansb.o clansp.o clansy.o clantb.o clantp.o clantr.o clapll.o clapmt.o clarcm.o claqgb.o claqge.o claqhb.o claqhe.o claqhp.o claqp2.o claqps.o claqsb.o claqr0.o claqr1.o claqr2.o claqr3.o claqr4.o claqr5.o claqsp.o claqsy.o clar1v.o clar2v.o ilaclr.o ilaclc.o clarf.o  clarfb.o clarfg.o clarft.o clarfgp.o clarfx.o clargv.o clarnv.o clarrv.o clartg.o clartv.o clarz.o  clarzb.o clarzt.o clascl.o claset.o clasr.o  classq.o claswp.o clasyf.o clatbs.o clatdf.o clatps.o clatrd.o clatrs.o clatrz.o clatzm.o clauu2.o clauum.o cpbcon.o cpbequ.o cpbrfs.o cpbstf.o cpbsv.o cpbsvx.o cpbtf2.o cpbtrf.o cpbtrs.o cpocon.o cpoequ.o cporfs.o cposv.o  cposvx.o cpotf2.o cpotri.o cpstrf.o cpstf2.o cppcon.o cppequ.o cpprfs.o cppsv.o  cppsvx.o cpptrf.o cpptri.o cpptrs.o cptcon.o cpteqr.o cptrfs.o cptsv.o  cptsvx.o cpttrf.o cpttrs.o cptts2.o crot.o   cspcon.o cspmv.o  cspr.o   csprfs.o cspsv.o cspsvx.o csptrf.o csptri.o csptrs.o csrscl.o cstedc.o cstegr.o cstein.o csteqr.o csycon.o csymv.o csyr.o   csyrfs.o csysv.o  csysvx.o csytf2.o csytrf.o csytri.o csytri2.o csytri2x.o csyswapr.o csytrs.o csytrs2.o csyconv.o ctbcon.o ctbrfs.o ctbtrs.o ctgevc.o ctgex2.o ctgexc.o ctgsen.o ctgsja.o ctgsna.o ctgsy2.o ctgsyl.o ctpcon.o ctprfs.o ctptri.o ctptrs.o ctrcon.o ctrevc.o ctrexc.o ctrrfs.o ctrsen.o ctrsna.o ctrsyl.o ctrti2.o ctrtri.o ctrtrs.o ctzrqf.o ctzrzf.o cung2l.o cung2r.o cungbr.o cunghr.o cungl2.o cunglq.o cungql.o cungqr.o cungr2.o cungrq.o cungtr.o cunm2l.o cunm2r.o cunmbr.o cunmhr.o cunml2.o cunmlq.o cunmql.o cunmqr.o cunmr2.o cunmr3.o cunmrq.o cunmrz.o cunmtr.o cupgtr.o cupmtr.o icmax1.o scsum1.o cstemr.o chfrk.o ctfttp.o clanhf.o cpftrf.o cpftri.o cpftrs.o ctfsm.o ctftri.o ctfttr.o ctpttf.o ctpttr.o ctrttf.o ctrttp.o cgeequb.o cgbequb.o csyequb.o cpoequb.o cheequb.o cbbcsd.o clapmr.o cunbdb.o cuncsd.o zbdsqr.o zgbbrd.o zgbcon.o zgbequ.o zgbrfs.o zgbsv.o  zgbsvx.o zgbtf2.o zgbtrf.o zgbtrs.o zgebak.o zgebal.o zgebd2.o zgebrd.o zgecon.o zgeequ.o zgees.o  zgeesx.o zgeev.o  zgeevx.o zgegs.o  zgegv.o  zgehd2.o zgehrd.o zgelq2.o zgelqf.o zgels.o  zgelsd.o zgelss.o zgelsx.o zgelsy.o zgeql2.o zgeqlf.o zgeqp3.o zgeqpf.o zgeqr2.o zgeqr2p.o zgeqrf.o zgeqrfp.o zgerfs.o zgerq2.o zgerqf.o zgesc2.o zgesdd.o zgesv.o  zgesvd.o zgesvx.o zgetc2.o zgetf2.o zgetrf.o zgetri.o zgetrs.o zggbak.o zggbal.o zgges.o  zggesx.o zggev.o  zggevx.o zggglm.o zgghrd.o zgglse.o zggqrf.o zggrqf.o zggsvd.o zggsvp.o zgtcon.o zgtrfs.o zgtsv.o  zgtsvx.o zgttrf.o zgttrs.o zgtts2.o zhbev.o zhbevd.o zhbevx.o zhbgst.o zhbgv.o  zhbgvd.o zhbgvx.o zhbtrd.o zhecon.o zheev.o  zheevd.o zheevr.o zheevx.o zhegs2.o zhegst.o zhegv.o  zhegvd.o zhegvx.o zherfs.o zhesv.o  zhesvx.o zhetd2.o zhetf2.o zhetrd.o zhetrf.o zhetri.o zhetri2.o zhetri2x.o zheswapr.o zhetrs.o zhetrs2.o zhgeqz.o zhpcon.o zhpev.o  zhpevd.o zhpevx.o zhpgst.o zhpgv.o  zhpgvd.o zhpgvx.o zhprfs.o zhpsv.o zhpsvx.o zhptrd.o zhptrf.o zhptri.o zhptrs.o zhsein.o zhseqr.o zlabrd.o zlacgv.o zlacon.o zlacn2.o zlacp2.o zlacpy.o zlacrm.o zlacrt.o zladiv.o zlaed0.o zlaed7.o zlaed8.o zlaein.o zlaesy.o zlaev2.o zlags2.o zlagtm.o zlahef.o zlahqr.o zlahrd.o zlahr2.o zlaic1.o zlals0.o zlalsa.o zlalsd.o zlangb.o zlange.o zlangt.o zlanhb.o zlanhe.o zlanhp.o zlanhs.o zlanht.o zlansb.o zlansp.o zlansy.o zlantb.o zlantp.o zlantr.o zlapll.o zlapmt.o zlaqgb.o zlaqge.o zlaqhb.o zlaqhe.o zlaqhp.o zlaqp2.o zlaqps.o zlaqsb.o zlaqr0.o zlaqr1.o zlaqr2.o zlaqr3.o zlaqr4.o zlaqr5.o zlaqsp.o zlaqsy.o zlar1v.o zlar2v.o ilazlr.o ilazlc.o zlarcm.o zlarf.o  zlarfb.o zlarfg.o zlarft.o zlarfgp.o zlarfx.o zlargv.o zlarnv.o zlarrv.o zlartg.o zlartv.o zlarz.o  zlarzb.o zlarzt.o zlascl.o zlaset.o zlasr.o zlassq.o zlaswp.o zlasyf.o zlatbs.o zlatdf.o zlatps.o zlatrd.o zlatrs.o zlatrz.o zlatzm.o zlauu2.o zlauum.o zpbcon.o zpbequ.o zpbrfs.o zpbstf.o zpbsv.o zpbsvx.o zpbtf2.o zpbtrf.o zpbtrs.o zpocon.o zpoequ.o zporfs.o zposv.o  zposvx.o zpotf2.o zpotrf.o zpotri.o zpotrs.o zpstrf.o zpstf2.o zppcon.o zppequ.o zpprfs.o zppsv.o  zppsvx.o zpptrf.o zpptri.o zpptrs.o zptcon.o zpteqr.o zptrfs.o zptsv.o  zptsvx.o zpttrf.o zpttrs.o zptts2.o zrot.o   zspcon.o zspmv.o  zspr.o   zsprfs.o zspsv.o zspsvx.o zsptrf.o zsptri.o zsptrs.o zdrscl.o zstedc.o zstegr.o zstein.o zsteqr.o zsycon.o zsymv.o zsyr.o   zsyrfs.o zsysv.o  zsysvx.o zsytf2.o zsytrf.o zsytri.o zsytri2.o zsytri2x.o zsyswapr.o zsytrs.o zsytrs2.o zsyconv.o ztbcon.o ztbrfs.o ztbtrs.o ztgevc.o ztgex2.o ztgexc.o ztgsen.o ztgsja.o ztgsna.o ztgsy2.o ztgsyl.o ztpcon.o ztprfs.o ztptri.o ztptrs.o ztrcon.o ztrevc.o ztrexc.o ztrrfs.o ztrsen.o ztrsna.o ztrsyl.o ztrti2.o ztrtri.o ztrtrs.o ztzrqf.o ztzrzf.o zung2l.o zung2r.o zungbr.o zunghr.o zungl2.o zunglq.o zungql.o zungqr.o zungr2.o zungrq.o zungtr.o zunm2l.o zunm2r.o zunmbr.o zunmhr.o zunml2.o zunmlq.o zunmql.o zunmqr.o zunmr2.o zunmr3.o zunmrq.o zunmrz.o zunmtr.o zupgtr.o zupmtr.o izmax1.o dzsum1.o zstemr.o zcgesv.o zcposv.o zlag2c.o clag2z.o zlat2c.o zhfrk.o ztfttp.o zlanhf.o zpftrf.o zpftri.o zpftrs.o ztfsm.o ztftri.o ztfttr.o ztpttf.o ztpttr.o ztrttf.o ztrttp.o zgeequb.o zgbequb.o zsyequb.o zpoequb.o zheequb.o zbbcsd.o zlapmr.o zunbdb.o zuncsd.o cpotrs.o cgetrs.o cpotrf.o cgetrf.o  sbdsdc.o sbdsqr.o sdisna.o slabad.o slacpy.o sladiv.o slae2.o  slaebz.o slaed0.o slaed1.o slaed2.o slaed3.o slaed4.o slaed5.o slaed6.o slaed7.o slaed8.o slaed9.o slaeda.o slaev2.o slagtf.o slagts.o slamrg.o slanst.o slapy2.o slapy3.o slarnv.o slarra.o slarrb.o slarrc.o slarrd.o slarre.o slarrf.o slarrj.o slarrk.o slarrr.o slaneg.o slartg.o slaruv.o slas2.o  slascl.o slasd0.o slasd1.o slasd2.o slasd3.o slasd4.o slasd5.o slasd6.o slasd7.o slasd8.o slasda.o slasdq.o slasdt.o slaset.o slasq1.o slasq2.o slasq3.o slasq4.o slasq5.o slasq6.o slasr.o  slasrt.o slassq.o slasv2.o spttrf.o sstebz.o sstedc.o ssteqr.o ssterf.o slaisnan.o sisnan.o slartgp.o slartgs.o ../INSTALL/second_INT_CPU_TIME.o dbdsdc.o dbdsqr.o ddisna.o dlabad.o dlacpy.o dladiv.o dlae2.o  dlaebz.o dlaed0.o dlaed1.o dlaed2.o dlaed3.o dlaed4.o dlaed5.o dlaed6.o dlaed7.o dlaed8.o dlaed9.o dlaeda.o dlaev2.o dlagtf.o dlagts.o dlamrg.o dlanst.o dlapy2.o dlapy3.o dlarnv.o dlarra.o dlarrb.o dlarrc.o dlarrd.o dlarre.o dlarrf.o dlarrj.o dlarrk.o dlarrr.o dlaneg.o dlartg.o dlaruv.o dlas2.o  dlascl.o dlasd0.o dlasd1.o dlasd2.o dlasd3.o dlasd4.o dlasd5.o dlasd6.o dlasd7.o dlasd8.o dlasda.o dlasdq.o dlasdt.o dlaset.o dlasq1.o dlasq2.o dlasq3.o dlasq4.o dlasq5.o dlasq6.o dlasr.o  dlasrt.o dlassq.o dlasv2.o dpttrf.o dstebz.o dstedc.o dsteqr.o dsterf.o dlaisnan.o disnan.o dlartgp.o dlartgs.o ../INSTALL/dlamch.o ../INSTALL/dsecnd_INT_CPU_TIME.o ilaenv.o ieeeck.o lsamen.o xerbla.o xerbla_array.o iparmq.o ilaprec.o ilatrans.o ilauplo.o iladiag.o chla_transtype.o ../INSTALL/ilaver.o ../INSTALL/lsame.o ../INSTALL/slamch.o 
ranlib ../liblapack_gfortran.a
make[1]: Leaving directory '/home/adityanair/OpenFOAM/adityanair-v2512/applications/utilities/waves2Foam/ThirdParty/lapack-3.3.1/SRC'
( cd TESTING/MATGEN; make )
make[1]: Entering directory '/home/adityanair/OpenFOAM/adityanair-v2512/applications/utilities/waves2Foam/ThirdParty/lapack-3.3.1/TESTING/MATGEN'
gfortran -fimplicit-none -shared -fPIC -Wno-argument-mismatch  -c slatms.f -o slatms.o
gfortran -fimplicit-none -shared -fPIC -Wno-argument-mismatch  -c slatme.f -o slatme.o
gfortran -fimplicit-none -shared -fPIC -Wno-argument-mismatch  -c slatmr.f -o slatmr.o
gfortran -fimplicit-none -shared -fPIC -Wno-argument-mismatch  -c slatmt.f -o slatmt.o
gfortran -fimplicit-none -shared -fPIC -Wno-argument-mismatch  -c slagge.f -o slagge.o
gfortran -fimplicit-none -shared -fPIC -Wno-argument-mismatch  -c slagsy.f -o slagsy.o
gfortran -fimplicit-none -shared -fPIC -Wno-argument-mismatch  -c slakf2.f -o slakf2.o
gfortran -fimplicit-none -shared -fPIC -Wno-argument-mismatch  -c slarge.f -o slarge.o
gfortran -fimplicit-none -shared -fPIC -Wno-argument-mismatch  -c slaror.f -o slaror.o
gfortran -fimplicit-none -shared -fPIC -Wno-argument-mismatch  -c slarot.f -o slarot.o
gfortran -fimplicit-none -shared -fPIC -Wno-argument-mismatch  -c slatm2.f -o slatm2.o
gfortran -fimplicit-none -shared -fPIC -Wno-argument-mismatch  -c slatm3.f -o slatm3.o
gfortran -fimplicit-none -shared -fPIC -Wno-argument-mismatch  -c slatm5.f -o slatm5.o
gfortran -fimplicit-none -shared -fPIC -Wno-argument-mismatch  -c slatm6.f -o slatm6.o
gfortran -fimplicit-none -shared -fPIC -Wno-argument-mismatch  -c slatm7.f -o slatm7.o
gfortran -fimplicit-none -shared -fPIC -Wno-argument-mismatch  -c slahilb.f -o slahilb.o
gfortran -fimplicit-none -shared -fPIC -Wno-argument-mismatch  -c clatms.f -o clatms.o
gfortran -fimplicit-none -shared -fPIC -Wno-argument-mismatch  -c clatme.f -o clatme.o
gfortran -fimplicit-none -shared -fPIC -Wno-argument-mismatch  -c clatmr.f -o clatmr.o
gfortran -fimplicit-none -shared -fPIC -Wno-argument-mismatch  -c clatmt.f -o clatmt.o
gfortran -fimplicit-none -shared -fPIC -Wno-argument-mismatch  -c clagge.f -o clagge.o
gfortran -fimplicit-none -shared -fPIC -Wno-argument-mismatch  -c claghe.f -o claghe.o
gfortran -fimplicit-none -shared -fPIC -Wno-argument-mismatch  -c clagsy.f -o clagsy.o
gfortran -fimplicit-none -shared -fPIC -Wno-argument-mismatch  -c clakf2.f -o clakf2.o
gfortran -fimplicit-none -shared -fPIC -Wno-argument-mismatch  -c clarge.f -o clarge.o
gfortran -fimplicit-none -shared -fPIC -Wno-argument-mismatch  -c claror.f -o claror.o
gfortran -fimplicit-none -shared -fPIC -Wno-argument-mismatch  -c clarot.f -o clarot.o
gfortran -fimplicit-none -shared -fPIC -Wno-argument-mismatch  -c clatm1.f -o clatm1.o
gfortran -fimplicit-none -shared -fPIC -Wno-argument-mismatch  -c clarnd.f -o clarnd.o
gfortran -fimplicit-none -shared -fPIC -Wno-argument-mismatch  -c clatm2.f -o clatm2.o
gfortran -fimplicit-none -shared -fPIC -Wno-argument-mismatch  -c clatm3.f -o clatm3.o
gfortran -fimplicit-none -shared -fPIC -Wno-argument-mismatch  -c clatm5.f -o clatm5.o
gfortran -fimplicit-none -shared -fPIC -Wno-argument-mismatch  -c clatm6.f -o clatm6.o
gfortran -fimplicit-none -shared -fPIC -Wno-argument-mismatch  -c clahilb.f -o clahilb.o
gfortran -fimplicit-none -shared -fPIC -Wno-argument-mismatch  -c slatm1.f -o slatm1.o
gfortran -fimplicit-none -shared -fPIC -Wno-argument-mismatch -g -O0 -c slaran.f
gfortran -fimplicit-none -shared -fPIC -Wno-argument-mismatch  -c slarnd.f -o slarnd.o
gfortran -fimplicit-none -shared -fPIC -Wno-argument-mismatch  -c dlatms.f -o dlatms.o
gfortran -fimplicit-none -shared -fPIC -Wno-argument-mismatch  -c dlatme.f -o dlatme.o
gfortran -fimplicit-none -shared -fPIC -Wno-argument-mismatch  -c dlatmr.f -o dlatmr.o
gfortran -fimplicit-none -shared -fPIC -Wno-argument-mismatch  -c dlatmt.f -o dlatmt.o
gfortran -fimplicit-none -shared -fPIC -Wno-argument-mismatch  -c dlagge.f -o dlagge.o
gfortran -fimplicit-none -shared -fPIC -Wno-argument-mismatch  -c dlagsy.f -o dlagsy.o
gfortran -fimplicit-none -shared -fPIC -Wno-argument-mismatch  -c dlakf2.f -o dlakf2.o
gfortran -fimplicit-none -shared -fPIC -Wno-argument-mismatch  -c dlarge.f -o dlarge.o
gfortran -fimplicit-none -shared -fPIC -Wno-argument-mismatch  -c dlaror.f -o dlaror.o
gfortran -fimplicit-none -shared -fPIC -Wno-argument-mismatch  -c dlarot.f -o dlarot.o
gfortran -fimplicit-none -shared -fPIC -Wno-argument-mismatch  -c dlatm2.f -o dlatm2.o
gfortran -fimplicit-none -shared -fPIC -Wno-argument-mismatch  -c dlatm3.f -o dlatm3.o
gfortran -fimplicit-none -shared -fPIC -Wno-argument-mismatch  -c dlatm5.f -o dlatm5.o
gfortran -fimplicit-none -shared -fPIC -Wno-argument-mismatch  -c dlatm6.f -o dlatm6.o
gfortran -fimplicit-none -shared -fPIC -Wno-argument-mismatch  -c dlatm7.f -o dlatm7.o
gfortran -fimplicit-none -shared -fPIC -Wno-argument-mismatch  -c dlahilb.f -o dlahilb.o
gfortran -fimplicit-none -shared -fPIC -Wno-argument-mismatch  -c zlatms.f -o zlatms.o
gfortran -fimplicit-none -shared -fPIC -Wno-argument-mismatch  -c zlatme.f -o zlatme.o
gfortran -fimplicit-none -shared -fPIC -Wno-argument-mismatch  -c zlatmr.f -o zlatmr.o
gfortran -fimplicit-none -shared -fPIC -Wno-argument-mismatch  -c zlatmt.f -o zlatmt.o
gfortran -fimplicit-none -shared -fPIC -Wno-argument-mismatch  -c zlagge.f -o zlagge.o
gfortran -fimplicit-none -shared -fPIC -Wno-argument-mismatch  -c zlaghe.f -o zlaghe.o
gfortran -fimplicit-none -shared -fPIC -Wno-argument-mismatch  -c zlagsy.f -o zlagsy.o
gfortran -fimplicit-none -shared -fPIC -Wno-argument-mismatch  -c zlakf2.f -o zlakf2.o
gfortran -fimplicit-none -shared -fPIC -Wno-argument-mismatch  -c zlarge.f -o zlarge.o
gfortran -fimplicit-none -shared -fPIC -Wno-argument-mismatch  -c zlaror.f -o zlaror.o
gfortran -fimplicit-none -shared -fPIC -Wno-argument-mismatch  -c zlarot.f -o zlarot.o
gfortran -fimplicit-none -shared -fPIC -Wno-argument-mismatch  -c zlatm1.f -o zlatm1.o
gfortran -fimplicit-none -shared -fPIC -Wno-argument-mismatch  -c zlarnd.f -o zlarnd.o
gfortran -fimplicit-none -shared -fPIC -Wno-argument-mismatch  -c zlatm2.f -o zlatm2.o
gfortran -fimplicit-none -shared -fPIC -Wno-argument-mismatch  -c zlatm3.f -o zlatm3.o
gfortran -fimplicit-none -shared -fPIC -Wno-argument-mismatch  -c zlatm5.f -o zlatm5.o
gfortran -fimplicit-none -shared -fPIC -Wno-argument-mismatch  -c zlatm6.f -o zlatm6.o
gfortran -fimplicit-none -shared -fPIC -Wno-argument-mismatch  -c zlahilb.f -o zlahilb.o
gfortran -fimplicit-none -shared -fPIC -Wno-argument-mismatch  -c dlatm1.f -o dlatm1.o
gfortran -fimplicit-none -shared -fPIC -Wno-argument-mismatch -g -O0 -c dlaran.f
gfortran -fimplicit-none -shared -fPIC -Wno-argument-mismatch  -c dlarnd.f -o dlarnd.o
ar cr ../../libtmglib_gfortran.a slatms.o slatme.o slatmr.o slatmt.o slagge.o slagsy.o slakf2.o slarge.o slaror.o slarot.o slatm2.o slatm3.o slatm5.o slatm6.o slatm7.o slahilb.o clatms.o clatme.o clatmr.o clatmt.o clagge.o claghe.o clagsy.o clakf2.o clarge.o claror.o clarot.o clatm1.o clarnd.o clatm2.o clatm3.o clatm5.o clatm6.o clahilb.o slatm1.o slaran.o slarnd.o dlatms.o dlatme.o dlatmr.o dlatmt.o dlagge.o dlagsy.o dlakf2.o dlarge.o dlaror.o dlarot.o dlatm2.o dlatm3.o dlatm5.o dlatm6.o dlatm7.o dlahilb.o zlatms.o zlatme.o zlatmr.o zlatmt.o zlagge.o zlaghe.o zlagsy.o zlakf2.o zlarge.o zlaror.o zlarot.o zlatm1.o zlarnd.o zlatm2.o zlatm3.o zlatm5.o zlatm6.o zlahilb.o dlatm1.o dlaran.o dlarnd.o
ranlib ../../libtmglib_gfortran.a
make[1]: Leaving directory '/home/adityanair/OpenFOAM/adityanair-v2512/applications/utilities/waves2Foam/ThirdParty/lapack-3.3.1/TESTING/MATGEN'
( cd TESTING ; make )
make[1]: Entering directory '/home/adityanair/OpenFOAM/adityanair-v2512/applications/utilities/waves2Foam/ThirdParty/lapack-3.3.1/TESTING'
cd LIN ; make single
make[2]: Entering directory '/home/adityanair/OpenFOAM/adityanair-v2512/applications/utilities/waves2Foam/ThirdParty/lapack-3.3.1/TESTING/LIN'
gfortran -fimplicit-none -shared -fPIC -Wno-argument-mismatch  -c aladhd.f -o aladhd.o
gfortran -fimplicit-none -shared -fPIC -Wno-argument-mismatch  -c alaerh.f -o alaerh.o
gfortran -fimplicit-none -shared -fPIC -Wno-argument-mismatch  -c alaesm.f -o alaesm.o
gfortran -fimplicit-none -shared -fPIC -Wno-argument-mismatch  -c alahd.f -o alahd.o
gfortran -fimplicit-none -shared -fPIC -Wno-argument-mismatch  -c alareq.f -o alareq.o
gfortran -fimplicit-none -shared -fPIC -Wno-argument-mismatch  -c alasum.f -o alasum.o
gfortran -fimplicit-none -shared -fPIC -Wno-argument-mismatch  -c alasvm.f -o alasvm.o
gfortran -fimplicit-none -shared -fPIC -Wno-argument-mismatch  -c chkxer.f -o chkxer.o
gfortran -fimplicit-none -shared -fPIC -Wno-argument-mismatch  -c icopy.f -o icopy.o
gfortran -fimplicit-none -shared -fPIC -Wno-argument-mismatch  -c ilaenv.f -o ilaenv.o
gfortran -fimplicit-none -shared -fPIC -Wno-argument-mismatch  -c xlaenv.f -o xlaenv.o
gfortran -fimplicit-none -shared -fPIC -Wno-argument-mismatch  -c xerbla.f -o xerbla.o
gfortran -fimplicit-none -shared -fPIC -Wno-argument-mismatch  -c schkaa.f -o schkaa.o
gfortran -fimplicit-none -shared -fPIC -Wno-argument-mismatch  -c schkeq.f -o schkeq.o
gfortran -fimplicit-none -shared -fPIC -Wno-argument-mismatch  -c schkgb.f -o schkgb.o
gfortran -fimplicit-none -shared -fPIC -Wno-argument-mismatch  -c schkge.f -o schkge.o
gfortran -fimplicit-none -shared -fPIC -Wno-argument-mismatch  -c schkgt.f -o schkgt.o
gfortran -fimplicit-none -shared -fPIC -Wno-argument-mismatch  -c schklq.f -o schklq.o
gfortran -fimplicit-none -shared -fPIC -Wno-argument-mismatch  -c schkpb.f -o schkpb.o
gfortran -fimplicit-none -shared -fPIC -Wno-argument-mismatch  -c schkpo.f -o schkpo.o
gfortran -fimplicit-none -shared -fPIC -Wno-argument-mismatch  -c schkps.f -o schkps.o
gfortran -fimplicit-none -shared -fPIC -Wno-argument-mismatch  -c schkpp.f -o schkpp.o
gfortran -fimplicit-none -shared -fPIC -Wno-argument-mismatch  -c schkpt.f -o schkpt.o
gfortran -fimplicit-none -shared -fPIC -Wno-argument-mismatch  -c schkq3.f -o schkq3.o
gfortran -fimplicit-none -shared -fPIC -Wno-argument-mismatch  -c schkql.f -o schkql.o
gfortran -fimplicit-none -shared -fPIC -Wno-argument-mismatch  -c schkqp.f -o schkqp.o
gfortran -fimplicit-none -shared -fPIC -Wno-argument-mismatch  -c schkqr.f -o schkqr.o
gfortran -fimplicit-none -shared -fPIC -Wno-argument-mismatch  -c schkrq.f -o schkrq.o
gfortran -fimplicit-none -shared -fPIC -Wno-argument-mismatch  -c schksp.f -o schksp.o
gfortran -fimplicit-none -shared -fPIC -Wno-argument-mismatch  -c schksy.f -o schksy.o
gfortran -fimplicit-none -shared -fPIC -Wno-argument-mismatch  -c schktb.f -o schktb.o
gfortran -fimplicit-none -shared -fPIC -Wno-argument-mismatch  -c schktp.f -o schktp.o
gfortran -fimplicit-none -shared -fPIC -Wno-argument-mismatch  -c schktr.f -o schktr.o
gfortran -fimplicit-none -shared -fPIC -Wno-argument-mismatch  -c schktz.f -o schktz.o
gfortran -fimplicit-none -shared -fPIC -Wno-argument-mismatch  -c sdrvgt.f -o sdrvgt.o
gfortran -fimplicit-none -shared -fPIC -Wno-argument-mismatch  -c sdrvls.f -o sdrvls.o
gfortran -fimplicit-none -shared -fPIC -Wno-argument-mismatch  -c sdrvpb.f -o sdrvpb.o
gfortran -fimplicit-none -shared -fPIC -Wno-argument-mismatch  -c sdrvpp.f -o sdrvpp.o
gfortran -fimplicit-none -shared -fPIC -Wno-argument-mismatch  -c sdrvpt.f -o sdrvpt.o
gfortran -fimplicit-none -shared -fPIC -Wno-argument-mismatch  -c sdrvsp.f -o sdrvsp.o
gfortran -fimplicit-none -shared -fPIC -Wno-argument-mismatch  -c serrgt.f -o serrgt.o
gfortran -fimplicit-none -shared -fPIC -Wno-argument-mismatch  -c serrlq.f -o serrlq.o
gfortran -fimplicit-none -shared -fPIC -Wno-argument-mismatch  -c serrls.f -o serrls.o
gfortran -fimplicit-none -shared -fPIC -Wno-argument-mismatch  -c serrps.f -o serrps.o
gfortran -fimplicit-none -shared -fPIC -Wno-argument-mismatch  -c serrql.f -o serrql.o
gfortran -fimplicit-none -shared -fPIC -Wno-argument-mismatch  -c serrqp.f -o serrqp.o
gfortran -fimplicit-none -shared -fPIC -Wno-argument-mismatch  -c serrqr.f -o serrqr.o
gfortran -fimplicit-none -shared -fPIC -Wno-argument-mismatch  -c serrrq.f -o serrrq.o
gfortran -fimplicit-none -shared -fPIC -Wno-argument-mismatch  -c serrtr.f -o serrtr.o
gfortran -fimplicit-none -shared -fPIC -Wno-argument-mismatch  -c serrtz.f -o serrtz.o
gfortran -fimplicit-none -shared -fPIC -Wno-argument-mismatch  -c sgbt01.f -o sgbt01.o
gfortran -fimplicit-none -shared -fPIC -Wno-argument-mismatch  -c sgbt02.f -o sgbt02.o
gfortran -fimplicit-none -shared -fPIC -Wno-argument-mismatch  -c sgbt05.f -o sgbt05.o
gfortran -fimplicit-none -shared -fPIC -Wno-argument-mismatch  -c sgelqs.f -o sgelqs.o
gfortran -fimplicit-none -shared -fPIC -Wno-argument-mismatch  -c sgeqls.f -o sgeqls.o
gfortran -fimplicit-none -shared -fPIC -Wno-argument-mismatch  -c sgeqrs.f -o sgeqrs.o
gfortran -fimplicit-none -shared -fPIC -Wno-argument-mismatch  -c sgerqs.f -o sgerqs.o
gfortran -fimplicit-none -shared -fPIC -Wno-argument-mismatch  -c sget01.f -o sget01.o
gfortran -fimplicit-none -shared -fPIC -Wno-argument-mismatch  -c sget02.f -o sget02.o
gfortran -fimplicit-none -shared -fPIC -Wno-argument-mismatch  -c sget03.f -o sget03.o
gfortran -fimplicit-none -shared -fPIC -Wno-argument-mismatch  -c sget04.f -o sget04.o
gfortran -fimplicit-none -shared -fPIC -Wno-argument-mismatch  -c sget06.f -o sget06.o
gfortran -fimplicit-none -shared -fPIC -Wno-argument-mismatch  -c sget07.f -o sget07.o
gfortran -fimplicit-none -shared -fPIC -Wno-argument-mismatch  -c sgtt01.f -o sgtt01.o
gfortran -fimplicit-none -shared -fPIC -Wno-argument-mismatch  -c sgtt02.f -o sgtt02.o
gfortran -fimplicit-none -shared -fPIC -Wno-argument-mismatch  -c sgtt05.f -o sgtt05.o
gfortran -fimplicit-none -shared -fPIC -Wno-argument-mismatch  -c slaptm.f -o slaptm.o
gfortran -fimplicit-none -shared -fPIC -Wno-argument-mismatch  -c slarhs.f -o slarhs.o
gfortran -fimplicit-none -shared -fPIC -Wno-argument-mismatch  -c slatb4.f -o slatb4.o
gfortran -fimplicit-none -shared -fPIC -Wno-argument-mismatch  -c slatb5.f -o slatb5.o
gfortran -fimplicit-none -shared -fPIC -Wno-argument-mismatch  -c slattb.f -o slattb.o
gfortran -fimplicit-none -shared -fPIC -Wno-argument-mismatch  -c slattp.f -o slattp.o
gfortran -fimplicit-none -shared -fPIC -Wno-argument-mismatch  -c slattr.f -o slattr.o
gfortran -fimplicit-none -shared -fPIC -Wno-argument-mismatch  -c slavsp.f -o slavsp.o
gfortran -fimplicit-none -shared -fPIC -Wno-argument-mismatch  -c slavsy.f -o slavsy.o
gfortran -fimplicit-none -shared -fPIC -Wno-argument-mismatch  -c slqt01.f -o slqt01.o
gfortran -fimplicit-none -shared -fPIC -Wno-argument-mismatch  -c slqt02.f -o slqt02.o
gfortran -fimplicit-none -shared -fPIC -Wno-argument-mismatch  -c slqt03.f -o slqt03.o
gfortran -fimplicit-none -shared -fPIC -Wno-argument-mismatch  -c spbt01.f -o spbt01.o
gfortran -fimplicit-none -shared -fPIC -Wno-argument-mismatch  -c spbt02.f -o spbt02.o
gfortran -fimplicit-none -shared -fPIC -Wno-argument-mismatch  -c spbt05.f -o spbt05.o
gfortran -fimplicit-none -shared -fPIC -Wno-argument-mismatch  -c spot01.f -o spot01.o
gfortran -fimplicit-none -shared -fPIC -Wno-argument-mismatch  -c spot02.f -o spot02.o
gfortran -fimplicit-none -shared -fPIC -Wno-argument-mismatch  -c spot03.f -o spot03.o
gfortran -fimplicit-none -shared -fPIC -Wno-argument-mismatch  -c spot05.f -o spot05.o
gfortran -fimplicit-none -shared -fPIC -Wno-argument-mismatch  -c spst01.f -o spst01.o
gfortran -fimplicit-none -shared -fPIC -Wno-argument-mismatch  -c sppt01.f -o sppt01.o
gfortran -fimplicit-none -shared -fPIC -Wno-argument-mismatch  -c sppt02.f -o sppt02.o
gfortran -fimplicit-none -shared -fPIC -Wno-argument-mismatch  -c sppt03.f -o sppt03.o
gfortran -fimplicit-none -shared -fPIC -Wno-argument-mismatch  -c sppt05.f -o sppt05.o
gfortran -fimplicit-none -shared -fPIC -Wno-argument-mismatch  -c sptt01.f -o sptt01.o
gfortran -fimplicit-none -shared -fPIC -Wno-argument-mismatch  -c sptt02.f -o sptt02.o
gfortran -fimplicit-none -shared -fPIC -Wno-argument-mismatch  -c sptt05.f -o sptt05.o
gfortran -fimplicit-none -shared -fPIC -Wno-argument-mismatch  -c sqlt01.f -o sqlt01.o
gfortran -fimplicit-none -shared -fPIC -Wno-argument-mismatch  -c sqlt02.f -o sqlt02.o
gfortran -fimplicit-none -shared -fPIC -Wno-argument-mismatch  -c sqlt03.f -o sqlt03.o
gfortran -fimplicit-none -shared -fPIC -Wno-argument-mismatch  -c sqpt01.f -o sqpt01.o
gfortran -fimplicit-none -shared -fPIC -Wno-argument-mismatch  -c sqrt01.f -o sqrt01.o
gfortran -fimplicit-none -shared -fPIC -Wno-argument-mismatch  -c sqrt01p.f -o sqrt01p.o
gfortran -fimplicit-none -shared -fPIC -Wno-argument-mismatch  -c sqrt02.f -o sqrt02.o
gfortran -fimplicit-none -shared -fPIC -Wno-argument-mismatch  -c sqrt03.f -o sqrt03.o
gfortran -fimplicit-none -shared -fPIC -Wno-argument-mismatch  -c sqrt11.f -o sqrt11.o
gfortran -fimplicit-none -shared -fPIC -Wno-argument-mismatch  -c sqrt12.f -o sqrt12.o
gfortran -fimplicit-none -shared -fPIC -Wno-argument-mismatch  -c sqrt13.f -o sqrt13.o
gfortran -fimplicit-none -shared -fPIC -Wno-argument-mismatch  -c sqrt14.f -o sqrt14.o
gfortran -fimplicit-none -shared -fPIC -Wno-argument-mismatch  -c sqrt15.f -o sqrt15.o
gfortran -fimplicit-none -shared -fPIC -Wno-argument-mismatch  -c sqrt16.f -o sqrt16.o
gfortran -fimplicit-none -shared -fPIC -Wno-argument-mismatch  -c sqrt17.f -o sqrt17.o
gfortran -fimplicit-none -shared -fPIC -Wno-argument-mismatch  -c srqt01.f -o srqt01.o
gfortran -fimplicit-none -shared -fPIC -Wno-argument-mismatch  -c srqt02.f -o srqt02.o
gfortran -fimplicit-none -shared -fPIC -Wno-argument-mismatch  -c srqt03.f -o srqt03.o
gfortran -fimplicit-none -shared -fPIC -Wno-argument-mismatch  -c srzt01.f -o srzt01.o
gfortran -fimplicit-none -shared -fPIC -Wno-argument-mismatch  -c srzt02.f -o srzt02.o
gfortran -fimplicit-none -shared -fPIC -Wno-argument-mismatch  -c sspt01.f -o sspt01.o
gfortran -fimplicit-none -shared -fPIC -Wno-argument-mismatch  -c ssyt01.f -o ssyt01.o
gfortran -fimplicit-none -shared -fPIC -Wno-argument-mismatch  -c stbt02.f -o stbt02.o
gfortran -fimplicit-none -shared -fPIC -Wno-argument-mismatch  -c stbt03.f -o stbt03.o
gfortran -fimplicit-none -shared -fPIC -Wno-argument-mismatch  -c stbt05.f -o stbt05.o
gfortran -fimplicit-none -shared -fPIC -Wno-argument-mismatch  -c stbt06.f -o stbt06.o
gfortran -fimplicit-none -shared -fPIC -Wno-argument-mismatch  -c stpt01.f -o stpt01.o
gfortran -fimplicit-none -shared -fPIC -Wno-argument-mismatch  -c stpt02.f -o stpt02.o
gfortran -fimplicit-none -shared -fPIC -Wno-argument-mismatch  -c stpt03.f -o stpt03.o
gfortran -fimplicit-none -shared -fPIC -Wno-argument-mismatch  -c stpt05.f -o stpt05.o
gfortran -fimplicit-none -shared -fPIC -Wno-argument-mismatch  -c stpt06.f -o stpt06.o
gfortran -fimplicit-none -shared -fPIC -Wno-argument-mismatch  -c strt01.f -o strt01.o
gfortran -fimplicit-none -shared -fPIC -Wno-argument-mismatch  -c strt02.f -o strt02.o
gfortran -fimplicit-none -shared -fPIC -Wno-argument-mismatch  -c strt03.f -o strt03.o
gfortran -fimplicit-none -shared -fPIC -Wno-argument-mismatch  -c strt05.f -o strt05.o
gfortran -fimplicit-none -shared -fPIC -Wno-argument-mismatch  -c strt06.f -o strt06.o
gfortran -fimplicit-none -shared -fPIC -Wno-argument-mismatch  -c stzt01.f -o stzt01.o
gfortran -fimplicit-none -shared -fPIC -Wno-argument-mismatch  -c stzt02.f -o stzt02.o
gfortran -fimplicit-none -shared -fPIC -Wno-argument-mismatch  -c sgennd.f -o sgennd.o
gfortran -fimplicit-none -shared -fPIC -Wno-argument-mismatch  -c serrvx.f -o serrvx.o
gfortran -fimplicit-none -shared -fPIC -Wno-argument-mismatch  -c sdrvge.f -o sdrvge.o
gfortran -fimplicit-none -shared -fPIC -Wno-argument-mismatch  -c sdrvsy.f -o sdrvsy.o
gfortran -fimplicit-none -shared -fPIC -Wno-argument-mismatch  -c serrge.f -o serrge.o
gfortran -fimplicit-none -shared -fPIC -Wno-argument-mismatch  -c sdrvgb.f -o sdrvgb.o
gfortran -fimplicit-none -shared -fPIC -Wno-argument-mismatch  -c sdrvpo.f -o sdrvpo.o
gfortran -fimplicit-none -shared -fPIC -Wno-argument-mismatch  -c serrsy.f -o serrsy.o
gfortran -fimplicit-none -shared -fPIC -Wno-argument-mismatch  -c serrpo.f -o serrpo.o
gfortran -fimplicit-none -shared -fPIC -Wno-argument-mismatch  -c slaord.f -o slaord.o
gfortran    aladhd.o alaerh.o alaesm.o alahd.o alareq.o alasum.o alasvm.o chkxer.o icopy.o ilaenv.o xlaenv.o xerbla.o slaord.o schkaa.o schkeq.o schkgb.o schkge.o schkgt.o schklq.o schkpb.o schkpo.o schkps.o schkpp.o schkpt.o schkq3.o schkql.o schkqp.o schkqr.o schkrq.o schksp.o schksy.o schktb.o schktp.o schktr.o schktz.o sdrvgt.o sdrvls.o sdrvpb.o sdrvpp.o sdrvpt.o sdrvsp.o serrgt.o serrlq.o serrls.o serrps.o serrql.o serrqp.o serrqr.o serrrq.o serrtr.o serrtz.o sgbt01.o sgbt02.o sgbt05.o sgelqs.o sgeqls.o sgeqrs.o sgerqs.o sget01.o sget02.o sget03.o sget04.o sget06.o sget07.o sgtt01.o sgtt02.o sgtt05.o slaptm.o slarhs.o slatb4.o slatb5.o slattb.o slattp.o slattr.o slavsp.o slavsy.o slqt01.o slqt02.o slqt03.o spbt01.o spbt02.o spbt05.o spot01.o spot02.o spot03.o spot05.o spst01.o sppt01.o sppt02.o sppt03.o sppt05.o sptt01.o sptt02.o sptt05.o sqlt01.o sqlt02.o sqlt03.o sqpt01.o sqrt01.o sqrt01p.o sqrt02.o sqrt03.o sqrt11.o sqrt12.o sqrt13.o sqrt14.o sqrt15.o sqrt16.o sqrt17.o srqt01.o srqt02.o srqt03.o srzt01.o srzt02.o sspt01.o ssyt01.o stbt02.o stbt03.o stbt05.o stbt06.o stpt01.o stpt02.o stpt03.o stpt05.o stpt06.o strt01.o strt02.o strt03.o strt05.o strt06.o stzt01.o stzt02.o sgennd.o serrvx.o sdrvge.o sdrvsy.o serrge.o sdrvgb.o sdrvpo.o serrsy.o serrpo.o \
        ../../libtmglib_gfortran.a ../../liblapack_gfortran.a   ../../libblas.a -o xlintsts && mv xlintsts ../xlintsts
make[2]: Leaving directory '/home/adityanair/OpenFOAM/adityanair-v2512/applications/utilities/waves2Foam/ThirdParty/lapack-3.3.1/TESTING/LIN'
Testing REAL LAPACK linear equation routines
./xlintsts < stest.in > stest.out 2>&1
cd EIG ; make single
make[2]: Entering directory '/home/adityanair/OpenFOAM/adityanair-v2512/applications/utilities/waves2Foam/ThirdParty/lapack-3.3.1/TESTING/EIG'
gfortran -fimplicit-none -shared -fPIC -Wno-argument-mismatch  -c schkee.f -o schkee.o
gfortran -fimplicit-none -shared -fPIC -Wno-argument-mismatch  -c sbdt01.f -o sbdt01.o
gfortran -fimplicit-none -shared -fPIC -Wno-argument-mismatch  -c sbdt02.f -o sbdt02.o
gfortran -fimplicit-none -shared -fPIC -Wno-argument-mismatch  -c sbdt03.f -o sbdt03.o
gfortran -fimplicit-none -shared -fPIC -Wno-argument-mismatch  -c schkbb.f -o schkbb.o
gfortran -fimplicit-none -shared -fPIC -Wno-argument-mismatch  -c schkbd.f -o schkbd.o
gfortran -fimplicit-none -shared -fPIC -Wno-argument-mismatch  -c schkbk.f -o schkbk.o
gfortran -fimplicit-none -shared -fPIC -Wno-argument-mismatch  -c schkbl.f -o schkbl.o
gfortran -fimplicit-none -shared -fPIC -Wno-argument-mismatch  -c schkec.f -o schkec.o
gfortran -fimplicit-none -shared -fPIC -Wno-argument-mismatch  -c schkgg.f -o schkgg.o
gfortran -fimplicit-none -shared -fPIC -Wno-argument-mismatch  -c schkgk.f -o schkgk.o
gfortran -fimplicit-none -shared -fPIC -Wno-argument-mismatch  -c schkgl.f -o schkgl.o
gfortran -fimplicit-none -shared -fPIC -Wno-argument-mismatch  -c schkhs.f -o schkhs.o
gfortran -fimplicit-none -shared -fPIC -Wno-argument-mismatch  -c schksb.f -o schksb.o
gfortran -fimplicit-none -shared -fPIC -Wno-argument-mismatch  -c schkst.f -o schkst.o
gfortran -fimplicit-none -shared -fPIC -Wno-argument-mismatch  -c sckcsd.f -o sckcsd.o
gfortran -fimplicit-none -shared -fPIC -Wno-argument-mismatch  -c sckglm.f -o sckglm.o
gfortran -fimplicit-none -shared -fPIC -Wno-argument-mismatch  -c sckgqr.f -o sckgqr.o
gfortran -fimplicit-none -shared -fPIC -Wno-argument-mismatch  -c sckgsv.f -o sckgsv.o
gfortran -fimplicit-none -shared -fPIC -Wno-argument-mismatch  -c scklse.f -o scklse.o
gfortran -fimplicit-none -shared -fPIC -Wno-argument-mismatch  -c scsdts.f -o scsdts.o
gfortran -fimplicit-none -shared -fPIC -Wno-argument-mismatch  -c sdrges.f -o sdrges.o
gfortran -fimplicit-none -shared -fPIC -Wno-argument-mismatch  -c sdrgev.f -o sdrgev.o
gfortran -fimplicit-none -shared -fPIC -Wno-argument-mismatch  -c sdrgsx.f -o sdrgsx.o
gfortran -fimplicit-none -shared -fPIC -Wno-argument-mismatch  -c sdrgvx.f -o sdrgvx.o
gfortran -fimplicit-none -shared -fPIC -Wno-argument-mismatch  -c sdrvbd.f -o sdrvbd.o
gfortran -fimplicit-none -shared -fPIC -Wno-argument-mismatch  -c sdrves.f -o sdrves.o
gfortran -fimplicit-none -shared -fPIC -Wno-argument-mismatch  -c sdrvev.f -o sdrvev.o
gfortran -fimplicit-none -shared -fPIC -Wno-argument-mismatch  -c sdrvgg.f -o sdrvgg.o
gfortran -fimplicit-none -shared -fPIC -Wno-argument-mismatch  -c sdrvsg.f -o sdrvsg.o
gfortran -fimplicit-none -shared -fPIC -Wno-argument-mismatch  -c sdrvst.f -o sdrvst.o
gfortran -fimplicit-none -shared -fPIC -Wno-argument-mismatch  -c sdrvsx.f -o sdrvsx.o
gfortran -fimplicit-none -shared -fPIC -Wno-argument-mismatch  -c sdrvvx.f -o sdrvvx.o
gfortran -fimplicit-none -shared -fPIC -Wno-argument-mismatch  -c serrbd.f -o serrbd.o
gfortran -fimplicit-none -shared -fPIC -Wno-argument-mismatch  -c serrec.f -o serrec.o
gfortran -fimplicit-none -shared -fPIC -Wno-argument-mismatch  -c serred.f -o serred.o
gfortran -fimplicit-none -shared -fPIC -Wno-argument-mismatch  -c serrgg.f -o serrgg.o
gfortran -fimplicit-none -shared -fPIC -Wno-argument-mismatch  -c serrhs.f -o serrhs.o
gfortran -fimplicit-none -shared -fPIC -Wno-argument-mismatch  -c serrst.f -o serrst.o
gfortran -fimplicit-none -shared -fPIC -Wno-argument-mismatch  -c sget02.f -o sget02.o
gfortran -fimplicit-none -shared -fPIC -Wno-argument-mismatch  -c sget10.f -o sget10.o
gfortran -fimplicit-none -shared -fPIC -Wno-argument-mismatch  -c sget22.f -o sget22.o
gfortran -fimplicit-none -shared -fPIC -Wno-argument-mismatch  -c sget23.f -o sget23.o
gfortran -fimplicit-none -shared -fPIC -Wno-argument-mismatch  -c sget24.f -o sget24.o
gfortran -fimplicit-none -shared -fPIC -Wno-argument-mismatch  -c sget31.f -o sget31.o
gfortran -fimplicit-none -shared -fPIC -Wno-argument-mismatch  -c sget32.f -o sget32.o
gfortran -fimplicit-none -shared -fPIC -Wno-argument-mismatch  -c sget33.f -o sget33.o
gfortran -fimplicit-none -shared -fPIC -Wno-argument-mismatch  -c sget34.f -o sget34.o
gfortran -fimplicit-none -shared -fPIC -Wno-argument-mismatch  -c sget35.f -o sget35.o
gfortran -fimplicit-none -shared -fPIC -Wno-argument-mismatch  -c sget36.f -o sget36.o
gfortran -fimplicit-none -shared -fPIC -Wno-argument-mismatch  -c sget37.f -o sget37.o
gfortran -fimplicit-none -shared -fPIC -Wno-argument-mismatch  -c sget38.f -o sget38.o
gfortran -fimplicit-none -shared -fPIC -Wno-argument-mismatch  -c sget39.f -o sget39.o
gfortran -fimplicit-none -shared -fPIC -Wno-argument-mismatch  -c sget51.f -o sget51.o
gfortran -fimplicit-none -shared -fPIC -Wno-argument-mismatch  -c sget52.f -o sget52.o
gfortran -fimplicit-none -shared -fPIC -Wno-argument-mismatch  -c sget53.f -o sget53.o
gfortran -fimplicit-none -shared -fPIC -Wno-argument-mismatch  -c sget54.f -o sget54.o
gfortran -fimplicit-none -shared -fPIC -Wno-argument-mismatch  -c sglmts.f -o sglmts.o
gfortran -fimplicit-none -shared -fPIC -Wno-argument-mismatch  -c sgqrts.f -o sgqrts.o
gfortran -fimplicit-none -shared -fPIC -Wno-argument-mismatch  -c sgrqts.f -o sgrqts.o
gfortran -fimplicit-none -shared -fPIC -Wno-argument-mismatch  -c sgsvts.f -o sgsvts.o
gfortran -fimplicit-none -shared -fPIC -Wno-argument-mismatch  -c shst01.f -o shst01.o
gfortran -fimplicit-none -shared -fPIC -Wno-argument-mismatch  -c slarfy.f -o slarfy.o
gfortran -fimplicit-none -shared -fPIC -Wno-argument-mismatch  -c slarhs.f -o slarhs.o
gfortran -fimplicit-none -shared -fPIC -Wno-argument-mismatch  -c slatm4.f -o slatm4.o
gfortran -fimplicit-none -shared -fPIC -Wno-argument-mismatch  -c slctes.f -o slctes.o
gfortran -fimplicit-none -shared -fPIC -Wno-argument-mismatch  -c slctsx.f -o slctsx.o
gfortran -fimplicit-none -shared -fPIC -Wno-argument-mismatch  -c slsets.f -o slsets.o
gfortran -fimplicit-none -shared -fPIC -Wno-argument-mismatch  -c sort01.f -o sort01.o
gfortran -fimplicit-none -shared -fPIC -Wno-argument-mismatch  -c sort03.f -o sort03.o
gfortran -fimplicit-none -shared -fPIC -Wno-argument-mismatch  -c ssbt21.f -o ssbt21.o
gfortran -fimplicit-none -shared -fPIC -Wno-argument-mismatch  -c ssgt01.f -o ssgt01.o
gfortran -fimplicit-none -shared -fPIC -Wno-argument-mismatch  -c sslect.f -o sslect.o
gfortran -fimplicit-none -shared -fPIC -Wno-argument-mismatch  -c sspt21.f -o sspt21.o
gfortran -fimplicit-none -shared -fPIC -Wno-argument-mismatch  -c sstt21.f -o sstt21.o
gfortran -fimplicit-none -shared -fPIC -Wno-argument-mismatch  -c sstt22.f -o sstt22.o
gfortran -fimplicit-none -shared -fPIC -Wno-argument-mismatch  -c ssyt21.f -o ssyt21.o
gfortran -fimplicit-none -shared -fPIC -Wno-argument-mismatch  -c ssyt22.f -o ssyt22.o
gfortran -fimplicit-none -shared -fPIC -Wno-argument-mismatch  -c slafts.f -o slafts.o
gfortran -fimplicit-none -shared -fPIC -Wno-argument-mismatch  -c slahd2.f -o slahd2.o
gfortran -fimplicit-none -shared -fPIC -Wno-argument-mismatch  -c slasum.f -o slasum.o
gfortran -fimplicit-none -shared -fPIC -Wno-argument-mismatch  -c slatb9.f -o slatb9.o
gfortran -fimplicit-none -shared -fPIC -Wno-argument-mismatch  -c sstech.f -o sstech.o
gfortran -fimplicit-none -shared -fPIC -Wno-argument-mismatch  -c sstect.f -o sstect.o
gfortran -fimplicit-none -shared -fPIC -Wno-argument-mismatch  -c ssvdch.f -o ssvdch.o
gfortran -fimplicit-none -shared -fPIC -Wno-argument-mismatch  -c ssvdct.f -o ssvdct.o
gfortran -fimplicit-none -shared -fPIC -Wno-argument-mismatch  -c ssxt1.f -o ssxt1.o
gfortran -fimplicit-none -shared -fPIC -Wno-argument-mismatch  -c alahdg.f -o alahdg.o
gfortran -fimplicit-none -shared -fPIC -Wno-argument-mismatch  -c alasum.f -o alasum.o
gfortran -fimplicit-none -shared -fPIC -Wno-argument-mismatch  -c alasvm.f -o alasvm.o
gfortran -fimplicit-none -shared -fPIC -Wno-argument-mismatch  -c alareq.f -o alareq.o
gfortran -fimplicit-none -shared -fPIC -Wno-argument-mismatch  -c ilaenv.f -o ilaenv.o
gfortran -fimplicit-none -shared -fPIC -Wno-argument-mismatch  -c xerbla.f -o xerbla.o
gfortran -fimplicit-none -shared -fPIC -Wno-argument-mismatch  -c xlaenv.f -o xlaenv.o
gfortran -fimplicit-none -shared -fPIC -Wno-argument-mismatch  -c chkxer.f -o chkxer.o
\
          gfortran   -o xeigtsts \
          schkee.o sbdt01.o sbdt02.o sbdt03.o schkbb.o schkbd.o schkbk.o schkbl.o schkec.o schkgg.o schkgk.o schkgl.o schkhs.o schksb.o schkst.o sckcsd.o sckglm.o sckgqr.o sckgsv.o scklse.o scsdts.o sdrges.o sdrgev.o sdrgsx.o sdrgvx.o sdrvbd.o sdrves.o sdrvev.o sdrvgg.o sdrvsg.o sdrvst.o sdrvsx.o sdrvvx.o serrbd.o serrec.o serred.o serrgg.o serrhs.o serrst.o sget02.o sget10.o sget22.o sget23.o sget24.o sget31.o sget32.o sget33.o sget34.o sget35.o sget36.o sget37.o sget38.o sget39.o sget51.o sget52.o sget53.o sget54.o sglmts.o sgqrts.o sgrqts.o sgsvts.o shst01.o slarfy.o slarhs.o slatm4.o slctes.o slctsx.o slsets.o sort01.o sort03.o ssbt21.o ssgt01.o sslect.o sspt21.o sstt21.o sstt22.o ssyt21.o ssyt22.o slafts.o slahd2.o slasum.o slatb9.o sstech.o sstect.o ssvdch.o ssvdct.o ssxt1.o alahdg.o alasum.o alasvm.o alareq.o ilaenv.o xerbla.o xlaenv.o chkxer.o ../../libtmglib_gfortran.a \
  ../../liblapack_gfortran.a ../../libblas.a && mv xeigtsts ../xeigtsts
make[2]: Leaving directory '/home/adityanair/OpenFOAM/adityanair-v2512/applications/utilities/waves2Foam/ThirdParty/lapack-3.3.1/TESTING/EIG'
NEP: Testing Nonsymmetric Eigenvalue Problem routines
./xeigtsts < nep.in > snep.out 2>&1
SEP: Testing Symmetric Eigenvalue Problem routines
./xeigtsts < sep.in > ssep.out 2>&1
SVD: Testing Singular Value Decomposition routines
./xeigtsts < svd.in > ssvd.out 2>&1
SEC: Testing REAL Eigen Condition Routines
./xeigtsts < sec.in > sec.out 2>&1
SEV: Testing REAL Nonsymmetric Eigenvalue Driver
./xeigtsts < sed.in > sed.out 2>&1
SGG: Testing REAL Nonsymmetric Generalized Eigenvalue Problem routines
./xeigtsts < sgg.in > sgg.out 2>&1
SGD: Testing REAL Nonsymmetric Generalized Eigenvalue Problem driver routines
./xeigtsts < sgd.in > sgd.out 2>&1
SSB: Testing REAL Symmetric Eigenvalue Problem routines
./xeigtsts < ssb.in > ssb.out 2>&1
SSG: Testing REAL Symmetric Generalized Eigenvalue Problem routines
./xeigtsts < ssg.in > ssg.out 2>&1
SGEBAL: Testing the balancing of a REAL general matrix
./xeigtsts < sbal.in > sbal.out 2>&1
SGEBAK: Testing the back transformation of a REAL balanced matrix
./xeigtsts < sbak.in > sbak.out 2>&1
SGGBAL: Testing the balancing of a pair of REAL general matrices
./xeigtsts < sgbal.in > sgbal.out 2>&1
SGGBAK: Testing the back transformation of a pair of REAL balanced matrices
./xeigtsts < sgbak.in > sgbak.out 2>&1
SBB: Testing banded Singular Value Decomposition routines
./xeigtsts < sbb.in > sbb.out 2>&1
GLM: Testing Generalized Linear Regression Model routines
./xeigtsts < glm.in > sglm.out 2>&1
GQR: Testing Generalized QR and RQ factorization routines
./xeigtsts < gqr.in > sgqr.out 2>&1
GSV: Testing Generalized Singular Value Decomposition routines
./xeigtsts < gsv.in > sgsv.out 2>&1
CSD: Testing CS Decomposition routines
./xeigtsts < csd.in > scsd.out 2>&1
LSE: Testing Constrained Linear Least Squares routines
./xeigtsts < lse.in > slse.out 2>&1
cd LIN ; make complex
make[2]: Entering directory '/home/adityanair/OpenFOAM/adityanair-v2512/applications/utilities/waves2Foam/ThirdParty/lapack-3.3.1/TESTING/LIN'
gfortran -fimplicit-none -shared -fPIC -Wno-argument-mismatch  -c cchkaa.f -o cchkaa.o
gfortran -fimplicit-none -shared -fPIC -Wno-argument-mismatch  -c cchkeq.f -o cchkeq.o
gfortran -fimplicit-none -shared -fPIC -Wno-argument-mismatch  -c cchkgb.f -o cchkgb.o
gfortran -fimplicit-none -shared -fPIC -Wno-argument-mismatch  -c cchkge.f -o cchkge.o
gfortran -fimplicit-none -shared -fPIC -Wno-argument-mismatch  -c cchkgt.f -o cchkgt.o
gfortran -fimplicit-none -shared -fPIC -Wno-argument-mismatch  -c cchkhe.f -o cchkhe.o
gfortran -fimplicit-none -shared -fPIC -Wno-argument-mismatch  -c cchkhp.f -o cchkhp.o
gfortran -fimplicit-none -shared -fPIC -Wno-argument-mismatch  -c cchklq.f -o cchklq.o
gfortran -fimplicit-none -shared -fPIC -Wno-argument-mismatch  -c cchkpb.f -o cchkpb.o
gfortran -fimplicit-none -shared -fPIC -Wno-argument-mismatch  -c cchkpo.f -o cchkpo.o
gfortran -fimplicit-none -shared -fPIC -Wno-argument-mismatch  -c cchkps.f -o cchkps.o
gfortran -fimplicit-none -shared -fPIC -Wno-argument-mismatch  -c cchkpp.f -o cchkpp.o
gfortran -fimplicit-none -shared -fPIC -Wno-argument-mismatch  -c cchkpt.f -o cchkpt.o
gfortran -fimplicit-none -shared -fPIC -Wno-argument-mismatch  -c cchkq3.f -o cchkq3.o
gfortran -fimplicit-none -shared -fPIC -Wno-argument-mismatch  -c cchkql.f -o cchkql.o
gfortran -fimplicit-none -shared -fPIC -Wno-argument-mismatch  -c cchkqp.f -o cchkqp.o
gfortran -fimplicit-none -shared -fPIC -Wno-argument-mismatch  -c cchkqr.f -o cchkqr.o
gfortran -fimplicit-none -shared -fPIC -Wno-argument-mismatch  -c cchkrq.f -o cchkrq.o
gfortran -fimplicit-none -shared -fPIC -Wno-argument-mismatch  -c cchksp.f -o cchksp.o
gfortran -fimplicit-none -shared -fPIC -Wno-argument-mismatch  -c cchksy.f -o cchksy.o
gfortran -fimplicit-none -shared -fPIC -Wno-argument-mismatch  -c cchktb.f -o cchktb.o
gfortran -fimplicit-none -shared -fPIC -Wno-argument-mismatch  -c cchktp.f -o cchktp.o
gfortran -fimplicit-none -shared -fPIC -Wno-argument-mismatch  -c cchktr.f -o cchktr.o
gfortran -fimplicit-none -shared -fPIC -Wno-argument-mismatch  -c cchktz.f -o cchktz.o
gfortran -fimplicit-none -shared -fPIC -Wno-argument-mismatch  -c cdrvgt.f -o cdrvgt.o
gfortran -fimplicit-none -shared -fPIC -Wno-argument-mismatch  -c cdrvhp.f -o cdrvhp.o
gfortran -fimplicit-none -shared -fPIC -Wno-argument-mismatch  -c cdrvls.f -o cdrvls.o
gfortran -fimplicit-none -shared -fPIC -Wno-argument-mismatch  -c cdrvpb.f -o cdrvpb.o
gfortran -fimplicit-none -shared -fPIC -Wno-argument-mismatch  -c cdrvpp.f -o cdrvpp.o
gfortran -fimplicit-none -shared -fPIC -Wno-argument-mismatch  -c cdrvpt.f -o cdrvpt.o
gfortran -fimplicit-none -shared -fPIC -Wno-argument-mismatch  -c cdrvsp.f -o cdrvsp.o
gfortran -fimplicit-none -shared -fPIC -Wno-argument-mismatch  -c cerrgt.f -o cerrgt.o
gfortran -fimplicit-none -shared -fPIC -Wno-argument-mismatch  -c cerrlq.f -o cerrlq.o
gfortran -fimplicit-none -shared -fPIC -Wno-argument-mismatch  -c cerrls.f -o cerrls.o
gfortran -fimplicit-none -shared -fPIC -Wno-argument-mismatch  -c cerrps.f -o cerrps.o
gfortran -fimplicit-none -shared -fPIC -Wno-argument-mismatch  -c cerrql.f -o cerrql.o
gfortran -fimplicit-none -shared -fPIC -Wno-argument-mismatch  -c cerrqp.f -o cerrqp.o
gfortran -fimplicit-none -shared -fPIC -Wno-argument-mismatch  -c cerrqr.f -o cerrqr.o
gfortran -fimplicit-none -shared -fPIC -Wno-argument-mismatch  -c cerrrq.f -o cerrrq.o
gfortran -fimplicit-none -shared -fPIC -Wno-argument-mismatch  -c cerrtr.f -o cerrtr.o
gfortran -fimplicit-none -shared -fPIC -Wno-argument-mismatch  -c cerrtz.f -o cerrtz.o
gfortran -fimplicit-none -shared -fPIC -Wno-argument-mismatch  -c cgbt01.f -o cgbt01.o
gfortran -fimplicit-none -shared -fPIC -Wno-argument-mismatch  -c cgbt02.f -o cgbt02.o
gfortran -fimplicit-none -shared -fPIC -Wno-argument-mismatch  -c cgbt05.f -o cgbt05.o
gfortran -fimplicit-none -shared -fPIC -Wno-argument-mismatch  -c cgelqs.f -o cgelqs.o
gfortran -fimplicit-none -shared -fPIC -Wno-argument-mismatch  -c cgeqls.f -o cgeqls.o
gfortran -fimplicit-none -shared -fPIC -Wno-argument-mismatch  -c cgeqrs.f -o cgeqrs.o
gfortran -fimplicit-none -shared -fPIC -Wno-argument-mismatch  -c cgerqs.f -o cgerqs.o
gfortran -fimplicit-none -shared -fPIC -Wno-argument-mismatch  -c cget01.f -o cget01.o
gfortran -fimplicit-none -shared -fPIC -Wno-argument-mismatch  -c cget02.f -o cget02.o
gfortran -fimplicit-none -shared -fPIC -Wno-argument-mismatch  -c cget03.f -o cget03.o
gfortran -fimplicit-none -shared -fPIC -Wno-argument-mismatch  -c cget04.f -o cget04.o
gfortran -fimplicit-none -shared -fPIC -Wno-argument-mismatch  -c cget07.f -o cget07.o
gfortran -fimplicit-none -shared -fPIC -Wno-argument-mismatch  -c cgtt01.f -o cgtt01.o
gfortran -fimplicit-none -shared -fPIC -Wno-argument-mismatch  -c cgtt02.f -o cgtt02.o
gfortran -fimplicit-none -shared -fPIC -Wno-argument-mismatch  -c cgtt05.f -o cgtt05.o
gfortran -fimplicit-none -shared -fPIC -Wno-argument-mismatch  -c chet01.f -o chet01.o
gfortran -fimplicit-none -shared -fPIC -Wno-argument-mismatch  -c chpt01.f -o chpt01.o
gfortran -fimplicit-none -shared -fPIC -Wno-argument-mismatch  -c claipd.f -o claipd.o
gfortran -fimplicit-none -shared -fPIC -Wno-argument-mismatch  -c claptm.f -o claptm.o
gfortran -fimplicit-none -shared -fPIC -Wno-argument-mismatch  -c clarhs.f -o clarhs.o
gfortran -fimplicit-none -shared -fPIC -Wno-argument-mismatch  -c clatb4.f -o clatb4.o
gfortran -fimplicit-none -shared -fPIC -Wno-argument-mismatch  -c clatb5.f -o clatb5.o
gfortran -fimplicit-none -shared -fPIC -Wno-argument-mismatch  -c clatsp.f -o clatsp.o
gfortran -fimplicit-none -shared -fPIC -Wno-argument-mismatch  -c clatsy.f -o clatsy.o
gfortran -fimplicit-none -shared -fPIC -Wno-argument-mismatch  -c clattb.f -o clattb.o
gfortran -fimplicit-none -shared -fPIC -Wno-argument-mismatch  -c clattp.f -o clattp.o
gfortran -fimplicit-none -shared -fPIC -Wno-argument-mismatch  -c clattr.f -o clattr.o
gfortran -fimplicit-none -shared -fPIC -Wno-argument-mismatch  -c clavhe.f -o clavhe.o
gfortran -fimplicit-none -shared -fPIC -Wno-argument-mismatch  -c clavhp.f -o clavhp.o
gfortran -fimplicit-none -shared -fPIC -Wno-argument-mismatch  -c clavsp.f -o clavsp.o
gfortran -fimplicit-none -shared -fPIC -Wno-argument-mismatch  -c clavsy.f -o clavsy.o
gfortran -fimplicit-none -shared -fPIC -Wno-argument-mismatch  -c clqt01.f -o clqt01.o
gfortran -fimplicit-none -shared -fPIC -Wno-argument-mismatch  -c clqt02.f -o clqt02.o
gfortran -fimplicit-none -shared -fPIC -Wno-argument-mismatch  -c clqt03.f -o clqt03.o
gfortran -fimplicit-none -shared -fPIC -Wno-argument-mismatch  -c cpbt01.f -o cpbt01.o
gfortran -fimplicit-none -shared -fPIC -Wno-argument-mismatch  -c cpbt02.f -o cpbt02.o
gfortran -fimplicit-none -shared -fPIC -Wno-argument-mismatch  -c cpbt05.f -o cpbt05.o
gfortran -fimplicit-none -shared -fPIC -Wno-argument-mismatch  -c cpot01.f -o cpot01.o
gfortran -fimplicit-none -shared -fPIC -Wno-argument-mismatch  -c cpot02.f -o cpot02.o
gfortran -fimplicit-none -shared -fPIC -Wno-argument-mismatch  -c cpot03.f -o cpot03.o
gfortran -fimplicit-none -shared -fPIC -Wno-argument-mismatch  -c cpot05.f -o cpot05.o
gfortran -fimplicit-none -shared -fPIC -Wno-argument-mismatch  -c cpst01.f -o cpst01.o
gfortran -fimplicit-none -shared -fPIC -Wno-argument-mismatch  -c cppt01.f -o cppt01.o
gfortran -fimplicit-none -shared -fPIC -Wno-argument-mismatch  -c cppt02.f -o cppt02.o
gfortran -fimplicit-none -shared -fPIC -Wno-argument-mismatch  -c cppt03.f -o cppt03.o
gfortran -fimplicit-none -shared -fPIC -Wno-argument-mismatch  -c cppt05.f -o cppt05.o
gfortran -fimplicit-none -shared -fPIC -Wno-argument-mismatch  -c cptt01.f -o cptt01.o
gfortran -fimplicit-none -shared -fPIC -Wno-argument-mismatch  -c cptt02.f -o cptt02.o
gfortran -fimplicit-none -shared -fPIC -Wno-argument-mismatch  -c cptt05.f -o cptt05.o
gfortran -fimplicit-none -shared -fPIC -Wno-argument-mismatch  -c cqlt01.f -o cqlt01.o
gfortran -fimplicit-none -shared -fPIC -Wno-argument-mismatch  -c cqlt02.f -o cqlt02.o
gfortran -fimplicit-none -shared -fPIC -Wno-argument-mismatch  -c cqlt03.f -o cqlt03.o
gfortran -fimplicit-none -shared -fPIC -Wno-argument-mismatch  -c cqpt01.f -o cqpt01.o
gfortran -fimplicit-none -shared -fPIC -Wno-argument-mismatch  -c cqrt01.f -o cqrt01.o
gfortran -fimplicit-none -shared -fPIC -Wno-argument-mismatch  -c cqrt01p.f -o cqrt01p.o
gfortran -fimplicit-none -shared -fPIC -Wno-argument-mismatch  -c cqrt02.f -o cqrt02.o
gfortran -fimplicit-none -shared -fPIC -Wno-argument-mismatch  -c cqrt03.f -o cqrt03.o
gfortran -fimplicit-none -shared -fPIC -Wno-argument-mismatch  -c cqrt11.f -o cqrt11.o
gfortran -fimplicit-none -shared -fPIC -Wno-argument-mismatch  -c cqrt12.f -o cqrt12.o
gfortran -fimplicit-none -shared -fPIC -Wno-argument-mismatch  -c cqrt13.f -o cqrt13.o
gfortran -fimplicit-none -shared -fPIC -Wno-argument-mismatch  -c cqrt14.f -o cqrt14.o
gfortran -fimplicit-none -shared -fPIC -Wno-argument-mismatch  -c cqrt15.f -o cqrt15.o
gfortran -fimplicit-none -shared -fPIC -Wno-argument-mismatch  -c cqrt16.f -o cqrt16.o
gfortran -fimplicit-none -shared -fPIC -Wno-argument-mismatch  -c cqrt17.f -o cqrt17.o
gfortran -fimplicit-none -shared -fPIC -Wno-argument-mismatch  -c crqt01.f -o crqt01.o
gfortran -fimplicit-none -shared -fPIC -Wno-argument-mismatch  -c crqt02.f -o crqt02.o
gfortran -fimplicit-none -shared -fPIC -Wno-argument-mismatch  -c crqt03.f -o crqt03.o
gfortran -fimplicit-none -shared -fPIC -Wno-argument-mismatch  -c crzt01.f -o crzt01.o
gfortran -fimplicit-none -shared -fPIC -Wno-argument-mismatch  -c crzt02.f -o crzt02.o
gfortran -fimplicit-none -shared -fPIC -Wno-argument-mismatch  -c csbmv.f -o csbmv.o
gfortran -fimplicit-none -shared -fPIC -Wno-argument-mismatch  -c cspt01.f -o cspt01.o
gfortran -fimplicit-none -shared -fPIC -Wno-argument-mismatch  -c cspt02.f -o cspt02.o
gfortran -fimplicit-none -shared -fPIC -Wno-argument-mismatch  -c cspt03.f -o cspt03.o
gfortran -fimplicit-none -shared -fPIC -Wno-argument-mismatch  -c csyt01.f -o csyt01.o
gfortran -fimplicit-none -shared -fPIC -Wno-argument-mismatch  -c csyt02.f -o csyt02.o
gfortran -fimplicit-none -shared -fPIC -Wno-argument-mismatch  -c csyt03.f -o csyt03.o
gfortran -fimplicit-none -shared -fPIC -Wno-argument-mismatch  -c ctbt02.f -o ctbt02.o
gfortran -fimplicit-none -shared -fPIC -Wno-argument-mismatch  -c ctbt03.f -o ctbt03.o
gfortran -fimplicit-none -shared -fPIC -Wno-argument-mismatch  -c ctbt05.f -o ctbt05.o
gfortran -fimplicit-none -shared -fPIC -Wno-argument-mismatch  -c ctbt06.f -o ctbt06.o
gfortran -fimplicit-none -shared -fPIC -Wno-argument-mismatch  -c ctpt01.f -o ctpt01.o
gfortran -fimplicit-none -shared -fPIC -Wno-argument-mismatch  -c ctpt02.f -o ctpt02.o
gfortran -fimplicit-none -shared -fPIC -Wno-argument-mismatch  -c ctpt03.f -o ctpt03.o
gfortran -fimplicit-none -shared -fPIC -Wno-argument-mismatch  -c ctpt05.f -o ctpt05.o
gfortran -fimplicit-none -shared -fPIC -Wno-argument-mismatch  -c ctpt06.f -o ctpt06.o
gfortran -fimplicit-none -shared -fPIC -Wno-argument-mismatch  -c ctrt01.f -o ctrt01.o
gfortran -fimplicit-none -shared -fPIC -Wno-argument-mismatch  -c ctrt02.f -o ctrt02.o
gfortran -fimplicit-none -shared -fPIC -Wno-argument-mismatch  -c ctrt03.f -o ctrt03.o
gfortran -fimplicit-none -shared -fPIC -Wno-argument-mismatch  -c ctrt05.f -o ctrt05.o
gfortran -fimplicit-none -shared -fPIC -Wno-argument-mismatch  -c ctrt06.f -o ctrt06.o
gfortran -fimplicit-none -shared -fPIC -Wno-argument-mismatch  -c ctzt01.f -o ctzt01.o
gfortran -fimplicit-none -shared -fPIC -Wno-argument-mismatch  -c ctzt02.f -o ctzt02.o
gfortran -fimplicit-none -shared -fPIC -Wno-argument-mismatch  -c cgennd.f -o cgennd.o
gfortran -fimplicit-none -shared -fPIC -Wno-argument-mismatch  -c cerrvx.f -o cerrvx.o
gfortran -fimplicit-none -shared -fPIC -Wno-argument-mismatch  -c cdrvge.f -o cdrvge.o
gfortran -fimplicit-none -shared -fPIC -Wno-argument-mismatch  -c cdrvsy.f -o cdrvsy.o
gfortran -fimplicit-none -shared -fPIC -Wno-argument-mismatch  -c cdrvgb.f -o cdrvgb.o
gfortran -fimplicit-none -shared -fPIC -Wno-argument-mismatch  -c cerrge.f -o cerrge.o
gfortran -fimplicit-none -shared -fPIC -Wno-argument-mismatch  -c cdrvpo.f -o cdrvpo.o
gfortran -fimplicit-none -shared -fPIC -Wno-argument-mismatch  -c cdrvhe.f -o cdrvhe.o
gfortran -fimplicit-none -shared -fPIC -Wno-argument-mismatch  -c cerrpo.f -o cerrpo.o
gfortran -fimplicit-none -shared -fPIC -Wno-argument-mismatch  -c cerrsy.f -o cerrsy.o
gfortran -fimplicit-none -shared -fPIC -Wno-argument-mismatch  -c cerrhe.f -o cerrhe.o
gfortran    aladhd.o alaerh.o alaesm.o alahd.o alareq.o alasum.o alasvm.o chkxer.o icopy.o ilaenv.o xlaenv.o xerbla.o slaord.o cchkaa.o cchkeq.o cchkgb.o cchkge.o cchkgt.o cchkhe.o cchkhp.o cchklq.o cchkpb.o cchkpo.o cchkps.o cchkpp.o cchkpt.o cchkq3.o cchkql.o cchkqp.o cchkqr.o cchkrq.o cchksp.o cchksy.o cchktb.o cchktp.o cchktr.o cchktz.o cdrvgt.o cdrvhp.o cdrvls.o cdrvpb.o cdrvpp.o cdrvpt.o cdrvsp.o cerrgt.o cerrlq.o cerrls.o cerrps.o cerrql.o cerrqp.o cerrqr.o cerrrq.o cerrtr.o cerrtz.o cgbt01.o cgbt02.o cgbt05.o cgelqs.o cgeqls.o cgeqrs.o cgerqs.o cget01.o cget02.o cget03.o cget04.o cget07.o cgtt01.o cgtt02.o cgtt05.o chet01.o chpt01.o claipd.o claptm.o clarhs.o clatb4.o clatb5.o clatsp.o clatsy.o clattb.o clattp.o clattr.o clavhe.o clavhp.o clavsp.o clavsy.o clqt01.o clqt02.o clqt03.o cpbt01.o cpbt02.o cpbt05.o cpot01.o cpot02.o cpot03.o cpot05.o cpst01.o cppt01.o cppt02.o cppt03.o cppt05.o cptt01.o cptt02.o cptt05.o cqlt01.o cqlt02.o cqlt03.o cqpt01.o cqrt01.o cqrt01p.o cqrt02.o cqrt03.o cqrt11.o cqrt12.o cqrt13.o cqrt14.o cqrt15.o cqrt16.o cqrt17.o crqt01.o crqt02.o crqt03.o crzt01.o crzt02.o csbmv.o  cspt01.o cspt02.o cspt03.o csyt01.o csyt02.o csyt03.o ctbt02.o ctbt03.o ctbt05.o ctbt06.o ctpt01.o ctpt02.o ctpt03.o ctpt05.o ctpt06.o ctrt01.o ctrt02.o ctrt03.o ctrt05.o ctrt06.o ctzt01.o ctzt02.o sget06.o cgennd.o cerrvx.o cdrvge.o cdrvsy.o cdrvgb.o cerrge.o cdrvpo.o cdrvhe.o cerrpo.o cerrsy.o cerrhe.o \
        ../../libtmglib_gfortran.a ../../liblapack_gfortran.a   ../../libblas.a -o xlintstc && mv xlintstc ../xlintstc
make[2]: Leaving directory '/home/adityanair/OpenFOAM/adityanair-v2512/applications/utilities/waves2Foam/ThirdParty/lapack-3.3.1/TESTING/LIN'
Testing COMPLEX LAPACK linear equation routines
./xlintstc < ctest.in > ctest.out 2>&1
cd EIG ; make complex
make[2]: Entering directory '/home/adityanair/OpenFOAM/adityanair-v2512/applications/utilities/waves2Foam/ThirdParty/lapack-3.3.1/TESTING/EIG'
gfortran -fimplicit-none -shared -fPIC -Wno-argument-mismatch  -c cchkee.f -o cchkee.o
gfortran -fimplicit-none -shared -fPIC -Wno-argument-mismatch  -c cbdt01.f -o cbdt01.o
gfortran -fimplicit-none -shared -fPIC -Wno-argument-mismatch  -c cbdt02.f -o cbdt02.o
gfortran -fimplicit-none -shared -fPIC -Wno-argument-mismatch  -c cbdt03.f -o cbdt03.o
gfortran -fimplicit-none -shared -fPIC -Wno-argument-mismatch  -c cchkbb.f -o cchkbb.o
gfortran -fimplicit-none -shared -fPIC -Wno-argument-mismatch  -c cchkbd.f -o cchkbd.o
gfortran -fimplicit-none -shared -fPIC -Wno-argument-mismatch  -c cchkbk.f -o cchkbk.o
gfortran -fimplicit-none -shared -fPIC -Wno-argument-mismatch  -c cchkbl.f -o cchkbl.o
gfortran -fimplicit-none -shared -fPIC -Wno-argument-mismatch  -c cchkec.f -o cchkec.o
gfortran -fimplicit-none -shared -fPIC -Wno-argument-mismatch  -c cchkgg.f -o cchkgg.o
gfortran -fimplicit-none -shared -fPIC -Wno-argument-mismatch  -c cchkgk.f -o cchkgk.o
gfortran -fimplicit-none -shared -fPIC -Wno-argument-mismatch  -c cchkgl.f -o cchkgl.o
gfortran -fimplicit-none -shared -fPIC -Wno-argument-mismatch  -c cchkhb.f -o cchkhb.o
gfortran -fimplicit-none -shared -fPIC -Wno-argument-mismatch  -c cchkhs.f -o cchkhs.o
gfortran -fimplicit-none -shared -fPIC -Wno-argument-mismatch  -c cchkst.f -o cchkst.o
gfortran -fimplicit-none -shared -fPIC -Wno-argument-mismatch  -c cckcsd.f -o cckcsd.o
gfortran -fimplicit-none -shared -fPIC -Wno-argument-mismatch  -c cckglm.f -o cckglm.o
gfortran -fimplicit-none -shared -fPIC -Wno-argument-mismatch  -c cckgqr.f -o cckgqr.o
gfortran -fimplicit-none -shared -fPIC -Wno-argument-mismatch  -c cckgsv.f -o cckgsv.o
gfortran -fimplicit-none -shared -fPIC -Wno-argument-mismatch  -c ccklse.f -o ccklse.o
gfortran -fimplicit-none -shared -fPIC -Wno-argument-mismatch  -c ccsdts.f -o ccsdts.o
gfortran -fimplicit-none -shared -fPIC -Wno-argument-mismatch  -c cdrges.f -o cdrges.o
gfortran -fimplicit-none -shared -fPIC -Wno-argument-mismatch  -c cdrgev.f -o cdrgev.o
gfortran -fimplicit-none -shared -fPIC -Wno-argument-mismatch  -c cdrgsx.f -o cdrgsx.o
gfortran -fimplicit-none -shared -fPIC -Wno-argument-mismatch  -c cdrgvx.f -o cdrgvx.o
gfortran -fimplicit-none -shared -fPIC -Wno-argument-mismatch  -c cdrvbd.f -o cdrvbd.o
gfortran -fimplicit-none -shared -fPIC -Wno-argument-mismatch  -c cdrves.f -o cdrves.o
gfortran -fimplicit-none -shared -fPIC -Wno-argument-mismatch  -c cdrvev.f -o cdrvev.o
gfortran -fimplicit-none -shared -fPIC -Wno-argument-mismatch  -c cdrvgg.f -o cdrvgg.o
gfortran -fimplicit-none -shared -fPIC -Wno-argument-mismatch  -c cdrvsg.f -o cdrvsg.o
gfortran -fimplicit-none -shared -fPIC -Wno-argument-mismatch  -c cdrvst.f -o cdrvst.o
gfortran -fimplicit-none -shared -fPIC -Wno-argument-mismatch  -c cdrvsx.f -o cdrvsx.o
gfortran -fimplicit-none -shared -fPIC -Wno-argument-mismatch  -c cdrvvx.f -o cdrvvx.o
gfortran -fimplicit-none -shared -fPIC -Wno-argument-mismatch  -c cerrbd.f -o cerrbd.o
gfortran -fimplicit-none -shared -fPIC -Wno-argument-mismatch  -c cerrec.f -o cerrec.o
gfortran -fimplicit-none -shared -fPIC -Wno-argument-mismatch  -c cerred.f -o cerred.o
gfortran -fimplicit-none -shared -fPIC -Wno-argument-mismatch  -c cerrgg.f -o cerrgg.o
gfortran -fimplicit-none -shared -fPIC -Wno-argument-mismatch  -c cerrhs.f -o cerrhs.o
gfortran -fimplicit-none -shared -fPIC -Wno-argument-mismatch  -c cerrst.f -o cerrst.o
gfortran -fimplicit-none -shared -fPIC -Wno-argument-mismatch  -c cget02.f -o cget02.o
gfortran -fimplicit-none -shared -fPIC -Wno-argument-mismatch  -c cget10.f -o cget10.o
gfortran -fimplicit-none -shared -fPIC -Wno-argument-mismatch  -c cget22.f -o cget22.o
gfortran -fimplicit-none -shared -fPIC -Wno-argument-mismatch  -c cget23.f -o cget23.o
gfortran -fimplicit-none -shared -fPIC -Wno-argument-mismatch  -c cget24.f -o cget24.o
gfortran -fimplicit-none -shared -fPIC -Wno-argument-mismatch  -c cget35.f -o cget35.o
gfortran -fimplicit-none -shared -fPIC -Wno-argument-mismatch  -c cget36.f -o cget36.o
gfortran -fimplicit-none -shared -fPIC -Wno-argument-mismatch  -c cget37.f -o cget37.o
gfortran -fimplicit-none -shared -fPIC -Wno-argument-mismatch  -c cget38.f -o cget38.o
gfortran -fimplicit-none -shared -fPIC -Wno-argument-mismatch  -c cget51.f -o cget51.o
gfortran -fimplicit-none -shared -fPIC -Wno-argument-mismatch  -c cget52.f -o cget52.o
gfortran -fimplicit-none -shared -fPIC -Wno-argument-mismatch  -c cget54.f -o cget54.o
gfortran -fimplicit-none -shared -fPIC -Wno-argument-mismatch  -c cglmts.f -o cglmts.o
gfortran -fimplicit-none -shared -fPIC -Wno-argument-mismatch  -c cgqrts.f -o cgqrts.o
gfortran -fimplicit-none -shared -fPIC -Wno-argument-mismatch  -c cgrqts.f -o cgrqts.o
gfortran -fimplicit-none -shared -fPIC -Wno-argument-mismatch  -c cgsvts.f -o cgsvts.o
gfortran -fimplicit-none -shared -fPIC -Wno-argument-mismatch  -c chbt21.f -o chbt21.o
gfortran -fimplicit-none -shared -fPIC -Wno-argument-mismatch  -c chet21.f -o chet21.o
chet21.f:223:33:

  221 |             DO 20 J = 1, N - 1
      |                                                                        2
  222 |                CALL CHER2( CUPLO, N, -CMPLX( E( J ) ), U( 1, J ), 1,
  223 |      $                     U( 1, J-1 ), 1, WORK, N )
      |                                 1
Warning: Array reference at (1) out of bounds (0 < 1) in loop beginning at (2)
gfortran -fimplicit-none -shared -fPIC -Wno-argument-mismatch  -c chet22.f -o chet22.o
gfortran -fimplicit-none -shared -fPIC -Wno-argument-mismatch  -c chpt21.f -o chpt21.o
chpt21.f:250:33:

  248 |             DO 20 J = 1, N - 1
      |                                                                        2
  249 |                CALL CHPR2( CUPLO, N, -CMPLX( E( J ) ), U( 1, J ), 1,
  250 |      $                     U( 1, J-1 ), 1, WORK )
      |                                 1
Warning: Array reference at (1) out of bounds (0 < 1) in loop beginning at (2)
gfortran -fimplicit-none -shared -fPIC -Wno-argument-mismatch  -c chst01.f -o chst01.o
gfortran -fimplicit-none -shared -fPIC -Wno-argument-mismatch  -c clarfy.f -o clarfy.o
gfortran -fimplicit-none -shared -fPIC -Wno-argument-mismatch  -c clarhs.f -o clarhs.o
gfortran -fimplicit-none -shared -fPIC -Wno-argument-mismatch  -c clatm4.f -o clatm4.o
gfortran -fimplicit-none -shared -fPIC -Wno-argument-mismatch  -c clctes.f -o clctes.o
gfortran -fimplicit-none -shared -fPIC -Wno-argument-mismatch  -c clctsx.f -o clctsx.o
gfortran -fimplicit-none -shared -fPIC -Wno-argument-mismatch  -c clsets.f -o clsets.o
gfortran -fimplicit-none -shared -fPIC -Wno-argument-mismatch  -c csbmv.f -o csbmv.o
gfortran -fimplicit-none -shared -fPIC -Wno-argument-mismatch  -c csgt01.f -o csgt01.o
gfortran -fimplicit-none -shared -fPIC -Wno-argument-mismatch  -c cslect.f -o cslect.o
gfortran -fimplicit-none -shared -fPIC -Wno-argument-mismatch  -c cstt21.f -o cstt21.o
gfortran -fimplicit-none -shared -fPIC -Wno-argument-mismatch  -c cstt22.f -o cstt22.o
gfortran -fimplicit-none -shared -fPIC -Wno-argument-mismatch  -c cunt01.f -o cunt01.o
gfortran -fimplicit-none -shared -fPIC -Wno-argument-mismatch  -c cunt03.f -o cunt03.o
\
          gfortran   -o xeigtstc \
          cchkee.o cbdt01.o cbdt02.o cbdt03.o cchkbb.o cchkbd.o cchkbk.o cchkbl.o cchkec.o cchkgg.o cchkgk.o cchkgl.o cchkhb.o cchkhs.o cchkst.o cckcsd.o cckglm.o cckgqr.o cckgsv.o ccklse.o ccsdts.o cdrges.o cdrgev.o cdrgsx.o cdrgvx.o cdrvbd.o cdrves.o cdrvev.o cdrvgg.o cdrvsg.o cdrvst.o cdrvsx.o cdrvvx.o cerrbd.o cerrec.o cerred.o cerrgg.o cerrhs.o cerrst.o cget02.o cget10.o cget22.o cget23.o cget24.o cget35.o cget36.o cget37.o cget38.o cget51.o cget52.o cget54.o cglmts.o cgqrts.o cgrqts.o cgsvts.o chbt21.o chet21.o chet22.o chpt21.o chst01.o clarfy.o clarhs.o clatm4.o clctes.o clctsx.o clsets.o csbmv.o csgt01.o cslect.o cstt21.o cstt22.o cunt01.o cunt03.o slafts.o slahd2.o slasum.o slatb9.o sstech.o sstect.o ssvdch.o ssvdct.o ssxt1.o alahdg.o alasum.o alasvm.o alareq.o ilaenv.o xerbla.o xlaenv.o chkxer.o ../../libtmglib_gfortran.a \
  ../../liblapack_gfortran.a ../../libblas.a && mv xeigtstc ../xeigtstc
make[2]: Leaving directory '/home/adityanair/OpenFOAM/adityanair-v2512/applications/utilities/waves2Foam/ThirdParty/lapack-3.3.1/TESTING/EIG'
NEP: Testing Nonsymmetric Eigenvalue Problem routines
./xeigtstc < nep.in > cnep.out 2>&1
SEP: Testing Symmetric Eigenvalue Problem routines
./xeigtstc < sep.in > csep.out 2>&1
SVD: Testing Singular Value Decomposition routines
./xeigtstc < svd.in > csvd.out 2>&1
CEC: Testing COMPLEX Eigen Condition Routines
./xeigtstc < cec.in > cec.out 2>&1
CES: Testing COMPLEX Nonsymmetric Schur Form Driver
./xeigtstc < ced.in > ced.out 2>&1
CGG: Testing COMPLEX Nonsymmetric Generalized Eigenvalue Problem routines
./xeigtstc < cgg.in > cgg.out 2>&1
CGD: Testing COMPLEX Nonsymmetric Generalized Eigenvalue Problem driver routines
./xeigtstc < cgd.in > cgd.out 2>&1
CHB: Testing Hermitian Eigenvalue Problem routines
./xeigtstc < csb.in > csb.out 2>&1
CSG: Testing Symmetric Generalized Eigenvalue Problem routines
./xeigtstc < csg.in > csg.out 2>&1
CGEBAL: Testing the balancing of a COMPLEX general matrix
./xeigtstc < cbal.in > cbal.out 2>&1
CGEBAK: Testing the back transformation of a COMPLEX balanced matrix
./xeigtstc < cbak.in > cbak.out 2>&1
CGGBAL: Testing the balancing of a pair of COMPLEX general matrices
./xeigtstc < cgbal.in > cgbal.out 2>&1
CGGBAK: Testing the back transformation of a pair of COMPLEX balanced matrices
./xeigtstc < cgbak.in > cgbak.out 2>&1
CBB: Testing banded Singular Value Decomposition routines
./xeigtstc < cbb.in > cbb.out 2>&1
GLM: Testing Generalized Linear Regression Model routines
./xeigtstc < glm.in > cglm.out 2>&1
GQR: Testing Generalized QR and RQ factorization routines
./xeigtstc < gqr.in > cgqr.out 2>&1
GSV: Testing Generalized Singular Value Decomposition routines
./xeigtstc < gsv.in > cgsv.out 2>&1
CSD: Testing CS Decomposition routines
./xeigtstc < csd.in > ccsd.out 2>&1
LSE: Testing Constrained Linear Least Squares routines
./xeigtstc < lse.in > clse.out 2>&1
cd LIN ; make double
make[2]: Entering directory '/home/adityanair/OpenFOAM/adityanair-v2512/applications/utilities/waves2Foam/ThirdParty/lapack-3.3.1/TESTING/LIN'
gfortran -fimplicit-none -shared -fPIC -Wno-argument-mismatch  -c dchkaa.f -o dchkaa.o
gfortran -fimplicit-none -shared -fPIC -Wno-argument-mismatch  -c dchkeq.f -o dchkeq.o
gfortran -fimplicit-none -shared -fPIC -Wno-argument-mismatch  -c dchkgb.f -o dchkgb.o
gfortran -fimplicit-none -shared -fPIC -Wno-argument-mismatch  -c dchkge.f -o dchkge.o
gfortran -fimplicit-none -shared -fPIC -Wno-argument-mismatch  -c dchkgt.f -o dchkgt.o
gfortran -fimplicit-none -shared -fPIC -Wno-argument-mismatch  -c dchklq.f -o dchklq.o
gfortran -fimplicit-none -shared -fPIC -Wno-argument-mismatch  -c dchkpb.f -o dchkpb.o
gfortran -fimplicit-none -shared -fPIC -Wno-argument-mismatch  -c dchkpo.f -o dchkpo.o
gfortran -fimplicit-none -shared -fPIC -Wno-argument-mismatch  -c dchkps.f -o dchkps.o
gfortran -fimplicit-none -shared -fPIC -Wno-argument-mismatch  -c dchkpp.f -o dchkpp.o
gfortran -fimplicit-none -shared -fPIC -Wno-argument-mismatch  -c dchkpt.f -o dchkpt.o
gfortran -fimplicit-none -shared -fPIC -Wno-argument-mismatch  -c dchkq3.f -o dchkq3.o
gfortran -fimplicit-none -shared -fPIC -Wno-argument-mismatch  -c dchkql.f -o dchkql.o
gfortran -fimplicit-none -shared -fPIC -Wno-argument-mismatch  -c dchkqp.f -o dchkqp.o
gfortran -fimplicit-none -shared -fPIC -Wno-argument-mismatch  -c dchkqr.f -o dchkqr.o
gfortran -fimplicit-none -shared -fPIC -Wno-argument-mismatch  -c dchkrq.f -o dchkrq.o
gfortran -fimplicit-none -shared -fPIC -Wno-argument-mismatch  -c dchksp.f -o dchksp.o
gfortran -fimplicit-none -shared -fPIC -Wno-argument-mismatch  -c dchksy.f -o dchksy.o
gfortran -fimplicit-none -shared -fPIC -Wno-argument-mismatch  -c dchktb.f -o dchktb.o
gfortran -fimplicit-none -shared -fPIC -Wno-argument-mismatch  -c dchktp.f -o dchktp.o
gfortran -fimplicit-none -shared -fPIC -Wno-argument-mismatch  -c dchktr.f -o dchktr.o
gfortran -fimplicit-none -shared -fPIC -Wno-argument-mismatch  -c dchktz.f -o dchktz.o
gfortran -fimplicit-none -shared -fPIC -Wno-argument-mismatch  -c ddrvgt.f -o ddrvgt.o
gfortran -fimplicit-none -shared -fPIC -Wno-argument-mismatch  -c ddrvls.f -o ddrvls.o
gfortran -fimplicit-none -shared -fPIC -Wno-argument-mismatch  -c ddrvpb.f -o ddrvpb.o
gfortran -fimplicit-none -shared -fPIC -Wno-argument-mismatch  -c ddrvpp.f -o ddrvpp.o
gfortran -fimplicit-none -shared -fPIC -Wno-argument-mismatch  -c ddrvpt.f -o ddrvpt.o
gfortran -fimplicit-none -shared -fPIC -Wno-argument-mismatch  -c ddrvsp.f -o ddrvsp.o
gfortran -fimplicit-none -shared -fPIC -Wno-argument-mismatch  -c derrgt.f -o derrgt.o
gfortran -fimplicit-none -shared -fPIC -Wno-argument-mismatch  -c derrlq.f -o derrlq.o
gfortran -fimplicit-none -shared -fPIC -Wno-argument-mismatch  -c derrls.f -o derrls.o
gfortran -fimplicit-none -shared -fPIC -Wno-argument-mismatch  -c derrps.f -o derrps.o
gfortran -fimplicit-none -shared -fPIC -Wno-argument-mismatch  -c derrql.f -o derrql.o
gfortran -fimplicit-none -shared -fPIC -Wno-argument-mismatch  -c derrqp.f -o derrqp.o
gfortran -fimplicit-none -shared -fPIC -Wno-argument-mismatch  -c derrqr.f -o derrqr.o
gfortran -fimplicit-none -shared -fPIC -Wno-argument-mismatch  -c derrrq.f -o derrrq.o
gfortran -fimplicit-none -shared -fPIC -Wno-argument-mismatch  -c derrtr.f -o derrtr.o
gfortran -fimplicit-none -shared -fPIC -Wno-argument-mismatch  -c derrtz.f -o derrtz.o
gfortran -fimplicit-none -shared -fPIC -Wno-argument-mismatch  -c dgbt01.f -o dgbt01.o
gfortran -fimplicit-none -shared -fPIC -Wno-argument-mismatch  -c dgbt02.f -o dgbt02.o
gfortran -fimplicit-none -shared -fPIC -Wno-argument-mismatch  -c dgbt05.f -o dgbt05.o
gfortran -fimplicit-none -shared -fPIC -Wno-argument-mismatch  -c dgelqs.f -o dgelqs.o
gfortran -fimplicit-none -shared -fPIC -Wno-argument-mismatch  -c dgeqls.f -o dgeqls.o
gfortran -fimplicit-none -shared -fPIC -Wno-argument-mismatch  -c dgeqrs.f -o dgeqrs.o
gfortran -fimplicit-none -shared -fPIC -Wno-argument-mismatch  -c dgerqs.f -o dgerqs.o
gfortran -fimplicit-none -shared -fPIC -Wno-argument-mismatch  -c dget01.f -o dget01.o
gfortran -fimplicit-none -shared -fPIC -Wno-argument-mismatch  -c dget02.f -o dget02.o
gfortran -fimplicit-none -shared -fPIC -Wno-argument-mismatch  -c dget03.f -o dget03.o
gfortran -fimplicit-none -shared -fPIC -Wno-argument-mismatch  -c dget04.f -o dget04.o
gfortran -fimplicit-none -shared -fPIC -Wno-argument-mismatch  -c dget06.f -o dget06.o
gfortran -fimplicit-none -shared -fPIC -Wno-argument-mismatch  -c dget07.f -o dget07.o
gfortran -fimplicit-none -shared -fPIC -Wno-argument-mismatch  -c dgtt01.f -o dgtt01.o
gfortran -fimplicit-none -shared -fPIC -Wno-argument-mismatch  -c dgtt02.f -o dgtt02.o
gfortran -fimplicit-none -shared -fPIC -Wno-argument-mismatch  -c dgtt05.f -o dgtt05.o
gfortran -fimplicit-none -shared -fPIC -Wno-argument-mismatch  -c dlaptm.f -o dlaptm.o
gfortran -fimplicit-none -shared -fPIC -Wno-argument-mismatch  -c dlarhs.f -o dlarhs.o
gfortran -fimplicit-none -shared -fPIC -Wno-argument-mismatch  -c dlatb4.f -o dlatb4.o
gfortran -fimplicit-none -shared -fPIC -Wno-argument-mismatch  -c dlatb5.f -o dlatb5.o
gfortran -fimplicit-none -shared -fPIC -Wno-argument-mismatch  -c dlattb.f -o dlattb.o
gfortran -fimplicit-none -shared -fPIC -Wno-argument-mismatch  -c dlattp.f -o dlattp.o
gfortran -fimplicit-none -shared -fPIC -Wno-argument-mismatch  -c dlattr.f -o dlattr.o
gfortran -fimplicit-none -shared -fPIC -Wno-argument-mismatch  -c dlavsp.f -o dlavsp.o
gfortran -fimplicit-none -shared -fPIC -Wno-argument-mismatch  -c dlavsy.f -o dlavsy.o
gfortran -fimplicit-none -shared -fPIC -Wno-argument-mismatch  -c dlqt01.f -o dlqt01.o
gfortran -fimplicit-none -shared -fPIC -Wno-argument-mismatch  -c dlqt02.f -o dlqt02.o
gfortran -fimplicit-none -shared -fPIC -Wno-argument-mismatch  -c dlqt03.f -o dlqt03.o
gfortran -fimplicit-none -shared -fPIC -Wno-argument-mismatch  -c dpbt01.f -o dpbt01.o
gfortran -fimplicit-none -shared -fPIC -Wno-argument-mismatch  -c dpbt02.f -o dpbt02.o
gfortran -fimplicit-none -shared -fPIC -Wno-argument-mismatch  -c dpbt05.f -o dpbt05.o
gfortran -fimplicit-none -shared -fPIC -Wno-argument-mismatch  -c dpot01.f -o dpot01.o
gfortran -fimplicit-none -shared -fPIC -Wno-argument-mismatch  -c dpot02.f -o dpot02.o
gfortran -fimplicit-none -shared -fPIC -Wno-argument-mismatch  -c dpot03.f -o dpot03.o
gfortran -fimplicit-none -shared -fPIC -Wno-argument-mismatch  -c dpot05.f -o dpot05.o
gfortran -fimplicit-none -shared -fPIC -Wno-argument-mismatch  -c dpst01.f -o dpst01.o
gfortran -fimplicit-none -shared -fPIC -Wno-argument-mismatch  -c dppt01.f -o dppt01.o
gfortran -fimplicit-none -shared -fPIC -Wno-argument-mismatch  -c dppt02.f -o dppt02.o
gfortran -fimplicit-none -shared -fPIC -Wno-argument-mismatch  -c dppt03.f -o dppt03.o
gfortran -fimplicit-none -shared -fPIC -Wno-argument-mismatch  -c dppt05.f -o dppt05.o
gfortran -fimplicit-none -shared -fPIC -Wno-argument-mismatch  -c dptt01.f -o dptt01.o
gfortran -fimplicit-none -shared -fPIC -Wno-argument-mismatch  -c dptt02.f -o dptt02.o
gfortran -fimplicit-none -shared -fPIC -Wno-argument-mismatch  -c dptt05.f -o dptt05.o
gfortran -fimplicit-none -shared -fPIC -Wno-argument-mismatch  -c dqlt01.f -o dqlt01.o
gfortran -fimplicit-none -shared -fPIC -Wno-argument-mismatch  -c dqlt02.f -o dqlt02.o
gfortran -fimplicit-none -shared -fPIC -Wno-argument-mismatch  -c dqlt03.f -o dqlt03.o
gfortran -fimplicit-none -shared -fPIC -Wno-argument-mismatch  -c dqpt01.f -o dqpt01.o
gfortran -fimplicit-none -shared -fPIC -Wno-argument-mismatch  -c dqrt01.f -o dqrt01.o
gfortran -fimplicit-none -shared -fPIC -Wno-argument-mismatch  -c dqrt01p.f -o dqrt01p.o
gfortran -fimplicit-none -shared -fPIC -Wno-argument-mismatch  -c dqrt02.f -o dqrt02.o
gfortran -fimplicit-none -shared -fPIC -Wno-argument-mismatch  -c dqrt03.f -o dqrt03.o
gfortran -fimplicit-none -shared -fPIC -Wno-argument-mismatch  -c dqrt11.f -o dqrt11.o
gfortran -fimplicit-none -shared -fPIC -Wno-argument-mismatch  -c dqrt12.f -o dqrt12.o
gfortran -fimplicit-none -shared -fPIC -Wno-argument-mismatch  -c dqrt13.f -o dqrt13.o
gfortran -fimplicit-none -shared -fPIC -Wno-argument-mismatch  -c dqrt14.f -o dqrt14.o
gfortran -fimplicit-none -shared -fPIC -Wno-argument-mismatch  -c dqrt15.f -o dqrt15.o
gfortran -fimplicit-none -shared -fPIC -Wno-argument-mismatch  -c dqrt16.f -o dqrt16.o
gfortran -fimplicit-none -shared -fPIC -Wno-argument-mismatch  -c dqrt17.f -o dqrt17.o
gfortran -fimplicit-none -shared -fPIC -Wno-argument-mismatch  -c drqt01.f -o drqt01.o
gfortran -fimplicit-none -shared -fPIC -Wno-argument-mismatch  -c drqt02.f -o drqt02.o
gfortran -fimplicit-none -shared -fPIC -Wno-argument-mismatch  -c drqt03.f -o drqt03.o
gfortran -fimplicit-none -shared -fPIC -Wno-argument-mismatch  -c drzt01.f -o drzt01.o
gfortran -fimplicit-none -shared -fPIC -Wno-argument-mismatch  -c drzt02.f -o drzt02.o
gfortran -fimplicit-none -shared -fPIC -Wno-argument-mismatch  -c dspt01.f -o dspt01.o
gfortran -fimplicit-none -shared -fPIC -Wno-argument-mismatch  -c dsyt01.f -o dsyt01.o
gfortran -fimplicit-none -shared -fPIC -Wno-argument-mismatch  -c dtbt02.f -o dtbt02.o
gfortran -fimplicit-none -shared -fPIC -Wno-argument-mismatch  -c dtbt03.f -o dtbt03.o
gfortran -fimplicit-none -shared -fPIC -Wno-argument-mismatch  -c dtbt05.f -o dtbt05.o
gfortran -fimplicit-none -shared -fPIC -Wno-argument-mismatch  -c dtbt06.f -o dtbt06.o
gfortran -fimplicit-none -shared -fPIC -Wno-argument-mismatch  -c dtpt01.f -o dtpt01.o
gfortran -fimplicit-none -shared -fPIC -Wno-argument-mismatch  -c dtpt02.f -o dtpt02.o
gfortran -fimplicit-none -shared -fPIC -Wno-argument-mismatch  -c dtpt03.f -o dtpt03.o
gfortran -fimplicit-none -shared -fPIC -Wno-argument-mismatch  -c dtpt05.f -o dtpt05.o
gfortran -fimplicit-none -shared -fPIC -Wno-argument-mismatch  -c dtpt06.f -o dtpt06.o
gfortran -fimplicit-none -shared -fPIC -Wno-argument-mismatch  -c dtrt01.f -o dtrt01.o
gfortran -fimplicit-none -shared -fPIC -Wno-argument-mismatch  -c dtrt02.f -o dtrt02.o
gfortran -fimplicit-none -shared -fPIC -Wno-argument-mismatch  -c dtrt03.f -o dtrt03.o
gfortran -fimplicit-none -shared -fPIC -Wno-argument-mismatch  -c dtrt05.f -o dtrt05.o
gfortran -fimplicit-none -shared -fPIC -Wno-argument-mismatch  -c dtrt06.f -o dtrt06.o
gfortran -fimplicit-none -shared -fPIC -Wno-argument-mismatch  -c dtzt01.f -o dtzt01.o
gfortran -fimplicit-none -shared -fPIC -Wno-argument-mismatch  -c dtzt02.f -o dtzt02.o
gfortran -fimplicit-none -shared -fPIC -Wno-argument-mismatch  -c dgennd.f -o dgennd.o
gfortran -fimplicit-none -shared -fPIC -Wno-argument-mismatch  -c derrvx.f -o derrvx.o
gfortran -fimplicit-none -shared -fPIC -Wno-argument-mismatch  -c ddrvge.f -o ddrvge.o
gfortran -fimplicit-none -shared -fPIC -Wno-argument-mismatch  -c ddrvsy.f -o ddrvsy.o
gfortran -fimplicit-none -shared -fPIC -Wno-argument-mismatch  -c ddrvgb.f -o ddrvgb.o
gfortran -fimplicit-none -shared -fPIC -Wno-argument-mismatch  -c derrge.f -o derrge.o
gfortran -fimplicit-none -shared -fPIC -Wno-argument-mismatch  -c ddrvpo.f -o ddrvpo.o
gfortran -fimplicit-none -shared -fPIC -Wno-argument-mismatch  -c derrpo.f -o derrpo.o
gfortran -fimplicit-none -shared -fPIC -Wno-argument-mismatch  -c derrsy.f -o derrsy.o
gfortran -fimplicit-none -shared -fPIC -Wno-argument-mismatch  -c dlaord.f -o dlaord.o
gfortran   aladhd.o alaerh.o alaesm.o alahd.o alareq.o alasum.o alasvm.o chkxer.o icopy.o ilaenv.o xlaenv.o xerbla.o dchkaa.o dchkeq.o dchkgb.o dchkge.o dchkgt.o dchklq.o dchkpb.o dchkpo.o dchkps.o dchkpp.o dchkpt.o dchkq3.o dchkql.o dchkqp.o dchkqr.o dchkrq.o dchksp.o dchksy.o dchktb.o dchktp.o dchktr.o dchktz.o ddrvgt.o ddrvls.o ddrvpb.o ddrvpp.o ddrvpt.o ddrvsp.o derrgt.o derrlq.o derrls.o derrps.o derrql.o derrqp.o derrqr.o derrrq.o derrtr.o derrtz.o dgbt01.o dgbt02.o dgbt05.o dgelqs.o dgeqls.o dgeqrs.o dgerqs.o dget01.o dget02.o dget03.o dget04.o dget06.o dget07.o dgtt01.o dgtt02.o dgtt05.o dlaptm.o dlarhs.o dlatb4.o dlatb5.o dlattb.o dlattp.o dlattr.o dlavsp.o dlavsy.o dlqt01.o dlqt02.o dlqt03.o dpbt01.o dpbt02.o dpbt05.o dpot01.o dpot02.o dpot03.o dpot05.o dpst01.o dppt01.o dppt02.o dppt03.o dppt05.o dptt01.o dptt02.o dptt05.o dqlt01.o dqlt02.o dqlt03.o dqpt01.o dqrt01.o dqrt01p.o dqrt02.o dqrt03.o dqrt11.o dqrt12.o dqrt13.o dqrt14.o dqrt15.o dqrt16.o dqrt17.o drqt01.o drqt02.o drqt03.o drzt01.o drzt02.o dspt01.o dsyt01.o dtbt02.o dtbt03.o dtbt05.o dtbt06.o dtpt01.o dtpt02.o dtpt03.o dtpt05.o dtpt06.o dtrt01.o dtrt02.o dtrt03.o dtrt05.o dtrt06.o dtzt01.o dtzt02.o dgennd.o derrvx.o ddrvge.o ddrvsy.o ddrvgb.o derrge.o ddrvpo.o derrpo.o derrsy.o dlaord.o \
        ../../libtmglib_gfortran.a ../../liblapack_gfortran.a  ../../libblas.a -o xlintstd && mv xlintstd ../xlintstd
make[2]: Leaving directory '/home/adityanair/OpenFOAM/adityanair-v2512/applications/utilities/waves2Foam/ThirdParty/lapack-3.3.1/TESTING/LIN'
Testing DOUBLE PRECISION LAPACK linear equation routines
./xlintstd < dtest.in > dtest.out 2>&1
cd EIG ; make double
make[2]: Entering directory '/home/adityanair/OpenFOAM/adityanair-v2512/applications/utilities/waves2Foam/ThirdParty/lapack-3.3.1/TESTING/EIG'
gfortran -fimplicit-none -shared -fPIC -Wno-argument-mismatch  -c dchkee.f -o dchkee.o
gfortran -fimplicit-none -shared -fPIC -Wno-argument-mismatch  -c dbdt01.f -o dbdt01.o
gfortran -fimplicit-none -shared -fPIC -Wno-argument-mismatch  -c dbdt02.f -o dbdt02.o
gfortran -fimplicit-none -shared -fPIC -Wno-argument-mismatch  -c dbdt03.f -o dbdt03.o
gfortran -fimplicit-none -shared -fPIC -Wno-argument-mismatch  -c dchkbb.f -o dchkbb.o
gfortran -fimplicit-none -shared -fPIC -Wno-argument-mismatch  -c dchkbd.f -o dchkbd.o
gfortran -fimplicit-none -shared -fPIC -Wno-argument-mismatch  -c dchkbk.f -o dchkbk.o
gfortran -fimplicit-none -shared -fPIC -Wno-argument-mismatch  -c dchkbl.f -o dchkbl.o
gfortran -fimplicit-none -shared -fPIC -Wno-argument-mismatch  -c dchkec.f -o dchkec.o
gfortran -fimplicit-none -shared -fPIC -Wno-argument-mismatch  -c dchkgg.f -o dchkgg.o
gfortran -fimplicit-none -shared -fPIC -Wno-argument-mismatch  -c dchkgk.f -o dchkgk.o
gfortran -fimplicit-none -shared -fPIC -Wno-argument-mismatch  -c dchkgl.f -o dchkgl.o
gfortran -fimplicit-none -shared -fPIC -Wno-argument-mismatch  -c dchkhs.f -o dchkhs.o
gfortran -fimplicit-none -shared -fPIC -Wno-argument-mismatch  -c dchksb.f -o dchksb.o
gfortran -fimplicit-none -shared -fPIC -Wno-argument-mismatch  -c dchkst.f -o dchkst.o
gfortran -fimplicit-none -shared -fPIC -Wno-argument-mismatch  -c dckcsd.f -o dckcsd.o
gfortran -fimplicit-none -shared -fPIC -Wno-argument-mismatch  -c dckglm.f -o dckglm.o
gfortran -fimplicit-none -shared -fPIC -Wno-argument-mismatch  -c dckgqr.f -o dckgqr.o
gfortran -fimplicit-none -shared -fPIC -Wno-argument-mismatch  -c dckgsv.f -o dckgsv.o
gfortran -fimplicit-none -shared -fPIC -Wno-argument-mismatch  -c dcklse.f -o dcklse.o
gfortran -fimplicit-none -shared -fPIC -Wno-argument-mismatch  -c dcsdts.f -o dcsdts.o
gfortran -fimplicit-none -shared -fPIC -Wno-argument-mismatch  -c ddrges.f -o ddrges.o
gfortran -fimplicit-none -shared -fPIC -Wno-argument-mismatch  -c ddrgev.f -o ddrgev.o
gfortran -fimplicit-none -shared -fPIC -Wno-argument-mismatch  -c ddrgsx.f -o ddrgsx.o
gfortran -fimplicit-none -shared -fPIC -Wno-argument-mismatch  -c ddrgvx.f -o ddrgvx.o
gfortran -fimplicit-none -shared -fPIC -Wno-argument-mismatch  -c ddrvbd.f -o ddrvbd.o
gfortran -fimplicit-none -shared -fPIC -Wno-argument-mismatch  -c ddrves.f -o ddrves.o
gfortran -fimplicit-none -shared -fPIC -Wno-argument-mismatch  -c ddrvev.f -o ddrvev.o
gfortran -fimplicit-none -shared -fPIC -Wno-argument-mismatch  -c ddrvgg.f -o ddrvgg.o
gfortran -fimplicit-none -shared -fPIC -Wno-argument-mismatch  -c ddrvsg.f -o ddrvsg.o
gfortran -fimplicit-none -shared -fPIC -Wno-argument-mismatch  -c ddrvst.f -o ddrvst.o
gfortran -fimplicit-none -shared -fPIC -Wno-argument-mismatch  -c ddrvsx.f -o ddrvsx.o
gfortran -fimplicit-none -shared -fPIC -Wno-argument-mismatch  -c ddrvvx.f -o ddrvvx.o
gfortran -fimplicit-none -shared -fPIC -Wno-argument-mismatch  -c derrbd.f -o derrbd.o
gfortran -fimplicit-none -shared -fPIC -Wno-argument-mismatch  -c derrec.f -o derrec.o
gfortran -fimplicit-none -shared -fPIC -Wno-argument-mismatch  -c derred.f -o derred.o
gfortran -fimplicit-none -shared -fPIC -Wno-argument-mismatch  -c derrgg.f -o derrgg.o
gfortran -fimplicit-none -shared -fPIC -Wno-argument-mismatch  -c derrhs.f -o derrhs.o
gfortran -fimplicit-none -shared -fPIC -Wno-argument-mismatch  -c derrst.f -o derrst.o
gfortran -fimplicit-none -shared -fPIC -Wno-argument-mismatch  -c dget02.f -o dget02.o
gfortran -fimplicit-none -shared -fPIC -Wno-argument-mismatch  -c dget10.f -o dget10.o
gfortran -fimplicit-none -shared -fPIC -Wno-argument-mismatch  -c dget22.f -o dget22.o
gfortran -fimplicit-none -shared -fPIC -Wno-argument-mismatch  -c dget23.f -o dget23.o
gfortran -fimplicit-none -shared -fPIC -Wno-argument-mismatch  -c dget24.f -o dget24.o
gfortran -fimplicit-none -shared -fPIC -Wno-argument-mismatch  -c dget31.f -o dget31.o
gfortran -fimplicit-none -shared -fPIC -Wno-argument-mismatch  -c dget32.f -o dget32.o
gfortran -fimplicit-none -shared -fPIC -Wno-argument-mismatch  -c dget33.f -o dget33.o
gfortran -fimplicit-none -shared -fPIC -Wno-argument-mismatch  -c dget34.f -o dget34.o
gfortran -fimplicit-none -shared -fPIC -Wno-argument-mismatch  -c dget35.f -o dget35.o
gfortran -fimplicit-none -shared -fPIC -Wno-argument-mismatch  -c dget36.f -o dget36.o
gfortran -fimplicit-none -shared -fPIC -Wno-argument-mismatch  -c dget37.f -o dget37.o
gfortran -fimplicit-none -shared -fPIC -Wno-argument-mismatch  -c dget38.f -o dget38.o
gfortran -fimplicit-none -shared -fPIC -Wno-argument-mismatch  -c dget39.f -o dget39.o
gfortran -fimplicit-none -shared -fPIC -Wno-argument-mismatch  -c dget51.f -o dget51.o
gfortran -fimplicit-none -shared -fPIC -Wno-argument-mismatch  -c dget52.f -o dget52.o
gfortran -fimplicit-none -shared -fPIC -Wno-argument-mismatch  -c dget53.f -o dget53.o
gfortran -fimplicit-none -shared -fPIC -Wno-argument-mismatch  -c dget54.f -o dget54.o
gfortran -fimplicit-none -shared -fPIC -Wno-argument-mismatch  -c dglmts.f -o dglmts.o
gfortran -fimplicit-none -shared -fPIC -Wno-argument-mismatch  -c dgqrts.f -o dgqrts.o
gfortran -fimplicit-none -shared -fPIC -Wno-argument-mismatch  -c dgrqts.f -o dgrqts.o
gfortran -fimplicit-none -shared -fPIC -Wno-argument-mismatch  -c dgsvts.f -o dgsvts.o
gfortran -fimplicit-none -shared -fPIC -Wno-argument-mismatch  -c dhst01.f -o dhst01.o
gfortran -fimplicit-none -shared -fPIC -Wno-argument-mismatch  -c dlarfy.f -o dlarfy.o
gfortran -fimplicit-none -shared -fPIC -Wno-argument-mismatch  -c dlarhs.f -o dlarhs.o
gfortran -fimplicit-none -shared -fPIC -Wno-argument-mismatch  -c dlatm4.f -o dlatm4.o
gfortran -fimplicit-none -shared -fPIC -Wno-argument-mismatch  -c dlctes.f -o dlctes.o
gfortran -fimplicit-none -shared -fPIC -Wno-argument-mismatch  -c dlctsx.f -o dlctsx.o
gfortran -fimplicit-none -shared -fPIC -Wno-argument-mismatch  -c dlsets.f -o dlsets.o
gfortran -fimplicit-none -shared -fPIC -Wno-argument-mismatch  -c dort01.f -o dort01.o
gfortran -fimplicit-none -shared -fPIC -Wno-argument-mismatch  -c dort03.f -o dort03.o
gfortran -fimplicit-none -shared -fPIC -Wno-argument-mismatch  -c dsbt21.f -o dsbt21.o
gfortran -fimplicit-none -shared -fPIC -Wno-argument-mismatch  -c dsgt01.f -o dsgt01.o
gfortran -fimplicit-none -shared -fPIC -Wno-argument-mismatch  -c dslect.f -o dslect.o
gfortran -fimplicit-none -shared -fPIC -Wno-argument-mismatch  -c dspt21.f -o dspt21.o
gfortran -fimplicit-none -shared -fPIC -Wno-argument-mismatch  -c dstt21.f -o dstt21.o
gfortran -fimplicit-none -shared -fPIC -Wno-argument-mismatch  -c dstt22.f -o dstt22.o
gfortran -fimplicit-none -shared -fPIC -Wno-argument-mismatch  -c dsyt21.f -o dsyt21.o
gfortran -fimplicit-none -shared -fPIC -Wno-argument-mismatch  -c dsyt22.f -o dsyt22.o
gfortran -fimplicit-none -shared -fPIC -Wno-argument-mismatch  -c dlafts.f -o dlafts.o
gfortran -fimplicit-none -shared -fPIC -Wno-argument-mismatch  -c dlahd2.f -o dlahd2.o
gfortran -fimplicit-none -shared -fPIC -Wno-argument-mismatch  -c dlasum.f -o dlasum.o
gfortran -fimplicit-none -shared -fPIC -Wno-argument-mismatch  -c dlatb9.f -o dlatb9.o
gfortran -fimplicit-none -shared -fPIC -Wno-argument-mismatch  -c dstech.f -o dstech.o
gfortran -fimplicit-none -shared -fPIC -Wno-argument-mismatch  -c dstect.f -o dstect.o
gfortran -fimplicit-none -shared -fPIC -Wno-argument-mismatch  -c dsvdch.f -o dsvdch.o
gfortran -fimplicit-none -shared -fPIC -Wno-argument-mismatch  -c dsvdct.f -o dsvdct.o
gfortran -fimplicit-none -shared -fPIC -Wno-argument-mismatch  -c dsxt1.f -o dsxt1.o
\
          gfortran   -o xeigtstd \
          dchkee.o dbdt01.o dbdt02.o dbdt03.o dchkbb.o dchkbd.o dchkbk.o dchkbl.o dchkec.o dchkgg.o dchkgk.o dchkgl.o dchkhs.o dchksb.o dchkst.o dckcsd.o dckglm.o dckgqr.o dckgsv.o dcklse.o dcsdts.o ddrges.o ddrgev.o ddrgsx.o ddrgvx.o ddrvbd.o ddrves.o ddrvev.o ddrvgg.o ddrvsg.o ddrvst.o ddrvsx.o ddrvvx.o derrbd.o derrec.o derred.o derrgg.o derrhs.o derrst.o dget02.o dget10.o dget22.o dget23.o dget24.o dget31.o dget32.o dget33.o dget34.o dget35.o dget36.o dget37.o dget38.o dget39.o dget51.o dget52.o dget53.o dget54.o dglmts.o dgqrts.o dgrqts.o dgsvts.o dhst01.o dlarfy.o dlarhs.o dlatm4.o dlctes.o dlctsx.o dlsets.o dort01.o dort03.o dsbt21.o dsgt01.o dslect.o dspt21.o dstt21.o dstt22.o dsyt21.o dsyt22.o dlafts.o dlahd2.o dlasum.o dlatb9.o dstech.o dstect.o dsvdch.o dsvdct.o dsxt1.o alahdg.o alasum.o alasvm.o alareq.o ilaenv.o xerbla.o xlaenv.o chkxer.o ../../libtmglib_gfortran.a \
  ../../liblapack_gfortran.a ../../libblas.a && mv xeigtstd ../xeigtstd
make[2]: Leaving directory '/home/adityanair/OpenFOAM/adityanair-v2512/applications/utilities/waves2Foam/ThirdParty/lapack-3.3.1/TESTING/EIG'
NEP: Testing Nonsymmetric Eigenvalue Problem routines
./xeigtstd < nep.in > dnep.out 2>&1
SEP: Testing Symmetric Eigenvalue Problem routines
./xeigtstd < sep.in > dsep.out 2>&1
SVD: Testing Singular Value Decomposition routines
./xeigtstd < svd.in > dsvd.out 2>&1
DEC: Testing DOUBLE PRECISION Eigen Condition Routines
./xeigtstd < dec.in > dec.out 2>&1
DEV: Testing DOUBLE PRECISION Nonsymmetric Eigenvalue Driver
./xeigtstd < ded.in > ded.out 2>&1
DGG: Testing DOUBLE PRECISION Nonsymmetric Generalized Eigenvalue Problem routines
./xeigtstd < dgg.in > dgg.out 2>&1
DGD: Testing DOUBLE PRECISION Nonsymmetric Generalized Eigenvalue Problem driver routines
./xeigtstd < dgd.in > dgd.out 2>&1
DSB: Testing DOUBLE PRECISION Symmetric Eigenvalue Problem routines
./xeigtstd < dsb.in > dsb.out 2>&1
DSG: Testing DOUBLE PRECISION Symmetric Generalized Eigenvalue Problem routines
./xeigtstd < dsg.in > dsg.out 2>&1
DGEBAL: Testing the balancing of a DOUBLE PRECISION general matrix
./xeigtstd < dbal.in > dbal.out 2>&1
DGEBAK: Testing the back transformation of a DOUBLE PRECISION balanced matrix
./xeigtstd < dbak.in > dbak.out 2>&1
DGGBAL: Testing the balancing of a pair of DOUBLE PRECISION general matrices
./xeigtstd < dgbal.in > dgbal.out 2>&1
DGGBAK: Testing the back transformation of a pair of DOUBLE PRECISION balanced matrices
./xeigtstd < dgbak.in > dgbak.out 2>&1
DBB: Testing banded Singular Value Decomposition routines
./xeigtstd < dbb.in > dbb.out 2>&1
GLM: Testing Generalized Linear Regression Model routines
./xeigtstd < glm.in > dglm.out 2>&1
GQR: Testing Generalized QR and RQ factorization routines
./xeigtstd < gqr.in > dgqr.out 2>&1
GSV: Testing Generalized Singular Value Decomposition routines
./xeigtstd < gsv.in > dgsv.out 2>&1
CSD: Testing CS Decomposition routines
./xeigtstd < csd.in > dcsd.out 2>&1
LSE: Testing Constrained Linear Least Squares routines
./xeigtstd < lse.in > dlse.out 2>&1
cd LIN ; make complex16
make[2]: Entering directory '/home/adityanair/OpenFOAM/adityanair-v2512/applications/utilities/waves2Foam/ThirdParty/lapack-3.3.1/TESTING/LIN'
gfortran -fimplicit-none -shared -fPIC -Wno-argument-mismatch  -c zchkaa.f -o zchkaa.o
gfortran -fimplicit-none -shared -fPIC -Wno-argument-mismatch  -c zchkeq.f -o zchkeq.o
gfortran -fimplicit-none -shared -fPIC -Wno-argument-mismatch  -c zchkgb.f -o zchkgb.o
gfortran -fimplicit-none -shared -fPIC -Wno-argument-mismatch  -c zchkge.f -o zchkge.o
gfortran -fimplicit-none -shared -fPIC -Wno-argument-mismatch  -c zchkgt.f -o zchkgt.o
gfortran -fimplicit-none -shared -fPIC -Wno-argument-mismatch  -c zchkhe.f -o zchkhe.o
gfortran -fimplicit-none -shared -fPIC -Wno-argument-mismatch  -c zchkhp.f -o zchkhp.o
gfortran -fimplicit-none -shared -fPIC -Wno-argument-mismatch  -c zchklq.f -o zchklq.o
gfortran -fimplicit-none -shared -fPIC -Wno-argument-mismatch  -c zchkpb.f -o zchkpb.o
gfortran -fimplicit-none -shared -fPIC -Wno-argument-mismatch  -c zchkpo.f -o zchkpo.o
gfortran -fimplicit-none -shared -fPIC -Wno-argument-mismatch  -c zchkps.f -o zchkps.o
gfortran -fimplicit-none -shared -fPIC -Wno-argument-mismatch  -c zchkpp.f -o zchkpp.o
gfortran -fimplicit-none -shared -fPIC -Wno-argument-mismatch  -c zchkpt.f -o zchkpt.o
gfortran -fimplicit-none -shared -fPIC -Wno-argument-mismatch  -c zchkq3.f -o zchkq3.o
gfortran -fimplicit-none -shared -fPIC -Wno-argument-mismatch  -c zchkql.f -o zchkql.o
gfortran -fimplicit-none -shared -fPIC -Wno-argument-mismatch  -c zchkqp.f -o zchkqp.o
gfortran -fimplicit-none -shared -fPIC -Wno-argument-mismatch  -c zchkqr.f -o zchkqr.o
gfortran -fimplicit-none -shared -fPIC -Wno-argument-mismatch  -c zchkrq.f -o zchkrq.o
gfortran -fimplicit-none -shared -fPIC -Wno-argument-mismatch  -c zchksp.f -o zchksp.o
gfortran -fimplicit-none -shared -fPIC -Wno-argument-mismatch  -c zchksy.f -o zchksy.o
gfortran -fimplicit-none -shared -fPIC -Wno-argument-mismatch  -c zchktb.f -o zchktb.o
gfortran -fimplicit-none -shared -fPIC -Wno-argument-mismatch  -c zchktp.f -o zchktp.o
gfortran -fimplicit-none -shared -fPIC -Wno-argument-mismatch  -c zchktr.f -o zchktr.o
gfortran -fimplicit-none -shared -fPIC -Wno-argument-mismatch  -c zchktz.f -o zchktz.o
gfortran -fimplicit-none -shared -fPIC -Wno-argument-mismatch  -c zdrvgt.f -o zdrvgt.o
gfortran -fimplicit-none -shared -fPIC -Wno-argument-mismatch  -c zdrvhp.f -o zdrvhp.o
gfortran -fimplicit-none -shared -fPIC -Wno-argument-mismatch  -c zdrvls.f -o zdrvls.o
gfortran -fimplicit-none -shared -fPIC -Wno-argument-mismatch  -c zdrvpb.f -o zdrvpb.o
gfortran -fimplicit-none -shared -fPIC -Wno-argument-mismatch  -c zdrvpp.f -o zdrvpp.o
gfortran -fimplicit-none -shared -fPIC -Wno-argument-mismatch  -c zdrvpt.f -o zdrvpt.o
gfortran -fimplicit-none -shared -fPIC -Wno-argument-mismatch  -c zdrvsp.f -o zdrvsp.o
gfortran -fimplicit-none -shared -fPIC -Wno-argument-mismatch  -c zerrgt.f -o zerrgt.o
gfortran -fimplicit-none -shared -fPIC -Wno-argument-mismatch  -c zerrlq.f -o zerrlq.o
gfortran -fimplicit-none -shared -fPIC -Wno-argument-mismatch  -c zerrls.f -o zerrls.o
gfortran -fimplicit-none -shared -fPIC -Wno-argument-mismatch  -c zerrps.f -o zerrps.o
gfortran -fimplicit-none -shared -fPIC -Wno-argument-mismatch  -c zerrql.f -o zerrql.o
gfortran -fimplicit-none -shared -fPIC -Wno-argument-mismatch  -c zerrqp.f -o zerrqp.o
gfortran -fimplicit-none -shared -fPIC -Wno-argument-mismatch  -c zerrqr.f -o zerrqr.o
gfortran -fimplicit-none -shared -fPIC -Wno-argument-mismatch  -c zerrrq.f -o zerrrq.o
gfortran -fimplicit-none -shared -fPIC -Wno-argument-mismatch  -c zerrtr.f -o zerrtr.o
gfortran -fimplicit-none -shared -fPIC -Wno-argument-mismatch  -c zerrtz.f -o zerrtz.o
gfortran -fimplicit-none -shared -fPIC -Wno-argument-mismatch  -c zgbt01.f -o zgbt01.o
gfortran -fimplicit-none -shared -fPIC -Wno-argument-mismatch  -c zgbt02.f -o zgbt02.o
gfortran -fimplicit-none -shared -fPIC -Wno-argument-mismatch  -c zgbt05.f -o zgbt05.o
gfortran -fimplicit-none -shared -fPIC -Wno-argument-mismatch  -c zgelqs.f -o zgelqs.o
gfortran -fimplicit-none -shared -fPIC -Wno-argument-mismatch  -c zgeqls.f -o zgeqls.o
gfortran -fimplicit-none -shared -fPIC -Wno-argument-mismatch  -c zgeqrs.f -o zgeqrs.o
gfortran -fimplicit-none -shared -fPIC -Wno-argument-mismatch  -c zgerqs.f -o zgerqs.o
gfortran -fimplicit-none -shared -fPIC -Wno-argument-mismatch  -c zget01.f -o zget01.o
gfortran -fimplicit-none -shared -fPIC -Wno-argument-mismatch  -c zget02.f -o zget02.o
gfortran -fimplicit-none -shared -fPIC -Wno-argument-mismatch  -c zget03.f -o zget03.o
gfortran -fimplicit-none -shared -fPIC -Wno-argument-mismatch  -c zget04.f -o zget04.o
gfortran -fimplicit-none -shared -fPIC -Wno-argument-mismatch  -c zget07.f -o zget07.o
gfortran -fimplicit-none -shared -fPIC -Wno-argument-mismatch  -c zgtt01.f -o zgtt01.o
gfortran -fimplicit-none -shared -fPIC -Wno-argument-mismatch  -c zgtt02.f -o zgtt02.o
gfortran -fimplicit-none -shared -fPIC -Wno-argument-mismatch  -c zgtt05.f -o zgtt05.o
gfortran -fimplicit-none -shared -fPIC -Wno-argument-mismatch  -c zhet01.f -o zhet01.o
gfortran -fimplicit-none -shared -fPIC -Wno-argument-mismatch  -c zhpt01.f -o zhpt01.o
gfortran -fimplicit-none -shared -fPIC -Wno-argument-mismatch  -c zlaipd.f -o zlaipd.o
gfortran -fimplicit-none -shared -fPIC -Wno-argument-mismatch  -c zlaptm.f -o zlaptm.o
gfortran -fimplicit-none -shared -fPIC -Wno-argument-mismatch  -c zlarhs.f -o zlarhs.o
gfortran -fimplicit-none -shared -fPIC -Wno-argument-mismatch  -c zlatb4.f -o zlatb4.o
gfortran -fimplicit-none -shared -fPIC -Wno-argument-mismatch  -c zlatb5.f -o zlatb5.o
gfortran -fimplicit-none -shared -fPIC -Wno-argument-mismatch  -c zlatsp.f -o zlatsp.o
gfortran -fimplicit-none -shared -fPIC -Wno-argument-mismatch  -c zlatsy.f -o zlatsy.o
gfortran -fimplicit-none -shared -fPIC -Wno-argument-mismatch  -c zlattb.f -o zlattb.o
gfortran -fimplicit-none -shared -fPIC -Wno-argument-mismatch  -c zlattp.f -o zlattp.o
gfortran -fimplicit-none -shared -fPIC -Wno-argument-mismatch  -c zlattr.f -o zlattr.o
gfortran -fimplicit-none -shared -fPIC -Wno-argument-mismatch  -c zlavhe.f -o zlavhe.o
gfortran -fimplicit-none -shared -fPIC -Wno-argument-mismatch  -c zlavhp.f -o zlavhp.o
gfortran -fimplicit-none -shared -fPIC -Wno-argument-mismatch  -c zlavsp.f -o zlavsp.o
gfortran -fimplicit-none -shared -fPIC -Wno-argument-mismatch  -c zlavsy.f -o zlavsy.o
gfortran -fimplicit-none -shared -fPIC -Wno-argument-mismatch  -c zlqt01.f -o zlqt01.o
gfortran -fimplicit-none -shared -fPIC -Wno-argument-mismatch  -c zlqt02.f -o zlqt02.o
gfortran -fimplicit-none -shared -fPIC -Wno-argument-mismatch  -c zlqt03.f -o zlqt03.o
gfortran -fimplicit-none -shared -fPIC -Wno-argument-mismatch  -c zpbt01.f -o zpbt01.o
gfortran -fimplicit-none -shared -fPIC -Wno-argument-mismatch  -c zpbt02.f -o zpbt02.o
gfortran -fimplicit-none -shared -fPIC -Wno-argument-mismatch  -c zpbt05.f -o zpbt05.o
gfortran -fimplicit-none -shared -fPIC -Wno-argument-mismatch  -c zpot01.f -o zpot01.o
gfortran -fimplicit-none -shared -fPIC -Wno-argument-mismatch  -c zpot02.f -o zpot02.o
gfortran -fimplicit-none -shared -fPIC -Wno-argument-mismatch  -c zpot03.f -o zpot03.o
gfortran -fimplicit-none -shared -fPIC -Wno-argument-mismatch  -c zpot05.f -o zpot05.o
gfortran -fimplicit-none -shared -fPIC -Wno-argument-mismatch  -c zpst01.f -o zpst01.o
gfortran -fimplicit-none -shared -fPIC -Wno-argument-mismatch  -c zppt01.f -o zppt01.o
gfortran -fimplicit-none -shared -fPIC -Wno-argument-mismatch  -c zppt02.f -o zppt02.o
gfortran -fimplicit-none -shared -fPIC -Wno-argument-mismatch  -c zppt03.f -o zppt03.o
gfortran -fimplicit-none -shared -fPIC -Wno-argument-mismatch  -c zppt05.f -o zppt05.o
gfortran -fimplicit-none -shared -fPIC -Wno-argument-mismatch  -c zptt01.f -o zptt01.o
gfortran -fimplicit-none -shared -fPIC -Wno-argument-mismatch  -c zptt02.f -o zptt02.o
gfortran -fimplicit-none -shared -fPIC -Wno-argument-mismatch  -c zptt05.f -o zptt05.o
gfortran -fimplicit-none -shared -fPIC -Wno-argument-mismatch  -c zqlt01.f -o zqlt01.o
gfortran -fimplicit-none -shared -fPIC -Wno-argument-mismatch  -c zqlt02.f -o zqlt02.o
gfortran -fimplicit-none -shared -fPIC -Wno-argument-mismatch  -c zqlt03.f -o zqlt03.o
gfortran -fimplicit-none -shared -fPIC -Wno-argument-mismatch  -c zqpt01.f -o zqpt01.o
gfortran -fimplicit-none -shared -fPIC -Wno-argument-mismatch  -c zqrt01.f -o zqrt01.o
gfortran -fimplicit-none -shared -fPIC -Wno-argument-mismatch  -c zqrt01p.f -o zqrt01p.o
gfortran -fimplicit-none -shared -fPIC -Wno-argument-mismatch  -c zqrt02.f -o zqrt02.o
gfortran -fimplicit-none -shared -fPIC -Wno-argument-mismatch  -c zqrt03.f -o zqrt03.o
gfortran -fimplicit-none -shared -fPIC -Wno-argument-mismatch  -c zqrt11.f -o zqrt11.o
gfortran -fimplicit-none -shared -fPIC -Wno-argument-mismatch  -c zqrt12.f -o zqrt12.o
gfortran -fimplicit-none -shared -fPIC -Wno-argument-mismatch  -c zqrt13.f -o zqrt13.o
gfortran -fimplicit-none -shared -fPIC -Wno-argument-mismatch  -c zqrt14.f -o zqrt14.o
gfortran -fimplicit-none -shared -fPIC -Wno-argument-mismatch  -c zqrt15.f -o zqrt15.o
gfortran -fimplicit-none -shared -fPIC -Wno-argument-mismatch  -c zqrt16.f -o zqrt16.o
gfortran -fimplicit-none -shared -fPIC -Wno-argument-mismatch  -c zqrt17.f -o zqrt17.o
gfortran -fimplicit-none -shared -fPIC -Wno-argument-mismatch  -c zrqt01.f -o zrqt01.o
gfortran -fimplicit-none -shared -fPIC -Wno-argument-mismatch  -c zrqt02.f -o zrqt02.o
gfortran -fimplicit-none -shared -fPIC -Wno-argument-mismatch  -c zrqt03.f -o zrqt03.o
gfortran -fimplicit-none -shared -fPIC -Wno-argument-mismatch  -c zrzt01.f -o zrzt01.o
gfortran -fimplicit-none -shared -fPIC -Wno-argument-mismatch  -c zrzt02.f -o zrzt02.o
gfortran -fimplicit-none -shared -fPIC -Wno-argument-mismatch  -c zsbmv.f -o zsbmv.o
gfortran -fimplicit-none -shared -fPIC -Wno-argument-mismatch  -c zspt01.f -o zspt01.o
gfortran -fimplicit-none -shared -fPIC -Wno-argument-mismatch  -c zspt02.f -o zspt02.o
gfortran -fimplicit-none -shared -fPIC -Wno-argument-mismatch  -c zspt03.f -o zspt03.o
gfortran -fimplicit-none -shared -fPIC -Wno-argument-mismatch  -c zsyt01.f -o zsyt01.o
gfortran -fimplicit-none -shared -fPIC -Wno-argument-mismatch  -c zsyt02.f -o zsyt02.o
gfortran -fimplicit-none -shared -fPIC -Wno-argument-mismatch  -c zsyt03.f -o zsyt03.o
gfortran -fimplicit-none -shared -fPIC -Wno-argument-mismatch  -c ztbt02.f -o ztbt02.o
gfortran -fimplicit-none -shared -fPIC -Wno-argument-mismatch  -c ztbt03.f -o ztbt03.o
gfortran -fimplicit-none -shared -fPIC -Wno-argument-mismatch  -c ztbt05.f -o ztbt05.o
gfortran -fimplicit-none -shared -fPIC -Wno-argument-mismatch  -c ztbt06.f -o ztbt06.o
gfortran -fimplicit-none -shared -fPIC -Wno-argument-mismatch  -c ztpt01.f -o ztpt01.o
gfortran -fimplicit-none -shared -fPIC -Wno-argument-mismatch  -c ztpt02.f -o ztpt02.o
gfortran -fimplicit-none -shared -fPIC -Wno-argument-mismatch  -c ztpt03.f -o ztpt03.o
gfortran -fimplicit-none -shared -fPIC -Wno-argument-mismatch  -c ztpt05.f -o ztpt05.o
gfortran -fimplicit-none -shared -fPIC -Wno-argument-mismatch  -c ztpt06.f -o ztpt06.o
gfortran -fimplicit-none -shared -fPIC -Wno-argument-mismatch  -c ztrt01.f -o ztrt01.o
gfortran -fimplicit-none -shared -fPIC -Wno-argument-mismatch  -c ztrt02.f -o ztrt02.o
gfortran -fimplicit-none -shared -fPIC -Wno-argument-mismatch  -c ztrt03.f -o ztrt03.o
gfortran -fimplicit-none -shared -fPIC -Wno-argument-mismatch  -c ztrt05.f -o ztrt05.o
gfortran -fimplicit-none -shared -fPIC -Wno-argument-mismatch  -c ztrt06.f -o ztrt06.o
gfortran -fimplicit-none -shared -fPIC -Wno-argument-mismatch  -c ztzt01.f -o ztzt01.o
gfortran -fimplicit-none -shared -fPIC -Wno-argument-mismatch  -c ztzt02.f -o ztzt02.o
gfortran -fimplicit-none -shared -fPIC -Wno-argument-mismatch  -c zgennd.f -o zgennd.o
gfortran -fimplicit-none -shared -fPIC -Wno-argument-mismatch  -c zerrvx.f -o zerrvx.o
gfortran -fimplicit-none -shared -fPIC -Wno-argument-mismatch  -c zdrvge.f -o zdrvge.o
gfortran -fimplicit-none -shared -fPIC -Wno-argument-mismatch  -c zdrvsy.f -o zdrvsy.o
gfortran -fimplicit-none -shared -fPIC -Wno-argument-mismatch  -c zdrvgb.f -o zdrvgb.o
gfortran -fimplicit-none -shared -fPIC -Wno-argument-mismatch  -c zerrge.f -o zerrge.o
gfortran -fimplicit-none -shared -fPIC -Wno-argument-mismatch  -c zdrvpo.f -o zdrvpo.o
gfortran -fimplicit-none -shared -fPIC -Wno-argument-mismatch  -c zdrvhe.f -o zdrvhe.o
gfortran -fimplicit-none -shared -fPIC -Wno-argument-mismatch  -c zerrpo.f -o zerrpo.o
gfortran -fimplicit-none -shared -fPIC -Wno-argument-mismatch  -c zerrsy.f -o zerrsy.o
gfortran -fimplicit-none -shared -fPIC -Wno-argument-mismatch  -c zerrhe.f -o zerrhe.o
gfortran    aladhd.o alaerh.o alaesm.o alahd.o alareq.o alasum.o alasvm.o chkxer.o icopy.o ilaenv.o xlaenv.o xerbla.o dlaord.o  zchkaa.o zchkeq.o zchkgb.o zchkge.o zchkgt.o zchkhe.o zchkhp.o zchklq.o zchkpb.o zchkpo.o zchkps.o zchkpp.o zchkpt.o zchkq3.o zchkql.o zchkqp.o zchkqr.o zchkrq.o zchksp.o zchksy.o zchktb.o zchktp.o zchktr.o zchktz.o zdrvgt.o zdrvhp.o zdrvls.o zdrvpb.o zdrvpp.o zdrvpt.o zdrvsp.o zerrgt.o zerrlq.o zerrls.o zerrps.o zerrql.o zerrqp.o zerrqr.o zerrrq.o zerrtr.o zerrtz.o zgbt01.o zgbt02.o zgbt05.o zgelqs.o zgeqls.o zgeqrs.o zgerqs.o zget01.o zget02.o zget03.o zget04.o zget07.o zgtt01.o zgtt02.o zgtt05.o zhet01.o zhpt01.o zlaipd.o zlaptm.o zlarhs.o zlatb4.o zlatb5.o zlatsp.o zlatsy.o zlattb.o zlattp.o zlattr.o zlavhe.o zlavhp.o zlavsp.o zlavsy.o zlqt01.o zlqt02.o zlqt03.o zpbt01.o zpbt02.o zpbt05.o zpot01.o zpot02.o zpot03.o zpot05.o zpst01.o zppt01.o zppt02.o zppt03.o zppt05.o zptt01.o zptt02.o zptt05.o zqlt01.o zqlt02.o zqlt03.o zqpt01.o zqrt01.o zqrt01p.o zqrt02.o zqrt03.o zqrt11.o zqrt12.o zqrt13.o zqrt14.o zqrt15.o zqrt16.o zqrt17.o zrqt01.o zrqt02.o zrqt03.o zrzt01.o zrzt02.o zsbmv.o  zspt01.o zspt02.o zspt03.o zsyt01.o zsyt02.o zsyt03.o ztbt02.o ztbt03.o ztbt05.o ztbt06.o ztpt01.o ztpt02.o ztpt03.o ztpt05.o ztpt06.o ztrt01.o ztrt02.o ztrt03.o ztrt05.o ztrt06.o ztzt01.o ztzt02.o dget06.o zgennd.o zerrvx.o zdrvge.o zdrvsy.o zdrvgb.o zerrge.o zdrvpo.o zdrvhe.o zerrpo.o zerrsy.o zerrhe.o \
        ../../libtmglib_gfortran.a ../../liblapack_gfortran.a   ../../libblas.a -o xlintstz && mv xlintstz ../xlintstz
make[2]: Leaving directory '/home/adityanair/OpenFOAM/adityanair-v2512/applications/utilities/waves2Foam/ThirdParty/lapack-3.3.1/TESTING/LIN'
Testing COMPLEX16 LAPACK linear equation routines
./xlintstz < ztest.in > ztest.out 2>&1
cd EIG ; make complex16
make[2]: Entering directory '/home/adityanair/OpenFOAM/adityanair-v2512/applications/utilities/waves2Foam/ThirdParty/lapack-3.3.1/TESTING/EIG'
gfortran -fimplicit-none -shared -fPIC -Wno-argument-mismatch  -c zchkee.f -o zchkee.o
gfortran -fimplicit-none -shared -fPIC -Wno-argument-mismatch  -c zbdt01.f -o zbdt01.o
gfortran -fimplicit-none -shared -fPIC -Wno-argument-mismatch  -c zbdt02.f -o zbdt02.o
gfortran -fimplicit-none -shared -fPIC -Wno-argument-mismatch  -c zbdt03.f -o zbdt03.o
gfortran -fimplicit-none -shared -fPIC -Wno-argument-mismatch  -c zchkbb.f -o zchkbb.o
gfortran -fimplicit-none -shared -fPIC -Wno-argument-mismatch  -c zchkbd.f -o zchkbd.o
gfortran -fimplicit-none -shared -fPIC -Wno-argument-mismatch  -c zchkbk.f -o zchkbk.o
gfortran -fimplicit-none -shared -fPIC -Wno-argument-mismatch  -c zchkbl.f -o zchkbl.o
gfortran -fimplicit-none -shared -fPIC -Wno-argument-mismatch  -c zchkec.f -o zchkec.o
gfortran -fimplicit-none -shared -fPIC -Wno-argument-mismatch  -c zchkgg.f -o zchkgg.o
gfortran -fimplicit-none -shared -fPIC -Wno-argument-mismatch  -c zchkgk.f -o zchkgk.o
gfortran -fimplicit-none -shared -fPIC -Wno-argument-mismatch  -c zchkgl.f -o zchkgl.o
gfortran -fimplicit-none -shared -fPIC -Wno-argument-mismatch  -c zchkhb.f -o zchkhb.o
gfortran -fimplicit-none -shared -fPIC -Wno-argument-mismatch  -c zchkhs.f -o zchkhs.o
gfortran -fimplicit-none -shared -fPIC -Wno-argument-mismatch  -c zchkst.f -o zchkst.o
gfortran -fimplicit-none -shared -fPIC -Wno-argument-mismatch  -c zckcsd.f -o zckcsd.o
gfortran -fimplicit-none -shared -fPIC -Wno-argument-mismatch  -c zckglm.f -o zckglm.o
gfortran -fimplicit-none -shared -fPIC -Wno-argument-mismatch  -c zckgqr.f -o zckgqr.o
gfortran -fimplicit-none -shared -fPIC -Wno-argument-mismatch  -c zckgsv.f -o zckgsv.o
gfortran -fimplicit-none -shared -fPIC -Wno-argument-mismatch  -c zcklse.f -o zcklse.o
gfortran -fimplicit-none -shared -fPIC -Wno-argument-mismatch  -c zcsdts.f -o zcsdts.o
gfortran -fimplicit-none -shared -fPIC -Wno-argument-mismatch  -c zdrges.f -o zdrges.o
gfortran -fimplicit-none -shared -fPIC -Wno-argument-mismatch  -c zdrgev.f -o zdrgev.o
gfortran -fimplicit-none -shared -fPIC -Wno-argument-mismatch  -c zdrgsx.f -o zdrgsx.o
gfortran -fimplicit-none -shared -fPIC -Wno-argument-mismatch  -c zdrgvx.f -o zdrgvx.o
gfortran -fimplicit-none -shared -fPIC -Wno-argument-mismatch  -c zdrvbd.f -o zdrvbd.o
gfortran -fimplicit-none -shared -fPIC -Wno-argument-mismatch  -c zdrves.f -o zdrves.o
gfortran -fimplicit-none -shared -fPIC -Wno-argument-mismatch  -c zdrvev.f -o zdrvev.o
gfortran -fimplicit-none -shared -fPIC -Wno-argument-mismatch  -c zdrvgg.f -o zdrvgg.o
gfortran -fimplicit-none -shared -fPIC -Wno-argument-mismatch  -c zdrvsg.f -o zdrvsg.o
gfortran -fimplicit-none -shared -fPIC -Wno-argument-mismatch  -c zdrvst.f -o zdrvst.o
gfortran -fimplicit-none -shared -fPIC -Wno-argument-mismatch  -c zdrvsx.f -o zdrvsx.o
gfortran -fimplicit-none -shared -fPIC -Wno-argument-mismatch  -c zdrvvx.f -o zdrvvx.o
gfortran -fimplicit-none -shared -fPIC -Wno-argument-mismatch  -c zerrbd.f -o zerrbd.o
gfortran -fimplicit-none -shared -fPIC -Wno-argument-mismatch  -c zerrec.f -o zerrec.o
gfortran -fimplicit-none -shared -fPIC -Wno-argument-mismatch  -c zerred.f -o zerred.o
gfortran -fimplicit-none -shared -fPIC -Wno-argument-mismatch  -c zerrgg.f -o zerrgg.o
gfortran -fimplicit-none -shared -fPIC -Wno-argument-mismatch  -c zerrhs.f -o zerrhs.o
gfortran -fimplicit-none -shared -fPIC -Wno-argument-mismatch  -c zerrst.f -o zerrst.o
gfortran -fimplicit-none -shared -fPIC -Wno-argument-mismatch  -c zget02.f -o zget02.o
gfortran -fimplicit-none -shared -fPIC -Wno-argument-mismatch  -c zget10.f -o zget10.o
gfortran -fimplicit-none -shared -fPIC -Wno-argument-mismatch  -c zget22.f -o zget22.o
gfortran -fimplicit-none -shared -fPIC -Wno-argument-mismatch  -c zget23.f -o zget23.o
gfortran -fimplicit-none -shared -fPIC -Wno-argument-mismatch  -c zget24.f -o zget24.o
gfortran -fimplicit-none -shared -fPIC -Wno-argument-mismatch  -c zget35.f -o zget35.o
gfortran -fimplicit-none -shared -fPIC -Wno-argument-mismatch  -c zget36.f -o zget36.o
gfortran -fimplicit-none -shared -fPIC -Wno-argument-mismatch  -c zget37.f -o zget37.o
gfortran -fimplicit-none -shared -fPIC -Wno-argument-mismatch  -c zget38.f -o zget38.o
gfortran -fimplicit-none -shared -fPIC -Wno-argument-mismatch  -c zget51.f -o zget51.o
gfortran -fimplicit-none -shared -fPIC -Wno-argument-mismatch  -c zget52.f -o zget52.o
gfortran -fimplicit-none -shared -fPIC -Wno-argument-mismatch  -c zget54.f -o zget54.o
gfortran -fimplicit-none -shared -fPIC -Wno-argument-mismatch  -c zglmts.f -o zglmts.o
gfortran -fimplicit-none -shared -fPIC -Wno-argument-mismatch  -c zgqrts.f -o zgqrts.o
gfortran -fimplicit-none -shared -fPIC -Wno-argument-mismatch  -c zgrqts.f -o zgrqts.o
gfortran -fimplicit-none -shared -fPIC -Wno-argument-mismatch  -c zgsvts.f -o zgsvts.o
gfortran -fimplicit-none -shared -fPIC -Wno-argument-mismatch  -c zhbt21.f -o zhbt21.o
gfortran -fimplicit-none -shared -fPIC -Wno-argument-mismatch  -c zhet21.f -o zhet21.o
zhet21.f:223:33:

  221 |             DO 20 J = 1, N - 1
      |                                                                        2
  222 |                CALL ZHER2( CUPLO, N, -DCMPLX( E( J ) ), U( 1, J ), 1,
  223 |      $                     U( 1, J-1 ), 1, WORK, N )
      |                                 1
Warning: Array reference at (1) out of bounds (0 < 1) in loop beginning at (2)
gfortran -fimplicit-none -shared -fPIC -Wno-argument-mismatch  -c zhet22.f -o zhet22.o
gfortran -fimplicit-none -shared -fPIC -Wno-argument-mismatch  -c zhpt21.f -o zhpt21.o
zhpt21.f:250:33:

  248 |             DO 20 J = 1, N - 1
      |                                                                        2
  249 |                CALL ZHPR2( CUPLO, N, -DCMPLX( E( J ) ), U( 1, J ), 1,
  250 |      $                     U( 1, J-1 ), 1, WORK )
      |                                 1
Warning: Array reference at (1) out of bounds (0 < 1) in loop beginning at (2)
gfortran -fimplicit-none -shared -fPIC -Wno-argument-mismatch  -c zhst01.f -o zhst01.o
gfortran -fimplicit-none -shared -fPIC -Wno-argument-mismatch  -c zlarfy.f -o zlarfy.o
gfortran -fimplicit-none -shared -fPIC -Wno-argument-mismatch  -c zlarhs.f -o zlarhs.o
gfortran -fimplicit-none -shared -fPIC -Wno-argument-mismatch  -c zlatm4.f -o zlatm4.o
gfortran -fimplicit-none -shared -fPIC -Wno-argument-mismatch  -c zlctes.f -o zlctes.o
gfortran -fimplicit-none -shared -fPIC -Wno-argument-mismatch  -c zlctsx.f -o zlctsx.o
gfortran -fimplicit-none -shared -fPIC -Wno-argument-mismatch  -c zlsets.f -o zlsets.o
gfortran -fimplicit-none -shared -fPIC -Wno-argument-mismatch  -c zsbmv.f -o zsbmv.o
gfortran -fimplicit-none -shared -fPIC -Wno-argument-mismatch  -c zsgt01.f -o zsgt01.o
gfortran -fimplicit-none -shared -fPIC -Wno-argument-mismatch  -c zslect.f -o zslect.o
gfortran -fimplicit-none -shared -fPIC -Wno-argument-mismatch  -c zstt21.f -o zstt21.o
gfortran -fimplicit-none -shared -fPIC -Wno-argument-mismatch  -c zstt22.f -o zstt22.o
gfortran -fimplicit-none -shared -fPIC -Wno-argument-mismatch  -c zunt01.f -o zunt01.o
gfortran -fimplicit-none -shared -fPIC -Wno-argument-mismatch  -c zunt03.f -o zunt03.o
\
          gfortran   -o xeigtstz \
          zchkee.o zbdt01.o zbdt02.o zbdt03.o zchkbb.o zchkbd.o zchkbk.o zchkbl.o zchkec.o zchkgg.o zchkgk.o zchkgl.o zchkhb.o zchkhs.o zchkst.o zckcsd.o zckglm.o zckgqr.o zckgsv.o zcklse.o zcsdts.o zdrges.o zdrgev.o zdrgsx.o zdrgvx.o zdrvbd.o zdrves.o zdrvev.o zdrvgg.o zdrvsg.o zdrvst.o zdrvsx.o zdrvvx.o zerrbd.o zerrec.o zerred.o zerrgg.o zerrhs.o zerrst.o zget02.o zget10.o zget22.o zget23.o zget24.o zget35.o zget36.o zget37.o zget38.o zget51.o zget52.o zget54.o zglmts.o zgqrts.o zgrqts.o zgsvts.o zhbt21.o zhet21.o zhet22.o zhpt21.o zhst01.o zlarfy.o zlarhs.o zlatm4.o zlctes.o zlctsx.o zlsets.o zsbmv.o zsgt01.o zslect.o zstt21.o zstt22.o zunt01.o zunt03.o dlafts.o dlahd2.o dlasum.o dlatb9.o dstech.o dstect.o dsvdch.o dsvdct.o dsxt1.o alahdg.o alasum.o alasvm.o alareq.o ilaenv.o xerbla.o xlaenv.o chkxer.o ../../libtmglib_gfortran.a \
  ../../liblapack_gfortran.a ../../libblas.a && mv xeigtstz ../xeigtstz
make[2]: Leaving directory '/home/adityanair/OpenFOAM/adityanair-v2512/applications/utilities/waves2Foam/ThirdParty/lapack-3.3.1/TESTING/EIG'
NEP: Testing Nonsymmetric Eigenvalue Problem routines
./xeigtstz < nep.in > znep.out 2>&1
SEP: Testing Symmetric Eigenvalue Problem routines
./xeigtstz < sep.in > zsep.out 2>&1
SVD: Testing Singular Value Decomposition routines
./xeigtstz < svd.in > zsvd.out 2>&1
ZEC: Testing COMPLEX16 Eigen Condition Routines
./xeigtstz < zec.in > zec.out 2>&1
ZES: Testing COMPLEX16 Nonsymmetric Schur Form Driver
./xeigtstz < zed.in > zed.out 2>&1
ZGG: Testing COMPLEX16 Nonsymmetric Generalized Eigenvalue Problem routines
./xeigtstz < zgg.in > zgg.out 2>&1
ZGD: Testing COMPLEX16 Nonsymmetric Generalized Eigenvalue Problem driver routines
./xeigtstz < zgd.in > zgd.out 2>&1
ZHB: Testing Hermitian Eigenvalue Problem routines
./xeigtstz < zsb.in > zsb.out 2>&1
ZSG: Testing Symmetric Generalized Eigenvalue Problem routines
./xeigtstz < zsg.in > zsg.out 2>&1
ZGEBAL: Testing the balancing of a COMPLEX16 general matrix
./xeigtstz < zbal.in > zbal.out 2>&1
ZGEBAK: Testing the back transformation of a COMPLEX16 balanced matrix
./xeigtstz < zbak.in > zbak.out 2>&1
ZGGBAL: Testing the balancing of a pair of COMPLEX general matrices
./xeigtstz < zgbal.in > zgbal.out 2>&1
ZGGBAK: Testing the back transformation of a pair of COMPLEX16 balanced matrices
./xeigtstz < zgbak.in > zgbak.out 2>&1
ZBB: Testing banded Singular Value Decomposition routines
./xeigtstz < zbb.in > zbb.out 2>&1
GLM: Testing Generalized Linear Regression Model routines
./xeigtstz < glm.in > zglm.out 2>&1
GQR: Testing Generalized QR and RQ factorization routines
./xeigtstz < gqr.in > zgqr.out 2>&1
GSV: Testing Generalized Singular Value Decomposition routines
./xeigtstz < gsv.in > zgsv.out 2>&1
CSD: Testing CS Decomposition routines
./xeigtstz < csd.in > zcsd.out 2>&1
LSE: Testing Constrained Linear Least Squares routines
./xeigtstz < lse.in > zlse.out 2>&1
cd LIN ; make proto-single
make[2]: Entering directory '/home/adityanair/OpenFOAM/adityanair-v2512/applications/utilities/waves2Foam/ThirdParty/lapack-3.3.1/TESTING/LIN'
gfortran -fimplicit-none -shared -fPIC -Wno-argument-mismatch  -c schkrfp.f -o schkrfp.o
gfortran -fimplicit-none -shared -fPIC -Wno-argument-mismatch  -c sdrvrfp.f -o sdrvrfp.o
gfortran -fimplicit-none -shared -fPIC -Wno-argument-mismatch  -c sdrvrf1.f -o sdrvrf1.o
gfortran -fimplicit-none -shared -fPIC -Wno-argument-mismatch  -c sdrvrf2.f -o sdrvrf2.o
gfortran -fimplicit-none -shared -fPIC -Wno-argument-mismatch  -c sdrvrf3.f -o sdrvrf3.o
gfortran -fimplicit-none -shared -fPIC -Wno-argument-mismatch  -c sdrvrf4.f -o sdrvrf4.o
gfortran -fimplicit-none -shared -fPIC -Wno-argument-mismatch  -c serrrfp.f -o serrrfp.o
gfortran    schkrfp.o sdrvrfp.o sdrvrf1.o sdrvrf2.o sdrvrf3.o sdrvrf4.o serrrfp.o slatb4.o slarhs.o sget04.o spot01.o spot03.o spot02.o chkxer.o xerbla.o alaerh.o aladhd.o alahd.o alasvm.o  \
        ../../libtmglib_gfortran.a ../../liblapack_gfortran.a ../../libblas.a -o xlintstrfs && mv xlintstrfs ../xlintstrfs
make[2]: Leaving directory '/home/adityanair/OpenFOAM/adityanair-v2512/applications/utilities/waves2Foam/ThirdParty/lapack-3.3.1/TESTING/LIN'
Testing REAL LAPACK RFP protoype linear equation routines
./xlintstrfs < stest_rfp.in > stest_rfp.out 2>&1
cd LIN ; make proto-double
make[2]: Entering directory '/home/adityanair/OpenFOAM/adityanair-v2512/applications/utilities/waves2Foam/ThirdParty/lapack-3.3.1/TESTING/LIN'
gfortran -fimplicit-none -shared -fPIC -Wno-argument-mismatch  -c dchkab.f -o dchkab.o
gfortran -fimplicit-none -shared -fPIC -Wno-argument-mismatch  -c ddrvab.f -o ddrvab.o
gfortran -fimplicit-none -shared -fPIC -Wno-argument-mismatch  -c ddrvac.f -o ddrvac.o
gfortran -fimplicit-none -shared -fPIC -Wno-argument-mismatch  -c derrab.f -o derrab.o
gfortran -fimplicit-none -shared -fPIC -Wno-argument-mismatch  -c derrac.f -o derrac.o
gfortran -fimplicit-none -shared -fPIC -Wno-argument-mismatch  -c dget08.f -o dget08.o
gfortran -fimplicit-none -shared -fPIC -Wno-argument-mismatch  -c dpot06.f -o dpot06.o
gfortran    dchkab.o ddrvab.o ddrvac.o derrab.o derrac.o dget08.o alaerh.o alahd.o  aladhd.o alareq.o chkxer.o dlarhs.o dlatb4.o xerbla.o dget02.o dpot06.o \
        ../../libtmglib_gfortran.a ../../liblapack_gfortran.a ../../libblas.a -o xlintstds && mv xlintstds ../xlintstds
gfortran -fimplicit-none -shared -fPIC -Wno-argument-mismatch  -c dchkrfp.f -o dchkrfp.o
gfortran -fimplicit-none -shared -fPIC -Wno-argument-mismatch  -c ddrvrfp.f -o ddrvrfp.o
gfortran -fimplicit-none -shared -fPIC -Wno-argument-mismatch  -c ddrvrf1.f -o ddrvrf1.o
gfortran -fimplicit-none -shared -fPIC -Wno-argument-mismatch  -c ddrvrf2.f -o ddrvrf2.o
gfortran -fimplicit-none -shared -fPIC -Wno-argument-mismatch  -c ddrvrf3.f -o ddrvrf3.o
gfortran -fimplicit-none -shared -fPIC -Wno-argument-mismatch  -c ddrvrf4.f -o ddrvrf4.o
gfortran -fimplicit-none -shared -fPIC -Wno-argument-mismatch  -c derrrfp.f -o derrrfp.o
gfortran    dchkrfp.o ddrvrfp.o ddrvrf1.o ddrvrf2.o ddrvrf3.o ddrvrf4.o derrrfp.o dlatb4.o dlarhs.o dget04.o dpot01.o dpot03.o dpot02.o chkxer.o xerbla.o alaerh.o aladhd.o alahd.o alasvm.o  \
        ../../libtmglib_gfortran.a ../../liblapack_gfortran.a ../../libblas.a -o xlintstrfd && mv xlintstrfd ../xlintstrfd
make[2]: Leaving directory '/home/adityanair/OpenFOAM/adityanair-v2512/applications/utilities/waves2Foam/ThirdParty/lapack-3.3.1/TESTING/LIN'
Testing SINGLE-DOUBLE PRECISION LAPACK prototype linear equation routines
./xlintstds < dstest.in > dstest.out 2>&1
Testing DOUBLE PRECISION LAPACK RFP protoype linear equation routines
./xlintstrfd < dtest_rfp.in > dtest_rfp.out 2>&1
cd LIN ; make proto-complex
make[2]: Entering directory '/home/adityanair/OpenFOAM/adityanair-v2512/applications/utilities/waves2Foam/ThirdParty/lapack-3.3.1/TESTING/LIN'
gfortran -fimplicit-none -shared -fPIC -Wno-argument-mismatch  -c cchkrfp.f -o cchkrfp.o
gfortran -fimplicit-none -shared -fPIC -Wno-argument-mismatch  -c cdrvrfp.f -o cdrvrfp.o
gfortran -fimplicit-none -shared -fPIC -Wno-argument-mismatch  -c cdrvrf1.f -o cdrvrf1.o
gfortran -fimplicit-none -shared -fPIC -Wno-argument-mismatch  -c cdrvrf2.f -o cdrvrf2.o
gfortran -fimplicit-none -shared -fPIC -Wno-argument-mismatch  -c cdrvrf3.f -o cdrvrf3.o
gfortran -fimplicit-none -shared -fPIC -Wno-argument-mismatch  -c cdrvrf4.f -o cdrvrf4.o
gfortran -fimplicit-none -shared -fPIC -Wno-argument-mismatch  -c cerrrfp.f -o cerrrfp.o
gfortran    cchkrfp.o cdrvrfp.o cdrvrf1.o cdrvrf2.o cdrvrf3.o cdrvrf4.o cerrrfp.o claipd.o clatb4.o clarhs.o csbmv.o cget04.o cpot01.o cpot03.o cpot02.o chkxer.o xerbla.o alaerh.o aladhd.o alahd.o alasvm.o  \
        ../../libtmglib_gfortran.a ../../liblapack_gfortran.a ../../libblas.a -o xlintstrfc && mv xlintstrfc ../xlintstrfc
make[2]: Leaving directory '/home/adityanair/OpenFOAM/adityanair-v2512/applications/utilities/waves2Foam/ThirdParty/lapack-3.3.1/TESTING/LIN'
Testing COMPLEX LAPACK RFP protoype linear equation routines
./xlintstrfc < ctest_rfp.in > ctest_rfp.out 2>&1
cd LIN ; make proto-complex16
make[2]: Entering directory '/home/adityanair/OpenFOAM/adityanair-v2512/applications/utilities/waves2Foam/ThirdParty/lapack-3.3.1/TESTING/LIN'
gfortran -fimplicit-none -shared -fPIC -Wno-argument-mismatch  -c zchkab.f -o zchkab.o
gfortran -fimplicit-none -shared -fPIC -Wno-argument-mismatch  -c zdrvab.f -o zdrvab.o
gfortran -fimplicit-none -shared -fPIC -Wno-argument-mismatch  -c zdrvac.f -o zdrvac.o
gfortran -fimplicit-none -shared -fPIC -Wno-argument-mismatch  -c zerrab.f -o zerrab.o
gfortran -fimplicit-none -shared -fPIC -Wno-argument-mismatch  -c zerrac.f -o zerrac.o
gfortran -fimplicit-none -shared -fPIC -Wno-argument-mismatch  -c zget08.f -o zget08.o
gfortran -fimplicit-none -shared -fPIC -Wno-argument-mismatch  -c zpot06.f -o zpot06.o
gfortran    zchkab.o zdrvab.o zdrvac.o zerrab.o zerrac.o zget08.o alaerh.o alahd.o  aladhd.o alareq.o chkxer.o zget02.o zlarhs.o zlatb4.o zsbmv.o  xerbla.o zpot06.o zlaipd.o \
        ../../libtmglib_gfortran.a ../../liblapack_gfortran.a ../../libblas.a -o xlintstzc && mv xlintstzc ../xlintstzc
gfortran -fimplicit-none -shared -fPIC -Wno-argument-mismatch  -c zchkrfp.f -o zchkrfp.o
gfortran -fimplicit-none -shared -fPIC -Wno-argument-mismatch  -c zdrvrfp.f -o zdrvrfp.o
gfortran -fimplicit-none -shared -fPIC -Wno-argument-mismatch  -c zdrvrf1.f -o zdrvrf1.o
gfortran -fimplicit-none -shared -fPIC -Wno-argument-mismatch  -c zdrvrf2.f -o zdrvrf2.o
gfortran -fimplicit-none -shared -fPIC -Wno-argument-mismatch  -c zdrvrf3.f -o zdrvrf3.o
gfortran -fimplicit-none -shared -fPIC -Wno-argument-mismatch  -c zdrvrf4.f -o zdrvrf4.o
gfortran -fimplicit-none -shared -fPIC -Wno-argument-mismatch  -c zerrrfp.f -o zerrrfp.o
gfortran    zchkrfp.o zdrvrfp.o zdrvrf1.o zdrvrf2.o zdrvrf3.o zdrvrf4.o zerrrfp.o zlatb4.o zlaipd.o zlarhs.o zsbmv.o zget04.o zpot01.o zpot03.o zpot02.o chkxer.o xerbla.o alaerh.o aladhd.o alahd.o alasvm.o  \
        ../../libtmglib_gfortran.a ../../liblapack_gfortran.a ../../libblas.a -o xlintstrfz && mv xlintstrfz ../xlintstrfz
make[2]: Leaving directory '/home/adityanair/OpenFOAM/adityanair-v2512/applications/utilities/waves2Foam/ThirdParty/lapack-3.3.1/TESTING/LIN'
Testing COMPLEX-COMPLEX16 LAPACK protoype linear equation routines
./xlintstzc < zctest.in > zctest.out 2>&1
Testing COMPLEX16 LAPACK RFP protoype linear equation routines
./xlintstrfz < ztest_rfp.in > ztest_rfp.out 2>&1
make[1]: Leaving directory '/home/adityanair/OpenFOAM/adityanair-v2512/applications/utilities/waves2Foam/ThirdParty/lapack-3.3.1/TESTING'
( cd BLAS/TESTING; make -f Makeblat1 )
make[1]: Entering directory '/home/adityanair/OpenFOAM/adityanair-v2512/applications/utilities/waves2Foam/ThirdParty/lapack-3.3.1/BLAS/TESTING'
gfortran -fimplicit-none -shared -fPIC -Wno-argument-mismatch  -c sblat1.f -o sblat1.o
gfortran   sblat1.o  \
        ../../libblas.a  -o ../xblat1s
gfortran -fimplicit-none -shared -fPIC -Wno-argument-mismatch  -c dblat1.f -o dblat1.o
gfortran   dblat1.o  \
        ../../libblas.a  -o ../xblat1d
gfortran -fimplicit-none -shared -fPIC -Wno-argument-mismatch  -c cblat1.f -o cblat1.o
gfortran   cblat1.o  \
        ../../libblas.a  -o ../xblat1c
gfortran -fimplicit-none -shared -fPIC -Wno-argument-mismatch  -c zblat1.f -o zblat1.o
gfortran   zblat1.o \
        ../../libblas.a  -o ../xblat1z
make[1]: Leaving directory '/home/adityanair/OpenFOAM/adityanair-v2512/applications/utilities/waves2Foam/ThirdParty/lapack-3.3.1/BLAS/TESTING'
( cd BLAS; ./xblat1s > sblat1.out    ; \
           ./xblat1d > dblat1.out    ; \
           ./xblat1c > cblat1.out    ; \
           ./xblat1z > zblat1.out    ) 
( cd BLAS/TESTING; make -f Makeblat2 )
make[1]: Entering directory '/home/adityanair/OpenFOAM/adityanair-v2512/applications/utilities/waves2Foam/ThirdParty/lapack-3.3.1/BLAS/TESTING'
gfortran -fimplicit-none -shared -fPIC -Wno-argument-mismatch  -c sblat2.f -o sblat2.o
gfortran   sblat2.o  \
        ../../libblas.a  -o ../xblat2s
gfortran -fimplicit-none -shared -fPIC -Wno-argument-mismatch  -c dblat2.f -o dblat2.o
gfortran   dblat2.o  \
        ../../libblas.a  -o ../xblat2d
gfortran -fimplicit-none -shared -fPIC -Wno-argument-mismatch  -c cblat2.f -o cblat2.o
gfortran   cblat2.o  \
        ../../libblas.a  -o ../xblat2c
gfortran -fimplicit-none -shared -fPIC -Wno-argument-mismatch  -c zblat2.f -o zblat2.o
gfortran   zblat2.o \
        ../../libblas.a  -o ../xblat2z
make[1]: Leaving directory '/home/adityanair/OpenFOAM/adityanair-v2512/applications/utilities/waves2Foam/ThirdParty/lapack-3.3.1/BLAS/TESTING'
( cd BLAS; ./xblat2s < sblat2.in     ; \
           ./xblat2d < dblat2.in     ; \
           ./xblat2c < cblat2.in     ; \
           ./xblat2z < zblat2.in     )
( cd BLAS/TESTING; make -f Makeblat3 )
make[1]: Entering directory '/home/adityanair/OpenFOAM/adityanair-v2512/applications/utilities/waves2Foam/ThirdParty/lapack-3.3.1/BLAS/TESTING'
gfortran -fimplicit-none -shared -fPIC -Wno-argument-mismatch  -c sblat3.f -o sblat3.o
gfortran   sblat3.o \
        ../../libblas.a -o ../xblat3s
gfortran -fimplicit-none -shared -fPIC -Wno-argument-mismatch  -c dblat3.f -o dblat3.o
gfortran   dblat3.o  \
        ../../libblas.a -o ../xblat3d
gfortran -fimplicit-none -shared -fPIC -Wno-argument-mismatch  -c cblat3.f -o cblat3.o
gfortran   cblat3.o  \
        ../../libblas.a -o ../xblat3c
gfortran -fimplicit-none -shared -fPIC -Wno-argument-mismatch  -c zblat3.f -o zblat3.o
gfortran   zblat3.o \
        ../../libblas.a -o ../xblat3z
make[1]: Leaving directory '/home/adityanair/OpenFOAM/adityanair-v2512/applications/utilities/waves2Foam/ThirdParty/lapack-3.3.1/BLAS/TESTING'
( cd BLAS; ./xblat3s < sblat3.in     ; \
           ./xblat3d < dblat3.in     ; \
           ./xblat3c < cblat3.in     ; \
           ./xblat3z < zblat3.in     ) 
cp *.a ../lib/
=====================================
    COMPILE SPARSKIT2
=====================================
cleaning .
cleaning BLASSM
cleaning FORMATS
cleaning INFO
cleaning INOUT
cleaning ITSOL
cleaning MATGEN/FDIF
cleaning MATGEN/FEM
cleaning MATGEN/MISC
cleaning ORDERINGS
cleaning UNSUPP/BLAS1
cleaning UNSUPP/MATEXP
cleaning UNSUPP/PLOTS
(cd BLASSM ; gfortran -Wno-argument-mismatch  -c -g -shared -fPIC blassm.f)
blassm.f:732:72:

  732 |  2       c(k) = c(k)*s
      |                                                                        1
Warning: Fortran 2018 deleted feature: DO termination statement which is not END DO or CONTINUE with label 2 at (1)
(cd BLASSM ; gfortran -Wno-argument-mismatch  -c -g -shared -fPIC matvec.f)
(cd FORMATS ; gfortran -Wno-argument-mismatch  -c -g -shared -fPIC formats.f)
formats.f:2884:72:

 2884 |          do 4 innz =1,n
      |                                                                        1
Warning: Fortran 2018 deleted feature: Shared DO termination label 4 at (1)
(cd FORMATS ; gfortran -Wno-argument-mismatch  -c -g -shared -fPIC unary.f)
unary.f:1983:72:

 1983 |  111        t = t+a(k)*a(k)
      |                                                                        1
Warning: Fortran 2018 deleted feature: DO termination statement which is not END DO or CONTINUE with label 111 at (1)
unary.f:1984:72:

 1984 |  110        diag(j) = sqrt(t)
      |                                                                        1
Warning: Fortran 2018 deleted feature: DO termination statement which is not END DO or CONTINUE with label 110 at (1)
(cd INFO ; gfortran -Wno-argument-mismatch  -c -g -shared -fPIC infofun.f)
(cd INOUT; gfortran -Wno-argument-mismatch  -c -g -shared -fPIC inout.f)
inout.f:358:72:

  358 |          assign 101 to ix
      |                                                                        1
Warning: Deleted feature: ASSIGN statement at (1)
inout.f:360:72:

  360 |          assign 100 to ix
      |                                                                        1
Warning: Deleted feature: ASSIGN statement at (1)
inout.f:387:72:

  387 |             assign 102 to ix
      |                                                                        1
Warning: Deleted feature: ASSIGN statement at (1)
inout.f:389:72:

  389 |             assign 103 to ix
      |                                                                        1
Warning: Deleted feature: ASSIGN statement at (1)
inout.f:391:72:

  391 |             assign 104 to ix
      |                                                                        1
Warning: Deleted feature: ASSIGN statement at (1)
inout.f:405:72:

  405 |         assign 105 to ix
      |                                                                        1
Warning: Deleted feature: ASSIGN statement at (1)
inout.f:407:72:

  407 |         assign 106 to ix
      |                                                                        1
Warning: Deleted feature: ASSIGN statement at (1)
inout.f:409:72:

  409 |         assign 107 to ix
      |                                                                        1
Warning: Deleted feature: ASSIGN statement at (1)
inout.f:413:72:

  413 |         assign 108 to ix
      |                                                                        1
Warning: Deleted feature: ASSIGN statement at (1)
inout.f:415:72:

  415 |         assign 109 to ix
      |                                                                        1
Warning: Deleted feature: ASSIGN statement at (1)
inout.f:417:72:

  417 |                assign 110 to ix
      |                                                                        1
Warning: Deleted feature: ASSIGN statement at (1)
inout.f:1307:72:

 1307 |          assign 101 to ix
      |                                                                        1
Warning: Deleted feature: ASSIGN statement at (1)
inout.f:1309:72:

 1309 |          assign 100 to ix
      |                                                                        1
Warning: Deleted feature: ASSIGN statement at (1)
inout.f:1330:72:

 1330 |             assign 102 to ix
      |                                                                        1
Warning: Deleted feature: ASSIGN statement at (1)
inout.f:1332:72:

 1332 |             assign 103 to ix
      |                                                                        1
Warning: Deleted feature: ASSIGN statement at (1)
inout.f:1334:72:

 1334 |             assign 104 to ix
      |                                                                        1
Warning: Deleted feature: ASSIGN statement at (1)
inout.f:1348:72:

 1348 |         assign 105 to ix
      |                                                                        1
Warning: Deleted feature: ASSIGN statement at (1)
inout.f:1350:72:

 1350 |         assign 106 to ix
      |                                                                        1
Warning: Deleted feature: ASSIGN statement at (1)
inout.f:1352:72:

 1352 |         assign 107 to ix
      |                                                                        1
Warning: Deleted feature: ASSIGN statement at (1)
inout.f:1356:72:

 1356 |         assign 108 to ix
      |                                                                        1
Warning: Deleted feature: ASSIGN statement at (1)
inout.f:1358:72:

 1358 |         assign 109 to ix
      |                                                                        1
Warning: Deleted feature: ASSIGN statement at (1)
inout.f:1360:72:

 1360 |                assign 110 to ix
      |                                                                        1
Warning: Deleted feature: ASSIGN statement at (1)
inout.f:362:20:

  362 |       write (ptrfmt,ix) nperli,len
      |                    1
Warning: Deleted feature: ASSIGNED variable in FORMAT tag at (1)
inout.f:394:22:

  394 |          write(valfmt,ix) nperli,len,ifmt
      |                      1
Warning: Deleted feature: ASSIGNED variable in FORMAT tag at (1)
inout.f:421:22:

  421 |          write(valfmt,ix) nperli,len,ifmt
      |                      1
Warning: Deleted feature: ASSIGNED variable in FORMAT tag at (1)
inout.f:1311:20:

 1311 |       write (ptrfmt,ix) nperli,len
      |                    1
Warning: Deleted feature: ASSIGNED variable in FORMAT tag at (1)
inout.f:1337:22:

 1337 |          write(valfmt,ix) nperli,len,ifmt
      |                      1
Warning: Deleted feature: ASSIGNED variable in FORMAT tag at (1)
inout.f:1364:22:

 1364 |          write(valfmt,ix) nperli,len,ifmt
      |                      1
Warning: Deleted feature: ASSIGNED variable in FORMAT tag at (1)
(cd ITSOL; gfortran -Wno-argument-mismatch  -c -g -shared -fPIC ilut.f)
ilut.f:1902:72:

 1902 |  201          iw(jlu(i)) = 0
      |                                                                        1
Warning: Fortran 2018 deleted feature: DO termination statement which is not END DO or CONTINUE with label 201 at (1)
ilut.f:1969:72:

 1969 |  31           iw(i) = 0
      |                                                                        1
Warning: Fortran 2018 deleted feature: DO termination statement which is not END DO or CONTINUE with label 31 at (1)
ilut.f:2020:72:

 2020 |  201          iw(jlu(i)) = 0
      |                                                                        1
Warning: Fortran 2018 deleted feature: DO termination statement which is not END DO or CONTINUE with label 201 at (1)
(cd ITSOL; gfortran -Wno-argument-mismatch  -c -g -shared -fPIC iters.f)
(cd MATGEN/FDIF ; gfortran -Wno-argument-mismatch  -c -g -shared -fPIC genmat.f)
(cd MATGEN/FEM ; gfortran -Wno-argument-mismatch  -c -g -shared -fPIC elmtlib2.f)
elmtlib2.f:244:72:

  244 |  do 100 j=1, nx
      |                                                                        1
Warning: Fortran 2018 deleted feature: Shared DO termination label 100 at (1)
elmtlib2.f:890:72:

  890 |           DO 60 JE=IE+1,NELMNT+NEWEL
      |                                                                        1
Warning: Fortran 2018 deleted feature: Shared DO termination label 60 at (1)
elmtlib2.f:893:72:

  893 |           DO 50 L=1,3
      |                                                                        1
Warning: Fortran 2018 deleted feature: Shared DO termination label 50 at (1)
elmtlib2.f:911:72:

  911 |           DO 80 K=1,3
      |                                                                        1
Warning: Fortran 2018 deleted feature: Shared DO termination label 80 at (1)
elmtlib2.f:932:72:

  932 |           DO 120 K=1,3
      |                                                                        1
Warning: Fortran 2018 deleted feature: Shared DO termination label 120 at (1)
elmtlib2.f:968:72:

  968 |  do 200 j=1,3
      |                                                                        1
Warning: Fortran 2018 deleted feature: Shared DO termination label 200 at (1)
elmtlib2.f:978:72:

  978 |  do 100 j=1,3
      |                                                                        1
Warning: Fortran 2018 deleted feature: Shared DO termination label 100 at (1)
elmtlib2.f:981:72:

  981 |  do 102 l=1,2
      |                                                                        1
Warning: Fortran 2018 deleted feature: Shared DO termination label 102 at (1)
elmtlib2.f:982:72:

  982 |  102 t = t+xyke(k,l)*dn(i,k)*dn(j,l)
      |                                                                        1
Warning: Fortran 2018 deleted feature: DO termination statement which is not END DO or CONTINUE with label 102 at (1)
elmtlib2.f:983:72:

  983 |  100 ske(i,j) = t*area
      |                                                                        1
Warning: Fortran 2018 deleted feature: DO termination statement which is not END DO or CONTINUE with label 100 at (1)
elmtlib2.f:470:19:

  469 |       do j=2, nx+1
      |                                                                        2
  470 |         ksavn = ia(j)
      |                   1
Warning: Array reference at (1) out of bounds (2 > 1) in loop beginning at (2)
elmtlib2.f:471:11:

  469 |       do j=2, nx+1
      |                                                                        2
  470 |         ksavn = ia(j)
  471 |         ia(j) = ia(j-1) +  ksav
      |           1
Warning: Array reference at (1) out of bounds (2 > 1) in loop beginning at (2)
elmtlib2.f:548:16:

  546 |       do i=1, nx
      |                                                                        2
  547 |         ista=ia(i)
  548 |         isto=ia(i+1)-1
      |                1
Warning: Array reference at (1) out of bounds (2 > 1) in loop beginning at (2)
elmtlib2.f:559:16:

  558 |       do i=2, nx
      |                                                                        2
  559 |         ksav=ia(i)
      |                1
Warning: Array reference at (1) out of bounds (2 > 1) in loop beginning at (2)
elmtlib2.f:560:11:

  558 |       do i=2, nx
      |                                                                        2
  559 |         ksav=ia(i)
  560 |         ia(i)=ia(i-1)+iwk(i-1)
      |           1
Warning: Array reference at (1) out of bounds (2 > 1) in loop beginning at (2)
elmtlib2.f:561:17:

  558 |       do i=2, nx
      |                                                                        2
......
  561 |         ksavn=ia(i)
      |                 1
Warning: Array reference at (1) out of bounds (2 > 1) in loop beginning at (2)
elmtlib2.f:562:20:

  558 |       do i=2, nx
      |                                                                        2
......
  562 |         do j=0, iwk(i)-1
      |                    1
Warning: Array reference at (1) out of bounds (2 > 1) in loop beginning at (2)
elmtlib2.f:645:20:

  644 |       do j=2, nx+1
      |                                                                        2
  645 |         ksavn = iwk(j)
      |                    1
Warning: Array reference at (1) out of bounds (2 > 1) in loop beginning at (2)
elmtlib2.f:646:12:

  644 |       do j=2, nx+1
      |                                                                        2
  645 |         ksavn = iwk(j)
  646 |         iwk(j) = iwk(j-1) +  ksav
      |            1
Warning: Array reference at (1) out of bounds (2 > 1) in loop beginning at (2)
elmtlib2.f:663:12:

  662 |       do i=nx+1,2,-1
      |                                                                        2
  663 |         iwk(i)=iwk(i-1)
      |            1
Warning: Array reference at (1) out of bounds (2 > 1) in loop beginning at (2)
elmtlib2.f:672:25:

  670 |       do i=1,nx
      |                                                                        2
  671 |         kwk(i)=i
  672 |         do j=iwk(i), iwk(i+1)-1
      |                         1
Warning: Array reference at (1) out of bounds (2 > 1) in loop beginning at (2)
elmtlib2.f:681:11:

  670 |       do i=1,nx
      |                                                                        2
......
  681 |         ia(i+1)=nedges
      |           1
Warning: Array reference at (1) out of bounds (2 > 1) in loop beginning at (2)
elmtlib2.f:684:11:

  683 |       do i=2,nx+1
      |                                                                        2
  684 |         ia(i)=ia(i)+i-1
      |           1
Warning: Array reference at (1) out of bounds (2 > 1) in loop beginning at (2)
elmtlib2.f:684:17:

  683 |       do i=2,nx+1
      |                                                                        2
  684 |         ia(i)=ia(i)+i-1
      |                 1
Warning: Array reference at (1) out of bounds (2 > 1) in loop beginning at (2)
elmtlib2.f:686:12:

  683 |       do i=2,nx+1
      |                                                                        2
......
  686 |         jwk(i)=0
      |            1
Warning: Array reference at (1) out of bounds (2 > 1) in loop beginning at (2)
(cd MATGEN/FEM ; gfortran -Wno-argument-mismatch  -c -g -shared -fPIC femgen.f)
(cd MATGEN/FEM ; gfortran -Wno-argument-mismatch  -c -g -shared -fPIC meshes.f)
(cd MATGEN/MISC ; gfortran -Wno-argument-mismatch  -c -g -shared -fPIC sobel.f)
(cd MATGEN/MISC ; gfortran -Wno-argument-mismatch  -c -g -shared -fPIC zlatev.f)
zlatev.f:138:72:

  138 | 20    RNR(I) = I
      |                                                                        1
Warning: Fortran 2018 deleted feature: DO termination statement which is not END DO or CONTINUE with label 20 at (1)
zlatev.f:148:72:

  148 | 22    RNR(NZ + I) = I
      |                                                                        1
Warning: Fortran 2018 deleted feature: DO termination statement which is not END DO or CONTINUE with label 22 at (1)
zlatev.f:149:72:

  149 | 21    NZ = NZ + N
      |                                                                        1
Warning: Fortran 2018 deleted feature: DO termination statement which is not END DO or CONTINUE with label 21 at (1)
zlatev.f:174:72:

  174 | 30    RNR(NZ + I) = N2 + I
      |                                                                        1
Warning: Fortran 2018 deleted feature: DO termination statement which is not END DO or CONTINUE with label 30 at (1)
zlatev.f:184:72:

  184 | 42    RNR(NZ + I) = N2 + I
      |                                                                        1
Warning: Fortran 2018 deleted feature: DO termination statement which is not END DO or CONTINUE with label 42 at (1)
zlatev.f:185:72:

  185 | 41    NZ = NZ +M2
      |                                                                        1
Warning: Fortran 2018 deleted feature: DO termination statement which is not END DO or CONTINUE with label 41 at (1)
(cd ORDERINGS ; gfortran -Wno-argument-mismatch  -c -g -shared -fPIC ccn.f)
(cd ORDERINGS ; gfortran -Wno-argument-mismatch  -c -g -shared -fPIC color.f)
color.f:380:72:

  380 |  100     ipos = iptrm1
      |                                                                        1
Warning: Fortran 2018 deleted feature: DO termination statement which is not END DO or CONTINUE with label 100 at (1)
color.f:541:72:

  541 |  100     ipos = iptrm1
      |                                                                        1
Warning: Fortran 2018 deleted feature: DO termination statement which is not END DO or CONTINUE with label 100 at (1)
(cd ORDERINGS ; gfortran -Wno-argument-mismatch  -c -g -shared -fPIC dsepart.f)
ar -rcv  libskit_gfortran.a  BLASSM/blassm.o BLASSM/matvec.o FORMATS/formats.o FORMATS/unary.o INFO/infofun.o INOUT/inout.o ITSOL/ilut.o ITSOL/iters.o MATGEN/FDIF/genmat.o MATGEN/FEM/elmtlib2.o MATGEN/FEM/femgen.o MATGEN/FEM/meshes.o MATGEN/MISC/sobel.o MATGEN/MISC/zlatev.o ORDERINGS/ccn.o ORDERINGS/color.o ORDERINGS/dsepart.o 
a - BLASSM/blassm.o
a - BLASSM/matvec.o
a - FORMATS/formats.o
a - FORMATS/unary.o
a - INFO/infofun.o
a - INOUT/inout.o
a - ITSOL/ilut.o
a - ITSOL/iters.o
a - MATGEN/FDIF/genmat.o
a - MATGEN/FEM/elmtlib2.o
a - MATGEN/FEM/femgen.o
a - MATGEN/FEM/meshes.o
a - MATGEN/MISC/sobel.o
a - MATGEN/MISC/zlatev.o
a - ORDERINGS/ccn.o
a - ORDERINGS/color.o
a - ORDERINGS/dsepart.o
=====================================
    COMPILE OCEANWAVE3D
=====================================

Cloning the OceanWave3D git repository ...
Cloning into 'OceanWave3D-Fortran90'...

Set the environmental variables for waves2Foam
Exiting compilation process

