=====================================
    COMPILE LAPACK-3.3.1
=====================================

lapack-3.3.1 has already been compiled

=====================================
    COMPILE SPARSKIT2
=====================================

SPARSKIT2 has already been compiled

=====================================
    COMPILE OCEANWAVE3D
=====================================

Pull changes from the OceanWave3D git repository ...
Saved working directory and index state WIP on master: bb7d99e bug fix for calling OceanWave3D
Already up-to-date.
On branch master
Your branch is up-to-date with 'origin/master'.

Changes not staged for commit:
  (use "git add <file>..." to update what will be committed)
  (use "git restore <file>..." to discard changes in working directory)
	modified:   common.mk
	modified:   makefile

no changes added to commit (use "git add" and/or "git commit -a")
Dropped refs/stash@{0} (e3aa76c6533f01ef76a2acb6143ef149d069a988)
rm -f /home/adityanair/OpenFOAM/adityanair-v2512/applications/utilities/waves2Foam/ThirdParty/OceanWave3D-Fortran90/../build/*.o 
rm -f /home/adityanair/OpenFOAM/adityanair-v2512/applications/utilities/waves2Foam/ThirdParty/OceanWave3D-Fortran90/../build/*.mod 
rm -f /home/adityanair/OpenFOAM/adityanair-v2512/platforms/linux64GccDPInt32Opt/bin/OceanWave3D
ls: mv: cannot access '*.mod'cannot stat '*.mod': No such file or directory
: No such file or directory
'thirdpartylibs/LIB_VTK_IO/static/lib_vtk_io.mod' -> '/home/adityanair/OpenFOAM/adityanair-v2512/applications/utilities/waves2Foam/ThirdParty/OceanWave3D-Fortran90/../build/lib_vtk_io.mod'
gfortran -O3 -fPIC -ffpe-trap=invalid,zero,overflow -ffree-line-length-none -fstack-protector-all -c src/variabledefs/precision.f90 -o /home/adityanair/OpenFOAM/adityanair-v2512/applications/utilities/waves2Foam/ThirdParty/OceanWave3D-Fortran90/../build/precision.o -I/home/adityanair/OpenFOAM/adityanair-v2512/applications/utilities/waves2Foam/ThirdParty/OceanWave3D-Fortran90/../build
precision.mod
renamed 'precision.mod' -> '/home/adityanair/OpenFOAM/adityanair-v2512/applications/utilities/waves2Foam/ThirdParty/OceanWave3D-Fortran90/../build/precision.mod'
'thirdpartylibs/LIB_VTK_IO/static/lib_vtk_io.mod' -> '/home/adityanair/OpenFOAM/adityanair-v2512/applications/utilities/waves2Foam/ThirdParty/OceanWave3D-Fortran90/../build/lib_vtk_io.mod'
gfortran -O3 -fPIC -ffpe-trap=invalid,zero,overflow -ffree-line-length-none -fstack-protector-all -c src/variabledefs/constants.f90 -o /home/adityanair/OpenFOAM/adityanair-v2512/applications/utilities/waves2Foam/ThirdParty/OceanWave3D-Fortran90/../build/constants.o -I/home/adityanair/OpenFOAM/adityanair-v2512/applications/utilities/waves2Foam/ThirdParty/OceanWave3D-Fortran90/../build
constants.mod
renamed 'constants.mod' -> '/home/adityanair/OpenFOAM/adityanair-v2512/applications/utilities/waves2Foam/ThirdParty/OceanWave3D-Fortran90/../build/constants.mod'
'thirdpartylibs/LIB_VTK_IO/static/lib_vtk_io.mod' -> '/home/adityanair/OpenFOAM/adityanair-v2512/applications/utilities/waves2Foam/ThirdParty/OceanWave3D-Fortran90/../build/lib_vtk_io.mod'
gfortran -O3 -fPIC -ffpe-trap=invalid,zero,overflow -ffree-line-length-none -fstack-protector-all -c src/variabledefs/datatypes.f90 -o /home/adityanair/OpenFOAM/adityanair-v2512/applications/utilities/waves2Foam/ThirdParty/OceanWave3D-Fortran90/../build/datatypes.o -I/home/adityanair/OpenFOAM/adityanair-v2512/applications/utilities/waves2Foam/ThirdParty/OceanWave3D-Fortran90/../build
datatypes.mod
renamed 'datatypes.mod' -> '/home/adityanair/OpenFOAM/adityanair-v2512/applications/utilities/waves2Foam/ThirdParty/OceanWave3D-Fortran90/../build/datatypes.mod'
'thirdpartylibs/LIB_VTK_IO/static/lib_vtk_io.mod' -> '/home/adityanair/OpenFOAM/adityanair-v2512/applications/utilities/waves2Foam/ThirdParty/OceanWave3D-Fortran90/../build/lib_vtk_io.mod'
gfortran -O3 -fPIC -ffpe-trap=invalid,zero,overflow -ffree-line-length-none -fstack-protector-all -c src/variabledefs/HSL_LU.f90 -o /home/adityanair/OpenFOAM/adityanair-v2512/applications/utilities/waves2Foam/ThirdParty/OceanWave3D-Fortran90/../build/HSL_LU.o -I/home/adityanair/OpenFOAM/adityanair-v2512/applications/utilities/waves2Foam/ThirdParty/OceanWave3D-Fortran90/../build
hsl_lu.mod
renamed 'hsl_lu.mod' -> '/home/adityanair/OpenFOAM/adityanair-v2512/applications/utilities/waves2Foam/ThirdParty/OceanWave3D-Fortran90/../build/hsl_lu.mod'
'thirdpartylibs/LIB_VTK_IO/static/lib_vtk_io.mod' -> '/home/adityanair/OpenFOAM/adityanair-v2512/applications/utilities/waves2Foam/ThirdParty/OceanWave3D-Fortran90/../build/lib_vtk_io.mod'
gfortran -O3 -fPIC -ffpe-trap=invalid,zero,overflow -ffree-line-length-none -fstack-protector-all -c src/variabledefs/OFmodule.f90 -o /home/adityanair/OpenFOAM/adityanair-v2512/applications/utilities/waves2Foam/ThirdParty/OceanWave3D-Fortran90/../build/OFmodule.o -I/home/adityanair/OpenFOAM/adityanair-v2512/applications/utilities/waves2Foam/ThirdParty/OceanWave3D-Fortran90/../build
ofmodule.mod
renamed 'ofmodule.mod' -> '/home/adityanair/OpenFOAM/adityanair-v2512/applications/utilities/waves2Foam/ThirdParty/OceanWave3D-Fortran90/../build/ofmodule.mod'
'thirdpartylibs/LIB_VTK_IO/static/lib_vtk_io.mod' -> '/home/adityanair/OpenFOAM/adityanair-v2512/applications/utilities/waves2Foam/ThirdParty/OceanWave3D-Fortran90/../build/lib_vtk_io.mod'
gfortran -O3 -fPIC -ffpe-trap=invalid,zero,overflow -ffree-line-length-none -fstack-protector-all -c src/variabledefs/globalvariables.f90 -o /home/adityanair/OpenFOAM/adityanair-v2512/applications/utilities/waves2Foam/ThirdParty/OceanWave3D-Fortran90/../build/globalvariables.o -I/home/adityanair/OpenFOAM/adityanair-v2512/applications/utilities/waves2Foam/ThirdParty/OceanWave3D-Fortran90/../build
globalvariables.mod
renamed 'globalvariables.mod' -> '/home/adityanair/OpenFOAM/adityanair-v2512/applications/utilities/waves2Foam/ThirdParty/OceanWave3D-Fortran90/../build/globalvariables.mod'
'thirdpartylibs/LIB_VTK_IO/static/lib_vtk_io.mod' -> '/home/adityanair/OpenFOAM/adityanair-v2512/applications/utilities/waves2Foam/ThirdParty/OceanWave3D-Fortran90/../build/lib_vtk_io.mod'
gfortran -O3 -fPIC -ffpe-trap=invalid,zero,overflow -ffree-line-length-none -fstack-protector-all -c src/variabledefs/pdamp_CSR.f90 -o /home/adityanair/OpenFOAM/adityanair-v2512/applications/utilities/waves2Foam/ThirdParty/OceanWave3D-Fortran90/../build/pdamp_CSR.o -I/home/adityanair/OpenFOAM/adityanair-v2512/applications/utilities/waves2Foam/ThirdParty/OceanWave3D-Fortran90/../build
pdamp_csr.mod
renamed 'pdamp_csr.mod' -> '/home/adityanair/OpenFOAM/adityanair-v2512/applications/utilities/waves2Foam/ThirdParty/OceanWave3D-Fortran90/../build/pdamp_csr.mod'
'thirdpartylibs/LIB_VTK_IO/static/lib_vtk_io.mod' -> '/home/adityanair/OpenFOAM/adityanair-v2512/applications/utilities/waves2Foam/ThirdParty/OceanWave3D-Fortran90/../build/lib_vtk_io.mod'
gfortran -O3 -fPIC -ffpe-trap=invalid,zero,overflow -ffree-line-length-none -fstack-protector-all -c src/variabledefs/SPK.f90 -o /home/adityanair/OpenFOAM/adityanair-v2512/applications/utilities/waves2Foam/ThirdParty/OceanWave3D-Fortran90/../build/SPK.o -I/home/adityanair/OpenFOAM/adityanair-v2512/applications/utilities/waves2Foam/ThirdParty/OceanWave3D-Fortran90/../build
renamed 'spk.mod' -> '/home/adityanair/OpenFOAM/adityanair-v2512/applications/utilities/waves2Foam/ThirdParty/OceanWave3D-Fortran90/../build/spk.mod'
ls: cannot access 'spk.mod': No such file or directory
'thirdpartylibs/LIB_VTK_IO/static/lib_vtk_io.mod' -> '/home/adityanair/OpenFOAM/adityanair-v2512/applications/utilities/waves2Foam/ThirdParty/OceanWave3D-Fortran90/../build/lib_vtk_io.mod'
gfortran -O3 -fPIC -ffpe-trap=invalid,zero,overflow -ffree-line-length-none -fstack-protector-all -c src/utilities/ErfAux.f90 -o /home/adityanair/OpenFOAM/adityanair-v2512/applications/utilities/waves2Foam/ThirdParty/OceanWave3D-Fortran90/../build/ErfAux.o -I/home/adityanair/OpenFOAM/adityanair-v2512/applications/utilities/waves2Foam/ThirdParty/OceanWave3D-Fortran90/../build
erf_auxilliary.mod
renamed 'erf_auxilliary.mod' -> '/home/adityanair/OpenFOAM/adityanair-v2512/applications/utilities/waves2Foam/ThirdParty/OceanWave3D-Fortran90/../build/erf_auxilliary.mod'
'thirdpartylibs/LIB_VTK_IO/static/lib_vtk_io.mod' -> '/home/adityanair/OpenFOAM/adityanair-v2512/applications/utilities/waves2Foam/ThirdParty/OceanWave3D-Fortran90/../build/lib_vtk_io.mod'
gfortran -O3 -fPIC -ffpe-trap=invalid,zero,overflow -ffree-line-length-none -fstack-protector-all -c src/utilities/ErfReal.f90 -o /home/adityanair/OpenFOAM/adityanair-v2512/applications/utilities/waves2Foam/ThirdParty/OceanWave3D-Fortran90/../build/ErfReal.o -I/home/adityanair/OpenFOAM/adityanair-v2512/applications/utilities/waves2Foam/ThirdParty/OceanWave3D-Fortran90/../build
error_function.mod
renamed 'error_function.mod' -> '/home/adityanair/OpenFOAM/adityanair-v2512/applications/utilities/waves2Foam/ThirdParty/OceanWave3D-Fortran90/../build/error_function.mod'
'thirdpartylibs/LIB_VTK_IO/static/lib_vtk_io.mod' -> '/home/adityanair/OpenFOAM/adityanair-v2512/applications/utilities/waves2Foam/ThirdParty/OceanWave3D-Fortran90/../build/lib_vtk_io.mod'
gfortran -O3 -fPIC -ffpe-trap=invalid,zero,overflow -ffree-line-length-none -fstack-protector-all -c src/utilities/DetectBreaking.f90 -o /home/adityanair/OpenFOAM/adityanair-v2512/applications/utilities/waves2Foam/ThirdParty/OceanWave3D-Fortran90/../build/DetectBreaking.o -I/home/adityanair/OpenFOAM/adityanair-v2512/applications/utilities/waves2Foam/ThirdParty/OceanWave3D-Fortran90/../build
mv: cannot stat '*.mod': No such file or directory
ls: cannot access '*.mod': No such file or directory
'thirdpartylibs/LIB_VTK_IO/static/lib_vtk_io.mod' -> '/home/adityanair/OpenFOAM/adityanair-v2512/applications/utilities/waves2Foam/ThirdParty/OceanWave3D-Fortran90/../build/lib_vtk_io.mod'
gfortran -O3 -fPIC -ffpe-trap=invalid,zero,overflow -ffree-line-length-none -fstack-protector-all -c src/utilities/GASDEV.f90 -o /home/adityanair/OpenFOAM/adityanair-v2512/applications/utilities/waves2Foam/ThirdParty/OceanWave3D-Fortran90/../build/GASDEV.o -I/home/adityanair/OpenFOAM/adityanair-v2512/applications/utilities/waves2Foam/ThirdParty/OceanWave3D-Fortran90/../build
ls: cannot access '*.mod': No such file or directory
mv: cannot stat '*.mod': No such file or directory
'thirdpartylibs/LIB_VTK_IO/static/lib_vtk_io.mod' -> '/home/adityanair/OpenFOAM/adityanair-v2512/applications/utilities/waves2Foam/ThirdParty/OceanWave3D-Fortran90/../build/lib_vtk_io.mod'
gfortran -O3 -fPIC -ffpe-trap=invalid,zero,overflow -ffree-line-length-none -fstack-protector-all -c src/utilities/JONSWAP_spectrum.f90 -o /home/adityanair/OpenFOAM/adityanair-v2512/applications/utilities/waves2Foam/ThirdParty/OceanWave3D-Fortran90/../build/JONSWAP_spectrum.o -I/home/adityanair/OpenFOAM/adityanair-v2512/applications/utilities/waves2Foam/ThirdParty/OceanWave3D-Fortran90/../build
ls: cannot access '*.mod'mv: cannot stat '*.mod': No such file or directory
: No such file or directory
'thirdpartylibs/LIB_VTK_IO/static/lib_vtk_io.mod' -> '/home/adityanair/OpenFOAM/adityanair-v2512/applications/utilities/waves2Foam/ThirdParty/OceanWave3D-Fortran90/../build/lib_vtk_io.mod'
gfortran -O3 -fPIC -ffpe-trap=invalid,zero,overflow -ffree-line-length-none -fstack-protector-all -c src/utilities/PM_spectrum.f90 -o /home/adityanair/OpenFOAM/adityanair-v2512/applications/utilities/waves2Foam/ThirdParty/OceanWave3D-Fortran90/../build/PM_spectrum.o -I/home/adityanair/OpenFOAM/adityanair-v2512/applications/utilities/waves2Foam/ThirdParty/OceanWave3D-Fortran90/../build
mv: cannot stat '*.mod': No such file or directory
ls: cannot access '*.mod': No such file or directory
'thirdpartylibs/LIB_VTK_IO/static/lib_vtk_io.mod' -> '/home/adityanair/OpenFOAM/adityanair-v2512/applications/utilities/waves2Foam/ThirdParty/OceanWave3D-Fortran90/../build/lib_vtk_io.mod'
gfortran -O3 -fPIC -ffpe-trap=invalid,zero,overflow -ffree-line-length-none -fstack-protector-all -c src/utilities/RAN1_b.f90 -o /home/adityanair/OpenFOAM/adityanair-v2512/applications/utilities/waves2Foam/ThirdParty/OceanWave3D-Fortran90/../build/RAN1_b.o -I/home/adityanair/OpenFOAM/adityanair-v2512/applications/utilities/waves2Foam/ThirdParty/OceanWave3D-Fortran90/../build
mv: cannot stat '*.mod': No such file or directory
ls: cannot access '*.mod': No such file or directory
'thirdpartylibs/LIB_VTK_IO/static/lib_vtk_io.mod' -> '/home/adityanair/OpenFOAM/adityanair-v2512/applications/utilities/waves2Foam/ThirdParty/OceanWave3D-Fortran90/../build/lib_vtk_io.mod'
gfortran -O3 -fPIC -ffpe-trap=invalid,zero,overflow -ffree-line-length-none -fstack-protector-all -c src/utilities/build_coeff.f90 -o /home/adityanair/OpenFOAM/adityanair-v2512/applications/utilities/waves2Foam/ThirdParty/OceanWave3D-Fortran90/../build/build_coeff.o -I/home/adityanair/OpenFOAM/adityanair-v2512/applications/utilities/waves2Foam/ThirdParty/OceanWave3D-Fortran90/../build
ls: cannot access '*.mod': No such file or directory
mv: cannot stat '*.mod': No such file or directory
'thirdpartylibs/LIB_VTK_IO/static/lib_vtk_io.mod' -> '/home/adityanair/OpenFOAM/adityanair-v2512/applications/utilities/waves2Foam/ThirdParty/OceanWave3D-Fortran90/../build/lib_vtk_io.mod'
gfortran -O3 -fPIC -ffpe-trap=invalid,zero,overflow -ffree-line-length-none -fstack-protector-all -c src/utilities/build_coeff_3D.f90 -o /home/adityanair/OpenFOAM/adityanair-v2512/applications/utilities/waves2Foam/ThirdParty/OceanWave3D-Fortran90/../build/build_coeff_3D.o -I/home/adityanair/OpenFOAM/adityanair-v2512/applications/utilities/waves2Foam/ThirdParty/OceanWave3D-Fortran90/../build
ls: cannot access '*.mod'mv: cannot stat '*.mod': No such file or directory
: No such file or directory
'thirdpartylibs/LIB_VTK_IO/static/lib_vtk_io.mod' -> '/home/adityanair/OpenFOAM/adityanair-v2512/applications/utilities/waves2Foam/ThirdParty/OceanWave3D-Fortran90/../build/lib_vtk_io.mod'
gfortran -O3 -fPIC -ffpe-trap=invalid,zero,overflow -ffree-line-length-none -fstack-protector-all -c src/utilities/build_coeff_3D_Cos.f90 -o /home/adityanair/OpenFOAM/adityanair-v2512/applications/utilities/waves2Foam/ThirdParty/OceanWave3D-Fortran90/../build/build_coeff_3D_Cos.o -I/home/adityanair/OpenFOAM/adityanair-v2512/applications/utilities/waves2Foam/ThirdParty/OceanWave3D-Fortran90/../build
ls: cannot access '*.mod': No such file or directory
mv: cannot stat '*.mod': No such file or directory
'thirdpartylibs/LIB_VTK_IO/static/lib_vtk_io.mod' -> '/home/adityanair/OpenFOAM/adityanair-v2512/applications/utilities/waves2Foam/ThirdParty/OceanWave3D-Fortran90/../build/lib_vtk_io.mod'
gfortran -O3 -fPIC -ffpe-trap=invalid,zero,overflow -ffree-line-length-none -fstack-protector-all -c src/utilities/distdot.f90 -o /home/adityanair/OpenFOAM/adityanair-v2512/applications/utilities/waves2Foam/ThirdParty/OceanWave3D-Fortran90/../build/distdot.o -I/home/adityanair/OpenFOAM/adityanair-v2512/applications/utilities/waves2Foam/ThirdParty/OceanWave3D-Fortran90/../build
gfortran -O3 -fPIC -ffpe-trap=invalid,zero,overflow -ffree-line-length-none -fstack-protector-all -c src/utilities/eqns.f -o /home/adityanair/OpenFOAM/adityanair-v2512/applications/utilities/waves2Foam/ThirdParty/OceanWave3D-Fortran90/../build/eqns.o -I/home/adityanair/OpenFOAM/adityanair-v2512/applications/utilities/waves2Foam/ThirdParty/OceanWave3D-Fortran90/../build
src/utilities/eqns.f:39:72:

   39 |     2       COEFF(I)=Z(N+I+10)/DCOSH(I*Z(1))
      |                                                                        1
Warning: Fortran 2018 deleted feature: DO termination statement which is not END DO or CONTINUE with label 2 at (1)
src/utilities/eqns.f:46:72:

   46 |     1   RHS(7)=RHS(7)+Z(10+I)+Z(10+I)
      |                                                                        1
Warning: Fortran 2018 deleted feature: DO termination statement which is not END DO or CONTINUE with label 1 at (1)
src/utilities/eqns.f:68:72:

   68 |     5          V=V+J*Z(N+J+10)*E*SINA(NM)
      |                                                                        1
Warning: Fortran 2018 deleted feature: DO termination statement which is not END DO or CONTINUE with label 5 at (1)
mv: cannot stat '*.mod': No such file or directory
ls: cannot access '*.mod': No such file or directory
'thirdpartylibs/LIB_VTK_IO/static/lib_vtk_io.mod' -> '/home/adityanair/OpenFOAM/adityanair-v2512/applications/utilities/waves2Foam/ThirdParty/OceanWave3D-Fortran90/../build/lib_vtk_io.mod'
gfortran -O3 -fPIC -ffpe-trap=invalid,zero,overflow -ffree-line-length-none -fstack-protector-all -c src/utilities/fdwvnum.f90 -o /home/adityanair/OpenFOAM/adityanair-v2512/applications/utilities/waves2Foam/ThirdParty/OceanWave3D-Fortran90/../build/fdwvnum.o -I/home/adityanair/OpenFOAM/adityanair-v2512/applications/utilities/waves2Foam/ThirdParty/OceanWave3D-Fortran90/../build
gfortran -O3 -fPIC -ffpe-trap=invalid,zero,overflow -ffree-line-length-none -fstack-protector-all -c src/utilities/init.f -o /home/adityanair/OpenFOAM/adityanair-v2512/applications/utilities/waves2Foam/ThirdParty/OceanWave3D-Fortran90/../build/init.o -I/home/adityanair/OpenFOAM/adityanair-v2512/applications/utilities/waves2Foam/ThirdParty/OceanWave3D-Fortran90/../build
src/utilities/init.f:66:72:

   66 |     3     SOL(I,1)=Z(I)
      |                                                                        1
Warning: Fortran 2018 deleted feature: DO termination statement which is not END DO or CONTINUE with label 3 at (1)
src/utilities/init.f:68:72:

   68 |     4    SOL(I,1)=0.D0
      |                                                                        1
Warning: Fortran 2018 deleted feature: DO termination statement which is not END DO or CONTINUE with label 4 at (1)
src/utilities/init.f:70:72:

   70 |     5    SOL(I,2)=0.D0
      |                                                                        1
Warning: Fortran 2018 deleted feature: DO termination statement which is not END DO or CONTINUE with label 5 at (1)
ls: cannot access '*.mod': No such file or directory
mv: cannot stat '*.mod': No such file or directory
'thirdpartylibs/LIB_VTK_IO/static/lib_vtk_io.mod' -> '/home/adityanair/OpenFOAM/adityanair-v2512/applications/utilities/waves2Foam/ThirdParty/OceanWave3D-Fortran90/../build/lib_vtk_io.mod'
gfortran -O3 -fPIC -ffpe-trap=invalid,zero,overflow -ffree-line-length-none -fstack-protector-all -c src/utilities/LocalSmoothing2D.f90 -o /home/adityanair/OpenFOAM/adityanair-v2512/applications/utilities/waves2Foam/ThirdParty/OceanWave3D-Fortran90/../build/LocalSmoothing2D.o -I/home/adityanair/OpenFOAM/adityanair-v2512/applications/utilities/waves2Foam/ThirdParty/OceanWave3D-Fortran90/../build
ls: cannot access '*.mod'mv: cannot stat '*.mod': No such file or directory
: No such file or directory
'thirdpartylibs/LIB_VTK_IO/static/lib_vtk_io.mod' -> '/home/adityanair/OpenFOAM/adityanair-v2512/applications/utilities/waves2Foam/ThirdParty/OceanWave3D-Fortran90/../build/lib_vtk_io.mod'
gfortran -O3 -fPIC -ffpe-trap=invalid,zero,overflow -ffree-line-length-none -fstack-protector-all -c src/utilities/LocalSmoothing3D.f90 -o /home/adityanair/OpenFOAM/adityanair-v2512/applications/utilities/waves2Foam/ThirdParty/OceanWave3D-Fortran90/../build/LocalSmoothing3D.o -I/home/adityanair/OpenFOAM/adityanair-v2512/applications/utilities/waves2Foam/ThirdParty/OceanWave3D-Fortran90/../build
ls: cannot access '*.mod'mv: cannot stat '*.mod': No such file or directory
: No such file or directory
'thirdpartylibs/LIB_VTK_IO/static/lib_vtk_io.mod' -> '/home/adityanair/OpenFOAM/adityanair-v2512/applications/utilities/waves2Foam/ThirdParty/OceanWave3D-Fortran90/../build/lib_vtk_io.mod'
gfortran -O3 -fPIC -ffpe-trap=invalid,zero,overflow -ffree-line-length-none -fstack-protector-all -c src/utilities/lubksb.f90 -o /home/adityanair/OpenFOAM/adityanair-v2512/applications/utilities/waves2Foam/ThirdParty/OceanWave3D-Fortran90/../build/lubksb.o -I/home/adityanair/OpenFOAM/adityanair-v2512/applications/utilities/waves2Foam/ThirdParty/OceanWave3D-Fortran90/../build
ls: cannot access '*.mod'mv: cannot stat '*.mod': No such file or directory
: No such file or directory
'thirdpartylibs/LIB_VTK_IO/static/lib_vtk_io.mod' -> '/home/adityanair/OpenFOAM/adityanair-v2512/applications/utilities/waves2Foam/ThirdParty/OceanWave3D-Fortran90/../build/lib_vtk_io.mod'
gfortran -O3 -fPIC -ffpe-trap=invalid,zero,overflow -ffree-line-length-none -fstack-protector-all -c src/utilities/ludcmp.f90 -o /home/adityanair/OpenFOAM/adityanair-v2512/applications/utilities/waves2Foam/ThirdParty/OceanWave3D-Fortran90/../build/ludcmp.o -I/home/adityanair/OpenFOAM/adityanair-v2512/applications/utilities/waves2Foam/ThirdParty/OceanWave3D-Fortran90/../build
ls: cannot access '*.mod'mv: : No such file or directorycannot stat '*.mod'
: No such file or directory
'thirdpartylibs/LIB_VTK_IO/static/lib_vtk_io.mod' -> '/home/adityanair/OpenFOAM/adityanair-v2512/applications/utilities/waves2Foam/ThirdParty/OceanWave3D-Fortran90/../build/lib_vtk_io.mod'
gfortran -O3 -fPIC -ffpe-trap=invalid,zero,overflow -ffree-line-length-none -fstack-protector-all -c src/utilities/ran1.f90 -o /home/adityanair/OpenFOAM/adityanair-v2512/applications/utilities/waves2Foam/ThirdParty/OceanWave3D-Fortran90/../build/ran1.o -I/home/adityanair/OpenFOAM/adityanair-v2512/applications/utilities/waves2Foam/ThirdParty/OceanWave3D-Fortran90/../build
ls: cannot access '*.mod'mv: cannot stat '*.mod': No such file or directory
: No such file or directory
'thirdpartylibs/LIB_VTK_IO/static/lib_vtk_io.mod' -> '/home/adityanair/OpenFOAM/adityanair-v2512/applications/utilities/waves2Foam/ThirdParty/OceanWave3D-Fortran90/../build/lib_vtk_io.mod'
gfortran -O3 -fPIC -ffpe-trap=invalid,zero,overflow -ffree-line-length-none -fstack-protector-all -c src/utilities/random_wave_coefficients.f90 -o /home/adityanair/OpenFOAM/adityanair-v2512/applications/utilities/waves2Foam/ThirdParty/OceanWave3D-Fortran90/../build/random_wave_coefficients.o -I/home/adityanair/OpenFOAM/adityanair-v2512/applications/utilities/waves2Foam/ThirdParty/OceanWave3D-Fortran90/../build
mv: cannot stat '*.mod': No such file or directory
ls: cannot access '*.mod': No such file or directory
'thirdpartylibs/LIB_VTK_IO/static/lib_vtk_io.mod' -> '/home/adityanair/OpenFOAM/adityanair-v2512/applications/utilities/waves2Foam/ThirdParty/OceanWave3D-Fortran90/../build/lib_vtk_io.mod'
gfortran -O3 -fPIC -ffpe-trap=invalid,zero,overflow -ffree-line-length-none -fstack-protector-all -c src/utilities/random_wave_signal.f90 -o /home/adityanair/OpenFOAM/adityanair-v2512/applications/utilities/waves2Foam/ThirdParty/OceanWave3D-Fortran90/../build/random_wave_signal.o -I/home/adityanair/OpenFOAM/adityanair-v2512/applications/utilities/waves2Foam/ThirdParty/OceanWave3D-Fortran90/../build
mv: cannot stat '*.mod': No such file or directory
ls: cannot access '*.mod': No such file or directory
'thirdpartylibs/LIB_VTK_IO/static/lib_vtk_io.mod' -> '/home/adityanair/OpenFOAM/adityanair-v2512/applications/utilities/waves2Foam/ThirdParty/OceanWave3D-Fortran90/../build/lib_vtk_io.mod'
gfortran -O3 -fPIC -ffpe-trap=invalid,zero,overflow -ffree-line-length-none -fstack-protector-all -c src/utilities/random_wave_signal_3D.f90 -o /home/adityanair/OpenFOAM/adityanair-v2512/applications/utilities/waves2Foam/ThirdParty/OceanWave3D-Fortran90/../build/random_wave_signal_3D.o -I/home/adityanair/OpenFOAM/adityanair-v2512/applications/utilities/waves2Foam/ThirdParty/OceanWave3D-Fortran90/../build
ls: cannot access '*.mod': No such file or directory
mv: cannot stat '*.mod': No such file or directory
'thirdpartylibs/LIB_VTK_IO/static/lib_vtk_io.mod' -> '/home/adityanair/OpenFOAM/adityanair-v2512/applications/utilities/waves2Foam/ThirdParty/OceanWave3D-Fortran90/../build/lib_vtk_io.mod'
gfortran -O3 -fPIC -ffpe-trap=invalid,zero,overflow -ffree-line-length-none -fstack-protector-all -c src/utilities/savgol.f90 -o /home/adityanair/OpenFOAM/adityanair-v2512/applications/utilities/waves2Foam/ThirdParty/OceanWave3D-Fortran90/../build/savgol.o -I/home/adityanair/OpenFOAM/adityanair-v2512/applications/utilities/waves2Foam/ThirdParty/OceanWave3D-Fortran90/../build
gfortran -O3 -fPIC -ffpe-trap=invalid,zero,overflow -ffree-line-length-none -fstack-protector-all -c src/utilities/stream_func_coeffs.f -o /home/adityanair/OpenFOAM/adityanair-v2512/applications/utilities/waves2Foam/ThirdParty/OceanWave3D-Fortran90/../build/stream_func_coeffs.o -I/home/adityanair/OpenFOAM/adityanair-v2512/applications/utilities/waves2Foam/ThirdParty/OceanWave3D-Fortran90/../build
src/utilities/stream_func_coeffs.f:74:72:

   74 |     3          Z(I)=2.D0*SOL(I,2)-SOL(I,1)
      |                                                                        1
Warning: Fortran 2018 deleted feature: DO termination statement which is not END DO or CONTINUE with label 3 at (1)
src/utilities/stream_func_coeffs.f:95:72:

   95 |     6             A(J,I)=(RHS2(J)-RHS1(J))/H
      |                                                                        1
Warning: Fortran 2018 deleted feature: DO termination statement which is not END DO or CONTINUE with label 6 at (1)
src/utilities/stream_func_coeffs.f:115:72:

  115 |     7          Z(I)=Z(I)+B(I)
      |                                                                        1
Warning: Fortran 2018 deleted feature: DO termination statement which is not END DO or CONTINUE with label 7 at (1)
src/utilities/stream_func_coeffs.f:125:72:

  125 |     9          SOL(I,2)=Z(I)
      |                                                                        1
Warning: Fortran 2018 deleted feature: DO termination statement which is not END DO or CONTINUE with label 9 at (1)
src/utilities/stream_func_coeffs.f:129:72:

  129 |    10          SOL(I,2)=Z(I)
      |                                                                        1
Warning: Fortran 2018 deleted feature: DO termination statement which is not END DO or CONTINUE with label 10 at (1)
ls: cannot access '*.mod'mv: cannot stat '*.mod': No such file or directory
: No such file or directory
'thirdpartylibs/LIB_VTK_IO/static/lib_vtk_io.mod' -> '/home/adityanair/OpenFOAM/adityanair-v2512/applications/utilities/waves2Foam/ThirdParty/OceanWave3D-Fortran90/../build/lib_vtk_io.mod'
gfortran -O3 -fPIC -ffpe-trap=invalid,zero,overflow -ffree-line-length-none -fstack-protector-all -c src/utilities/stream_func_set_up.f90 -o /home/adityanair/OpenFOAM/adityanair-v2512/applications/utilities/waves2Foam/ThirdParty/OceanWave3D-Fortran90/../build/stream_func_set_up.o -I/home/adityanair/OpenFOAM/adityanair-v2512/applications/utilities/waves2Foam/ThirdParty/OceanWave3D-Fortran90/../build
gfortran -O3 -fPIC -ffpe-trap=invalid,zero,overflow -ffree-line-length-none -fstack-protector-all -c src/utilities/stream_func_wave_finite.f -o /home/adityanair/OpenFOAM/adityanair-v2512/applications/utilities/waves2Foam/ThirdParty/OceanWave3D-Fortran90/../build/stream_func_wave_finite.o -I/home/adityanair/OpenFOAM/adityanair-v2512/applications/utilities/waves2Foam/ThirdParty/OceanWave3D-Fortran90/../build
src/utilities/stream_func_wave_finite.f:138:72:

  138 |   do 10 j=0,n
      |                                                                        1
Warning: Fortran 2018 deleted feature: Shared DO termination label 10 at (1)
src/utilities/stream_func_wave_finite.f:139:72:

  139 |    10   c(j,k) = 0.0d0
      |                                                                        1
Warning: Fortran 2018 deleted feature: DO termination statement which is not END DO or CONTINUE with label 10 at (1)
src/utilities/stream_func_wave_finite.f:151:72:

  151 |    20      c(i,k) = c1*(k*c(i-1,k-1)-c5*c(i-1,k))/c2
      |                                                                        1
Warning: Fortran 2018 deleted feature: DO termination statement which is not END DO or CONTINUE with label 20 at (1)
src/utilities/stream_func_wave_finite.f:155:72:

  155 |    30     c(j,k) = (c4*c(j,k)-k*c(j,k-1))/c3
      |                                                                        1
Warning: Fortran 2018 deleted feature: DO termination statement which is not END DO or CONTINUE with label 30 at (1)
src/utilities/stream_func_wave_finite.f:156:72:

  156 |    40   c(j,0) = c4*c(j,0)/c3
      |                                                                        1
Warning: Fortran 2018 deleted feature: DO termination statement which is not END DO or CONTINUE with label 40 at (1)
src/utilities/stream_func_wave_finite.f:157:72:

  157 |    50  c1 = c2
      |                                                                        1
Warning: Fortran 2018 deleted feature: DO termination statement which is not END DO or CONTINUE with label 50 at (1)
ls: cannot access '*.mod'mv: cannot stat '*.mod': No such file or directory
: No such file or directory
'thirdpartylibs/LIB_VTK_IO/static/lib_vtk_io.mod' -> '/home/adityanair/OpenFOAM/adityanair-v2512/applications/utilities/waves2Foam/ThirdParty/OceanWave3D-Fortran90/../build/lib_vtk_io.mod'
gfortran -O3 -fPIC -ffpe-trap=invalid,zero,overflow -ffree-line-length-none -fstack-protector-all -c src/utilities/waveGenerationFromPaddleSignal.f90 -o /home/adityanair/OpenFOAM/adityanair-v2512/applications/utilities/waves2Foam/ThirdParty/OceanWave3D-Fortran90/../build/waveGenerationFromPaddleSignal.o -I/home/adityanair/OpenFOAM/adityanair-v2512/applications/utilities/waves2Foam/ThirdParty/OceanWave3D-Fortran90/../build
ls: cannot access '*.mod': No such file or directory
mv: cannot stat '*.mod': No such file or directory
'thirdpartylibs/LIB_VTK_IO/static/lib_vtk_io.mod' -> '/home/adityanair/OpenFOAM/adityanair-v2512/applications/utilities/waves2Foam/ThirdParty/OceanWave3D-Fortran90/../build/lib_vtk_io.mod'
gfortran -O3 -fPIC -ffpe-trap=invalid,zero,overflow -ffree-line-length-none -fstack-protector-all -c src/utilities/spreading.f90 -o /home/adityanair/OpenFOAM/adityanair-v2512/applications/utilities/waves2Foam/ThirdParty/OceanWave3D-Fortran90/../build/spreading.o -I/home/adityanair/OpenFOAM/adityanair-v2512/applications/utilities/waves2Foam/ThirdParty/OceanWave3D-Fortran90/../build
ls: cannot access '*.mod': No such file or directory
mv: cannot stat '*.mod': No such file or directory
'thirdpartylibs/LIB_VTK_IO/static/lib_vtk_io.mod' -> '/home/adityanair/OpenFOAM/adityanair-v2512/applications/utilities/waves2Foam/ThirdParty/OceanWave3D-Fortran90/../build/lib_vtk_io.mod'
gfortran -O3 -fPIC -ffpe-trap=invalid,zero,overflow -ffree-line-length-none -fstack-protector-all -c src/analyticalsolutions/beachgen2.f90 -o /home/adityanair/OpenFOAM/adityanair-v2512/applications/utilities/waves2Foam/ThirdParty/OceanWave3D-Fortran90/../build/beachgen2.o -I/home/adityanair/OpenFOAM/adityanair-v2512/applications/utilities/waves2Foam/ThirdParty/OceanWave3D-Fortran90/../build
ls: cannot access '*.mod': No such file or directory
mv: cannot stat '*.mod': No such file or directory
'thirdpartylibs/LIB_VTK_IO/static/lib_vtk_io.mod' -> '/home/adityanair/OpenFOAM/adityanair-v2512/applications/utilities/waves2Foam/ThirdParty/OceanWave3D-Fortran90/../build/lib_vtk_io.mod'
gfortran -O3 -fPIC -ffpe-trap=invalid,zero,overflow -ffree-line-length-none -fstack-protector-all -c src/analyticalsolutions/beachgen3D.f90 -o /home/adityanair/OpenFOAM/adityanair-v2512/applications/utilities/waves2Foam/ThirdParty/OceanWave3D-Fortran90/../build/beachgen3D.o -I/home/adityanair/OpenFOAM/adityanair-v2512/applications/utilities/waves2Foam/ThirdParty/OceanWave3D-Fortran90/../build
ls: cannot access '*.mod': No such file or directorymv: cannot stat '*.mod'
: No such file or directory
'thirdpartylibs/LIB_VTK_IO/static/lib_vtk_io.mod' -> '/home/adityanair/OpenFOAM/adityanair-v2512/applications/utilities/waves2Foam/ThirdParty/OceanWave3D-Fortran90/../build/lib_vtk_io.mod'
gfortran -O3 -fPIC -ffpe-trap=invalid,zero,overflow -ffree-line-length-none -fstack-protector-all -c src/analyticalsolutions/bottomBerkoff.f90 -o /home/adityanair/OpenFOAM/adityanair-v2512/applications/utilities/waves2Foam/ThirdParty/OceanWave3D-Fortran90/../build/bottomBerkoff.o -I/home/adityanair/OpenFOAM/adityanair-v2512/applications/utilities/waves2Foam/ThirdParty/OceanWave3D-Fortran90/../build
mv: cannot stat '*.mod'ls: cannot access '*.mod': No such file or directory
: No such file or directory
'thirdpartylibs/LIB_VTK_IO/static/lib_vtk_io.mod' -> '/home/adityanair/OpenFOAM/adityanair-v2512/applications/utilities/waves2Foam/ThirdParty/OceanWave3D-Fortran90/../build/lib_vtk_io.mod'
gfortran -O3 -fPIC -ffpe-trap=invalid,zero,overflow -ffree-line-length-none -fstack-protector-all -c src/analyticalsolutions/bottomWhalin.f90 -o /home/adityanair/OpenFOAM/adityanair-v2512/applications/utilities/waves2Foam/ThirdParty/OceanWave3D-Fortran90/../build/bottomWhalin.o -I/home/adityanair/OpenFOAM/adityanair-v2512/applications/utilities/waves2Foam/ThirdParty/OceanWave3D-Fortran90/../build
ls: cannot access '*.mod'mv: cannot stat '*.mod': No such file or directory
: No such file or directory
'thirdpartylibs/LIB_VTK_IO/static/lib_vtk_io.mod' -> '/home/adityanair/OpenFOAM/adityanair-v2512/applications/utilities/waves2Foam/ThirdParty/OceanWave3D-Fortran90/../build/lib_vtk_io.mod'
gfortran -O3 -fPIC -ffpe-trap=invalid,zero,overflow -ffree-line-length-none -fstack-protector-all -c src/analyticalsolutions/bottomVincent.f90 -o /home/adityanair/OpenFOAM/adityanair-v2512/applications/utilities/waves2Foam/ThirdParty/OceanWave3D-Fortran90/../build/bottomVincent.o -I/home/adityanair/OpenFOAM/adityanair-v2512/applications/utilities/waves2Foam/ThirdParty/OceanWave3D-Fortran90/../build
ls: cannot access '*.mod'mv: cannot stat '*.mod': No such file or directory
: No such file or directory
'thirdpartylibs/LIB_VTK_IO/static/lib_vtk_io.mod' -> '/home/adityanair/OpenFOAM/adityanair-v2512/applications/utilities/waves2Foam/ThirdParty/OceanWave3D-Fortran90/../build/lib_vtk_io.mod'
gfortran -O3 -fPIC -ffpe-trap=invalid,zero,overflow -ffree-line-length-none -fstack-protector-all -c src/analyticalsolutions/disper.f90 -o /home/adityanair/OpenFOAM/adityanair-v2512/applications/utilities/waves2Foam/ThirdParty/OceanWave3D-Fortran90/../build/disper.o -I/home/adityanair/OpenFOAM/adityanair-v2512/applications/utilities/waves2Foam/ThirdParty/OceanWave3D-Fortran90/../build
ls: cannot access '*.mod'mv: cannot stat '*.mod': No such file or directory
: No such file or directory
'thirdpartylibs/LIB_VTK_IO/static/lib_vtk_io.mod' -> '/home/adityanair/OpenFOAM/adityanair-v2512/applications/utilities/waves2Foam/ThirdParty/OceanWave3D-Fortran90/../build/lib_vtk_io.mod'
gfortran -O3 -fPIC -ffpe-trap=invalid,zero,overflow -ffree-line-length-none -fstack-protector-all -c src/analyticalsolutions/linearstandingwave2D.f90 -o /home/adityanair/OpenFOAM/adityanair-v2512/applications/utilities/waves2Foam/ThirdParty/OceanWave3D-Fortran90/../build/linearstandingwave2D.o -I/home/adityanair/OpenFOAM/adityanair-v2512/applications/utilities/waves2Foam/ThirdParty/OceanWave3D-Fortran90/../build
ls: cannot access '*.mod'mv: cannot stat '*.mod': No such file or directory
: No such file or directory
'thirdpartylibs/LIB_VTK_IO/static/lib_vtk_io.mod' -> '/home/adityanair/OpenFOAM/adityanair-v2512/applications/utilities/waves2Foam/ThirdParty/OceanWave3D-Fortran90/../build/lib_vtk_io.mod'
gfortran -O3 -fPIC -ffpe-trap=invalid,zero,overflow -ffree-line-length-none -fstack-protector-all -c src/analyticalsolutions/submergedbar2D.f90 -o /home/adityanair/OpenFOAM/adityanair-v2512/applications/utilities/waves2Foam/ThirdParty/OceanWave3D-Fortran90/../build/submergedbar2D.o -I/home/adityanair/OpenFOAM/adityanair-v2512/applications/utilities/waves2Foam/ThirdParty/OceanWave3D-Fortran90/../build
ls: mv: cannot stat '*.mod'cannot access '*.mod': No such file or directory
: No such file or directory
'thirdpartylibs/LIB_VTK_IO/static/lib_vtk_io.mod' -> '/home/adityanair/OpenFOAM/adityanair-v2512/applications/utilities/waves2Foam/ThirdParty/OceanWave3D-Fortran90/../build/lib_vtk_io.mod'
gfortran -O3 -fPIC -ffpe-trap=invalid,zero,overflow -ffree-line-length-none -fstack-protector-all -c src/analyticalsolutions/nonlinearstandingwave1D.f90 -o /home/adityanair/OpenFOAM/adityanair-v2512/applications/utilities/waves2Foam/ThirdParty/OceanWave3D-Fortran90/../build/nonlinearstandingwave1D.o -I/home/adityanair/OpenFOAM/adityanair-v2512/applications/utilities/waves2Foam/ThirdParty/OceanWave3D-Fortran90/../build
ls: mv: cannot stat '*.mod'cannot access '*.mod': No such file or directory
: No such file or directory
'thirdpartylibs/LIB_VTK_IO/static/lib_vtk_io.mod' -> '/home/adityanair/OpenFOAM/adityanair-v2512/applications/utilities/waves2Foam/ThirdParty/OceanWave3D-Fortran90/../build/lib_vtk_io.mod'
gfortran -O3 -fPIC -ffpe-trap=invalid,zero,overflow -ffree-line-length-none -fstack-protector-all -c src/curvilinear/BuildLinearSystemTransformedCurvilinear.f90 -o /home/adityanair/OpenFOAM/adityanair-v2512/applications/utilities/waves2Foam/ThirdParty/OceanWave3D-Fortran90/../build/BuildLinearSystemTransformedCurvilinear.o -I/home/adityanair/OpenFOAM/adityanair-v2512/applications/utilities/waves2Foam/ThirdParty/OceanWave3D-Fortran90/../build
ls: cannot access '*.mod': No such file or directory
mv: cannot stat '*.mod': No such file or directory
'thirdpartylibs/LIB_VTK_IO/static/lib_vtk_io.mod' -> '/home/adityanair/OpenFOAM/adityanair-v2512/applications/utilities/waves2Foam/ThirdParty/OceanWave3D-Fortran90/../build/lib_vtk_io.mod'
gfortran -O3 -fPIC -ffpe-trap=invalid,zero,overflow -ffree-line-length-none -fstack-protector-all -c src/curvilinear/BuildLinearSystemTransformedMatrixCurvilinear.f90 -o /home/adityanair/OpenFOAM/adityanair-v2512/applications/utilities/waves2Foam/ThirdParty/OceanWave3D-Fortran90/../build/BuildLinearSystemTransformedMatrixCurvilinear.o -I/home/adityanair/OpenFOAM/adityanair-v2512/applications/utilities/waves2Foam/ThirdParty/OceanWave3D-Fortran90/../build
ls: cannot access '*.mod': No such file or directory
mv: cannot stat '*.mod': No such file or directory
'thirdpartylibs/LIB_VTK_IO/static/lib_vtk_io.mod' -> '/home/adityanair/OpenFOAM/adityanair-v2512/applications/utilities/waves2Foam/ThirdParty/OceanWave3D-Fortran90/../build/lib_vtk_io.mod'
gfortran -O3 -fPIC -ffpe-trap=invalid,zero,overflow -ffree-line-length-none -fstack-protector-all -c src/curvilinear/ComputeNormalVectors.f90 -o /home/adityanair/OpenFOAM/adityanair-v2512/applications/utilities/waves2Foam/ThirdParty/OceanWave3D-Fortran90/../build/ComputeNormalVectors.o -I/home/adityanair/OpenFOAM/adityanair-v2512/applications/utilities/waves2Foam/ThirdParty/OceanWave3D-Fortran90/../build
ls: cannot access '*.mod'mv: cannot stat '*.mod': No such file or directory
: No such file or directory
'thirdpartylibs/LIB_VTK_IO/static/lib_vtk_io.mod' -> '/home/adityanair/OpenFOAM/adityanair-v2512/applications/utilities/waves2Foam/ThirdParty/OceanWave3D-Fortran90/../build/lib_vtk_io.mod'
gfortran -O3 -fPIC -ffpe-trap=invalid,zero,overflow -ffree-line-length-none -fstack-protector-all -c src/curvilinear/DetermineCurvilinearTransform2D.f90 -o /home/adityanair/OpenFOAM/adityanair-v2512/applications/utilities/waves2Foam/ThirdParty/OceanWave3D-Fortran90/../build/DetermineCurvilinearTransform2D.o -I/home/adityanair/OpenFOAM/adityanair-v2512/applications/utilities/waves2Foam/ThirdParty/OceanWave3D-Fortran90/../build
ls: cannot access '*.mod'mv: cannot stat '*.mod': No such file or directory: No such file or directory

'thirdpartylibs/LIB_VTK_IO/static/lib_vtk_io.mod' -> '/home/adityanair/OpenFOAM/adityanair-v2512/applications/utilities/waves2Foam/ThirdParty/OceanWave3D-Fortran90/../build/lib_vtk_io.mod'
gfortran -O3 -fPIC -ffpe-trap=invalid,zero,overflow -ffree-line-length-none -fstack-protector-all -c src/curvilinear/DetermineGenericStencils.f90 -o /home/adityanair/OpenFOAM/adityanair-v2512/applications/utilities/waves2Foam/ThirdParty/OceanWave3D-Fortran90/../build/DetermineGenericStencils.o -I/home/adityanair/OpenFOAM/adityanair-v2512/applications/utilities/waves2Foam/ThirdParty/OceanWave3D-Fortran90/../build
ls: cannot access '*.mod'mv: cannot stat '*.mod': No such file or directory
: No such file or directory
'thirdpartylibs/LIB_VTK_IO/static/lib_vtk_io.mod' -> '/home/adityanair/OpenFOAM/adityanair-v2512/applications/utilities/waves2Foam/ThirdParty/OceanWave3D-Fortran90/../build/lib_vtk_io.mod'
gfortran -O3 -fPIC -ffpe-trap=invalid,zero,overflow -ffree-line-length-none -fstack-protector-all -c src/curvilinear/DetermineGenericStencilsUniform.f90 -o /home/adityanair/OpenFOAM/adityanair-v2512/applications/utilities/waves2Foam/ThirdParty/OceanWave3D-Fortran90/../build/DetermineGenericStencilsUniform.o -I/home/adityanair/OpenFOAM/adityanair-v2512/applications/utilities/waves2Foam/ThirdParty/OceanWave3D-Fortran90/../build
ls: cannot access '*.mod'mv: : No such file or directory
cannot stat '*.mod': No such file or directory
'thirdpartylibs/LIB_VTK_IO/static/lib_vtk_io.mod' -> '/home/adityanair/OpenFOAM/adityanair-v2512/applications/utilities/waves2Foam/ThirdParty/OceanWave3D-Fortran90/../build/lib_vtk_io.mod'
gfortran -O3 -fPIC -ffpe-trap=invalid,zero,overflow -ffree-line-length-none -fstack-protector-all -c src/curvilinear/DiffXuniform2D.f90 -o /home/adityanair/OpenFOAM/adityanair-v2512/applications/utilities/waves2Foam/ThirdParty/OceanWave3D-Fortran90/../build/DiffXuniform2D.o -I/home/adityanair/OpenFOAM/adityanair-v2512/applications/utilities/waves2Foam/ThirdParty/OceanWave3D-Fortran90/../build
ls: cannot access '*.mod': No such file or directory
mv: cannot stat '*.mod': No such file or directory
'thirdpartylibs/LIB_VTK_IO/static/lib_vtk_io.mod' -> '/home/adityanair/OpenFOAM/adityanair-v2512/applications/utilities/waves2Foam/ThirdParty/OceanWave3D-Fortran90/../build/lib_vtk_io.mod'
gfortran -O3 -fPIC -ffpe-trap=invalid,zero,overflow -ffree-line-length-none -fstack-protector-all -c src/curvilinear/DiffXuniform3D.f90 -o /home/adityanair/OpenFOAM/adityanair-v2512/applications/utilities/waves2Foam/ThirdParty/OceanWave3D-Fortran90/../build/DiffXuniform3D.o -I/home/adityanair/OpenFOAM/adityanair-v2512/applications/utilities/waves2Foam/ThirdParty/OceanWave3D-Fortran90/../build
ls: cannot access '*.mod'mv: cannot stat '*.mod': No such file or directory
: No such file or directory
'thirdpartylibs/LIB_VTK_IO/static/lib_vtk_io.mod' -> '/home/adityanair/OpenFOAM/adityanair-v2512/applications/utilities/waves2Foam/ThirdParty/OceanWave3D-Fortran90/../build/lib_vtk_io.mod'
gfortran -O3 -fPIC -ffpe-trap=invalid,zero,overflow -ffree-line-length-none -fstack-protector-all -c src/curvilinear/DiffYuniform2D.f90 -o /home/adityanair/OpenFOAM/adityanair-v2512/applications/utilities/waves2Foam/ThirdParty/OceanWave3D-Fortran90/../build/DiffYuniform2D.o -I/home/adityanair/OpenFOAM/adityanair-v2512/applications/utilities/waves2Foam/ThirdParty/OceanWave3D-Fortran90/../build
ls: cannot access '*.mod'mv: cannot stat '*.mod': No such file or directory
: No such file or directory
'thirdpartylibs/LIB_VTK_IO/static/lib_vtk_io.mod' -> '/home/adityanair/OpenFOAM/adityanair-v2512/applications/utilities/waves2Foam/ThirdParty/OceanWave3D-Fortran90/../build/lib_vtk_io.mod'
gfortran -O3 -fPIC -ffpe-trap=invalid,zero,overflow -ffree-line-length-none -fstack-protector-all -c src/curvilinear/DiffYuniform3D.f90 -o /home/adityanair/OpenFOAM/adityanair-v2512/applications/utilities/waves2Foam/ThirdParty/OceanWave3D-Fortran90/../build/DiffYuniform3D.o -I/home/adityanair/OpenFOAM/adityanair-v2512/applications/utilities/waves2Foam/ThirdParty/OceanWave3D-Fortran90/../build
ls: cannot access '*.mod'mv: cannot stat '*.mod': No such file or directory
: No such file or directory
'thirdpartylibs/LIB_VTK_IO/static/lib_vtk_io.mod' -> '/home/adityanair/OpenFOAM/adityanair-v2512/applications/utilities/waves2Foam/ThirdParty/OceanWave3D-Fortran90/../build/lib_vtk_io.mod'
gfortran -O3 -fPIC -ffpe-trap=invalid,zero,overflow -ffree-line-length-none -fstack-protector-all -c src/curvilinear/DiffZuniform3D.f90 -o /home/adityanair/OpenFOAM/adityanair-v2512/applications/utilities/waves2Foam/ThirdParty/OceanWave3D-Fortran90/../build/DiffZuniform3D.o -I/home/adityanair/OpenFOAM/adityanair-v2512/applications/utilities/waves2Foam/ThirdParty/OceanWave3D-Fortran90/../build
ls: mv: cannot stat '*.mod'cannot access '*.mod': No such file or directory
: No such file or directory
'thirdpartylibs/LIB_VTK_IO/static/lib_vtk_io.mod' -> '/home/adityanair/OpenFOAM/adityanair-v2512/applications/utilities/waves2Foam/ThirdParty/OceanWave3D-Fortran90/../build/lib_vtk_io.mod'
gfortran -O3 -fPIC -ffpe-trap=invalid,zero,overflow -ffree-line-length-none -fstack-protector-all -c src/fft/DCOSSINFT2D.f90 -o /home/adityanair/OpenFOAM/adityanair-v2512/applications/utilities/waves2Foam/ThirdParty/OceanWave3D-Fortran90/../build/DCOSSINFT2D.o -I/home/adityanair/OpenFOAM/adityanair-v2512/applications/utilities/waves2Foam/ThirdParty/OceanWave3D-Fortran90/../build
ls: cannot access '*.mod'mv: cannot stat '*.mod': No such file or directory
: No such file or directory
'thirdpartylibs/LIB_VTK_IO/static/lib_vtk_io.mod' -> '/home/adityanair/OpenFOAM/adityanair-v2512/applications/utilities/waves2Foam/ThirdParty/OceanWave3D-Fortran90/../build/lib_vtk_io.mod'
gfortran -O3 -fPIC -ffpe-trap=invalid,zero,overflow -ffree-line-length-none -fstack-protector-all -c src/fft/DREALFT.f90 -o /home/adityanair/OpenFOAM/adityanair-v2512/applications/utilities/waves2Foam/ThirdParty/OceanWave3D-Fortran90/../build/DREALFT.o -I/home/adityanair/OpenFOAM/adityanair-v2512/applications/utilities/waves2Foam/ThirdParty/OceanWave3D-Fortran90/../build
mv: cannot stat '*.mod': No such file or directory
ls: cannot access '*.mod': No such file or directory
'thirdpartylibs/LIB_VTK_IO/static/lib_vtk_io.mod' -> '/home/adityanair/OpenFOAM/adityanair-v2512/applications/utilities/waves2Foam/ThirdParty/OceanWave3D-Fortran90/../build/lib_vtk_io.mod'
gfortran -O3 -fPIC -ffpe-trap=invalid,zero,overflow -ffree-line-length-none -fstack-protector-all -c src/fft/DSINCOSFT2D.f90 -o /home/adityanair/OpenFOAM/adityanair-v2512/applications/utilities/waves2Foam/ThirdParty/OceanWave3D-Fortran90/../build/DSINCOSFT2D.o -I/home/adityanair/OpenFOAM/adityanair-v2512/applications/utilities/waves2Foam/ThirdParty/OceanWave3D-Fortran90/../build
mv: cannot stat '*.mod': No such file or directory
ls: cannot access '*.mod': No such file or directory
'thirdpartylibs/LIB_VTK_IO/static/lib_vtk_io.mod' -> '/home/adityanair/OpenFOAM/adityanair-v2512/applications/utilities/waves2Foam/ThirdParty/OceanWave3D-Fortran90/../build/lib_vtk_io.mod'
gfortran -O3 -fPIC -ffpe-trap=invalid,zero,overflow -ffree-line-length-none -fstack-protector-all -c src/fft/DSINFT.f90 -o /home/adityanair/OpenFOAM/adityanair-v2512/applications/utilities/waves2Foam/ThirdParty/OceanWave3D-Fortran90/../build/DSINFT.o -I/home/adityanair/OpenFOAM/adityanair-v2512/applications/utilities/waves2Foam/ThirdParty/OceanWave3D-Fortran90/../build
ls: cannot access '*.mod': No such file or directorymv: cannot stat '*.mod'
: No such file or directory
'thirdpartylibs/LIB_VTK_IO/static/lib_vtk_io.mod' -> '/home/adityanair/OpenFOAM/adityanair-v2512/applications/utilities/waves2Foam/ThirdParty/OceanWave3D-Fortran90/../build/lib_vtk_io.mod'
gfortran -O3 -fPIC -ffpe-trap=invalid,zero,overflow -ffree-line-length-none -fstack-protector-all -c src/fft/FOUR1.f90 -o /home/adityanair/OpenFOAM/adityanair-v2512/applications/utilities/waves2Foam/ThirdParty/OceanWave3D-Fortran90/../build/FOUR1.o -I/home/adityanair/OpenFOAM/adityanair-v2512/applications/utilities/waves2Foam/ThirdParty/OceanWave3D-Fortran90/../build
ls: cannot access '*.mod'mv: cannot stat '*.mod': No such file or directory
: No such file or directory
'thirdpartylibs/LIB_VTK_IO/static/lib_vtk_io.mod' -> '/home/adityanair/OpenFOAM/adityanair-v2512/applications/utilities/waves2Foam/ThirdParty/OceanWave3D-Fortran90/../build/lib_vtk_io.mod'
gfortran -O3 -fPIC -ffpe-trap=invalid,zero,overflow -ffree-line-length-none -fstack-protector-all -c src/fft/REALFT.f90 -o /home/adityanair/OpenFOAM/adityanair-v2512/applications/utilities/waves2Foam/ThirdParty/OceanWave3D-Fortran90/../build/REALFT.o -I/home/adityanair/OpenFOAM/adityanair-v2512/applications/utilities/waves2Foam/ThirdParty/OceanWave3D-Fortran90/../build
ls: cannot access '*.mod'mv: cannot stat '*.mod': No such file or directory
: No such file or directory
'thirdpartylibs/LIB_VTK_IO/static/lib_vtk_io.mod' -> '/home/adityanair/OpenFOAM/adityanair-v2512/applications/utilities/waves2Foam/ThirdParty/OceanWave3D-Fortran90/../build/lib_vtk_io.mod'
gfortran -O3 -fPIC -ffpe-trap=invalid,zero,overflow -ffree-line-length-none -fstack-protector-all -c src/fft/SINFT1.f90 -o /home/adityanair/OpenFOAM/adityanair-v2512/applications/utilities/waves2Foam/ThirdParty/OceanWave3D-Fortran90/../build/SINFT1.o -I/home/adityanair/OpenFOAM/adityanair-v2512/applications/utilities/waves2Foam/ThirdParty/OceanWave3D-Fortran90/../build
ls: cannot access '*.mod'mv: cannot stat '*.mod': No such file or directory
: No such file or directory
'thirdpartylibs/LIB_VTK_IO/static/lib_vtk_io.mod' -> '/home/adityanair/OpenFOAM/adityanair-v2512/applications/utilities/waves2Foam/ThirdParty/OceanWave3D-Fortran90/../build/lib_vtk_io.mod'
gfortran -O3 -fPIC -ffpe-trap=invalid,zero,overflow -ffree-line-length-none -fstack-protector-all -c src/fft/cosft1.f90 -o /home/adityanair/OpenFOAM/adityanair-v2512/applications/utilities/waves2Foam/ThirdParty/OceanWave3D-Fortran90/../build/cosft1.o -I/home/adityanair/OpenFOAM/adityanair-v2512/applications/utilities/waves2Foam/ThirdParty/OceanWave3D-Fortran90/../build
mv: cannot stat '*.mod': No such file or directory
ls: cannot access '*.mod': No such file or directory
'thirdpartylibs/LIB_VTK_IO/static/lib_vtk_io.mod' -> '/home/adityanair/OpenFOAM/adityanair-v2512/applications/utilities/waves2Foam/ThirdParty/OceanWave3D-Fortran90/../build/lib_vtk_io.mod'
gfortran -O3 -fPIC -ffpe-trap=invalid,zero,overflow -ffree-line-length-none -fstack-protector-all -c src/fft/dFOUR1.f90 -o /home/adityanair/OpenFOAM/adityanair-v2512/applications/utilities/waves2Foam/ThirdParty/OceanWave3D-Fortran90/../build/dFOUR1.o -I/home/adityanair/OpenFOAM/adityanair-v2512/applications/utilities/waves2Foam/ThirdParty/OceanWave3D-Fortran90/../build
ls: cannot access '*.mod'mv: : No such file or directorycannot stat '*.mod'
: No such file or directory
'thirdpartylibs/LIB_VTK_IO/static/lib_vtk_io.mod' -> '/home/adityanair/OpenFOAM/adityanair-v2512/applications/utilities/waves2Foam/ThirdParty/OceanWave3D-Fortran90/../build/lib_vtk_io.mod'
gfortran -O3 -fPIC -ffpe-trap=invalid,zero,overflow -ffree-line-length-none -fstack-protector-all -c src/fft/dcosft.f90 -o /home/adityanair/OpenFOAM/adityanair-v2512/applications/utilities/waves2Foam/ThirdParty/OceanWave3D-Fortran90/../build/dcosft.o -I/home/adityanair/OpenFOAM/adityanair-v2512/applications/utilities/waves2Foam/ThirdParty/OceanWave3D-Fortran90/../build
ls: cannot access '*.mod': No such file or directory
mv: cannot stat '*.mod': No such file or directory
'thirdpartylibs/LIB_VTK_IO/static/lib_vtk_io.mod' -> '/home/adityanair/OpenFOAM/adityanair-v2512/applications/utilities/waves2Foam/ThirdParty/OceanWave3D-Fortran90/../build/lib_vtk_io.mod'
gfortran -O3 -fPIC -ffpe-trap=invalid,zero,overflow -ffree-line-length-none -fstack-protector-all -c src/fft/dcosft2d.f90 -o /home/adityanair/OpenFOAM/adityanair-v2512/applications/utilities/waves2Foam/ThirdParty/OceanWave3D-Fortran90/../build/dcosft2d.o -I/home/adityanair/OpenFOAM/adityanair-v2512/applications/utilities/waves2Foam/ThirdParty/OceanWave3D-Fortran90/../build
ls: cannot access '*.mod': No such file or directory
mv: cannot stat '*.mod': No such file or directory
'thirdpartylibs/LIB_VTK_IO/static/lib_vtk_io.mod' -> '/home/adityanair/OpenFOAM/adityanair-v2512/applications/utilities/waves2Foam/ThirdParty/OceanWave3D-Fortran90/../build/lib_vtk_io.mod'
gfortran -O3 -fPIC -ffpe-trap=invalid,zero,overflow -ffree-line-length-none -fstack-protector-all -c src/functions/ALLOCATE_Wavefield_Type.f90 -o /home/adityanair/OpenFOAM/adityanair-v2512/applications/utilities/waves2Foam/ThirdParty/OceanWave3D-Fortran90/../build/ALLOCATE_Wavefield_Type.o -I/home/adityanair/OpenFOAM/adityanair-v2512/applications/utilities/waves2Foam/ThirdParty/OceanWave3D-Fortran90/../build
ls: cannot access '*.mod'mv: cannot stat '*.mod': No such file or directory
: No such file or directory
'thirdpartylibs/LIB_VTK_IO/static/lib_vtk_io.mod' -> '/home/adityanair/OpenFOAM/adityanair-v2512/applications/utilities/waves2Foam/ThirdParty/OceanWave3D-Fortran90/../build/lib_vtk_io.mod'
gfortran -O3 -fPIC -ffpe-trap=invalid,zero,overflow -ffree-line-length-none -fstack-protector-all -c src/functions/ASSIGN_IncidentWavefield.f90 -o /home/adityanair/OpenFOAM/adityanair-v2512/applications/utilities/waves2Foam/ThirdParty/OceanWave3D-Fortran90/../build/ASSIGN_IncidentWavefield.o -I/home/adityanair/OpenFOAM/adityanair-v2512/applications/utilities/waves2Foam/ThirdParty/OceanWave3D-Fortran90/../build
mv: cannot stat '*.mod': No such file or directory
ls: cannot access '*.mod': No such file or directory
'thirdpartylibs/LIB_VTK_IO/static/lib_vtk_io.mod' -> '/home/adityanair/OpenFOAM/adityanair-v2512/applications/utilities/waves2Foam/ThirdParty/OceanWave3D-Fortran90/../build/lib_vtk_io.mod'
gfortran -O3 -fPIC -ffpe-trap=invalid,zero,overflow -ffree-line-length-none -fstack-protector-all -c src/functions/AnalyticWaveMaker2D.f90 -o /home/adityanair/OpenFOAM/adityanair-v2512/applications/utilities/waves2Foam/ThirdParty/OceanWave3D-Fortran90/../build/AnalyticWaveMaker2D.o -I/home/adityanair/OpenFOAM/adityanair-v2512/applications/utilities/waves2Foam/ThirdParty/OceanWave3D-Fortran90/../build
ls: cannot access '*.mod': No such file or directory
mv: cannot stat '*.mod': No such file or directory
'thirdpartylibs/LIB_VTK_IO/static/lib_vtk_io.mod' -> '/home/adityanair/OpenFOAM/adityanair-v2512/applications/utilities/waves2Foam/ThirdParty/OceanWave3D-Fortran90/../build/lib_vtk_io.mod'
gfortran -O3 -fPIC -ffpe-trap=invalid,zero,overflow -ffree-line-length-none -fstack-protector-all -c src/functions/BESSH.f90 -o /home/adityanair/OpenFOAM/adityanair-v2512/applications/utilities/waves2Foam/ThirdParty/OceanWave3D-Fortran90/../build/BESSH.o -I/home/adityanair/OpenFOAM/adityanair-v2512/applications/utilities/waves2Foam/ThirdParty/OceanWave3D-Fortran90/../build
mv: cannot stat '*.mod': No such file or directory
ls: cannot access '*.mod': No such file or directory
'thirdpartylibs/LIB_VTK_IO/static/lib_vtk_io.mod' -> '/home/adityanair/OpenFOAM/adityanair-v2512/applications/utilities/waves2Foam/ThirdParty/OceanWave3D-Fortran90/../build/lib_vtk_io.mod'
gfortran -O3 -fPIC -ffpe-trap=invalid,zero,overflow -ffree-line-length-none -fstack-protector-all -c src/functions/BESSHP.f90 -o /home/adityanair/OpenFOAM/adityanair-v2512/applications/utilities/waves2Foam/ThirdParty/OceanWave3D-Fortran90/../build/BESSHP.o -I/home/adityanair/OpenFOAM/adityanair-v2512/applications/utilities/waves2Foam/ThirdParty/OceanWave3D-Fortran90/../build
mv: ls: cannot access '*.mod'cannot stat '*.mod': No such file or directory
: No such file or directory
'thirdpartylibs/LIB_VTK_IO/static/lib_vtk_io.mod' -> '/home/adityanair/OpenFOAM/adityanair-v2512/applications/utilities/waves2Foam/ThirdParty/OceanWave3D-Fortran90/../build/lib_vtk_io.mod'
gfortran -O3 -fPIC -ffpe-trap=invalid,zero,overflow -ffree-line-length-none -fstack-protector-all -c src/functions/BESSJ0.f90 -o /home/adityanair/OpenFOAM/adityanair-v2512/applications/utilities/waves2Foam/ThirdParty/OceanWave3D-Fortran90/../build/BESSJ0.o -I/home/adityanair/OpenFOAM/adityanair-v2512/applications/utilities/waves2Foam/ThirdParty/OceanWave3D-Fortran90/../build
ls: cannot access '*.mod'mv: cannot stat '*.mod': No such file or directory
: No such file or directory
'thirdpartylibs/LIB_VTK_IO/static/lib_vtk_io.mod' -> '/home/adityanair/OpenFOAM/adityanair-v2512/applications/utilities/waves2Foam/ThirdParty/OceanWave3D-Fortran90/../build/lib_vtk_io.mod'
gfortran -O3 -fPIC -ffpe-trap=invalid,zero,overflow -ffree-line-length-none -fstack-protector-all -c src/functions/BESSJ1.f90 -o /home/adityanair/OpenFOAM/adityanair-v2512/applications/utilities/waves2Foam/ThirdParty/OceanWave3D-Fortran90/../build/BESSJ1.o -I/home/adityanair/OpenFOAM/adityanair-v2512/applications/utilities/waves2Foam/ThirdParty/OceanWave3D-Fortran90/../build
ls: cannot access '*.mod'mv: cannot stat '*.mod': No such file or directory: No such file or directory

'thirdpartylibs/LIB_VTK_IO/static/lib_vtk_io.mod' -> '/home/adityanair/OpenFOAM/adityanair-v2512/applications/utilities/waves2Foam/ThirdParty/OceanWave3D-Fortran90/../build/lib_vtk_io.mod'
gfortran -O3 -fPIC -ffpe-trap=invalid,zero,overflow -ffree-line-length-none -fstack-protector-all -c src/functions/BESSJP.f90 -o /home/adityanair/OpenFOAM/adityanair-v2512/applications/utilities/waves2Foam/ThirdParty/OceanWave3D-Fortran90/../build/BESSJP.o -I/home/adityanair/OpenFOAM/adityanair-v2512/applications/utilities/waves2Foam/ThirdParty/OceanWave3D-Fortran90/../build
mv: ls: cannot access '*.mod'cannot stat '*.mod': No such file or directory
: No such file or directory
'thirdpartylibs/LIB_VTK_IO/static/lib_vtk_io.mod' -> '/home/adityanair/OpenFOAM/adityanair-v2512/applications/utilities/waves2Foam/ThirdParty/OceanWave3D-Fortran90/../build/lib_vtk_io.mod'
gfortran -O3 -fPIC -ffpe-trap=invalid,zero,overflow -ffree-line-length-none -fstack-protector-all -c src/functions/BESSY.f90 -o /home/adityanair/OpenFOAM/adityanair-v2512/applications/utilities/waves2Foam/ThirdParty/OceanWave3D-Fortran90/../build/BESSY.o -I/home/adityanair/OpenFOAM/adityanair-v2512/applications/utilities/waves2Foam/ThirdParty/OceanWave3D-Fortran90/../build
ls: cannot access '*.mod': No such file or directory
mv: cannot stat '*.mod': No such file or directory
'thirdpartylibs/LIB_VTK_IO/static/lib_vtk_io.mod' -> '/home/adityanair/OpenFOAM/adityanair-v2512/applications/utilities/waves2Foam/ThirdParty/OceanWave3D-Fortran90/../build/lib_vtk_io.mod'
gfortran -O3 -fPIC -ffpe-trap=invalid,zero,overflow -ffree-line-length-none -fstack-protector-all -c src/functions/BESSY0.f90 -o /home/adityanair/OpenFOAM/adityanair-v2512/applications/utilities/waves2Foam/ThirdParty/OceanWave3D-Fortran90/../build/BESSY0.o -I/home/adityanair/OpenFOAM/adityanair-v2512/applications/utilities/waves2Foam/ThirdParty/OceanWave3D-Fortran90/../build
ls: cannot access '*.mod'mv: cannot stat '*.mod': No such file or directory
: No such file or directory
'thirdpartylibs/LIB_VTK_IO/static/lib_vtk_io.mod' -> '/home/adityanair/OpenFOAM/adityanair-v2512/applications/utilities/waves2Foam/ThirdParty/OceanWave3D-Fortran90/../build/lib_vtk_io.mod'
gfortran -O3 -fPIC -ffpe-trap=invalid,zero,overflow -ffree-line-length-none -fstack-protector-all -c src/functions/BESSY1.f90 -o /home/adityanair/OpenFOAM/adityanair-v2512/applications/utilities/waves2Foam/ThirdParty/OceanWave3D-Fortran90/../build/BESSY1.o -I/home/adityanair/OpenFOAM/adityanair-v2512/applications/utilities/waves2Foam/ThirdParty/OceanWave3D-Fortran90/../build
ls: cannot access '*.mod': No such file or directory
mv: cannot stat '*.mod': No such file or directory
'thirdpartylibs/LIB_VTK_IO/static/lib_vtk_io.mod' -> '/home/adityanair/OpenFOAM/adityanair-v2512/applications/utilities/waves2Foam/ThirdParty/OceanWave3D-Fortran90/../build/lib_vtk_io.mod'
gfortran -O3 -fPIC -ffpe-trap=invalid,zero,overflow -ffree-line-length-none -fstack-protector-all -c src/functions/BESSYP.f90 -o /home/adityanair/OpenFOAM/adityanair-v2512/applications/utilities/waves2Foam/ThirdParty/OceanWave3D-Fortran90/../build/BESSYP.o -I/home/adityanair/OpenFOAM/adityanair-v2512/applications/utilities/waves2Foam/ThirdParty/OceanWave3D-Fortran90/../build
ls: cannot access '*.mod': No such file or directory
mv: cannot stat '*.mod': No such file or directory
'thirdpartylibs/LIB_VTK_IO/static/lib_vtk_io.mod' -> '/home/adityanair/OpenFOAM/adityanair-v2512/applications/utilities/waves2Foam/ThirdParty/OceanWave3D-Fortran90/../build/lib_vtk_io.mod'
gfortran -O3 -fPIC -ffpe-trap=invalid,zero,overflow -ffree-line-length-none -fstack-protector-all -c src/functions/BuildStencil_1D_Uneven.f90 -o /home/adityanair/OpenFOAM/adityanair-v2512/applications/utilities/waves2Foam/ThirdParty/OceanWave3D-Fortran90/../build/BuildStencil_1D_Uneven.o -I/home/adityanair/OpenFOAM/adityanair-v2512/applications/utilities/waves2Foam/ThirdParty/OceanWave3D-Fortran90/../build
ls: cannot access '*.mod'mv: cannot stat '*.mod': No such file or directory
: No such file or directory
'thirdpartylibs/LIB_VTK_IO/static/lib_vtk_io.mod' -> '/home/adityanair/OpenFOAM/adityanair-v2512/applications/utilities/waves2Foam/ThirdParty/OceanWave3D-Fortran90/../build/lib_vtk_io.mod'
gfortran -O3 -fPIC -ffpe-trap=invalid,zero,overflow -ffree-line-length-none -fstack-protector-all -c src/functions/BuildLinearSystem.f90 -o /home/adityanair/OpenFOAM/adityanair-v2512/applications/utilities/waves2Foam/ThirdParty/OceanWave3D-Fortran90/../build/BuildLinearSystem.o -I/home/adityanair/OpenFOAM/adityanair-v2512/applications/utilities/waves2Foam/ThirdParty/OceanWave3D-Fortran90/../build
ls: cannot access '*.mod'mv: cannot stat '*.mod': No such file or directory
: No such file or directory
'thirdpartylibs/LIB_VTK_IO/static/lib_vtk_io.mod' -> '/home/adityanair/OpenFOAM/adityanair-v2512/applications/utilities/waves2Foam/ThirdParty/OceanWave3D-Fortran90/../build/lib_vtk_io.mod'
gfortran -O3 -fPIC -ffpe-trap=invalid,zero,overflow -ffree-line-length-none -fstack-protector-all -c src/functions/BuildPDampMatrices.f90 -o /home/adityanair/OpenFOAM/adityanair-v2512/applications/utilities/waves2Foam/ThirdParty/OceanWave3D-Fortran90/../build/BuildPDampMatrices.o -I/home/adityanair/OpenFOAM/adityanair-v2512/applications/utilities/waves2Foam/ThirdParty/OceanWave3D-Fortran90/../build
ls: cannot access '*.mod'mv: cannot stat '*.mod': No such file or directory
: No such file or directory
'thirdpartylibs/LIB_VTK_IO/static/lib_vtk_io.mod' -> '/home/adityanair/OpenFOAM/adityanair-v2512/applications/utilities/waves2Foam/ThirdParty/OceanWave3D-Fortran90/../build/lib_vtk_io.mod'
gfortran -O3 -fPIC -ffpe-trap=invalid,zero,overflow -ffree-line-length-none -fstack-protector-all -c src/functions/BuildLinearSystemMatrix.f90 -o /home/adityanair/OpenFOAM/adityanair-v2512/applications/utilities/waves2Foam/ThirdParty/OceanWave3D-Fortran90/../build/BuildLinearSystemMatrix.o -I/home/adityanair/OpenFOAM/adityanair-v2512/applications/utilities/waves2Foam/ThirdParty/OceanWave3D-Fortran90/../build
ls: cannot access '*.mod': No such file or directory
mv: cannot stat '*.mod': No such file or directory
'thirdpartylibs/LIB_VTK_IO/static/lib_vtk_io.mod' -> '/home/adityanair/OpenFOAM/adityanair-v2512/applications/utilities/waves2Foam/ThirdParty/OceanWave3D-Fortran90/../build/lib_vtk_io.mod'
gfortran -O3 -fPIC -ffpe-trap=invalid,zero,overflow -ffree-line-length-none -fstack-protector-all -c src/functions/CSRdiaREORDER.f90 -o /home/adityanair/OpenFOAM/adityanair-v2512/applications/utilities/waves2Foam/ThirdParty/OceanWave3D-Fortran90/../build/CSRdiaREORDER.o -I/home/adityanair/OpenFOAM/adityanair-v2512/applications/utilities/waves2Foam/ThirdParty/OceanWave3D-Fortran90/../build
ls: cannot access '*.mod': No such file or directory
mv: cannot stat '*.mod': No such file or directory
'thirdpartylibs/LIB_VTK_IO/static/lib_vtk_io.mod' -> '/home/adityanair/OpenFOAM/adityanair-v2512/applications/utilities/waves2Foam/ThirdParty/OceanWave3D-Fortran90/../build/lib_vtk_io.mod'
gfortran -O3 -fPIC -ffpe-trap=invalid,zero,overflow -ffree-line-length-none -fstack-protector-all -c src/functions/CleanSparseMatrixCOO.f90 -o /home/adityanair/OpenFOAM/adityanair-v2512/applications/utilities/waves2Foam/ThirdParty/OceanWave3D-Fortran90/../build/CleanSparseMatrixCOO.o -I/home/adityanair/OpenFOAM/adityanair-v2512/applications/utilities/waves2Foam/ThirdParty/OceanWave3D-Fortran90/../build
ls: cannot access '*.mod': No such file or directory
mv: cannot stat '*.mod': No such file or directory
'thirdpartylibs/LIB_VTK_IO/static/lib_vtk_io.mod' -> '/home/adityanair/OpenFOAM/adityanair-v2512/applications/utilities/waves2Foam/ThirdParty/OceanWave3D-Fortran90/../build/lib_vtk_io.mod'
gfortran -O3 -fPIC -ffpe-trap=invalid,zero,overflow -ffree-line-length-none -fstack-protector-all -c src/functions/CleanSparseMatrixCSR.f90 -o /home/adityanair/OpenFOAM/adityanair-v2512/applications/utilities/waves2Foam/ThirdParty/OceanWave3D-Fortran90/../build/CleanSparseMatrixCSR.o -I/home/adityanair/OpenFOAM/adityanair-v2512/applications/utilities/waves2Foam/ThirdParty/OceanWave3D-Fortran90/../build
ls: cannot access '*.mod'mv: cannot stat '*.mod': No such file or directory
: No such file or directory
'thirdpartylibs/LIB_VTK_IO/static/lib_vtk_io.mod' -> '/home/adityanair/OpenFOAM/adityanair-v2512/applications/utilities/waves2Foam/ThirdParty/OceanWave3D-Fortran90/../build/lib_vtk_io.mod'
gfortran -O3 -fPIC -ffpe-trap=invalid,zero,overflow -ffree-line-length-none -fstack-protector-all -c src/functions/CleanSparseMatrixCOOold.f90 -o /home/adityanair/OpenFOAM/adityanair-v2512/applications/utilities/waves2Foam/ThirdParty/OceanWave3D-Fortran90/../build/CleanSparseMatrixCOOold.o -I/home/adityanair/OpenFOAM/adityanair-v2512/applications/utilities/waves2Foam/ThirdParty/OceanWave3D-Fortran90/../build
ls: cannot access '*.mod': No such file or directorymv: cannot stat '*.mod'
: No such file or directory
'thirdpartylibs/LIB_VTK_IO/static/lib_vtk_io.mod' -> '/home/adityanair/OpenFOAM/adityanair-v2512/applications/utilities/waves2Foam/ThirdParty/OceanWave3D-Fortran90/../build/lib_vtk_io.mod'
gfortran -O3 -fPIC -ffpe-trap=invalid,zero,overflow -ffree-line-length-none -fstack-protector-all -c src/functions/ConstructTableCrossDerivatives.f90 -o /home/adityanair/OpenFOAM/adityanair-v2512/applications/utilities/waves2Foam/ThirdParty/OceanWave3D-Fortran90/../build/ConstructTableCrossDerivatives.o -I/home/adityanair/OpenFOAM/adityanair-v2512/applications/utilities/waves2Foam/ThirdParty/OceanWave3D-Fortran90/../build
ls: cannot access '*.mod': No such file or directorymv: cannot stat '*.mod': No such file or directory

'thirdpartylibs/LIB_VTK_IO/static/lib_vtk_io.mod' -> '/home/adityanair/OpenFOAM/adityanair-v2512/applications/utilities/waves2Foam/ThirdParty/OceanWave3D-Fortran90/../build/lib_vtk_io.mod'
gfortran -O3 -fPIC -ffpe-trap=invalid,zero,overflow -ffree-line-length-none -fstack-protector-all -c src/functions/ConstructTableCrossDerivatives_Curvilinear.f90 -o /home/adityanair/OpenFOAM/adityanair-v2512/applications/utilities/waves2Foam/ThirdParty/OceanWave3D-Fortran90/../build/ConstructTableCrossDerivatives_Curvilinear.o -I/home/adityanair/OpenFOAM/adityanair-v2512/applications/utilities/waves2Foam/ThirdParty/OceanWave3D-Fortran90/../build
ls: cannot access '*.mod'mv: cannot stat '*.mod': No such file or directory: No such file or directory

'thirdpartylibs/LIB_VTK_IO/static/lib_vtk_io.mod' -> '/home/adityanair/OpenFOAM/adityanair-v2512/applications/utilities/waves2Foam/ThirdParty/OceanWave3D-Fortran90/../build/lib_vtk_io.mod'
gfortran -O3 -fPIC -ffpe-trap=invalid,zero,overflow -ffree-line-length-none -fstack-protector-all -c src/functions/ConvertCOOtoCSR.f90 -o /home/adityanair/OpenFOAM/adityanair-v2512/applications/utilities/waves2Foam/ThirdParty/OceanWave3D-Fortran90/../build/ConvertCOOtoCSR.o -I/home/adityanair/OpenFOAM/adityanair-v2512/applications/utilities/waves2Foam/ThirdParty/OceanWave3D-Fortran90/../build
mv: cannot stat '*.mod': No such file or directory
ls: cannot access '*.mod': No such file or directory
'thirdpartylibs/LIB_VTK_IO/static/lib_vtk_io.mod' -> '/home/adityanair/OpenFOAM/adityanair-v2512/applications/utilities/waves2Foam/ThirdParty/OceanWave3D-Fortran90/../build/lib_vtk_io.mod'
gfortran -O3 -fPIC -ffpe-trap=invalid,zero,overflow -ffree-line-length-none -fstack-protector-all -c src/functions/ConvertCSRtoCOO.f90 -o /home/adityanair/OpenFOAM/adityanair-v2512/applications/utilities/waves2Foam/ThirdParty/OceanWave3D-Fortran90/../build/ConvertCSRtoCOO.o -I/home/adityanair/OpenFOAM/adityanair-v2512/applications/utilities/waves2Foam/ThirdParty/OceanWave3D-Fortran90/../build
ls: cannot access '*.mod': No such file or directory
mv: cannot stat '*.mod': No such file or directory
'thirdpartylibs/LIB_VTK_IO/static/lib_vtk_io.mod' -> '/home/adityanair/OpenFOAM/adityanair-v2512/applications/utilities/waves2Foam/ThirdParty/OceanWave3D-Fortran90/../build/lib_vtk_io.mod'
gfortran -O3 -fPIC -ffpe-trap=invalid,zero,overflow -ffree-line-length-none -fstack-protector-all -c src/functions/DEALLOCATE_Wavefield_Type.f90 -o /home/adityanair/OpenFOAM/adityanair-v2512/applications/utilities/waves2Foam/ThirdParty/OceanWave3D-Fortran90/../build/DEALLOCATE_Wavefield_Type.o -I/home/adityanair/OpenFOAM/adityanair-v2512/applications/utilities/waves2Foam/ThirdParty/OceanWave3D-Fortran90/../build
ls: cannot access '*.mod'mv: cannot stat '*.mod': No such file or directory
: No such file or directory
'thirdpartylibs/LIB_VTK_IO/static/lib_vtk_io.mod' -> '/home/adityanair/OpenFOAM/adityanair-v2512/applications/utilities/waves2Foam/ThirdParty/OceanWave3D-Fortran90/../build/lib_vtk_io.mod'
gfortran -O3 -fPIC -ffpe-trap=invalid,zero,overflow -ffree-line-length-none -fstack-protector-all -c src/functions/DetermineTransformationConstants.f90 -o /home/adityanair/OpenFOAM/adityanair-v2512/applications/utilities/waves2Foam/ThirdParty/OceanWave3D-Fortran90/../build/DetermineTransformationConstants.o -I/home/adityanair/OpenFOAM/adityanair-v2512/applications/utilities/waves2Foam/ThirdParty/OceanWave3D-Fortran90/../build
ls: cannot access '*.mod'mv: cannot stat '*.mod': No such file or directory: No such file or directory

'thirdpartylibs/LIB_VTK_IO/static/lib_vtk_io.mod' -> '/home/adityanair/OpenFOAM/adityanair-v2512/applications/utilities/waves2Foam/ThirdParty/OceanWave3D-Fortran90/../build/lib_vtk_io.mod'
gfortran -O3 -fPIC -ffpe-trap=invalid,zero,overflow -ffree-line-length-none -fstack-protector-all -c src/functions/DetermineTransformationConstantsArray.f90 -o /home/adityanair/OpenFOAM/adityanair-v2512/applications/utilities/waves2Foam/ThirdParty/OceanWave3D-Fortran90/../build/DetermineTransformationConstantsArray.o -I/home/adityanair/OpenFOAM/adityanair-v2512/applications/utilities/waves2Foam/ThirdParty/OceanWave3D-Fortran90/../build
ls: cannot access '*.mod'mv: cannot stat '*.mod': No such file or directory
: No such file or directory
'thirdpartylibs/LIB_VTK_IO/static/lib_vtk_io.mod' -> '/home/adityanair/OpenFOAM/adityanair-v2512/applications/utilities/waves2Foam/ThirdParty/OceanWave3D-Fortran90/../build/lib_vtk_io.mod'
gfortran -O3 -fPIC -ffpe-trap=invalid,zero,overflow -ffree-line-length-none -fstack-protector-all -c src/functions/DfDx_1D_Uneven.f90 -o /home/adityanair/OpenFOAM/adityanair-v2512/applications/utilities/waves2Foam/ThirdParty/OceanWave3D-Fortran90/../build/DfDx_1D_Uneven.o -I/home/adityanair/OpenFOAM/adityanair-v2512/applications/utilities/waves2Foam/ThirdParty/OceanWave3D-Fortran90/../build
ls: cannot access '*.mod': No such file or directorymv: cannot stat '*.mod'
: No such file or directory
'thirdpartylibs/LIB_VTK_IO/static/lib_vtk_io.mod' -> '/home/adityanair/OpenFOAM/adityanair-v2512/applications/utilities/waves2Foam/ThirdParty/OceanWave3D-Fortran90/../build/lib_vtk_io.mod'
gfortran -O3 -fPIC -ffpe-trap=invalid,zero,overflow -ffree-line-length-none -fstack-protector-all -c src/functions/DiffStencilsZ_modif.f90 -o /home/adityanair/OpenFOAM/adityanair-v2512/applications/utilities/waves2Foam/ThirdParty/OceanWave3D-Fortran90/../build/DiffStencilsZ_modif.o -I/home/adityanair/OpenFOAM/adityanair-v2512/applications/utilities/waves2Foam/ThirdParty/OceanWave3D-Fortran90/../build
ls: cannot access '*.mod'mv: cannot stat '*.mod': No such file or directory
: No such file or directory
'thirdpartylibs/LIB_VTK_IO/static/lib_vtk_io.mod' -> '/home/adityanair/OpenFOAM/adityanair-v2512/applications/utilities/waves2Foam/ThirdParty/OceanWave3D-Fortran90/../build/lib_vtk_io.mod'
gfortran -O3 -fPIC -ffpe-trap=invalid,zero,overflow -ffree-line-length-none -fstack-protector-all -c src/functions/DiffXEven.f90 -o /home/adityanair/OpenFOAM/adityanair-v2512/applications/utilities/waves2Foam/ThirdParty/OceanWave3D-Fortran90/../build/DiffXEven.o -I/home/adityanair/OpenFOAM/adityanair-v2512/applications/utilities/waves2Foam/ThirdParty/OceanWave3D-Fortran90/../build
ls: cannot access '*.mod': No such file or directory
mv: cannot stat '*.mod': No such file or directory
'thirdpartylibs/LIB_VTK_IO/static/lib_vtk_io.mod' -> '/home/adityanair/OpenFOAM/adityanair-v2512/applications/utilities/waves2Foam/ThirdParty/OceanWave3D-Fortran90/../build/lib_vtk_io.mod'
gfortran -O3 -fPIC -ffpe-trap=invalid,zero,overflow -ffree-line-length-none -fstack-protector-all -c src/functions/DiffXEvenCurvilinear.f90 -o /home/adityanair/OpenFOAM/adityanair-v2512/applications/utilities/waves2Foam/ThirdParty/OceanWave3D-Fortran90/../build/DiffXEvenCurvilinear.o -I/home/adityanair/OpenFOAM/adityanair-v2512/applications/utilities/waves2Foam/ThirdParty/OceanWave3D-Fortran90/../build
ls: mv: cannot access '*.mod'cannot stat '*.mod': No such file or directory: No such file or directory

'thirdpartylibs/LIB_VTK_IO/static/lib_vtk_io.mod' -> '/home/adityanair/OpenFOAM/adityanair-v2512/applications/utilities/waves2Foam/ThirdParty/OceanWave3D-Fortran90/../build/lib_vtk_io.mod'
gfortran -O3 -fPIC -ffpe-trap=invalid,zero,overflow -ffree-line-length-none -fstack-protector-all -c src/functions/DiffXEven_CD.f90 -o /home/adityanair/OpenFOAM/adityanair-v2512/applications/utilities/waves2Foam/ThirdParty/OceanWave3D-Fortran90/../build/DiffXEven_CD.o -I/home/adityanair/OpenFOAM/adityanair-v2512/applications/utilities/waves2Foam/ThirdParty/OceanWave3D-Fortran90/../build
ls: cannot access '*.mod'mv: cannot stat '*.mod': No such file or directory: No such file or directory

'thirdpartylibs/LIB_VTK_IO/static/lib_vtk_io.mod' -> '/home/adityanair/OpenFOAM/adityanair-v2512/applications/utilities/waves2Foam/ThirdParty/OceanWave3D-Fortran90/../build/lib_vtk_io.mod'
gfortran -O3 -fPIC -ffpe-trap=invalid,zero,overflow -ffree-line-length-none -fstack-protector-all -c src/functions/DiffXXEvenCurvilinear.f90 -o /home/adityanair/OpenFOAM/adityanair-v2512/applications/utilities/waves2Foam/ThirdParty/OceanWave3D-Fortran90/../build/DiffXXEvenCurvilinear.o -I/home/adityanair/OpenFOAM/adityanair-v2512/applications/utilities/waves2Foam/ThirdParty/OceanWave3D-Fortran90/../build
mv: cannot stat '*.mod': No such file or directory
ls: cannot access '*.mod': No such file or directory
'thirdpartylibs/LIB_VTK_IO/static/lib_vtk_io.mod' -> '/home/adityanair/OpenFOAM/adityanair-v2512/applications/utilities/waves2Foam/ThirdParty/OceanWave3D-Fortran90/../build/lib_vtk_io.mod'
gfortran -O3 -fPIC -ffpe-trap=invalid,zero,overflow -ffree-line-length-none -fstack-protector-all -c src/functions/DiffXXEvenCurvilinear_CD.f90 -o /home/adityanair/OpenFOAM/adityanair-v2512/applications/utilities/waves2Foam/ThirdParty/OceanWave3D-Fortran90/../build/DiffXXEvenCurvilinear_CD.o -I/home/adityanair/OpenFOAM/adityanair-v2512/applications/utilities/waves2Foam/ThirdParty/OceanWave3D-Fortran90/../build
ls: cannot access '*.mod'mv: cannot stat '*.mod': No such file or directory
: No such file or directory
'thirdpartylibs/LIB_VTK_IO/static/lib_vtk_io.mod' -> '/home/adityanair/OpenFOAM/adityanair-v2512/applications/utilities/waves2Foam/ThirdParty/OceanWave3D-Fortran90/../build/lib_vtk_io.mod'
gfortran -O3 -fPIC -ffpe-trap=invalid,zero,overflow -ffree-line-length-none -fstack-protector-all -c src/functions/DiffXuniform3D_CD.f90 -o /home/adityanair/OpenFOAM/adityanair-v2512/applications/utilities/waves2Foam/ThirdParty/OceanWave3D-Fortran90/../build/DiffXuniform3D_CD.o -I/home/adityanair/OpenFOAM/adityanair-v2512/applications/utilities/waves2Foam/ThirdParty/OceanWave3D-Fortran90/../build
mv: ls: cannot access '*.mod'cannot stat '*.mod': No such file or directory
: No such file or directory
'thirdpartylibs/LIB_VTK_IO/static/lib_vtk_io.mod' -> '/home/adityanair/OpenFOAM/adityanair-v2512/applications/utilities/waves2Foam/ThirdParty/OceanWave3D-Fortran90/../build/lib_vtk_io.mod'
gfortran -O3 -fPIC -ffpe-trap=invalid,zero,overflow -ffree-line-length-none -fstack-protector-all -c src/functions/DiffYEven.f90 -o /home/adityanair/OpenFOAM/adityanair-v2512/applications/utilities/waves2Foam/ThirdParty/OceanWave3D-Fortran90/../build/DiffYEven.o -I/home/adityanair/OpenFOAM/adityanair-v2512/applications/utilities/waves2Foam/ThirdParty/OceanWave3D-Fortran90/../build
ls: cannot access '*.mod'mv: : No such file or directory
cannot stat '*.mod': No such file or directory
'thirdpartylibs/LIB_VTK_IO/static/lib_vtk_io.mod' -> '/home/adityanair/OpenFOAM/adityanair-v2512/applications/utilities/waves2Foam/ThirdParty/OceanWave3D-Fortran90/../build/lib_vtk_io.mod'
gfortran -O3 -fPIC -ffpe-trap=invalid,zero,overflow -ffree-line-length-none -fstack-protector-all -c src/functions/DiffYEvenCurvilinear.f90 -o /home/adityanair/OpenFOAM/adityanair-v2512/applications/utilities/waves2Foam/ThirdParty/OceanWave3D-Fortran90/../build/DiffYEvenCurvilinear.o -I/home/adityanair/OpenFOAM/adityanair-v2512/applications/utilities/waves2Foam/ThirdParty/OceanWave3D-Fortran90/../build
ls: cannot access '*.mod': No such file or directory
mv: cannot stat '*.mod': No such file or directory
'thirdpartylibs/LIB_VTK_IO/static/lib_vtk_io.mod' -> '/home/adityanair/OpenFOAM/adityanair-v2512/applications/utilities/waves2Foam/ThirdParty/OceanWave3D-Fortran90/../build/lib_vtk_io.mod'
gfortran -O3 -fPIC -ffpe-trap=invalid,zero,overflow -ffree-line-length-none -fstack-protector-all -c src/functions/DiffYEven_CD.f90 -o /home/adityanair/OpenFOAM/adityanair-v2512/applications/utilities/waves2Foam/ThirdParty/OceanWave3D-Fortran90/../build/DiffYEven_CD.o -I/home/adityanair/OpenFOAM/adityanair-v2512/applications/utilities/waves2Foam/ThirdParty/OceanWave3D-Fortran90/../build
mv: cannot stat '*.mod'ls: : No such file or directory
cannot access '*.mod': No such file or directory
'thirdpartylibs/LIB_VTK_IO/static/lib_vtk_io.mod' -> '/home/adityanair/OpenFOAM/adityanair-v2512/applications/utilities/waves2Foam/ThirdParty/OceanWave3D-Fortran90/../build/lib_vtk_io.mod'
gfortran -O3 -fPIC -ffpe-trap=invalid,zero,overflow -ffree-line-length-none -fstack-protector-all -c src/functions/DiffYYEvenCurvilinear.f90 -o /home/adityanair/OpenFOAM/adityanair-v2512/applications/utilities/waves2Foam/ThirdParty/OceanWave3D-Fortran90/../build/DiffYYEvenCurvilinear.o -I/home/adityanair/OpenFOAM/adityanair-v2512/applications/utilities/waves2Foam/ThirdParty/OceanWave3D-Fortran90/../build
ls: mv: cannot stat '*.mod': No such file or directorycannot access '*.mod'
: No such file or directory
'thirdpartylibs/LIB_VTK_IO/static/lib_vtk_io.mod' -> '/home/adityanair/OpenFOAM/adityanair-v2512/applications/utilities/waves2Foam/ThirdParty/OceanWave3D-Fortran90/../build/lib_vtk_io.mod'
gfortran -O3 -fPIC -ffpe-trap=invalid,zero,overflow -ffree-line-length-none -fstack-protector-all -c src/functions/DiffYYEvenCurvilinear_CD.f90 -o /home/adityanair/OpenFOAM/adityanair-v2512/applications/utilities/waves2Foam/ThirdParty/OceanWave3D-Fortran90/../build/DiffYYEvenCurvilinear_CD.o -I/home/adityanair/OpenFOAM/adityanair-v2512/applications/utilities/waves2Foam/ThirdParty/OceanWave3D-Fortran90/../build
ls: cannot access '*.mod'mv: cannot stat '*.mod': No such file or directory: No such file or directory

'thirdpartylibs/LIB_VTK_IO/static/lib_vtk_io.mod' -> '/home/adityanair/OpenFOAM/adityanair-v2512/applications/utilities/waves2Foam/ThirdParty/OceanWave3D-Fortran90/../build/lib_vtk_io.mod'
gfortran -O3 -fPIC -ffpe-trap=invalid,zero,overflow -ffree-line-length-none -fstack-protector-all -c src/functions/DiffYuniform3D_CD.f90 -o /home/adityanair/OpenFOAM/adityanair-v2512/applications/utilities/waves2Foam/ThirdParty/OceanWave3D-Fortran90/../build/DiffYuniform3D_CD.o -I/home/adityanair/OpenFOAM/adityanair-v2512/applications/utilities/waves2Foam/ThirdParty/OceanWave3D-Fortran90/../build
ls: cannot access '*.mod'mv: cannot stat '*.mod': No such file or directory
: No such file or directory
'thirdpartylibs/LIB_VTK_IO/static/lib_vtk_io.mod' -> '/home/adityanair/OpenFOAM/adityanair-v2512/applications/utilities/waves2Foam/ThirdParty/OceanWave3D-Fortran90/../build/lib_vtk_io.mod'
gfortran -O3 -fPIC -ffpe-trap=invalid,zero,overflow -ffree-line-length-none -fstack-protector-all -c src/functions/DiffZArbitrary.f90 -o /home/adityanair/OpenFOAM/adityanair-v2512/applications/utilities/waves2Foam/ThirdParty/OceanWave3D-Fortran90/../build/DiffZArbitrary.o -I/home/adityanair/OpenFOAM/adityanair-v2512/applications/utilities/waves2Foam/ThirdParty/OceanWave3D-Fortran90/../build
ls: cannot access '*.mod'mv: cannot stat '*.mod': No such file or directory
: No such file or directory
'thirdpartylibs/LIB_VTK_IO/static/lib_vtk_io.mod' -> '/home/adityanair/OpenFOAM/adityanair-v2512/applications/utilities/waves2Foam/ThirdParty/OceanWave3D-Fortran90/../build/lib_vtk_io.mod'
gfortran -O3 -fPIC -ffpe-trap=invalid,zero,overflow -ffree-line-length-none -fstack-protector-all -c src/functions/DiffZArbitrary_CD.f90 -o /home/adityanair/OpenFOAM/adityanair-v2512/applications/utilities/waves2Foam/ThirdParty/OceanWave3D-Fortran90/../build/DiffZArbitrary_CD.o -I/home/adityanair/OpenFOAM/adityanair-v2512/applications/utilities/waves2Foam/ThirdParty/OceanWave3D-Fortran90/../build
ls: cannot access '*.mod'mv: cannot stat '*.mod': No such file or directory
: No such file or directory
'thirdpartylibs/LIB_VTK_IO/static/lib_vtk_io.mod' -> '/home/adityanair/OpenFOAM/adityanair-v2512/applications/utilities/waves2Foam/ThirdParty/OceanWave3D-Fortran90/../build/lib_vtk_io.mod'
gfortran -O3 -fPIC -ffpe-trap=invalid,zero,overflow -ffree-line-length-none -fstack-protector-all -c src/functions/DiffZuniform3D_CD.f90 -o /home/adityanair/OpenFOAM/adityanair-v2512/applications/utilities/waves2Foam/ThirdParty/OceanWave3D-Fortran90/../build/DiffZuniform3D_CD.o -I/home/adityanair/OpenFOAM/adityanair-v2512/applications/utilities/waves2Foam/ThirdParty/OceanWave3D-Fortran90/../build
mv: cannot stat '*.mod': No such file or directory
ls: cannot access '*.mod': No such file or directory
'thirdpartylibs/LIB_VTK_IO/static/lib_vtk_io.mod' -> '/home/adityanair/OpenFOAM/adityanair-v2512/applications/utilities/waves2Foam/ThirdParty/OceanWave3D-Fortran90/../build/lib_vtk_io.mod'
gfortran -O3 -fPIC -ffpe-trap=invalid,zero,overflow -ffree-line-length-none -fstack-protector-all -c src/functions/DiscardGhostLayer.f90 -o /home/adityanair/OpenFOAM/adityanair-v2512/applications/utilities/waves2Foam/ThirdParty/OceanWave3D-Fortran90/../build/DiscardGhostLayer.o -I/home/adityanair/OpenFOAM/adityanair-v2512/applications/utilities/waves2Foam/ThirdParty/OceanWave3D-Fortran90/../build
ls: mv: cannot stat '*.mod'cannot access '*.mod': No such file or directory
: No such file or directory
'thirdpartylibs/LIB_VTK_IO/static/lib_vtk_io.mod' -> '/home/adityanair/OpenFOAM/adityanair-v2512/applications/utilities/waves2Foam/ThirdParty/OceanWave3D-Fortran90/../build/lib_vtk_io.mod'
gfortran -O3 -fPIC -ffpe-trap=invalid,zero,overflow -ffree-line-length-none -fstack-protector-all -c src/functions/DiscardSpaces.f90 -o /home/adityanair/OpenFOAM/adityanair-v2512/applications/utilities/waves2Foam/ThirdParty/OceanWave3D-Fortran90/../build/DiscardSpaces.o -I/home/adityanair/OpenFOAM/adityanair-v2512/applications/utilities/waves2Foam/ThirdParty/OceanWave3D-Fortran90/../build
ls: mv: cannot stat '*.mod'cannot access '*.mod': No such file or directory
: No such file or directory
'thirdpartylibs/LIB_VTK_IO/static/lib_vtk_io.mod' -> '/home/adityanair/OpenFOAM/adityanair-v2512/applications/utilities/waves2Foam/ThirdParty/OceanWave3D-Fortran90/../build/lib_vtk_io.mod'
gfortran -O3 -fPIC -ffpe-trap=invalid,zero,overflow -ffree-line-length-none -fstack-protector-all -c src/functions/FILTERING.f90 -o /home/adityanair/OpenFOAM/adityanair-v2512/applications/utilities/waves2Foam/ThirdParty/OceanWave3D-Fortran90/../build/FILTERING.o -I/home/adityanair/OpenFOAM/adityanair-v2512/applications/utilities/waves2Foam/ThirdParty/OceanWave3D-Fortran90/../build
ls: cannot access '*.mod': No such file or directory
mv: cannot stat '*.mod': No such file or directory
'thirdpartylibs/LIB_VTK_IO/static/lib_vtk_io.mod' -> '/home/adityanair/OpenFOAM/adityanair-v2512/applications/utilities/waves2Foam/ThirdParty/OceanWave3D-Fortran90/../build/lib_vtk_io.mod'
gfortran -O3 -fPIC -ffpe-trap=invalid,zero,overflow -ffree-line-length-none -fstack-protector-all -c src/functions/FILTERING_NEW.f90 -o /home/adityanair/OpenFOAM/adityanair-v2512/applications/utilities/waves2Foam/ThirdParty/OceanWave3D-Fortran90/../build/FILTERING_NEW.o -I/home/adityanair/OpenFOAM/adityanair-v2512/applications/utilities/waves2Foam/ThirdParty/OceanWave3D-Fortran90/../build
mv: cannot stat '*.mod': No such file or directory
ls: cannot access '*.mod': No such file or directory
'thirdpartylibs/LIB_VTK_IO/static/lib_vtk_io.mod' -> '/home/adityanair/OpenFOAM/adityanair-v2512/applications/utilities/waves2Foam/ThirdParty/OceanWave3D-Fortran90/../build/lib_vtk_io.mod'
gfortran -O3 -fPIC -ffpe-trap=invalid,zero,overflow -ffree-line-length-none -fstack-protector-all -c src/functions/FILTERING_SWENSE.f90 -o /home/adityanair/OpenFOAM/adityanair-v2512/applications/utilities/waves2Foam/ThirdParty/OceanWave3D-Fortran90/../build/FILTERING_SWENSE.o -I/home/adityanair/OpenFOAM/adityanair-v2512/applications/utilities/waves2Foam/ThirdParty/OceanWave3D-Fortran90/../build
ls: cannot access '*.mod': No such file or directory
mv: cannot stat '*.mod': No such file or directory
'thirdpartylibs/LIB_VTK_IO/static/lib_vtk_io.mod' -> '/home/adityanair/OpenFOAM/adityanair-v2512/applications/utilities/waves2Foam/ThirdParty/OceanWave3D-Fortran90/../build/lib_vtk_io.mod'
gfortran -O3 -fPIC -ffpe-trap=invalid,zero,overflow -ffree-line-length-none -fstack-protector-all -c src/functions/FactorPreconditioner.f90 -o /home/adityanair/OpenFOAM/adityanair-v2512/applications/utilities/waves2Foam/ThirdParty/OceanWave3D-Fortran90/../build/FactorPreconditioner.o -I/home/adityanair/OpenFOAM/adityanair-v2512/applications/utilities/waves2Foam/ThirdParty/OceanWave3D-Fortran90/../build
ls: cannot access '*.mod': No such file or directory
mv: cannot stat '*.mod': No such file or directory
'thirdpartylibs/LIB_VTK_IO/static/lib_vtk_io.mod' -> '/home/adityanair/OpenFOAM/adityanair-v2512/applications/utilities/waves2Foam/ThirdParty/OceanWave3D-Fortran90/../build/lib_vtk_io.mod'
gfortran -O3 -fPIC -ffpe-trap=invalid,zero,overflow -ffree-line-length-none -fstack-protector-all -c src/functions/FilterInit.f90 -o /home/adityanair/OpenFOAM/adityanair-v2512/applications/utilities/waves2Foam/ThirdParty/OceanWave3D-Fortran90/../build/FilterInit.o -I/home/adityanair/OpenFOAM/adityanair-v2512/applications/utilities/waves2Foam/ThirdParty/OceanWave3D-Fortran90/../build
ls: cannot access '*.mod': No such file or directory
mv: cannot stat '*.mod': No such file or directory
'thirdpartylibs/LIB_VTK_IO/static/lib_vtk_io.mod' -> '/home/adityanair/OpenFOAM/adityanair-v2512/applications/utilities/waves2Foam/ThirdParty/OceanWave3D-Fortran90/../build/lib_vtk_io.mod'
gfortran -O3 -fPIC -ffpe-trap=invalid,zero,overflow -ffree-line-length-none -fstack-protector-all -c src/functions/McCamyFuchs54LocalXY.f90 -o /home/adityanair/OpenFOAM/adityanair-v2512/applications/utilities/waves2Foam/ThirdParty/OceanWave3D-Fortran90/../build/McCamyFuchs54LocalXY.o -I/home/adityanair/OpenFOAM/adityanair-v2512/applications/utilities/waves2Foam/ThirdParty/OceanWave3D-Fortran90/../build
ls: cannot access '*.mod': No such file or directory
mv: cannot stat '*.mod': No such file or directory
'thirdpartylibs/LIB_VTK_IO/static/lib_vtk_io.mod' -> '/home/adityanair/OpenFOAM/adityanair-v2512/applications/utilities/waves2Foam/ThirdParty/OceanWave3D-Fortran90/../build/lib_vtk_io.mod'
gfortran -O3 -fPIC -ffpe-trap=invalid,zero,overflow -ffree-line-length-none -fstack-protector-all -c src/functions/PreProcessDiffStencilsZ.f90 -o /home/adityanair/OpenFOAM/adityanair-v2512/applications/utilities/waves2Foam/ThirdParty/OceanWave3D-Fortran90/../build/PreProcessDiffStencilsZ.o -I/home/adityanair/OpenFOAM/adityanair-v2512/applications/utilities/waves2Foam/ThirdParty/OceanWave3D-Fortran90/../build
ls: cannot access '*.mod': No such file or directory
mv: cannot stat '*.mod': No such file or directory
'thirdpartylibs/LIB_VTK_IO/static/lib_vtk_io.mod' -> '/home/adityanair/OpenFOAM/adityanair-v2512/applications/utilities/waves2Foam/ThirdParty/OceanWave3D-Fortran90/../build/lib_vtk_io.mod'
gfortran -O3 -fPIC -ffpe-trap=invalid,zero,overflow -ffree-line-length-none -fstack-protector-all -c src/functions/PrepareFullOperatorStencils.f90 -o /home/adityanair/OpenFOAM/adityanair-v2512/applications/utilities/waves2Foam/ThirdParty/OceanWave3D-Fortran90/../build/PrepareFullOperatorStencils.o -I/home/adityanair/OpenFOAM/adityanair-v2512/applications/utilities/waves2Foam/ThirdParty/OceanWave3D-Fortran90/../build
ls: cannot access '*.mod': No such file or directory
mv: cannot stat '*.mod': No such file or directory
'thirdpartylibs/LIB_VTK_IO/static/lib_vtk_io.mod' -> '/home/adityanair/OpenFOAM/adityanair-v2512/applications/utilities/waves2Foam/ThirdParty/OceanWave3D-Fortran90/../build/lib_vtk_io.mod'
gfortran -O3 -fPIC -ffpe-trap=invalid,zero,overflow -ffree-line-length-none -fstack-protector-all -c src/functions/PrepareFullOperatorStencilsForGaussSeidel.f90 -o /home/adityanair/OpenFOAM/adityanair-v2512/applications/utilities/waves2Foam/ThirdParty/OceanWave3D-Fortran90/../build/PrepareFullOperatorStencilsForGaussSeidel.o -I/home/adityanair/OpenFOAM/adityanair-v2512/applications/utilities/waves2Foam/ThirdParty/OceanWave3D-Fortran90/../build
ls: cannot access '*.mod': No such file or directory
mv: cannot stat '*.mod': No such file or directory
'thirdpartylibs/LIB_VTK_IO/static/lib_vtk_io.mod' -> '/home/adityanair/OpenFOAM/adityanair-v2512/applications/utilities/waves2Foam/ThirdParty/OceanWave3D-Fortran90/../build/lib_vtk_io.mod'
gfortran -O3 -fPIC -ffpe-trap=invalid,zero,overflow -ffree-line-length-none -fstack-protector-all -c src/functions/PrepareFullOperatorStencilsForGaussSeidelARRAY.f90 -o /home/adityanair/OpenFOAM/adityanair-v2512/applications/utilities/waves2Foam/ThirdParty/OceanWave3D-Fortran90/../build/PrepareFullOperatorStencilsForGaussSeidelARRAY.o -I/home/adityanair/OpenFOAM/adityanair-v2512/applications/utilities/waves2Foam/ThirdParty/OceanWave3D-Fortran90/../build
ls: mv: cannot stat '*.mod'cannot access '*.mod': No such file or directory
: No such file or directory
'thirdpartylibs/LIB_VTK_IO/static/lib_vtk_io.mod' -> '/home/adityanair/OpenFOAM/adityanair-v2512/applications/utilities/waves2Foam/ThirdParty/OceanWave3D-Fortran90/../build/lib_vtk_io.mod'
gfortran -O3 -fPIC -ffpe-trap=invalid,zero,overflow -ffree-line-length-none -fstack-protector-all -c src/functions/PreparePreconditioner.f90 -o /home/adityanair/OpenFOAM/adityanair-v2512/applications/utilities/waves2Foam/ThirdParty/OceanWave3D-Fortran90/../build/PreparePreconditioner.o -I/home/adityanair/OpenFOAM/adityanair-v2512/applications/utilities/waves2Foam/ThirdParty/OceanWave3D-Fortran90/../build
ls: mv: cannot access '*.mod'cannot stat '*.mod': No such file or directory
: No such file or directory
'thirdpartylibs/LIB_VTK_IO/static/lib_vtk_io.mod' -> '/home/adityanair/OpenFOAM/adityanair-v2512/applications/utilities/waves2Foam/ThirdParty/OceanWave3D-Fortran90/../build/lib_vtk_io.mod'
gfortran -O3 -fPIC -ffpe-trap=invalid,zero,overflow -ffree-line-length-none -fstack-protector-all -c src/functions/PreparePreconditionerOLD.f90 -o /home/adityanair/OpenFOAM/adityanair-v2512/applications/utilities/waves2Foam/ThirdParty/OceanWave3D-Fortran90/../build/PreparePreconditionerOLD.o -I/home/adityanair/OpenFOAM/adityanair-v2512/applications/utilities/waves2Foam/ThirdParty/OceanWave3D-Fortran90/../build
ls: mv: cannot stat '*.mod'cannot access '*.mod': No such file or directory: No such file or directory

'thirdpartylibs/LIB_VTK_IO/static/lib_vtk_io.mod' -> '/home/adityanair/OpenFOAM/adityanair-v2512/applications/utilities/waves2Foam/ThirdParty/OceanWave3D-Fortran90/../build/lib_vtk_io.mod'
gfortran -O3 -fPIC -ffpe-trap=invalid,zero,overflow -ffree-line-length-none -fstack-protector-all -c src/functions/RelaxationModule.f90 -o /home/adityanair/OpenFOAM/adityanair-v2512/applications/utilities/waves2Foam/ThirdParty/OceanWave3D-Fortran90/../build/RelaxationModule.o -I/home/adityanair/OpenFOAM/adityanair-v2512/applications/utilities/waves2Foam/ThirdParty/OceanWave3D-Fortran90/../build
ls: cannot access '*.mod': No such file or directory
mv: cannot stat '*.mod': No such file or directory
'thirdpartylibs/LIB_VTK_IO/static/lib_vtk_io.mod' -> '/home/adityanair/OpenFOAM/adityanair-v2512/applications/utilities/waves2Foam/ThirdParty/OceanWave3D-Fortran90/../build/lib_vtk_io.mod'
gfortran -O3 -fPIC -ffpe-trap=invalid,zero,overflow -ffree-line-length-none -fstack-protector-all -c src/functions/RelaxationModule_new.f90 -o /home/adityanair/OpenFOAM/adityanair-v2512/applications/utilities/waves2Foam/ThirdParty/OceanWave3D-Fortran90/../build/RelaxationModule_new.o -I/home/adityanair/OpenFOAM/adityanair-v2512/applications/utilities/waves2Foam/ThirdParty/OceanWave3D-Fortran90/../build
mv: cannot stat '*.mod': No such file or directory
ls: cannot access '*.mod': No such file or directory
'thirdpartylibs/LIB_VTK_IO/static/lib_vtk_io.mod' -> '/home/adityanair/OpenFOAM/adityanair-v2512/applications/utilities/waves2Foam/ThirdParty/OceanWave3D-Fortran90/../build/lib_vtk_io.mod'
gfortran -O3 -fPIC -ffpe-trap=invalid,zero,overflow -ffree-line-length-none -fstack-protector-all -c src/functions/SetupCompDomain_test.f90 -o /home/adityanair/OpenFOAM/adityanair-v2512/applications/utilities/waves2Foam/ThirdParty/OceanWave3D-Fortran90/../build/SetupCompDomain_test.o -I/home/adityanair/OpenFOAM/adityanair-v2512/applications/utilities/waves2Foam/ThirdParty/OceanWave3D-Fortran90/../build
ls: cannot access '*.mod'mv: cannot stat '*.mod': No such file or directory
: No such file or directory
'thirdpartylibs/LIB_VTK_IO/static/lib_vtk_io.mod' -> '/home/adityanair/OpenFOAM/adityanair-v2512/applications/utilities/waves2Foam/ThirdParty/OceanWave3D-Fortran90/../build/lib_vtk_io.mod'
gfortran -O3 -fPIC -ffpe-trap=invalid,zero,overflow -ffree-line-length-none -fstack-protector-all -c src/functions/TaylorFDStencils1DArbitrary.f90 -o /home/adityanair/OpenFOAM/adityanair-v2512/applications/utilities/waves2Foam/ThirdParty/OceanWave3D-Fortran90/../build/TaylorFDStencils1DArbitrary.o -I/home/adityanair/OpenFOAM/adityanair-v2512/applications/utilities/waves2Foam/ThirdParty/OceanWave3D-Fortran90/../build
ls: cannot access '*.mod'mv: cannot stat '*.mod': No such file or directory
: No such file or directory
'thirdpartylibs/LIB_VTK_IO/static/lib_vtk_io.mod' -> '/home/adityanair/OpenFOAM/adityanair-v2512/applications/utilities/waves2Foam/ThirdParty/OceanWave3D-Fortran90/../build/lib_vtk_io.mod'
gfortran -O3 -fPIC -ffpe-trap=invalid,zero,overflow -ffree-line-length-none -fstack-protector-all -c src/functions/UpdateGhostLayerCurvilinear.f90 -o /home/adityanair/OpenFOAM/adityanair-v2512/applications/utilities/waves2Foam/ThirdParty/OceanWave3D-Fortran90/../build/UpdateGhostLayerCurvilinear.o -I/home/adityanair/OpenFOAM/adityanair-v2512/applications/utilities/waves2Foam/ThirdParty/OceanWave3D-Fortran90/../build
mv: cannot stat '*.mod': No such file or directory
ls: cannot access '*.mod': No such file or directory
'thirdpartylibs/LIB_VTK_IO/static/lib_vtk_io.mod' -> '/home/adityanair/OpenFOAM/adityanair-v2512/applications/utilities/waves2Foam/ThirdParty/OceanWave3D-Fortran90/../build/lib_vtk_io.mod'
gfortran -O3 -fPIC -ffpe-trap=invalid,zero,overflow -ffree-line-length-none -fstack-protector-all -c src/functions/UpdateGhostLayerECurvilinear.f90 -o /home/adityanair/OpenFOAM/adityanair-v2512/applications/utilities/waves2Foam/ThirdParty/OceanWave3D-Fortran90/../build/UpdateGhostLayerECurvilinear.o -I/home/adityanair/OpenFOAM/adityanair-v2512/applications/utilities/waves2Foam/ThirdParty/OceanWave3D-Fortran90/../build
mv: ls: cannot access '*.mod'cannot stat '*.mod': No such file or directory: No such file or directory

'thirdpartylibs/LIB_VTK_IO/static/lib_vtk_io.mod' -> '/home/adityanair/OpenFOAM/adityanair-v2512/applications/utilities/waves2Foam/ThirdParty/OceanWave3D-Fortran90/../build/lib_vtk_io.mod'
gfortran -O3 -fPIC -ffpe-trap=invalid,zero,overflow -ffree-line-length-none -fstack-protector-all -c src/functions/UpdateGhostLayerNCurvilinear.f90 -o /home/adityanair/OpenFOAM/adityanair-v2512/applications/utilities/waves2Foam/ThirdParty/OceanWave3D-Fortran90/../build/UpdateGhostLayerNCurvilinear.o -I/home/adityanair/OpenFOAM/adityanair-v2512/applications/utilities/waves2Foam/ThirdParty/OceanWave3D-Fortran90/../build
ls: cannot access '*.mod'mv: : No such file or directorycannot stat '*.mod'
: No such file or directory
'thirdpartylibs/LIB_VTK_IO/static/lib_vtk_io.mod' -> '/home/adityanair/OpenFOAM/adityanair-v2512/applications/utilities/waves2Foam/ThirdParty/OceanWave3D-Fortran90/../build/lib_vtk_io.mod'
gfortran -O3 -fPIC -ffpe-trap=invalid,zero,overflow -ffree-line-length-none -fstack-protector-all -c src/functions/UpdateGhostLayerX.f90 -o /home/adityanair/OpenFOAM/adityanair-v2512/applications/utilities/waves2Foam/ThirdParty/OceanWave3D-Fortran90/../build/UpdateGhostLayerX.o -I/home/adityanair/OpenFOAM/adityanair-v2512/applications/utilities/waves2Foam/ThirdParty/OceanWave3D-Fortran90/../build
ls: cannot access '*.mod': No such file or directory
mv: cannot stat '*.mod': No such file or directory
'thirdpartylibs/LIB_VTK_IO/static/lib_vtk_io.mod' -> '/home/adityanair/OpenFOAM/adityanair-v2512/applications/utilities/waves2Foam/ThirdParty/OceanWave3D-Fortran90/../build/lib_vtk_io.mod'
gfortran -O3 -fPIC -ffpe-trap=invalid,zero,overflow -ffree-line-length-none -fstack-protector-all -c src/functions/UpdateGhostLayerXCurvilinear.f90 -o /home/adityanair/OpenFOAM/adityanair-v2512/applications/utilities/waves2Foam/ThirdParty/OceanWave3D-Fortran90/../build/UpdateGhostLayerXCurvilinear.o -I/home/adityanair/OpenFOAM/adityanair-v2512/applications/utilities/waves2Foam/ThirdParty/OceanWave3D-Fortran90/../build
mv: ls: cannot stat '*.mod'cannot access '*.mod': No such file or directory: No such file or directory

'thirdpartylibs/LIB_VTK_IO/static/lib_vtk_io.mod' -> '/home/adityanair/OpenFOAM/adityanair-v2512/applications/utilities/waves2Foam/ThirdParty/OceanWave3D-Fortran90/../build/lib_vtk_io.mod'
gfortran -O3 -fPIC -ffpe-trap=invalid,zero,overflow -ffree-line-length-none -fstack-protector-all -c src/functions/UpdateGhostLayerY.f90 -o /home/adityanair/OpenFOAM/adityanair-v2512/applications/utilities/waves2Foam/ThirdParty/OceanWave3D-Fortran90/../build/UpdateGhostLayerY.o -I/home/adityanair/OpenFOAM/adityanair-v2512/applications/utilities/waves2Foam/ThirdParty/OceanWave3D-Fortran90/../build
ls: cannot access '*.mod'mv: cannot stat '*.mod': No such file or directory
: No such file or directory
'thirdpartylibs/LIB_VTK_IO/static/lib_vtk_io.mod' -> '/home/adityanair/OpenFOAM/adityanair-v2512/applications/utilities/waves2Foam/ThirdParty/OceanWave3D-Fortran90/../build/lib_vtk_io.mod'
gfortran -O3 -fPIC -ffpe-trap=invalid,zero,overflow -ffree-line-length-none -fstack-protector-all -c src/functions/UpdateGhostLayerYCurvilinear.f90 -o /home/adityanair/OpenFOAM/adityanair-v2512/applications/utilities/waves2Foam/ThirdParty/OceanWave3D-Fortran90/../build/UpdateGhostLayerYCurvilinear.o -I/home/adityanair/OpenFOAM/adityanair-v2512/applications/utilities/waves2Foam/ThirdParty/OceanWave3D-Fortran90/../build
ls: cannot access '*.mod'mv: cannot stat '*.mod': No such file or directory
: No such file or directory
'thirdpartylibs/LIB_VTK_IO/static/lib_vtk_io.mod' -> '/home/adityanair/OpenFOAM/adityanair-v2512/applications/utilities/waves2Foam/ThirdParty/OceanWave3D-Fortran90/../build/lib_vtk_io.mod'
gfortran -O3 -fPIC -ffpe-trap=invalid,zero,overflow -ffree-line-length-none -fstack-protector-all -c src/functions/VerticalFreeSurfaceVelocity.f90 -o /home/adityanair/OpenFOAM/adityanair-v2512/applications/utilities/waves2Foam/ThirdParty/OceanWave3D-Fortran90/../build/VerticalFreeSurfaceVelocity.o -I/home/adityanair/OpenFOAM/adityanair-v2512/applications/utilities/waves2Foam/ThirdParty/OceanWave3D-Fortran90/../build
ls: cannot access '*.mod'mv: cannot stat '*.mod': No such file or directory
: No such file or directory
'thirdpartylibs/LIB_VTK_IO/static/lib_vtk_io.mod' -> '/home/adityanair/OpenFOAM/adityanair-v2512/applications/utilities/waves2Foam/ThirdParty/OceanWave3D-Fortran90/../build/lib_vtk_io.mod'
gfortran -O3 -fPIC -ffpe-trap=invalid,zero,overflow -ffree-line-length-none -fstack-protector-all -c src/functions/Zero_Corners.f90 -o /home/adityanair/OpenFOAM/adityanair-v2512/applications/utilities/waves2Foam/ThirdParty/OceanWave3D-Fortran90/../build/Zero_Corners.o -I/home/adityanair/OpenFOAM/adityanair-v2512/applications/utilities/waves2Foam/ThirdParty/OceanWave3D-Fortran90/../build
ls: cannot access '*.mod': No such file or directory
mv: cannot stat '*.mod': No such file or directory
'thirdpartylibs/LIB_VTK_IO/static/lib_vtk_io.mod' -> '/home/adityanair/OpenFOAM/adityanair-v2512/applications/utilities/waves2Foam/ThirdParty/OceanWave3D-Fortran90/../build/lib_vtk_io.mod'
gfortran -O3 -fPIC -ffpe-trap=invalid,zero,overflow -ffree-line-length-none -fstack-protector-all -c src/functions/bessj.f90 -o /home/adityanair/OpenFOAM/adityanair-v2512/applications/utilities/waves2Foam/ThirdParty/OceanWave3D-Fortran90/../build/bessj.o -I/home/adityanair/OpenFOAM/adityanair-v2512/applications/utilities/waves2Foam/ThirdParty/OceanWave3D-Fortran90/../build
mv: cannot stat '*.mod': No such file or directory
ls: cannot access '*.mod': No such file or directory
'thirdpartylibs/LIB_VTK_IO/static/lib_vtk_io.mod' -> '/home/adityanair/OpenFOAM/adityanair-v2512/applications/utilities/waves2Foam/ThirdParty/OceanWave3D-Fortran90/../build/lib_vtk_io.mod'
gfortran -O3 -fPIC -ffpe-trap=invalid,zero,overflow -ffree-line-length-none -fstack-protector-all -c src/functions/eta_linear.f90 -o /home/adityanair/OpenFOAM/adityanair-v2512/applications/utilities/waves2Foam/ThirdParty/OceanWave3D-Fortran90/../build/eta_linear.o -I/home/adityanair/OpenFOAM/adityanair-v2512/applications/utilities/waves2Foam/ThirdParty/OceanWave3D-Fortran90/../build
ls: cannot access '*.mod'mv: cannot stat '*.mod': No such file or directory
: No such file or directory
'thirdpartylibs/LIB_VTK_IO/static/lib_vtk_io.mod' -> '/home/adityanair/OpenFOAM/adityanair-v2512/applications/utilities/waves2Foam/ThirdParty/OceanWave3D-Fortran90/../build/lib_vtk_io.mod'
gfortran -O3 -fPIC -ffpe-trap=invalid,zero,overflow -ffree-line-length-none -fstack-protector-all -c src/functions/eta_linear_3D.f90 -o /home/adityanair/OpenFOAM/adityanair-v2512/applications/utilities/waves2Foam/ThirdParty/OceanWave3D-Fortran90/../build/eta_linear_3D.o -I/home/adityanair/OpenFOAM/adityanair-v2512/applications/utilities/waves2Foam/ThirdParty/OceanWave3D-Fortran90/../build
ls: cannot access '*.mod': No such file or directory
mv: cannot stat '*.mod': No such file or directory
'thirdpartylibs/LIB_VTK_IO/static/lib_vtk_io.mod' -> '/home/adityanair/OpenFOAM/adityanair-v2512/applications/utilities/waves2Foam/ThirdParty/OceanWave3D-Fortran90/../build/lib_vtk_io.mod'
gfortran -O3 -fPIC -ffpe-trap=invalid,zero,overflow -ffree-line-length-none -fstack-protector-all -c src/functions/eta_linear_3D_bottom.f90 -o /home/adityanair/OpenFOAM/adityanair-v2512/applications/utilities/waves2Foam/ThirdParty/OceanWave3D-Fortran90/../build/eta_linear_3D_bottom.o -I/home/adityanair/OpenFOAM/adityanair-v2512/applications/utilities/waves2Foam/ThirdParty/OceanWave3D-Fortran90/../build
ls: cannot access '*.mod'mv: cannot stat '*.mod': No such file or directory: No such file or directory

'thirdpartylibs/LIB_VTK_IO/static/lib_vtk_io.mod' -> '/home/adityanair/OpenFOAM/adityanair-v2512/applications/utilities/waves2Foam/ThirdParty/OceanWave3D-Fortran90/../build/lib_vtk_io.mod'
gfortran -O3 -fPIC -ffpe-trap=invalid,zero,overflow -ffree-line-length-none -fstack-protector-all -c src/functions/eta_linear_3D_standing.f90 -o /home/adityanair/OpenFOAM/adityanair-v2512/applications/utilities/waves2Foam/ThirdParty/OceanWave3D-Fortran90/../build/eta_linear_3D_standing.o -I/home/adityanair/OpenFOAM/adityanair-v2512/applications/utilities/waves2Foam/ThirdParty/OceanWave3D-Fortran90/../build
ls: cannot access '*.mod': No such file or directory
mv: cannot stat '*.mod': No such file or directory
'thirdpartylibs/LIB_VTK_IO/static/lib_vtk_io.mod' -> '/home/adityanair/OpenFOAM/adityanair-v2512/applications/utilities/waves2Foam/ThirdParty/OceanWave3D-Fortran90/../build/lib_vtk_io.mod'
gfortran -O3 -fPIC -ffpe-trap=invalid,zero,overflow -ffree-line-length-none -fstack-protector-all -c src/functions/eta_linear_bottom.f90 -o /home/adityanair/OpenFOAM/adityanair-v2512/applications/utilities/waves2Foam/ThirdParty/OceanWave3D-Fortran90/../build/eta_linear_bottom.o -I/home/adityanair/OpenFOAM/adityanair-v2512/applications/utilities/waves2Foam/ThirdParty/OceanWave3D-Fortran90/../build
mv: cannot stat '*.mod': No such file or directory
ls: cannot access '*.mod': No such file or directory
'thirdpartylibs/LIB_VTK_IO/static/lib_vtk_io.mod' -> '/home/adityanair/OpenFOAM/adityanair-v2512/applications/utilities/waves2Foam/ThirdParty/OceanWave3D-Fortran90/../build/lib_vtk_io.mod'
gfortran -O3 -fPIC -ffpe-trap=invalid,zero,overflow -ffree-line-length-none -fstack-protector-all -c src/functions/eta_linear_standing.f90 -o /home/adityanair/OpenFOAM/adityanair-v2512/applications/utilities/waves2Foam/ThirdParty/OceanWave3D-Fortran90/../build/eta_linear_standing.o -I/home/adityanair/OpenFOAM/adityanair-v2512/applications/utilities/waves2Foam/ThirdParty/OceanWave3D-Fortran90/../build
mv: cannot stat '*.mod': No such file or directory
ls: cannot access '*.mod': No such file or directory
'thirdpartylibs/LIB_VTK_IO/static/lib_vtk_io.mod' -> '/home/adityanair/OpenFOAM/adityanair-v2512/applications/utilities/waves2Foam/ThirdParty/OceanWave3D-Fortran90/../build/lib_vtk_io.mod'
gfortran -O3 -fPIC -ffpe-trap=invalid,zero,overflow -ffree-line-length-none -fstack-protector-all -c src/functions/eta_nonlinear.f90 -o /home/adityanair/OpenFOAM/adityanair-v2512/applications/utilities/waves2Foam/ThirdParty/OceanWave3D-Fortran90/../build/eta_nonlinear.o -I/home/adityanair/OpenFOAM/adityanair-v2512/applications/utilities/waves2Foam/ThirdParty/OceanWave3D-Fortran90/../build
ls: cannot access '*.mod'mv: : No such file or directory
cannot stat '*.mod': No such file or directory
'thirdpartylibs/LIB_VTK_IO/static/lib_vtk_io.mod' -> '/home/adityanair/OpenFOAM/adityanair-v2512/applications/utilities/waves2Foam/ThirdParty/OceanWave3D-Fortran90/../build/lib_vtk_io.mod'
gfortran -O3 -fPIC -ffpe-trap=invalid,zero,overflow -ffree-line-length-none -fstack-protector-all -c src/functions/eta_nonlinear_3D.f90 -o /home/adityanair/OpenFOAM/adityanair-v2512/applications/utilities/waves2Foam/ThirdParty/OceanWave3D-Fortran90/../build/eta_nonlinear_3D.o -I/home/adityanair/OpenFOAM/adityanair-v2512/applications/utilities/waves2Foam/ThirdParty/OceanWave3D-Fortran90/../build
ls: cannot access '*.mod': No such file or directory
mv: cannot stat '*.mod': No such file or directory
'thirdpartylibs/LIB_VTK_IO/static/lib_vtk_io.mod' -> '/home/adityanair/OpenFOAM/adityanair-v2512/applications/utilities/waves2Foam/ThirdParty/OceanWave3D-Fortran90/../build/lib_vtk_io.mod'
gfortran -O3 -fPIC -ffpe-trap=invalid,zero,overflow -ffree-line-length-none -fstack-protector-all -c src/functions/eta_nonlinear_3D_standing.f90 -o /home/adityanair/OpenFOAM/adityanair-v2512/applications/utilities/waves2Foam/ThirdParty/OceanWave3D-Fortran90/../build/eta_nonlinear_3D_standing.o -I/home/adityanair/OpenFOAM/adityanair-v2512/applications/utilities/waves2Foam/ThirdParty/OceanWave3D-Fortran90/../build
mv: cannot stat '*.mod': No such file or directory
ls: cannot access '*.mod': No such file or directory
'thirdpartylibs/LIB_VTK_IO/static/lib_vtk_io.mod' -> '/home/adityanair/OpenFOAM/adityanair-v2512/applications/utilities/waves2Foam/ThirdParty/OceanWave3D-Fortran90/../build/lib_vtk_io.mod'
gfortran -O3 -fPIC -ffpe-trap=invalid,zero,overflow -ffree-line-length-none -fstack-protector-all -c src/functions/eta_nonlinear_standing.f90 -o /home/adityanair/OpenFOAM/adityanair-v2512/applications/utilities/waves2Foam/ThirdParty/OceanWave3D-Fortran90/../build/eta_nonlinear_standing.o -I/home/adityanair/OpenFOAM/adityanair-v2512/applications/utilities/waves2Foam/ThirdParty/OceanWave3D-Fortran90/../build
ls: cannot access '*.mod': No such file or directory
mv: cannot stat '*.mod': No such file or directory
'thirdpartylibs/LIB_VTK_IO/static/lib_vtk_io.mod' -> '/home/adityanair/OpenFOAM/adityanair-v2512/applications/utilities/waves2Foam/ThirdParty/OceanWave3D-Fortran90/../build/lib_vtk_io.mod'
gfortran -O3 -fPIC -ffpe-trap=invalid,zero,overflow -ffree-line-length-none -fstack-protector-all -c src/functions/incident_linear_wf_finite.f90 -o /home/adityanair/OpenFOAM/adityanair-v2512/applications/utilities/waves2Foam/ThirdParty/OceanWave3D-Fortran90/../build/incident_linear_wf_finite.o -I/home/adityanair/OpenFOAM/adityanair-v2512/applications/utilities/waves2Foam/ThirdParty/OceanWave3D-Fortran90/../build
ls: cannot access '*.mod'mv: cannot stat '*.mod': No such file or directory
: No such file or directory
'thirdpartylibs/LIB_VTK_IO/static/lib_vtk_io.mod' -> '/home/adityanair/OpenFOAM/adityanair-v2512/applications/utilities/waves2Foam/ThirdParty/OceanWave3D-Fortran90/../build/lib_vtk_io.mod'
gfortran -O3 -fPIC -ffpe-trap=invalid,zero,overflow -ffree-line-length-none -fstack-protector-all -c src/functions/incident_linear_wf_finite_bottom.f90 -o /home/adityanair/OpenFOAM/adityanair-v2512/applications/utilities/waves2Foam/ThirdParty/OceanWave3D-Fortran90/../build/incident_linear_wf_finite_bottom.o -I/home/adityanair/OpenFOAM/adityanair-v2512/applications/utilities/waves2Foam/ThirdParty/OceanWave3D-Fortran90/../build
ls: mv: cannot stat '*.mod'cannot access '*.mod': No such file or directory
: No such file or directory
'thirdpartylibs/LIB_VTK_IO/static/lib_vtk_io.mod' -> '/home/adityanair/OpenFOAM/adityanair-v2512/applications/utilities/waves2Foam/ThirdParty/OceanWave3D-Fortran90/../build/lib_vtk_io.mod'
gfortran -O3 -fPIC -ffpe-trap=invalid,zero,overflow -ffree-line-length-none -fstack-protector-all -c src/functions/incident_linear_wf_finite_standing.f90 -o /home/adityanair/OpenFOAM/adityanair-v2512/applications/utilities/waves2Foam/ThirdParty/OceanWave3D-Fortran90/../build/incident_linear_wf_finite_standing.o -I/home/adityanair/OpenFOAM/adityanair-v2512/applications/utilities/waves2Foam/ThirdParty/OceanWave3D-Fortran90/../build
ls: mv: cannot stat '*.mod'cannot access '*.mod': No such file or directory
: No such file or directory
'thirdpartylibs/LIB_VTK_IO/static/lib_vtk_io.mod' -> '/home/adityanair/OpenFOAM/adityanair-v2512/applications/utilities/waves2Foam/ThirdParty/OceanWave3D-Fortran90/../build/lib_vtk_io.mod'
gfortran -O3 -fPIC -ffpe-trap=invalid,zero,overflow -ffree-line-length-none -fstack-protector-all -c src/functions/incident_nonlinear_wf_finite_standing.f90 -o /home/adityanair/OpenFOAM/adityanair-v2512/applications/utilities/waves2Foam/ThirdParty/OceanWave3D-Fortran90/../build/incident_nonlinear_wf_finite_standing.o -I/home/adityanair/OpenFOAM/adityanair-v2512/applications/utilities/waves2Foam/ThirdParty/OceanWave3D-Fortran90/../build
ls: mv: cannot access '*.mod'cannot stat '*.mod': No such file or directory
: No such file or directory
'thirdpartylibs/LIB_VTK_IO/static/lib_vtk_io.mod' -> '/home/adityanair/OpenFOAM/adityanair-v2512/applications/utilities/waves2Foam/ThirdParty/OceanWave3D-Fortran90/../build/lib_vtk_io.mod'
gfortran -O3 -fPIC -ffpe-trap=invalid,zero,overflow -ffree-line-length-none -fstack-protector-all -c src/functions/incident_wf_finite.f90 -o /home/adityanair/OpenFOAM/adityanair-v2512/applications/utilities/waves2Foam/ThirdParty/OceanWave3D-Fortran90/../build/incident_wf_finite.o -I/home/adityanair/OpenFOAM/adityanair-v2512/applications/utilities/waves2Foam/ThirdParty/OceanWave3D-Fortran90/../build
ls: cannot access '*.mod'mv: : No such file or directorycannot stat '*.mod'
: No such file or directory
'thirdpartylibs/LIB_VTK_IO/static/lib_vtk_io.mod' -> '/home/adityanair/OpenFOAM/adityanair-v2512/applications/utilities/waves2Foam/ThirdParty/OceanWave3D-Fortran90/../build/lib_vtk_io.mod'
gfortran -O3 -fPIC -ffpe-trap=invalid,zero,overflow -ffree-line-length-none -fstack-protector-all -c src/functions/maxnorm.f90 -o /home/adityanair/OpenFOAM/adityanair-v2512/applications/utilities/waves2Foam/ThirdParty/OceanWave3D-Fortran90/../build/maxnorm.o -I/home/adityanair/OpenFOAM/adityanair-v2512/applications/utilities/waves2Foam/ThirdParty/OceanWave3D-Fortran90/../build
ls: cannot access '*.mod'mv: cannot stat '*.mod': No such file or directory
: No such file or directory
'thirdpartylibs/LIB_VTK_IO/static/lib_vtk_io.mod' -> '/home/adityanair/OpenFOAM/adityanair-v2512/applications/utilities/waves2Foam/ThirdParty/OceanWave3D-Fortran90/../build/lib_vtk_io.mod'
gfortran -O3 -fPIC -ffpe-trap=invalid,zero,overflow -ffree-line-length-none -fstack-protector-all -c src/functions/phi_linear.f90 -o /home/adityanair/OpenFOAM/adityanair-v2512/applications/utilities/waves2Foam/ThirdParty/OceanWave3D-Fortran90/../build/phi_linear.o -I/home/adityanair/OpenFOAM/adityanair-v2512/applications/utilities/waves2Foam/ThirdParty/OceanWave3D-Fortran90/../build
ls: mv: cannot stat '*.mod'cannot access '*.mod': No such file or directory
: No such file or directory
'thirdpartylibs/LIB_VTK_IO/static/lib_vtk_io.mod' -> '/home/adityanair/OpenFOAM/adityanair-v2512/applications/utilities/waves2Foam/ThirdParty/OceanWave3D-Fortran90/../build/lib_vtk_io.mod'
gfortran -O3 -fPIC -ffpe-trap=invalid,zero,overflow -ffree-line-length-none -fstack-protector-all -c src/functions/phi_linear_3D.f90 -o /home/adityanair/OpenFOAM/adityanair-v2512/applications/utilities/waves2Foam/ThirdParty/OceanWave3D-Fortran90/../build/phi_linear_3D.o -I/home/adityanair/OpenFOAM/adityanair-v2512/applications/utilities/waves2Foam/ThirdParty/OceanWave3D-Fortran90/../build
ls: cannot access '*.mod'mv: : No such file or directory
cannot stat '*.mod': No such file or directory
'thirdpartylibs/LIB_VTK_IO/static/lib_vtk_io.mod' -> '/home/adityanair/OpenFOAM/adityanair-v2512/applications/utilities/waves2Foam/ThirdParty/OceanWave3D-Fortran90/../build/lib_vtk_io.mod'
gfortran -O3 -fPIC -ffpe-trap=invalid,zero,overflow -ffree-line-length-none -fstack-protector-all -c src/functions/phi_linear_3D_bottom.f90 -o /home/adityanair/OpenFOAM/adityanair-v2512/applications/utilities/waves2Foam/ThirdParty/OceanWave3D-Fortran90/../build/phi_linear_3D_bottom.o -I/home/adityanair/OpenFOAM/adityanair-v2512/applications/utilities/waves2Foam/ThirdParty/OceanWave3D-Fortran90/../build
ls: cannot access '*.mod'mv: cannot stat '*.mod': No such file or directory
: No such file or directory
'thirdpartylibs/LIB_VTK_IO/static/lib_vtk_io.mod' -> '/home/adityanair/OpenFOAM/adityanair-v2512/applications/utilities/waves2Foam/ThirdParty/OceanWave3D-Fortran90/../build/lib_vtk_io.mod'
gfortran -O3 -fPIC -ffpe-trap=invalid,zero,overflow -ffree-line-length-none -fstack-protector-all -c src/functions/phi_linear_3D_standing.f90 -o /home/adityanair/OpenFOAM/adityanair-v2512/applications/utilities/waves2Foam/ThirdParty/OceanWave3D-Fortran90/../build/phi_linear_3D_standing.o -I/home/adityanair/OpenFOAM/adityanair-v2512/applications/utilities/waves2Foam/ThirdParty/OceanWave3D-Fortran90/../build
mv: cannot stat '*.mod': No such file or directory
ls: cannot access '*.mod': No such file or directory
'thirdpartylibs/LIB_VTK_IO/static/lib_vtk_io.mod' -> '/home/adityanair/OpenFOAM/adityanair-v2512/applications/utilities/waves2Foam/ThirdParty/OceanWave3D-Fortran90/../build/lib_vtk_io.mod'
gfortran -O3 -fPIC -ffpe-trap=invalid,zero,overflow -ffree-line-length-none -fstack-protector-all -c src/functions/phi_linear_bottom.f90 -o /home/adityanair/OpenFOAM/adityanair-v2512/applications/utilities/waves2Foam/ThirdParty/OceanWave3D-Fortran90/../build/phi_linear_bottom.o -I/home/adityanair/OpenFOAM/adityanair-v2512/applications/utilities/waves2Foam/ThirdParty/OceanWave3D-Fortran90/../build
ls: cannot access '*.mod'mv: cannot stat '*.mod': No such file or directory
: No such file or directory
'thirdpartylibs/LIB_VTK_IO/static/lib_vtk_io.mod' -> '/home/adityanair/OpenFOAM/adityanair-v2512/applications/utilities/waves2Foam/ThirdParty/OceanWave3D-Fortran90/../build/lib_vtk_io.mod'
gfortran -O3 -fPIC -ffpe-trap=invalid,zero,overflow -ffree-line-length-none -fstack-protector-all -c src/functions/phi_linear_standing.f90 -o /home/adityanair/OpenFOAM/adityanair-v2512/applications/utilities/waves2Foam/ThirdParty/OceanWave3D-Fortran90/../build/phi_linear_standing.o -I/home/adityanair/OpenFOAM/adityanair-v2512/applications/utilities/waves2Foam/ThirdParty/OceanWave3D-Fortran90/../build
ls: cannot access '*.mod': No such file or directorymv: cannot stat '*.mod'
: No such file or directory
'thirdpartylibs/LIB_VTK_IO/static/lib_vtk_io.mod' -> '/home/adityanair/OpenFOAM/adityanair-v2512/applications/utilities/waves2Foam/ThirdParty/OceanWave3D-Fortran90/../build/lib_vtk_io.mod'
gfortran -O3 -fPIC -ffpe-trap=invalid,zero,overflow -ffree-line-length-none -fstack-protector-all -c src/functions/phi_nonlinear.f90 -o /home/adityanair/OpenFOAM/adityanair-v2512/applications/utilities/waves2Foam/ThirdParty/OceanWave3D-Fortran90/../build/phi_nonlinear.o -I/home/adityanair/OpenFOAM/adityanair-v2512/applications/utilities/waves2Foam/ThirdParty/OceanWave3D-Fortran90/../build
ls: cannot access '*.mod'mv: : No such file or directory
cannot stat '*.mod': No such file or directory
'thirdpartylibs/LIB_VTK_IO/static/lib_vtk_io.mod' -> '/home/adityanair/OpenFOAM/adityanair-v2512/applications/utilities/waves2Foam/ThirdParty/OceanWave3D-Fortran90/../build/lib_vtk_io.mod'
gfortran -O3 -fPIC -ffpe-trap=invalid,zero,overflow -ffree-line-length-none -fstack-protector-all -c src/functions/phi_nonlinear_3D.f90 -o /home/adityanair/OpenFOAM/adityanair-v2512/applications/utilities/waves2Foam/ThirdParty/OceanWave3D-Fortran90/../build/phi_nonlinear_3D.o -I/home/adityanair/OpenFOAM/adityanair-v2512/applications/utilities/waves2Foam/ThirdParty/OceanWave3D-Fortran90/../build
ls: cannot access '*.mod'mv: cannot stat '*.mod': No such file or directory
: No such file or directory
'thirdpartylibs/LIB_VTK_IO/static/lib_vtk_io.mod' -> '/home/adityanair/OpenFOAM/adityanair-v2512/applications/utilities/waves2Foam/ThirdParty/OceanWave3D-Fortran90/../build/lib_vtk_io.mod'
gfortran -O3 -fPIC -ffpe-trap=invalid,zero,overflow -ffree-line-length-none -fstack-protector-all -c src/functions/phi_nonlinear_3D_standing.f90 -o /home/adityanair/OpenFOAM/adityanair-v2512/applications/utilities/waves2Foam/ThirdParty/OceanWave3D-Fortran90/../build/phi_nonlinear_3D_standing.o -I/home/adityanair/OpenFOAM/adityanair-v2512/applications/utilities/waves2Foam/ThirdParty/OceanWave3D-Fortran90/../build
ls: cannot access '*.mod': No such file or directory
mv: cannot stat '*.mod': No such file or directory
'thirdpartylibs/LIB_VTK_IO/static/lib_vtk_io.mod' -> '/home/adityanair/OpenFOAM/adityanair-v2512/applications/utilities/waves2Foam/ThirdParty/OceanWave3D-Fortran90/../build/lib_vtk_io.mod'
gfortran -O3 -fPIC -ffpe-trap=invalid,zero,overflow -ffree-line-length-none -fstack-protector-all -c src/functions/phi_nonlinear_standing.f90 -o /home/adityanair/OpenFOAM/adityanair-v2512/applications/utilities/waves2Foam/ThirdParty/OceanWave3D-Fortran90/../build/phi_nonlinear_standing.o -I/home/adityanair/OpenFOAM/adityanair-v2512/applications/utilities/waves2Foam/ThirdParty/OceanWave3D-Fortran90/../build
ls: cannot access '*.mod'mv: : No such file or directorycannot stat '*.mod'
: No such file or directory
'thirdpartylibs/LIB_VTK_IO/static/lib_vtk_io.mod' -> '/home/adityanair/OpenFOAM/adityanair-v2512/applications/utilities/waves2Foam/ThirdParty/OceanWave3D-Fortran90/../build/lib_vtk_io.mod'
gfortran -O3 -fPIC -ffpe-trap=invalid,zero,overflow -ffree-line-length-none -fstack-protector-all -c src/functions/rhsFreeSurface3D_SWENSE.f90 -o /home/adityanair/OpenFOAM/adityanair-v2512/applications/utilities/waves2Foam/ThirdParty/OceanWave3D-Fortran90/../build/rhsFreeSurface3D_SWENSE.o -I/home/adityanair/OpenFOAM/adityanair-v2512/applications/utilities/waves2Foam/ThirdParty/OceanWave3D-Fortran90/../build
ls: cannot access '*.mod'mv: cannot stat '*.mod': No such file or directory: No such file or directory

'thirdpartylibs/LIB_VTK_IO/static/lib_vtk_io.mod' -> '/home/adityanair/OpenFOAM/adityanair-v2512/applications/utilities/waves2Foam/ThirdParty/OceanWave3D-Fortran90/../build/lib_vtk_io.mod'
gfortran -O3 -fPIC -ffpe-trap=invalid,zero,overflow -ffree-line-length-none -fstack-protector-all -c src/functions/rhsLinearFreeSurface3D_SWENSE.f90 -o /home/adityanair/OpenFOAM/adityanair-v2512/applications/utilities/waves2Foam/ThirdParty/OceanWave3D-Fortran90/../build/rhsLinearFreeSurface3D_SWENSE.o -I/home/adityanair/OpenFOAM/adityanair-v2512/applications/utilities/waves2Foam/ThirdParty/OceanWave3D-Fortran90/../build
ls: cannot access '*.mod'mv: cannot stat '*.mod': No such file or directory: No such file or directory

'thirdpartylibs/LIB_VTK_IO/static/lib_vtk_io.mod' -> '/home/adityanair/OpenFOAM/adityanair-v2512/applications/utilities/waves2Foam/ThirdParty/OceanWave3D-Fortran90/../build/lib_vtk_io.mod'
gfortran -O3 -fPIC -ffpe-trap=invalid,zero,overflow -ffree-line-length-none -fstack-protector-all -c src/functions/polint.f90 -o /home/adityanair/OpenFOAM/adityanair-v2512/applications/utilities/waves2Foam/ThirdParty/OceanWave3D-Fortran90/../build/polint.o -I/home/adityanair/OpenFOAM/adityanair-v2512/applications/utilities/waves2Foam/ThirdParty/OceanWave3D-Fortran90/../build
ls: cannot access '*.mod'mv: : No such file or directory
cannot stat '*.mod': No such file or directory
'thirdpartylibs/LIB_VTK_IO/static/lib_vtk_io.mod' -> '/home/adityanair/OpenFOAM/adityanair-v2512/applications/utilities/waves2Foam/ThirdParty/OceanWave3D-Fortran90/../build/lib_vtk_io.mod'
gfortran -O3 -fPIC -ffpe-trap=invalid,zero,overflow -ffree-line-length-none -fstack-protector-all -c src/multigrid/MGLevels.f90 -o /home/adityanair/OpenFOAM/adityanair-v2512/applications/utilities/waves2Foam/ThirdParty/OceanWave3D-Fortran90/../build/MGLevels.o -I/home/adityanair/OpenFOAM/adityanair-v2512/applications/utilities/waves2Foam/ThirdParty/OceanWave3D-Fortran90/../build
mglevels.mod
renamed 'mglevels.mod' -> '/home/adityanair/OpenFOAM/adityanair-v2512/applications/utilities/waves2Foam/ThirdParty/OceanWave3D-Fortran90/../build/mglevels.mod'
'thirdpartylibs/LIB_VTK_IO/static/lib_vtk_io.mod' -> '/home/adityanair/OpenFOAM/adityanair-v2512/applications/utilities/waves2Foam/ThirdParty/OceanWave3D-Fortran90/../build/lib_vtk_io.mod'
gfortran -O3 -fPIC -ffpe-trap=invalid,zero,overflow -ffree-line-length-none -fstack-protector-all -c src/multigrid/GaussSeidel.f90 -o /home/adityanair/OpenFOAM/adityanair-v2512/applications/utilities/waves2Foam/ThirdParty/OceanWave3D-Fortran90/../build/GaussSeidel.o -I/home/adityanair/OpenFOAM/adityanair-v2512/applications/utilities/waves2Foam/ThirdParty/OceanWave3D-Fortran90/../build
ls: cannot access '*.mod': No such file or directory
mv: cannot stat '*.mod': No such file or directory
'thirdpartylibs/LIB_VTK_IO/static/lib_vtk_io.mod' -> '/home/adityanair/OpenFOAM/adityanair-v2512/applications/utilities/waves2Foam/ThirdParty/OceanWave3D-Fortran90/../build/lib_vtk_io.mod'
gfortran -O3 -fPIC -ffpe-trap=invalid,zero,overflow -ffree-line-length-none -fstack-protector-all -c src/multigrid/GaussSeidelARRAY.f90 -o /home/adityanair/OpenFOAM/adityanair-v2512/applications/utilities/waves2Foam/ThirdParty/OceanWave3D-Fortran90/../build/GaussSeidelARRAY.o -I/home/adityanair/OpenFOAM/adityanair-v2512/applications/utilities/waves2Foam/ThirdParty/OceanWave3D-Fortran90/../build
ls: cannot access '*.mod': No such file or directory
mv: cannot stat '*.mod': No such file or directory
'thirdpartylibs/LIB_VTK_IO/static/lib_vtk_io.mod' -> '/home/adityanair/OpenFOAM/adityanair-v2512/applications/utilities/waves2Foam/ThirdParty/OceanWave3D-Fortran90/../build/lib_vtk_io.mod'
gfortran -O3 -fPIC -ffpe-trap=invalid,zero,overflow -ffree-line-length-none -fstack-protector-all -c src/multigrid/GaussSeidelARRAYback.f90 -o /home/adityanair/OpenFOAM/adityanair-v2512/applications/utilities/waves2Foam/ThirdParty/OceanWave3D-Fortran90/../build/GaussSeidelARRAYback.o -I/home/adityanair/OpenFOAM/adityanair-v2512/applications/utilities/waves2Foam/ThirdParty/OceanWave3D-Fortran90/../build
ls: mv: cannot stat '*.mod'cannot access '*.mod': No such file or directory
: No such file or directory
'thirdpartylibs/LIB_VTK_IO/static/lib_vtk_io.mod' -> '/home/adityanair/OpenFOAM/adityanair-v2512/applications/utilities/waves2Foam/ThirdParty/OceanWave3D-Fortran90/../build/lib_vtk_io.mod'
gfortran -O3 -fPIC -ffpe-trap=invalid,zero,overflow -ffree-line-length-none -fstack-protector-all -c src/multigrid/GaussSeidelReverse.f90 -o /home/adityanair/OpenFOAM/adityanair-v2512/applications/utilities/waves2Foam/ThirdParty/OceanWave3D-Fortran90/../build/GaussSeidelReverse.o -I/home/adityanair/OpenFOAM/adityanair-v2512/applications/utilities/waves2Foam/ThirdParty/OceanWave3D-Fortran90/../build
ls: cannot access '*.mod'mv: : No such file or directory
cannot stat '*.mod': No such file or directory
'thirdpartylibs/LIB_VTK_IO/static/lib_vtk_io.mod' -> '/home/adityanair/OpenFOAM/adityanair-v2512/applications/utilities/waves2Foam/ThirdParty/OceanWave3D-Fortran90/../build/lib_vtk_io.mod'
gfortran -O3 -fPIC -ffpe-trap=invalid,zero,overflow -ffree-line-length-none -fstack-protector-all -c src/multigrid/GaussSeidelSpecialPoints.f90 -o /home/adityanair/OpenFOAM/adityanair-v2512/applications/utilities/waves2Foam/ThirdParty/OceanWave3D-Fortran90/../build/GaussSeidelSpecialPoints.o -I/home/adityanair/OpenFOAM/adityanair-v2512/applications/utilities/waves2Foam/ThirdParty/OceanWave3D-Fortran90/../build
ls: cannot access '*.mod'mv: : No such file or directory
cannot stat '*.mod': No such file or directory
'thirdpartylibs/LIB_VTK_IO/static/lib_vtk_io.mod' -> '/home/adityanair/OpenFOAM/adityanair-v2512/applications/utilities/waves2Foam/ThirdParty/OceanWave3D-Fortran90/../build/lib_vtk_io.mod'
gfortran -O3 -fPIC -ffpe-trap=invalid,zero,overflow -ffree-line-length-none -fstack-protector-all -c src/multigrid/GetSparseLinearLaplaceMatrix.f90 -o /home/adityanair/OpenFOAM/adityanair-v2512/applications/utilities/waves2Foam/ThirdParty/OceanWave3D-Fortran90/../build/GetSparseLinearLaplaceMatrix.o -I/home/adityanair/OpenFOAM/adityanair-v2512/applications/utilities/waves2Foam/ThirdParty/OceanWave3D-Fortran90/../build
ls: cannot access '*.mod': No such file or directory
mv: cannot stat '*.mod': No such file or directory
'thirdpartylibs/LIB_VTK_IO/static/lib_vtk_io.mod' -> '/home/adityanair/OpenFOAM/adityanair-v2512/applications/utilities/waves2Foam/ThirdParty/OceanWave3D-Fortran90/../build/lib_vtk_io.mod'
gfortran -O3 -fPIC -ffpe-trap=invalid,zero,overflow -ffree-line-length-none -fstack-protector-all -c src/multigrid/MGPreProcess.f90 -o /home/adityanair/OpenFOAM/adityanair-v2512/applications/utilities/waves2Foam/ThirdParty/OceanWave3D-Fortran90/../build/MGPreProcess.o -I/home/adityanair/OpenFOAM/adityanair-v2512/applications/utilities/waves2Foam/ThirdParty/OceanWave3D-Fortran90/../build
mv: ls: cannot access '*.mod'cannot stat '*.mod': No such file or directory
: No such file or directory
'thirdpartylibs/LIB_VTK_IO/static/lib_vtk_io.mod' -> '/home/adityanair/OpenFOAM/adityanair-v2512/applications/utilities/waves2Foam/ThirdParty/OceanWave3D-Fortran90/../build/lib_vtk_io.mod'
gfortran -O3 -fPIC -ffpe-trap=invalid,zero,overflow -ffree-line-length-none -fstack-protector-all -c src/multigrid/MGProlongation3DExplicit.f90 -o /home/adityanair/OpenFOAM/adityanair-v2512/applications/utilities/waves2Foam/ThirdParty/OceanWave3D-Fortran90/../build/MGProlongation3DExplicit.o -I/home/adityanair/OpenFOAM/adityanair-v2512/applications/utilities/waves2Foam/ThirdParty/OceanWave3D-Fortran90/../build
ls: cannot access '*.mod'mv: cannot stat '*.mod': No such file or directory
: No such file or directory
'thirdpartylibs/LIB_VTK_IO/static/lib_vtk_io.mod' -> '/home/adityanair/OpenFOAM/adityanair-v2512/applications/utilities/waves2Foam/ThirdParty/OceanWave3D-Fortran90/../build/lib_vtk_io.mod'
gfortran -O3 -fPIC -ffpe-trap=invalid,zero,overflow -ffree-line-length-none -fstack-protector-all -c src/multigrid/MGRestriction3DExplicit.f90 -o /home/adityanair/OpenFOAM/adityanair-v2512/applications/utilities/waves2Foam/ThirdParty/OceanWave3D-Fortran90/../build/MGRestriction3DExplicit.o -I/home/adityanair/OpenFOAM/adityanair-v2512/applications/utilities/waves2Foam/ThirdParty/OceanWave3D-Fortran90/../build
mv: cannot stat '*.mod'ls: : No such file or directory
cannot access '*.mod': No such file or directory
'thirdpartylibs/LIB_VTK_IO/static/lib_vtk_io.mod' -> '/home/adityanair/OpenFOAM/adityanair-v2512/applications/utilities/waves2Foam/ThirdParty/OceanWave3D-Fortran90/../build/lib_vtk_io.mod'
gfortran -O3 -fPIC -ffpe-trap=invalid,zero,overflow -ffree-line-length-none -fstack-protector-all -c src/multigrid/MultiGridSolveLinearSystem.f90 -o /home/adityanair/OpenFOAM/adityanair-v2512/applications/utilities/waves2Foam/ThirdParty/OceanWave3D-Fortran90/../build/MultiGridSolveLinearSystem.o -I/home/adityanair/OpenFOAM/adityanair-v2512/applications/utilities/waves2Foam/ThirdParty/OceanWave3D-Fortran90/../build
ls: cannot access '*.mod'mv: : No such file or directorycannot stat '*.mod'
: No such file or directory
'thirdpartylibs/LIB_VTK_IO/static/lib_vtk_io.mod' -> '/home/adityanair/OpenFOAM/adityanair-v2512/applications/utilities/waves2Foam/ThirdParty/OceanWave3D-Fortran90/../build/lib_vtk_io.mod'
gfortran -O3 -fPIC -ffpe-trap=invalid,zero,overflow -ffree-line-length-none -fstack-protector-all -c src/multigrid/MultiGridSolver.f90 -o /home/adityanair/OpenFOAM/adityanair-v2512/applications/utilities/waves2Foam/ThirdParty/OceanWave3D-Fortran90/../build/MultiGridSolver.o -I/home/adityanair/OpenFOAM/adityanair-v2512/applications/utilities/waves2Foam/ThirdParty/OceanWave3D-Fortran90/../build
ls: cannot access '*.mod': No such file or directory
mv: cannot stat '*.mod': No such file or directory
'thirdpartylibs/LIB_VTK_IO/static/lib_vtk_io.mod' -> '/home/adityanair/OpenFOAM/adityanair-v2512/applications/utilities/waves2Foam/ThirdParty/OceanWave3D-Fortran90/../build/lib_vtk_io.mod'
gfortran -O3 -fPIC -ffpe-trap=invalid,zero,overflow -ffree-line-length-none -fstack-protector-all -c src/pressure/funPressureTerm.f90 -o /home/adityanair/OpenFOAM/adityanair-v2512/applications/utilities/waves2Foam/ThirdParty/OceanWave3D-Fortran90/../build/funPressureTerm.o -I/home/adityanair/OpenFOAM/adityanair-v2512/applications/utilities/waves2Foam/ThirdParty/OceanWave3D-Fortran90/../build
ls: cannot access '*.mod'mv: : No such file or directory
cannot stat '*.mod': No such file or directory
'thirdpartylibs/LIB_VTK_IO/static/lib_vtk_io.mod' -> '/home/adityanair/OpenFOAM/adityanair-v2512/applications/utilities/waves2Foam/ThirdParty/OceanWave3D-Fortran90/../build/lib_vtk_io.mod'
gfortran -O3 -fPIC -ffpe-trap=invalid,zero,overflow -ffree-line-length-none -fstack-protector-all -c src/timeintegration/DifferentiationsFreeSurfacePlane.f90 -o /home/adityanair/OpenFOAM/adityanair-v2512/applications/utilities/waves2Foam/ThirdParty/OceanWave3D-Fortran90/../build/DifferentiationsFreeSurfacePlane.o -I/home/adityanair/OpenFOAM/adityanair-v2512/applications/utilities/waves2Foam/ThirdParty/OceanWave3D-Fortran90/../build
ls: cannot access '*.mod'mv: cannot stat '*.mod': No such file or directory
: No such file or directory
'thirdpartylibs/LIB_VTK_IO/static/lib_vtk_io.mod' -> '/home/adityanair/OpenFOAM/adityanair-v2512/applications/utilities/waves2Foam/ThirdParty/OceanWave3D-Fortran90/../build/lib_vtk_io.mod'
gfortran -O3 -fPIC -ffpe-trap=invalid,zero,overflow -ffree-line-length-none -fstack-protector-all -c src/timeintegration/Runge_Kutta_4.f90 -o /home/adityanair/OpenFOAM/adityanair-v2512/applications/utilities/waves2Foam/ThirdParty/OceanWave3D-Fortran90/../build/Runge_Kutta_4.o -I/home/adityanair/OpenFOAM/adityanair-v2512/applications/utilities/waves2Foam/ThirdParty/OceanWave3D-Fortran90/../build
ls: cannot access '*.mod': No such file or directorymv: cannot stat '*.mod'
: No such file or directory
'thirdpartylibs/LIB_VTK_IO/static/lib_vtk_io.mod' -> '/home/adityanair/OpenFOAM/adityanair-v2512/applications/utilities/waves2Foam/ThirdParty/OceanWave3D-Fortran90/../build/lib_vtk_io.mod'
gfortran -O3 -fPIC -ffpe-trap=invalid,zero,overflow -ffree-line-length-none -fstack-protector-all -c src/timeintegration/Runge_Kutta_45.f90 -o /home/adityanair/OpenFOAM/adityanair-v2512/applications/utilities/waves2Foam/ThirdParty/OceanWave3D-Fortran90/../build/Runge_Kutta_45.o -I/home/adityanair/OpenFOAM/adityanair-v2512/applications/utilities/waves2Foam/ThirdParty/OceanWave3D-Fortran90/../build
ls: cannot access '*.mod'mv: : No such file or directorycannot stat '*.mod'
: No such file or directory
'thirdpartylibs/LIB_VTK_IO/static/lib_vtk_io.mod' -> '/home/adityanair/OpenFOAM/adityanair-v2512/applications/utilities/waves2Foam/ThirdParty/OceanWave3D-Fortran90/../build/lib_vtk_io.mod'
gfortran -O3 -fPIC -ffpe-trap=invalid,zero,overflow -ffree-line-length-none -fstack-protector-all -c src/timeintegration/timeintegration_fsbc.f90 -o /home/adityanair/OpenFOAM/adityanair-v2512/applications/utilities/waves2Foam/ThirdParty/OceanWave3D-Fortran90/../build/timeintegration_fsbc.o -I/home/adityanair/OpenFOAM/adityanair-v2512/applications/utilities/waves2Foam/ThirdParty/OceanWave3D-Fortran90/../build
ls: cannot access '*.mod': No such file or directory
mv: cannot stat '*.mod': No such file or directory
'thirdpartylibs/LIB_VTK_IO/static/lib_vtk_io.mod' -> '/home/adityanair/OpenFOAM/adityanair-v2512/applications/utilities/waves2Foam/ThirdParty/OceanWave3D-Fortran90/../build/lib_vtk_io.mod'
gfortran -O3 -fPIC -ffpe-trap=invalid,zero,overflow -ffree-line-length-none -fstack-protector-all -c src/wrappers/InvertMatrix.f90 -o /home/adityanair/OpenFOAM/adityanair-v2512/applications/utilities/waves2Foam/ThirdParty/OceanWave3D-Fortran90/../build/InvertMatrix.o -I/home/adityanair/OpenFOAM/adityanair-v2512/applications/utilities/waves2Foam/ThirdParty/OceanWave3D-Fortran90/../build
ls: cannot access '*.mod': No such file or directory
mv: cannot stat '*.mod': No such file or directory
'thirdpartylibs/LIB_VTK_IO/static/lib_vtk_io.mod' -> '/home/adityanair/OpenFOAM/adityanair-v2512/applications/utilities/waves2Foam/ThirdParty/OceanWave3D-Fortran90/../build/lib_vtk_io.mod'
gfortran -O3 -fPIC -ffpe-trap=invalid,zero,overflow -ffree-line-length-none -fstack-protector-all -c src/wrappers/iterative_solution.f90 -o /home/adityanair/OpenFOAM/adityanair-v2512/applications/utilities/waves2Foam/ThirdParty/OceanWave3D-Fortran90/../build/iterative_solution.o -I/home/adityanair/OpenFOAM/adityanair-v2512/applications/utilities/waves2Foam/ThirdParty/OceanWave3D-Fortran90/../build
mv: cannot stat '*.mod'ls: cannot access '*.mod': No such file or directory
: No such file or directory
'thirdpartylibs/LIB_VTK_IO/static/lib_vtk_io.mod' -> '/home/adityanair/OpenFOAM/adityanair-v2512/applications/utilities/waves2Foam/ThirdParty/OceanWave3D-Fortran90/../build/lib_vtk_io.mod'
gfortran -O3 -fPIC -ffpe-trap=invalid,zero,overflow -ffree-line-length-none -fstack-protector-all -c src/wrappers/LUfactor.f90 -o /home/adityanair/OpenFOAM/adityanair-v2512/applications/utilities/waves2Foam/ThirdParty/OceanWave3D-Fortran90/../build/LUfactor.o -I/home/adityanair/OpenFOAM/adityanair-v2512/applications/utilities/waves2Foam/ThirdParty/OceanWave3D-Fortran90/../build
ls: cannot access '*.mod'mv: : No such file or directory
cannot stat '*.mod': No such file or directory
'thirdpartylibs/LIB_VTK_IO/static/lib_vtk_io.mod' -> '/home/adityanair/OpenFOAM/adityanair-v2512/applications/utilities/waves2Foam/ThirdParty/OceanWave3D-Fortran90/../build/lib_vtk_io.mod'
gfortran -O3 -fPIC -ffpe-trap=invalid,zero,overflow -ffree-line-length-none -fstack-protector-all -c src/initialization/BuildStencilsGridX.f90 -o /home/adityanair/OpenFOAM/adityanair-v2512/applications/utilities/waves2Foam/ThirdParty/OceanWave3D-Fortran90/../build/BuildStencilsGridX.o -I/home/adityanair/OpenFOAM/adityanair-v2512/applications/utilities/waves2Foam/ThirdParty/OceanWave3D-Fortran90/../build
mv: cannot stat '*.mod': No such file or directory
ls: cannot access '*.mod': No such file or directory
'thirdpartylibs/LIB_VTK_IO/static/lib_vtk_io.mod' -> '/home/adityanair/OpenFOAM/adityanair-v2512/applications/utilities/waves2Foam/ThirdParty/OceanWave3D-Fortran90/../build/lib_vtk_io.mod'
gfortran -O3 -fPIC -ffpe-trap=invalid,zero,overflow -ffree-line-length-none -fstack-protector-all -c src/initialization/BuildStencilsGridY.f90 -o /home/adityanair/OpenFOAM/adityanair-v2512/applications/utilities/waves2Foam/ThirdParty/OceanWave3D-Fortran90/../build/BuildStencilsGridY.o -I/home/adityanair/OpenFOAM/adityanair-v2512/applications/utilities/waves2Foam/ThirdParty/OceanWave3D-Fortran90/../build
ls: cannot access '*.mod': No such file or directory
mv: cannot stat '*.mod': No such file or directory
'thirdpartylibs/LIB_VTK_IO/static/lib_vtk_io.mod' -> '/home/adityanair/OpenFOAM/adityanair-v2512/applications/utilities/waves2Foam/ThirdParty/OceanWave3D-Fortran90/../build/lib_vtk_io.mod'
gfortran -O3 -fPIC -ffpe-trap=invalid,zero,overflow -ffree-line-length-none -fstack-protector-all -c src/initialization/CloseVariables.f90 -o /home/adityanair/OpenFOAM/adityanair-v2512/applications/utilities/waves2Foam/ThirdParty/OceanWave3D-Fortran90/../build/CloseVariables.o -I/home/adityanair/OpenFOAM/adityanair-v2512/applications/utilities/waves2Foam/ThirdParty/OceanWave3D-Fortran90/../build
ls: cannot access '*.mod': No such file or directory
mv: cannot stat '*.mod': No such file or directory
'thirdpartylibs/LIB_VTK_IO/static/lib_vtk_io.mod' -> '/home/adityanair/OpenFOAM/adityanair-v2512/applications/utilities/waves2Foam/ThirdParty/OceanWave3D-Fortran90/../build/lib_vtk_io.mod'
gfortran -O3 -fPIC -ffpe-trap=invalid,zero,overflow -ffree-line-length-none -fstack-protector-all -c src/initialization/GammaFunctions.f90 -o /home/adityanair/OpenFOAM/adityanair-v2512/applications/utilities/waves2Foam/ThirdParty/OceanWave3D-Fortran90/../build/GammaFunctions.o -I/home/adityanair/OpenFOAM/adityanair-v2512/applications/utilities/waves2Foam/ThirdParty/OceanWave3D-Fortran90/../build
ls: cannot access '*.mod'mv: : No such file or directory
cannot stat '*.mod': No such file or directory
'thirdpartylibs/LIB_VTK_IO/static/lib_vtk_io.mod' -> '/home/adityanair/OpenFOAM/adityanair-v2512/applications/utilities/waves2Foam/ThirdParty/OceanWave3D-Fortran90/../build/lib_vtk_io.mod'
gfortran -O3 -fPIC -ffpe-trap=invalid,zero,overflow -ffree-line-length-none -fstack-protector-all -c src/initialization/Initialize.f90 -o /home/adityanair/OpenFOAM/adityanair-v2512/applications/utilities/waves2Foam/ThirdParty/OceanWave3D-Fortran90/../build/Initialize.o -I/home/adityanair/OpenFOAM/adityanair-v2512/applications/utilities/waves2Foam/ThirdParty/OceanWave3D-Fortran90/../build
src/initialization/Initialize.f90:48:18:

   48 | WRITE(fileop(1),*),'Error: Problem with specified input file.'
      |                  1
Warning: Legacy Extension: Comma before i/o item list at (1)
mv: cannot stat '*.mod': No such file or directory
ls: cannot access '*.mod': No such file or directory
'thirdpartylibs/LIB_VTK_IO/static/lib_vtk_io.mod' -> '/home/adityanair/OpenFOAM/adityanair-v2512/applications/utilities/waves2Foam/ThirdParty/OceanWave3D-Fortran90/../build/lib_vtk_io.mod'
gfortran -O3 -fPIC -ffpe-trap=invalid,zero,overflow -ffree-line-length-none -fstack-protector-all -c src/initialization/InitializeVariables.f90 -o /home/adityanair/OpenFOAM/adityanair-v2512/applications/utilities/waves2Foam/ThirdParty/OceanWave3D-Fortran90/../build/InitializeVariables.o -I/home/adityanair/OpenFOAM/adityanair-v2512/applications/utilities/waves2Foam/ThirdParty/OceanWave3D-Fortran90/../build
ls: cannot access '*.mod': No such file or directory
mv: cannot stat '*.mod': No such file or directory
'thirdpartylibs/LIB_VTK_IO/static/lib_vtk_io.mod' -> '/home/adityanair/OpenFOAM/adityanair-v2512/applications/utilities/waves2Foam/ThirdParty/OceanWave3D-Fortran90/../build/lib_vtk_io.mod'
gfortran -O3 -fPIC -ffpe-trap=invalid,zero,overflow -ffree-line-length-none -fstack-protector-all -c src/initialization/PreProcessDiffStencils.f90 -o /home/adityanair/OpenFOAM/adityanair-v2512/applications/utilities/waves2Foam/ThirdParty/OceanWave3D-Fortran90/../build/PreProcessDiffStencils.o -I/home/adityanair/OpenFOAM/adityanair-v2512/applications/utilities/waves2Foam/ThirdParty/OceanWave3D-Fortran90/../build
ls: mv: cannot stat '*.mod'cannot access '*.mod': No such file or directory
: No such file or directory
'thirdpartylibs/LIB_VTK_IO/static/lib_vtk_io.mod' -> '/home/adityanair/OpenFOAM/adityanair-v2512/applications/utilities/waves2Foam/ThirdParty/OceanWave3D-Fortran90/../build/lib_vtk_io.mod'
gfortran -O3 -fPIC -ffpe-trap=invalid,zero,overflow -ffree-line-length-none -fstack-protector-all -c src/initialization/PreprocessRelaxationZones.f90 -o /home/adityanair/OpenFOAM/adityanair-v2512/applications/utilities/waves2Foam/ThirdParty/OceanWave3D-Fortran90/../build/PreprocessRelaxationZones.o -I/home/adityanair/OpenFOAM/adityanair-v2512/applications/utilities/waves2Foam/ThirdParty/OceanWave3D-Fortran90/../build
ls: cannot access '*.mod'mv: cannot stat '*.mod': No such file or directory: No such file or directory

'thirdpartylibs/LIB_VTK_IO/static/lib_vtk_io.mod' -> '/home/adityanair/OpenFOAM/adityanair-v2512/applications/utilities/waves2Foam/ThirdParty/OceanWave3D-Fortran90/../build/lib_vtk_io.mod'
gfortran -O3 -fPIC -ffpe-trap=invalid,zero,overflow -ffree-line-length-none -fstack-protector-all -c src/initialization/PreprocessPDampingZones.f90 -o /home/adityanair/OpenFOAM/adityanair-v2512/applications/utilities/waves2Foam/ThirdParty/OceanWave3D-Fortran90/../build/PreprocessPDampingZones.o -I/home/adityanair/OpenFOAM/adityanair-v2512/applications/utilities/waves2Foam/ThirdParty/OceanWave3D-Fortran90/../build
ls: cannot access '*.mod': No such file or directory
mv: cannot stat '*.mod': No such file or directory
'thirdpartylibs/LIB_VTK_IO/static/lib_vtk_io.mod' -> '/home/adityanair/OpenFOAM/adityanair-v2512/applications/utilities/waves2Foam/ThirdParty/OceanWave3D-Fortran90/../build/lib_vtk_io.mod'
gfortran -O3 -fPIC -ffpe-trap=invalid,zero,overflow -ffree-line-length-none -fstack-protector-all -c src/initialization/SetupCompDomain.f90 -o /home/adityanair/OpenFOAM/adityanair-v2512/applications/utilities/waves2Foam/ThirdParty/OceanWave3D-Fortran90/../build/SetupCompDomain.o -I/home/adityanair/OpenFOAM/adityanair-v2512/applications/utilities/waves2Foam/ThirdParty/OceanWave3D-Fortran90/../build
ls: mv: cannot stat '*.mod'cannot access '*.mod': No such file or directory
: No such file or directory
'thirdpartylibs/LIB_VTK_IO/static/lib_vtk_io.mod' -> '/home/adityanair/OpenFOAM/adityanair-v2512/applications/utilities/waves2Foam/ThirdParty/OceanWave3D-Fortran90/../build/lib_vtk_io.mod'
gfortran -O3 -fPIC -ffpe-trap=invalid,zero,overflow -ffree-line-length-none -fstack-protector-all -c src/initialization/SetupInitialConditions.f90 -o /home/adityanair/OpenFOAM/adityanair-v2512/applications/utilities/waves2Foam/ThirdParty/OceanWave3D-Fortran90/../build/SetupInitialConditions.o -I/home/adityanair/OpenFOAM/adityanair-v2512/applications/utilities/waves2Foam/ThirdParty/OceanWave3D-Fortran90/../build
ls: cannot access '*.mod'mv: cannot stat '*.mod': No such file or directory
: No such file or directory
'thirdpartylibs/LIB_VTK_IO/static/lib_vtk_io.mod' -> '/home/adityanair/OpenFOAM/adityanair-v2512/applications/utilities/waves2Foam/ThirdParty/OceanWave3D-Fortran90/../build/lib_vtk_io.mod'
gfortran -O3 -fPIC -ffpe-trap=invalid,zero,overflow -ffree-line-length-none -fstack-protector-all -c src/initialization/setupWavePaddle.f90 -o /home/adityanair/OpenFOAM/adityanair-v2512/applications/utilities/waves2Foam/ThirdParty/OceanWave3D-Fortran90/../build/setupWavePaddle.o -I/home/adityanair/OpenFOAM/adityanair-v2512/applications/utilities/waves2Foam/ThirdParty/OceanWave3D-Fortran90/../build
src/initialization/setupWavePaddle.f90:47:13:

   47 |   write(6,23),wave3DFlux%inc_wave_file,header
      |             1
Warning: Legacy Extension: Comma before i/o item list at (1)
src/initialization/setupWavePaddle.f90:48:21:

   48 |   write(fileop(1),23),wave3DFlux%inc_wave_file,header
      |                     1
Warning: Legacy Extension: Comma before i/o item list at (1)
ls: cannot access '*.mod'mv: cannot stat '*.mod': No such file or directory
: No such file or directory
'thirdpartylibs/LIB_VTK_IO/static/lib_vtk_io.mod' -> '/home/adityanair/OpenFOAM/adityanair-v2512/applications/utilities/waves2Foam/ThirdParty/OceanWave3D-Fortran90/../build/lib_vtk_io.mod'
gfortran -O3 -fPIC -ffpe-trap=invalid,zero,overflow -ffree-line-length-none -fstack-protector-all -c src/IO/CheckError.f90 -o /home/adityanair/OpenFOAM/adityanair-v2512/applications/utilities/waves2Foam/ThirdParty/OceanWave3D-Fortran90/../build/CheckError.o -I/home/adityanair/OpenFOAM/adityanair-v2512/applications/utilities/waves2Foam/ThirdParty/OceanWave3D-Fortran90/../build
ls: cannot access '*.mod'mv: : No such file or directory
cannot stat '*.mod': No such file or directory
'thirdpartylibs/LIB_VTK_IO/static/lib_vtk_io.mod' -> '/home/adityanair/OpenFOAM/adityanair-v2512/applications/utilities/waves2Foam/ThirdParty/OceanWave3D-Fortran90/../build/lib_vtk_io.mod'
gfortran -O3 -fPIC -ffpe-trap=invalid,zero,overflow -ffree-line-length-none -fstack-protector-all -c src/IO/StoreData.f90 -o /home/adityanair/OpenFOAM/adityanair-v2512/applications/utilities/waves2Foam/ThirdParty/OceanWave3D-Fortran90/../build/StoreData.o -I/home/adityanair/OpenFOAM/adityanair-v2512/applications/utilities/waves2Foam/ThirdParty/OceanWave3D-Fortran90/../build
ls: cannot access '*.mod'mv: : No such file or directory
cannot stat '*.mod': No such file or directory
'thirdpartylibs/LIB_VTK_IO/static/lib_vtk_io.mod' -> '/home/adityanair/OpenFOAM/adityanair-v2512/applications/utilities/waves2Foam/ThirdParty/OceanWave3D-Fortran90/../build/lib_vtk_io.mod'
gfortran -O3 -fPIC -ffpe-trap=invalid,zero,overflow -ffree-line-length-none -fstack-protector-all -c src/IO/StoreRealArray3D.f90 -o /home/adityanair/OpenFOAM/adityanair-v2512/applications/utilities/waves2Foam/ThirdParty/OceanWave3D-Fortran90/../build/StoreRealArray3D.o -I/home/adityanair/OpenFOAM/adityanair-v2512/applications/utilities/waves2Foam/ThirdParty/OceanWave3D-Fortran90/../build
mv: cannot stat '*.mod'ls: cannot access '*.mod': No such file or directory
: No such file or directory
'thirdpartylibs/LIB_VTK_IO/static/lib_vtk_io.mod' -> '/home/adityanair/OpenFOAM/adityanair-v2512/applications/utilities/waves2Foam/ThirdParty/OceanWave3D-Fortran90/../build/lib_vtk_io.mod'
gfortran -O3 -fPIC -ffpe-trap=invalid,zero,overflow -ffree-line-length-none -fstack-protector-all -c src/IO/CloseIOFiles.f90 -o /home/adityanair/OpenFOAM/adityanair-v2512/applications/utilities/waves2Foam/ThirdParty/OceanWave3D-Fortran90/../build/CloseIOFiles.o -I/home/adityanair/OpenFOAM/adityanair-v2512/applications/utilities/waves2Foam/ThirdParty/OceanWave3D-Fortran90/../build
mv: cannot stat '*.mod': No such file or directory
ls: cannot access '*.mod': No such file or directory
'thirdpartylibs/LIB_VTK_IO/static/lib_vtk_io.mod' -> '/home/adityanair/OpenFOAM/adityanair-v2512/applications/utilities/waves2Foam/ThirdParty/OceanWave3D-Fortran90/../build/lib_vtk_io.mod'
gfortran -O3 -fPIC -ffpe-trap=invalid,zero,overflow -ffree-line-length-none -fstack-protector-all -c src/IO/StoreDataAscii.f90 -o /home/adityanair/OpenFOAM/adityanair-v2512/applications/utilities/waves2Foam/ThirdParty/OceanWave3D-Fortran90/../build/StoreDataAscii.o -I/home/adityanair/OpenFOAM/adityanair-v2512/applications/utilities/waves2Foam/ThirdParty/OceanWave3D-Fortran90/../build
ls: cannot access '*.mod': No such file or directory
mv: cannot stat '*.mod': No such file or directory
'thirdpartylibs/LIB_VTK_IO/static/lib_vtk_io.mod' -> '/home/adityanair/OpenFOAM/adityanair-v2512/applications/utilities/waves2Foam/ThirdParty/OceanWave3D-Fortran90/../build/lib_vtk_io.mod'
gfortran -O3 -fPIC -ffpe-trap=invalid,zero,overflow -ffree-line-length-none -fstack-protector-all -c src/IO/StoreSparseMatrix.f90 -o /home/adityanair/OpenFOAM/adityanair-v2512/applications/utilities/waves2Foam/ThirdParty/OceanWave3D-Fortran90/../build/StoreSparseMatrix.o -I/home/adityanair/OpenFOAM/adityanair-v2512/applications/utilities/waves2Foam/ThirdParty/OceanWave3D-Fortran90/../build
ls: cannot access '*.mod': No such file or directory
mv: cannot stat '*.mod': No such file or directory
'thirdpartylibs/LIB_VTK_IO/static/lib_vtk_io.mod' -> '/home/adityanair/OpenFOAM/adityanair-v2512/applications/utilities/waves2Foam/ThirdParty/OceanWave3D-Fortran90/../build/lib_vtk_io.mod'
gfortran -O3 -fPIC -ffpe-trap=invalid,zero,overflow -ffree-line-length-none -fstack-protector-all -c src/IO/GatherData.f90 -o /home/adityanair/OpenFOAM/adityanair-v2512/applications/utilities/waves2Foam/ThirdParty/OceanWave3D-Fortran90/../build/GatherData.o -I/home/adityanair/OpenFOAM/adityanair-v2512/applications/utilities/waves2Foam/ThirdParty/OceanWave3D-Fortran90/../build
ls: cannot access '*.mod': No such file or directory
mv: cannot stat '*.mod': No such file or directory
'thirdpartylibs/LIB_VTK_IO/static/lib_vtk_io.mod' -> '/home/adityanair/OpenFOAM/adityanair-v2512/applications/utilities/waves2Foam/ThirdParty/OceanWave3D-Fortran90/../build/lib_vtk_io.mod'
gfortran -O3 -fPIC -ffpe-trap=invalid,zero,overflow -ffree-line-length-none -fstack-protector-all -c src/IO/StoreKinematicData.f90 -o /home/adityanair/OpenFOAM/adityanair-v2512/applications/utilities/waves2Foam/ThirdParty/OceanWave3D-Fortran90/../build/StoreKinematicData.o -I/home/adityanair/OpenFOAM/adityanair-v2512/applications/utilities/waves2Foam/ThirdParty/OceanWave3D-Fortran90/../build
ls: cannot access '*.mod'mv: cannot stat '*.mod': No such file or directory
: No such file or directory
'thirdpartylibs/LIB_VTK_IO/static/lib_vtk_io.mod' -> '/home/adityanair/OpenFOAM/adityanair-v2512/applications/utilities/waves2Foam/ThirdParty/OceanWave3D-Fortran90/../build/lib_vtk_io.mod'
gfortran -O3 -fPIC -ffpe-trap=invalid,zero,overflow -ffree-line-length-none -fstack-protector-all -c src/IO/ReadInputFileParameters.f90 -o /home/adityanair/OpenFOAM/adityanair-v2512/applications/utilities/waves2Foam/ThirdParty/OceanWave3D-Fortran90/../build/ReadInputFileParameters.o -I/home/adityanair/OpenFOAM/adityanair-v2512/applications/utilities/waves2Foam/ThirdParty/OceanWave3D-Fortran90/../build
src/IO/ReadInputFileParameters.f90:186:20:

  186 |   write(fileop(1),*), 'Starting time for this run is ',time0
      |                    1
Warning: Legacy Extension: Comma before i/o item list at (1)
ls: mv: cannot stat '*.mod'cannot access '*.mod': No such file or directory
: No such file or directory
'thirdpartylibs/LIB_VTK_IO/static/lib_vtk_io.mod' -> '/home/adityanair/OpenFOAM/adityanair-v2512/applications/utilities/waves2Foam/ThirdParty/OceanWave3D-Fortran90/../build/lib_vtk_io.mod'
gfortran -O3 -fPIC -ffpe-trap=invalid,zero,overflow -ffree-line-length-none -fstack-protector-all -c src/IO/StoreRealArray.f90 -o /home/adityanair/OpenFOAM/adityanair-v2512/applications/utilities/waves2Foam/ThirdParty/OceanWave3D-Fortran90/../build/StoreRealArray.o -I/home/adityanair/OpenFOAM/adityanair-v2512/applications/utilities/waves2Foam/ThirdParty/OceanWave3D-Fortran90/../build
mv: cannot stat '*.mod': No such file or directory
ls: cannot access '*.mod': No such file or directory
'thirdpartylibs/LIB_VTK_IO/static/lib_vtk_io.mod' -> '/home/adityanair/OpenFOAM/adityanair-v2512/applications/utilities/waves2Foam/ThirdParty/OceanWave3D-Fortran90/../build/lib_vtk_io.mod'
gfortran -O3 -fPIC -ffpe-trap=invalid,zero,overflow -ffree-line-length-none -fstack-protector-all -c src/IO/StoreWaveGauges.f90 -o /home/adityanair/OpenFOAM/adityanair-v2512/applications/utilities/waves2Foam/ThirdParty/OceanWave3D-Fortran90/../build/StoreWaveGauges.o -I/home/adityanair/OpenFOAM/adityanair-v2512/applications/utilities/waves2Foam/ThirdParty/OceanWave3D-Fortran90/../build
mv: cannot stat '*.mod': No such file or directory
ls: cannot access '*.mod': No such file or directory
'thirdpartylibs/LIB_VTK_IO/static/lib_vtk_io.mod' -> '/home/adityanair/OpenFOAM/adityanair-v2512/applications/utilities/waves2Foam/ThirdParty/OceanWave3D-Fortran90/../build/lib_vtk_io.mod'
gfortran -O3 -fPIC -ffpe-trap=invalid,zero,overflow -ffree-line-length-none -fstack-protector-all -c src/main/OceanWave3D.f90 -o /home/adityanair/OpenFOAM/adityanair-v2512/applications/utilities/waves2Foam/ThirdParty/OceanWave3D-Fortran90/../build/OceanWave3D.o -I/home/adityanair/OpenFOAM/adityanair-v2512/applications/utilities/waves2Foam/ThirdParty/OceanWave3D-Fortran90/../build
ls: cannot access '*.mod': No such file or directory
mv: cannot stat '*.mod': No such file or directory
'thirdpartylibs/LIB_VTK_IO/static/lib_vtk_io.mod' -> '/home/adityanair/OpenFOAM/adityanair-v2512/applications/utilities/waves2Foam/ThirdParty/OceanWave3D-Fortran90/../build/lib_vtk_io.mod'
gfortran -O3 -fPIC -ffpe-trap=invalid,zero,overflow -ffree-line-length-none -fstack-protector-all -c src/main/OceanWave3DT0Setup.f90 -o /home/adityanair/OpenFOAM/adityanair-v2512/applications/utilities/waves2Foam/ThirdParty/OceanWave3D-Fortran90/../build/OceanWave3DT0Setup.o -I/home/adityanair/OpenFOAM/adityanair-v2512/applications/utilities/waves2Foam/ThirdParty/OceanWave3D-Fortran90/../build
ls: cannot access '*.mod': No such file or directory
mv: cannot stat '*.mod': No such file or directory
'thirdpartylibs/LIB_VTK_IO/static/lib_vtk_io.mod' -> '/home/adityanair/OpenFOAM/adityanair-v2512/applications/utilities/waves2Foam/ThirdParty/OceanWave3D-Fortran90/../build/lib_vtk_io.mod'
gfortran -O3 -fPIC -ffpe-trap=invalid,zero,overflow -ffree-line-length-none -fstack-protector-all -c src/main/OceanWave3DTakeATimeStep.f90 -o /home/adityanair/OpenFOAM/adityanair-v2512/applications/utilities/waves2Foam/ThirdParty/OceanWave3D-Fortran90/../build/OceanWave3DTakeATimeStep.o -I/home/adityanair/OpenFOAM/adityanair-v2512/applications/utilities/waves2Foam/ThirdParty/OceanWave3D-Fortran90/../build
mv: ls: cannot access '*.mod'cannot stat '*.mod': No such file or directory
: No such file or directory
'thirdpartylibs/LIB_VTK_IO/static/lib_vtk_io.mod' -> '/home/adityanair/OpenFOAM/adityanair-v2512/applications/utilities/waves2Foam/ThirdParty/OceanWave3D-Fortran90/../build/lib_vtk_io.mod'
gfortran -O3 -fPIC -ffpe-trap=invalid,zero,overflow -ffree-line-length-none -fstack-protector-all -c src/main/rhsFreeSurface3D.f90 -o /home/adityanair/OpenFOAM/adityanair-v2512/applications/utilities/waves2Foam/ThirdParty/OceanWave3D-Fortran90/../build/rhsFreeSurface3D.o -I/home/adityanair/OpenFOAM/adityanair-v2512/applications/utilities/waves2Foam/ThirdParty/OceanWave3D-Fortran90/../build
ls: mv: cannot stat '*.mod'cannot access '*.mod': No such file or directory
: No such file or directory
'thirdpartylibs/LIB_VTK_IO/static/lib_vtk_io.mod' -> '/home/adityanair/OpenFOAM/adityanair-v2512/applications/utilities/waves2Foam/ThirdParty/OceanWave3D-Fortran90/../build/lib_vtk_io.mod'
gfortran -O3 -fPIC -ffpe-trap=invalid,zero,overflow -ffree-line-length-none -fstack-protector-all -c src/main/rhsLinearFreeSurface3D.f90 -o /home/adityanair/OpenFOAM/adityanair-v2512/applications/utilities/waves2Foam/ThirdParty/OceanWave3D-Fortran90/../build/rhsLinearFreeSurface3D.o -I/home/adityanair/OpenFOAM/adityanair-v2512/applications/utilities/waves2Foam/ThirdParty/OceanWave3D-Fortran90/../build
mv: ls: cannot access '*.mod': No such file or directorycannot stat '*.mod'
: No such file or directory
'thirdpartylibs/LIB_VTK_IO/static/lib_vtk_io.mod' -> '/home/adityanair/OpenFOAM/adityanair-v2512/applications/utilities/waves2Foam/ThirdParty/OceanWave3D-Fortran90/../build/lib_vtk_io.mod'
gfortran -O3 -fPIC -ffpe-trap=invalid,zero,overflow -ffree-line-length-none -fstack-protector-all -c src/main/TestCodeDucrozet1.f90 -o /home/adityanair/OpenFOAM/adityanair-v2512/applications/utilities/waves2Foam/ThirdParty/OceanWave3D-Fortran90/../build/TestCodeDucrozet1.o -I/home/adityanair/OpenFOAM/adityanair-v2512/applications/utilities/waves2Foam/ThirdParty/OceanWave3D-Fortran90/../build
ls: cannot access '*.mod'mv: cannot stat '*.mod': No such file or directory
: No such file or directory
'thirdpartylibs/LIB_VTK_IO/static/lib_vtk_io.mod' -> '/home/adityanair/OpenFOAM/adityanair-v2512/applications/utilities/waves2Foam/ThirdParty/OceanWave3D-Fortran90/../build/lib_vtk_io.mod'
gfortran -O3 -fPIC -ffpe-trap=invalid,zero,overflow -ffree-line-length-none -fstack-protector-all -c src/main/TestCodeDucrozet2.f90 -o /home/adityanair/OpenFOAM/adityanair-v2512/applications/utilities/waves2Foam/ThirdParty/OceanWave3D-Fortran90/../build/TestCodeDucrozet2.o -I/home/adityanair/OpenFOAM/adityanair-v2512/applications/utilities/waves2Foam/ThirdParty/OceanWave3D-Fortran90/../build
gfortran -O3 -fPIC -ffpe-trap=invalid,zero,overflow -ffree-line-length-none -fstack-protector-all -c src/iterative/dc.f -o /home/adityanair/OpenFOAM/adityanair-v2512/applications/utilities/waves2Foam/ThirdParty/OceanWave3D-Fortran90/../build/dc.o -I/home/adityanair/OpenFOAM/adityanair-v2512/applications/utilities/waves2Foam/ThirdParty/OceanWave3D-Fortran90/../build
ls: mv: cannot stat '*.mod'cannot access '*.mod': No such file or directory
: No such file or directory
'thirdpartylibs/LIB_VTK_IO/static/lib_vtk_io.mod' -> '/home/adityanair/OpenFOAM/adityanair-v2512/applications/utilities/waves2Foam/ThirdParty/OceanWave3D-Fortran90/../build/lib_vtk_io.mod'
gfortran -O3 -fPIC -ffpe-trap=invalid,zero,overflow -ffree-line-length-none -fstack-protector-all -c src/OpenFoam/OpenFoam/calculateKinematics.f90 -o /home/adityanair/OpenFOAM/adityanair-v2512/applications/utilities/waves2Foam/ThirdParty/OceanWave3D-Fortran90/../build/calculateKinematics.o -I/home/adityanair/OpenFOAM/adityanair-v2512/applications/utilities/waves2Foam/ThirdParty/OceanWave3D-Fortran90/../build
ls: mv: cannot stat '*.mod'cannot access '*.mod': No such file or directory
: No such file or directory
'thirdpartylibs/LIB_VTK_IO/static/lib_vtk_io.mod' -> '/home/adityanair/OpenFOAM/adityanair-v2512/applications/utilities/waves2Foam/ThirdParty/OceanWave3D-Fortran90/../build/lib_vtk_io.mod'
gfortran -O3 -fPIC -ffpe-trap=invalid,zero,overflow -ffree-line-length-none -fstack-protector-all -c src/OpenFoam/OpenFoam/interpolationInitialize.f90 -o /home/adityanair/OpenFOAM/adityanair-v2512/applications/utilities/waves2Foam/ThirdParty/OceanWave3D-Fortran90/../build/interpolationInitialize.o -I/home/adityanair/OpenFOAM/adityanair-v2512/applications/utilities/waves2Foam/ThirdParty/OceanWave3D-Fortran90/../build
ls: cannot access '*.mod'mv: cannot stat '*.mod': No such file or directory
: No such file or directory
'thirdpartylibs/LIB_VTK_IO/static/lib_vtk_io.mod' -> '/home/adityanair/OpenFOAM/adityanair-v2512/applications/utilities/waves2Foam/ThirdParty/OceanWave3D-Fortran90/../build/lib_vtk_io.mod'
gfortran -O3 -fPIC -ffpe-trap=invalid,zero,overflow -ffree-line-length-none -fstack-protector-all -c src/OpenFoam/OpenFoam/makeStencils.f90 -o /home/adityanair/OpenFOAM/adityanair-v2512/applications/utilities/waves2Foam/ThirdParty/OceanWave3D-Fortran90/../build/makeStencils.o -I/home/adityanair/OpenFOAM/adityanair-v2512/applications/utilities/waves2Foam/ThirdParty/OceanWave3D-Fortran90/../build
ls: cannot access '*.mod'mv: : No such file or directory
cannot stat '*.mod': No such file or directory
'thirdpartylibs/LIB_VTK_IO/static/lib_vtk_io.mod' -> '/home/adityanair/OpenFOAM/adityanair-v2512/applications/utilities/waves2Foam/ThirdParty/OceanWave3D-Fortran90/../build/lib_vtk_io.mod'
gfortran -O3 -fPIC -ffpe-trap=invalid,zero,overflow -ffree-line-length-none -fstack-protector-all -c src/OpenFoam/OpenFoam/openFoamNearestNeighbour.f90 -o /home/adityanair/OpenFOAM/adityanair-v2512/applications/utilities/waves2Foam/ThirdParty/OceanWave3D-Fortran90/../build/openFoamNearestNeighbour.o -I/home/adityanair/OpenFOAM/adityanair-v2512/applications/utilities/waves2Foam/ThirdParty/OceanWave3D-Fortran90/../build
ls: cannot access '*.mod': No such file or directory
mv: cannot stat '*.mod': No such file or directory
'thirdpartylibs/LIB_VTK_IO/static/lib_vtk_io.mod' -> '/home/adityanair/OpenFOAM/adityanair-v2512/applications/utilities/waves2Foam/ThirdParty/OceanWave3D-Fortran90/../build/lib_vtk_io.mod'
gfortran -O3 -fPIC -ffpe-trap=invalid,zero,overflow -ffree-line-length-none -fstack-protector-all -c src/OpenFoam/OpenFoam/setDeltaT.f90 -o /home/adityanair/OpenFOAM/adityanair-v2512/applications/utilities/waves2Foam/ThirdParty/OceanWave3D-Fortran90/../build/setDeltaT.o -I/home/adityanair/OpenFOAM/adityanair-v2512/applications/utilities/waves2Foam/ThirdParty/OceanWave3D-Fortran90/../build
mv: cannot stat '*.mod': No such file or directory
ls: cannot access '*.mod': No such file or directory
'thirdpartylibs/LIB_VTK_IO/static/lib_vtk_io.mod' -> '/home/adityanair/OpenFOAM/adityanair-v2512/applications/utilities/waves2Foam/ThirdParty/OceanWave3D-Fortran90/../build/lib_vtk_io.mod'
gfortran -O3 -fPIC -ffpe-trap=invalid,zero,overflow -ffree-line-length-none -fstack-protector-all -c src/OpenFoam/interpolation_functions.f90 -o /home/adityanair/OpenFOAM/adityanair-v2512/applications/utilities/waves2Foam/ThirdParty/OceanWave3D-Fortran90/../build/interpolation_functions.o -I/home/adityanair/OpenFOAM/adityanair-v2512/applications/utilities/waves2Foam/ThirdParty/OceanWave3D-Fortran90/../build
interpolation_functions.mod
renamed 'interpolation_functions.mod' -> '/home/adityanair/OpenFOAM/adityanair-v2512/applications/utilities/waves2Foam/ThirdParty/OceanWave3D-Fortran90/../build/interpolation_functions.mod'
'thirdpartylibs/LIB_VTK_IO/static/lib_vtk_io.mod' -> '/home/adityanair/OpenFOAM/adityanair-v2512/applications/utilities/waves2Foam/ThirdParty/OceanWave3D-Fortran90/../build/lib_vtk_io.mod'
gfortran -O3 -fPIC -ffpe-trap=invalid,zero,overflow -ffree-line-length-none -fstack-protector-all -c src/OpenFoam/interpolation.f90 -o /home/adityanair/OpenFOAM/adityanair-v2512/applications/utilities/waves2Foam/ThirdParty/OceanWave3D-Fortran90/../build/interpolation.o -I/home/adityanair/OpenFOAM/adityanair-v2512/applications/utilities/waves2Foam/ThirdParty/OceanWave3D-Fortran90/../build
ls: mv: cannot stat '*.mod'cannot access '*.mod': No such file or directory
: No such file or directory
'thirdpartylibs/LIB_VTK_IO/static/lib_vtk_io.mod' -> '/home/adityanair/OpenFOAM/adityanair-v2512/applications/utilities/waves2Foam/ThirdParty/OceanWave3D-Fortran90/../build/lib_vtk_io.mod'
gfortran -O3 -fPIC -ffpe-trap=invalid,zero,overflow -ffree-line-length-none -fstack-protector-all -c src/OpenFoam/IO/openFoamInterfaceEta.f90 -o /home/adityanair/OpenFOAM/adityanair-v2512/applications/utilities/waves2Foam/ThirdParty/OceanWave3D-Fortran90/../build/openFoamInterfaceEta.o -I/home/adityanair/OpenFOAM/adityanair-v2512/applications/utilities/waves2Foam/ThirdParty/OceanWave3D-Fortran90/../build
ls: cannot access '*.mod': No such file or directory
mv: cannot stat '*.mod': No such file or directory
'thirdpartylibs/LIB_VTK_IO/static/lib_vtk_io.mod' -> '/home/adityanair/OpenFOAM/adityanair-v2512/applications/utilities/waves2Foam/ThirdParty/OceanWave3D-Fortran90/../build/lib_vtk_io.mod'
gfortran -O3 -fPIC -ffpe-trap=invalid,zero,overflow -ffree-line-length-none -fstack-protector-all -c src/OpenFoam/IO/openFoamInterfaceU.f90 -o /home/adityanair/OpenFOAM/adityanair-v2512/applications/utilities/waves2Foam/ThirdParty/OceanWave3D-Fortran90/../build/openFoamInterfaceU.o -I/home/adityanair/OpenFOAM/adityanair-v2512/applications/utilities/waves2Foam/ThirdParty/OceanWave3D-Fortran90/../build
ls: mv: cannot stat '*.mod'cannot access '*.mod': No such file or directory
: No such file or directory
'thirdpartylibs/LIB_VTK_IO/static/lib_vtk_io.mod' -> '/home/adityanair/OpenFOAM/adityanair-v2512/applications/utilities/waves2Foam/ThirdParty/OceanWave3D-Fortran90/../build/lib_vtk_io.mod'
gfortran -O3 -fPIC -ffpe-trap=invalid,zero,overflow -ffree-line-length-none -fstack-protector-all -c src/OpenFoam/IO/writeOceanwave3D.f90 -o /home/adityanair/OpenFOAM/adityanair-v2512/applications/utilities/waves2Foam/ThirdParty/OceanWave3D-Fortran90/../build/writeOceanwave3D.o -I/home/adityanair/OpenFOAM/adityanair-v2512/applications/utilities/waves2Foam/ThirdParty/OceanWave3D-Fortran90/../build
ls: cannot access '*.mod'mv: cannot stat './*.mod': No such file or directory
: No such file or directory
'./thirdpartylibs/LIB_VTK_IO/static/lib_vtk_io.mod' -> '/home/adityanair/OpenFOAM/adityanair-v2512/applications/utilities/waves2Foam/ThirdParty/OceanWave3D-Fortran90/../build/lib_vtk_io.mod'
*** Starting linking of files for OceanWave3D (Release)... ***
ar -cr /home/adityanair/OpenFOAM/adityanair-v2512/platforms/linux64GccDPInt32Opt/lib/libOceanWave3DBuild.a /home/adityanair/OpenFOAM/adityanair-v2512/applications/utilities/waves2Foam/ThirdParty/OceanWave3D-Fortran90/../build/*.o
OceanWave3D has been built successfully.
ls: cannot access '*.mod': No such file or directory
mv: cannot stat './*.mod': No such file or directory
'./thirdpartylibs/LIB_VTK_IO/static/lib_vtk_io.mod' -> '/home/adityanair/OpenFOAM/adityanair-v2512/applications/utilities/waves2Foam/ThirdParty/OceanWave3D-Fortran90/../build/lib_vtk_io.mod'
*** Starting linking of files for OceanWave3D shared library (Release)... ***
Shared library for OceanWave3D has been built successfully.
/home/adityanair/OpenFOAM/adityanair-v2512/applications/utilities/waves2Foam/ThirdParty
=====================================
    COMPILE FENTON4FOAM
=====================================

fenton4Foam has already been compiled

